Symbol,Description,Price,Price - Currency,Pre-market change %,Price change % 1 day,Post-market change %,Market capitalization,Market capitalization - Currency,Price to earnings ratio,Price × volume (turnover) 1 day,Price × volume (turnover) 1 day - Currency,Price × volume (turnover) 1 month,Price × volume (turnover) 1 month - Currency,Upcoming earnings date,"Net income growth %, Quarterly QoQ","Revenue growth %, Quarterly QoQ",Industry,Sector
NVDA,NVIDIA Corporation,219.44,USD,-0.5343866171003613,1.9702602230483317,0.13671162960263006,5332391924380.8955,USD,44.76905500244818,35160378996.08,USD,223991517393.28,USD,2026-05-20,34.62864305860232,19.50847279233765,Semiconductors,Electronic technology
GOOG,Alphabet Inc.,386.77,USD,-1.5942576501699997,-2.5890945724719883,0.03878273909559535,4710477401501.482,USD,29.503932382848554,6288465195.79,USD,50290830546.88,USD,2026-07-28,81.62240603685967,-3.438717147970104,Internet software/Services,Technology services
GOOGL,Alphabet Inc.,388.64,USD,-1.8163672654690692,-3.0339321357285494,0.13122684232194085,4688966490789.15,USD,29.646581382398487,11932308209.92,USD,73137761300.8,USD,2026-07-28,81.62240603685967,-3.438717147970104,Internet software/Services,Technology services
AAPL,Apple Inc.,292.68,USD,-0.40229101322787636,-0.21819173598799482,0.034167008336738386,4298695591752.285,USD,35.40555253130103,12357961102.08,USD,109571239105.92,USD,2026-07-30,-29.738461173005206,-22.65783689028632,Telecommunications equipment,Electronic technology
MSFT,Microsoft Corporation,412.66,USD,-1.7970707265369,-0.5925997301984919,-0.08966219163476094,3065417773727.98,USD,24.577578453969902,14702770844.26,USD,90529835262.84001,USD,2026-07-28,-17.36959800301628,1.9846689552495906,Packaged software,Technology services
AMZN,"Amazon.com, Inc.",268.99,USD,-0.9755024204195486,-1.3532345606571798,0.026023272240601202,2893554773060.423,USD,32.14622895180277,10255428815.12,USD,79384516286.03,USD,2026-07-30,42.76613816534541,-14.933969426297883,Internet retail,Retail trade
AVGO,Broadcom Inc.,428.43,USD,-0.604651162790703,-0.36511627906976585,0.12137338655089087,2028473797851.0645,USD,83.57326779026216,7203352537.53,USD,56155071566.22,USD,2026-06-03,-13.723878844799248,7.194004995836803,Semiconductors,Electronic technology
TSLA,"Tesla, Inc.",445,USD,-1.482432590171594,3.887008287615262,-0.21123595505617926,1671297040415.3376,USD,406.54120226566783,34798743235,USD,188187390785,USD,2026-07-29,-43.214285714285715,-10.09598008112124,Motor vehicles,Consumer durables
META,"Meta Platforms, Inc.",598.86,USD,-0.8743008054065647,-1.7666453422567758,0.06223491300137076,1519933886499.6868,USD,21.77150211222034,9525306665.52,USD,69746084975.88,USD,2026-07-29,17.590477863668305,-5.9806655201776495,Internet software/Services,Technology services
WMT,Walmart Inc.,127.59,USD,-0.32967875488768444,-2.1774131718163026,-0.09405125793557845,1017198757919.17,USD,46.74140015386307,2384595346.44,USD,12330166820.25,USD,2026-05-21,-31.027185414292692,6.2174087444845565,Specialty stores,Retail trade
LLY,Eli Lilly and Company,966.99,USD,-0.15288101639517587,1.9547683061837695,-0.10755023319785764,910654522346.2756,USD,34.807602318131096,3398975651.94,USD,24653562834.420002,USD,2026-08-05,11.452682338758288,2.628032345013477,Pharmaceuticals: major,Health technology
MU,"Micron Technology, Inc.",795.33,USD,6.273349312408783,6.496967100065626,0.5746042523229271,896920686278.5995,USD,37.5486868133684,56185463515.950005,USD,309825524169.54004,USD,2026-07-01,163.07251908396947,74.88822106574801,Semiconductors,Electronic technology
AMD,"Advanced Micro Devices, Inc.",458.79,USD,1.1775302620883616,0.7908785342384549,0.04830096558337512,748103246834.8607,USD,150.57599527388493,21106826641.8,USD,173088834217.35,USD,2026-08-04,-8.471211118464593,-0.1655306718597858,Semiconductors,Electronic technology
INTC,Intel Corporation,129.44,USD,4.883125200128089,3.6183157220621167,-0.12360939431396523,650565430464.0065,USD,,23173393639.68,USD,150539772994.4,USD,2026-07-23,-530.7952622673434,-0.7093754570718152,Semiconductors,Electronic technology
ORCL,Oracle Corporation,193.84,USD,-1.9341668793059417,-1.0768053074763897,-0.1496079240610772,557492728270.8063,USD,34.80259259924233,3268909424.88,USD,35052215522.08,USD,2026-06-16,-39.3480032599837,7.049445759123178,Packaged software,Technology services
JNJ,Johnson & Johnson,221.43,USD,0.08133020061449793,0.049701789264419684,-0.01806439958452805,533030087032.2749,USD,25.60239570807511,1377827360.58,USD,10553455879.23,USD,2026-07-22,2.3260359655981238,-2.0112368699617296,Pharmaceuticals: major,Health technology
COST,Costco Wholesale Corporation,999.47,USD,-0.47482627702494706,-0.9238791026873716,-0.16008484496783523,443417381357.7717,USD,51.97911411825278,2050942424.1000001,USD,12929208885.550001,USD,2026-07-29,1.6991504247876061,3.4023207095844414,Specialty stores,Retail trade
CSCO,"Cisco Systems, Inc.",98.72,USD,-0.4090297193745429,2.2263642953298186,0.24604943273906593,389933442282.92676,USD,34.72632615730969,3142698384.8,USD,14098448716.64,USD,2026-05-13,11.013986013986015,3.1310891621312904,Telecommunications equipment,Electronic technology
LRCX,Lam Research Corporation,296.05,USD,-0.027206257439205607,0.6801564359802754,-0.20604627596690206,370231542480.016,USD,55.878522489194246,2706551566.55,USD,20459377808.3,USD,2026-08-05,14.521133705647573,9.293104257958824,Industrial machinery,Producer manufacturing
NFLX,"Netflix, Inc.",85.45,USD,-1.0972682592296192,-2.3316950508629466,-0.1521357519017082,359812709354.45306,USD,27.611723268814426,3459543226.5,USD,22008362032.9,USD,2026-07-16,118.43064418295313,1.9960788968588095,Internet software/Services,Technology services
ABBV,AbbVie Inc.,202.78,USD,0.46638551227983016,0.6102704043661571,0,358669630525.73474,USD,100.01479654747226,1000005311.62,USD,7955335991.92,USD,2026-07-24,-62.070874861572534,-9.724395234083524,Pharmaceuticals: major,Health technology
AMAT,"Applied Materials, Inc.",443.62,USD,0.7945985669667416,1.8785596178578006,0.8024886163833918,352061209523.0436,USD,45.43983283484246,3688954937.88,USD,21042475887.2,USD,2026-05-14,6.80021085925145,3.1176470588235294,Industrial machinery,Producer manufacturing
UNH,UnitedHealth Group Incorporated,384.44,USD,0.16082425390809119,1.17374598663087,-0.21849963583393375,349127023294.82965,USD,29.034499426016556,2670106875.8,USD,16024517563.32,USD,2026-07-10,62700,-1.3196131254692398,Managed health care,Health services
PLTR,Palantir Technologies Inc.,136.89,USD,-2.162554426705383,-0.6603773584905841,-0.6793776024545098,328168086517.6386,USD,154.22487607030195,5636433429.9,USD,52308797073.38999,USD,2026-08-10,43.019767495350564,16.049237916920788,Packaged software,Technology services
GE,GE Aerospace,300.77,USD,-0.1850917045263182,1.2182399461551423,0.12966718755196435,313804547342.0093,USD,37.06803056445649,1371766553.73,USD,11873291563.32,USD,2026-07-16,-24.68354430379747,-2.5556341904537234,Aerospace & defense,Electronic technology
HD,"Home Depot, Inc. (The)",311.4,USD,-0.1669554260513381,-1.9058119388880177,0.030282594733472216,310163040809.01056,USD,21.87535124199168,1348797960,USD,11162820882.599998,USD,2026-05-19,-28.60316578728131,-7.627200619075257,Home improvement chains,Retail trade
GEV,GE Vernova Inc.,1073.08,USD,-0.20670095659280785,3.1658895351631813,0.17892421813844941,288358065677.8891,USD,31.264075797349307,2690818923.2799997,USD,16199767243.119999,USD,2026-07-22,29.503275109170307,-14.846603360116873,Electrical products,Producer manufacturing
AZN,AstraZeneca PLC,181.86,USD,0.4922067268252697,-0.5414273995077827,0,282037248725.2622,USD,27.71406340440067,383072450.04,USD,2572211290.7400002,USD,2026-07-27,28.25189682987291,-4.488048667208281,Pharmaceuticals: major,Health technology
GS,"Goldman Sachs Group, Inc. (The)",944.86,USD,-0.47838715188792263,0.8948402528617798,0.017526406028410598,278740701052.6072,USD,17.266736596651402,2277815575.84,USD,11939656304.94,USD,2026-07-14,21.940654104396796,9.472575186769683,Investment banks/Brokers,Finance
MRK,"Merck & Company, Inc.",111.28,USD,0.6913269886873857,-0.08978272580355029,0.28756290438532817,274842059452.8016,USD,31.318248339524935,862104298.64,USD,6185010280.8,USD,2026-08-04,-243.09821127235912,-0.7596177407498161,Pharmaceuticals: major,Health technology
TXN,Texas Instruments Incorporated,297.76,USD,1.111883252258509,3.4607366226546143,0.07724341751746984,270989230898.8864,USD,50.94007151044429,2782669331.68,USD,15704817614.08,USD,2026-07-28,32.8719723183391,9.088853719195116,Semiconductors,Electronic technology
QCOM,QUALCOMM Incorporated,237.53,USD,5.88342690218631,8.416632434159476,0.8293689218204012,250356615815.11795,USD,25.837013509691733,10790123765.86,USD,57723911145.5,USD,2026-08-05,145.33954727030627,-13.491674828599413,Semiconductors,Electronic technology
KLAC,KLA Corporation,1845.19,USD,-0.9998983516924471,-1.283978621755948,-0.029151469496368182,241032581829.4714,USD,52.163502312485164,2236191296.57,USD,14502446098.050001,USD,2026-07-23,4.827517583413198,3.582873564509114,Semiconductors,Electronic technology
RTX,RTX Corporation,178.61,USD,-0.3350559373047892,1.4310863762848602,0.21835283578746223,240531108071.43854,USD,33.473893324337496,1165006051.25,USD,6939944954.39,USD,2026-07-28,26.942046855733665,-8.919877877712683,Aerospace & defense,Electronic technology
LIN,Linde plc,504.4,USD,-0.2676616108362499,2.2791791710600924,0,233335198521.92633,USD,33.47757984442615,892376409.5999999,USD,7349325900.799999,USD,2026-07-23,21.372549019607842,0.19397535371976266,Chemicals: specialty,Process industries
SNDK,Sandisk Corporation,1547.56,USD,1.6104049054623246,-0.9460168721277041,0.14991341208096381,229177795510.88022,USD,53.79617688261938,25459110742.8,USD,210505652736.12,USD,2026-08-13,350.186799501868,96.69421487603306,Computer peripherals,Electronic technology
IBM,International Business Machines Corporation,223.55,USD,-0.1610376044568265,-2.7028203342618298,0.07157235517781105,210111343487.7753,USD,19.766917492683014,1491489608.45,USD,8264739850.05,USD,2026-07-22,-78.28571428571428,-19.145585695418063,Information technology services,Technology services
TMUS,"T-Mobile US, Inc.",190.85,USD,-0.7230284563342486,-1.43572793472086,-0.15719151165836154,206538774477.01392,USD,20.29822490241749,854304336.05,USD,5692648798.65,USD,2026-07-23,19.067998097955304,-5.042327607462809,Wireless telecommunications,Communications
ADI,"Analog Devices, Inc.",422.73,USD,-0.9651397291846686,1.490924805531556,-0.23182646133466234,206378540211.77054,USD,77.21942130644454,1604832726.42,USD,9565219928.880001,USD,2026-05-20,5.469705067287515,2.73546162255857,Semiconductors,Electronic technology
NEE,"NextEra Energy, Inc.",94.84,USD,0.8592910848550069,1.8689581095596233,0.3795866722901723,197773789620.29562,USD,24.07778821498388,685823035.96,USD,4977809606.96,USD,2026-07-29,42.14983713355049,3.266146829483596,Electric utilities,Utilities
VZ,Verizon Communications Inc.,47.23,USD,0.5506141465480686,0.021177467174921666,0.018420495447818323,197211660542.8998,USD,11.508565023514217,876353122.3,USD,6160299014.839999,USD,2026-07-21,115.41417591801878,-5.335202440834501,Wireless telecommunications,Communications
BA,Boeing Company (The),238.21,USD,1.0911695315133025,0.35810583080552505,0.2812644305444723,187781493063.78162,USD,122.47300771208226,1489149328.94,USD,9919183266.79,USD,2026-07-29,-100.04866772113397,-7.228462855472502,Aerospace & defense,Electronic technology
STX,Seagate Technology Holdings PLC,834.01,USD,1.4514974956557312,6.563681897168558,0.16786369467991719,187009222322.43384,USD,79.1656383483626,5061993670.64,USD,34480231899.08,USD,2026-07-16,26.138279932546375,10.15929203539823,Computer peripherals,Electronic technology
GLW,Corning Incorporated,207.39,USD,3.7819621268856283,10.93933882529153,0.8727518202420572,178487679278.36398,USD,99.53923686105111,4622946873.809999,USD,25753557677.789997,USD,2026-08-04,-31.296296296296294,-1.6844602609727164,Electronic components,Electronic technology
AMGN,Amgen Inc.,329.59,USD,0.39493518239373,-0.6361169731685299,-0.2457598834916115,177882449307.47058,USD,22.921302993212414,632424213.39,USD,6973358432.839999,USD,2026-07-30,36.459114778694676,-12.550525464834275,Biotechnology,Health technology
WDC,Western Digital Corporation,515.83,USD,1.864583333333331,7.4645833333333425,0.16866021751352275,177797382553.71094,USD,30.79196041093356,5158111722.05,USD,35533833682.62,USD,2026-08-05,75.81808097615085,10.606562810739145,Computer peripherals,Electronic technology
PANW,"Palo Alto Networks, Inc.",213.66,USD,-0.14431402732344764,2.78045025976525,0.3276233267808748,174346564094.77313,USD,118.22709163346615,2008128592.26,USD,11154465360.9,USD,2026-06-02,29.34131736526946,4.8504446240905414,Packaged software,Technology services
T,AT&T Inc.,24.87,USD,0.158982511923685,-1.1526232114467374,-0.08041817450743696,172805186578.73846,USD,8.342837973834284,931060328.82,USD,5724851811.42,USD,2026-07-29,1.082365364308342,-5.856690372318173,Wireless telecommunications,Communications
ANET,"Arista Networks, Inc.",136.43,USD,-0.22571771178671196,-3.7666643154405044,0.13970534339953763,171793020905.2609,USD,46.716203259827424,2525262545.1200004,USD,16817606860.18,USD,2026-08-03,7.020297133291484,8.891389983117614,Computer peripherals,Electronic technology
TMO,Thermo Fisher Scientific Inc,452.6,USD,0,-2.6666666666666616,0,168195872778.48,USD,24.883581564377884,1789087518.6000001,USD,7939118606.200001,USD,2026-07-29,-15.97964376590331,-9.905853458862055,Medical specialties,Health technology
GILD,"Gilead Sciences, Inc.",133.52,USD,-0.32741947765172225,1.66755501408665,-0.23966446974237685,165774405240.94846,USD,18.167469453288703,718930028.24,USD,6467353770.320001,USD,2026-07-30,-7.420980302336234,-12.206159648020114,Biotechnology,Health technology
ETN,"Eaton Corporation, PLC",419,USD,0.5018554955044673,4.356055889018956,-0.2267303102625271,162697698842.69135,USD,40.96036913210941,1560270943,USD,10744722032,USD,2026-08-04,-23.498233215547703,5.613040396881644,Electrical products,Producer manufacturing
DELL,Dell Technologies Inc.,247.04,USD,-2.3266528449665875,-5.1524226368732196,0.02125161917098814,161328218801.72372,USD,28.337099530850317,2842181118.72,USD,12085786237.44,USD,2026-05-28,45.93023255813954,23.34627472730634,Computer processing hardware,Electronic technology
APP,Applovin Corporation,478.42,USD,-2.785188347028068,2.106498772809733,-0.8193637389741264,160874177553.4037,USD,42.20285457207883,2182534816.88,USD,20293772175.98,USD,2026-08-12,9.383012427939184,11.128542339186366,Packaged software,Technology services
UBER,"Uber Technologies, Inc.",76.15,USD,0.1988071570576428,0.9277667329357228,0.131319763624418,155010857505.68057,USD,18.97724724001296,1445987068.2,USD,11432736159.150002,USD,2026-08-04,-11.14864864864865,-8.09550327161353,Other transportation,Transportation
SCCO,Southern Copper Corporation,185.23,USD,1.775595013222527,-0.032381671973664136,0.28073206284079805,153012026162.9875,USD,31.063744151335754,367277007.68,USD,1706525471.84,USD,2026-07-29,20.567321660677422,9.860974727376078,Other metals/Minerals,Non-energy minerals
SCHW,Charles Schwab Corporation (The),87.83,USD,0.05642703983748692,-0.8802618214648472,0.045542525333036835,152657279021.56335,USD,17.417602030698447,837948438.76,USD,5488760190,USD,2026-07-21,0.8133387555917039,1.8415178571428572,Investment banks/Brokers,Finance
APH,Amphenol Corporation,122.47,USD,-0.11716004061548518,-4.342732172147155,0.22789254511308868,150666817419.5131,USD,35.19252873563218,3031225699.67,USD,10672732041.95,USD,2026-07-29,-21.9573400250941,18.342910389812083,Electronic components,Electronic technology
MRVL,"Marvell Technology, Inc.",170.84,USD,-3.7853406218773866,0.4173279257038782,-0.49168812924373884,149392452051.70752,USD,55.27013911355548,3914809021.2400002,USD,23968164027.32,USD,2026-05-27,-79.16688581496871,6.951072547601831,Semiconductors,Electronic technology
ISRG,"Intuitive Surgical, Inc.",420.06,USD,-0.913211571790431,-6.665777896280496,0.12022092082083405,148769642517.7595,USD,50.9546568330139,1692712421.52,USD,6800907079.38,USD,2026-07-16,3.3593356819325617,-3.3284488172493196,Medical specialties,Health technology
PFE,"Pfizer, Inc.",25.81,USD,0.4672897196261721,0.5062305295950117,-0.15420379697791406,147102647455.9996,USD,19.788392241048836,1122625126.83,USD,7553562885.009999,USD,2026-08-04,,-17.69094947884035,Pharmaceuticals: major,Health technology
CRM,"Salesforce, Inc.",177.49,USD,-1.1659883401166014,-2.3814761852381388,-0.7098991492478558,145196369836.662,USD,22.730649044618616,1975887191.14,USD,14558570037.66,USD,2026-05-27,-6.85522531160115,9.182181499171458,Packaged software,Technology services
IBKR,"Interactive Brokers Group, Inc.",84.91,USD,-0.16583747927031578,0.5804311774460967,0.03533152749970691,144025370684.64996,USD,36.50472914875322,263301239.95,USD,2379797533.54,USD,2026-07-21,-5.985915492957746,-3.1024531024531026,Investment banks/Brokers,Finance
ABT,Abbott Laboratories,82.56,USD,-0.0830170777988534,-2.087286527514221,0.19379844961239895,143804029400.9488,USD,23.000417885499374,1358739786.24,USD,8080735852.8,USD,2026-07-16,-40.166666666666664,-2.574395671524566,Medical specialties,Health technology
VRT,"Vertiv Holdings, LLC",367.92,USD,1.2971732799952842,8.221313645321642,0.25828984561860463,141321319653.44308,USD,92.36098907995482,2676113581.6800003,USD,13682268195.12,USD,2026-08-05,-12.455116696588869,-8.003472222222221,Electronic production equipment,Electronic technology
HON,Honeywell International Inc.,219.11,USD,0.8821321321321299,2.8106231231231273,0.8945278627173472,138839735712.92172,USD,31.059167068295867,975800469.0300001,USD,5372799377.54,USD,2026-07-23,178.3050847457627,-6.302521008403361,Aerospace & defense,Electronic technology
CRWD,"CrowdStrike Holdings, Inc.",542.26,USD,-0.714326316387817,2.7455141444189723,-0.029506140965582593,137524781514.61035,USD,,1512746517.82,USD,10885777315.8,USD,2026-06-03,,5.763123012953678,Packaged software,Technology services
NEM,Newmont Corporation,120.67,USD,0.5699081623894957,3.5705089691871907,0.05502610425126508,128821590819.44217,USD,15.653132702036581,849855520.69,USD,5182739212.97,USD,2026-07-29,150.73020753266718,9.313650890275452,Precious metals,Non-energy minerals
LOW,"Lowe's Companies, Inc.",226.06,USD,-0.7853403141361184,-1.3699825479930132,0,126607809849.51813,USD,19.081946179559036,440375052.7,USD,3881094833.68,USD,2026-05-20,-38.151364764267996,-1.1002738672944794,Home improvement chains,Retail trade
LMT,Lockheed Martin Corporation,512.25,USD,-0.2981184971668853,1.1332451481708177,0.12103465104929322,118106213493.2558,USD,24.80809744049205,698331984,USD,5349534322.5,USD,2026-07-28,10.714285714285714,-11.318340632842872,Aerospace & defense,Electronic technology
DHR,Danaher Corporation,166.52,USD,0.017527459686843386,-2.710913764898333,0.04203699255344293,117857967810.06987,USD,32.18150896722325,1228641842.88,USD,5979429467.52,USD,2026-07-28,-14.035087719298245,-12.97162913132495,Medical specialties,Health technology
PWR,"Quanta Services, Inc.",781.38,USD,0.1342281879194631,4.883221476510066,0.1177404079961042,117254000121.32271,USD,107.19989024557553,1102256041.14,USD,7635634420.68,USD,2026-07-30,-30.060231415438267,0.41876074669202096,Engineering & construction,Industrial services
BMY,Bristol-Myers Squibb Company,55.67,USD,-0.17806267806266796,-0.8725071225071135,0.35925992455540817,113682108353.07944,USD,15.62622803570426,466983118.72,USD,4365258112.05,USD,2026-07-30,146.27414903403863,-8.102703567429211,Pharmaceuticals: major,Health technology
VRTX,Vertex Pharmaceuticals Incorporated,435.17,USD,-0.4699641710483416,1.2447070866874559,0,110448506469.72339,USD,25.797788777899633,550130164.41,USD,3766691830.4300003,USD,2026-07-30,-13.407774326253033,-6.65303213411422,Pharmaceuticals: major,Health technology
PH,Parker-Hannifin Corporation,874.36,USD,-0.6064881717738403,-0.5086307932137076,0.1296376778443692,110244896035.31699,USD,32.256112857290425,600738655.96,USD,5777694810.68,USD,2026-08-06,6.982248520710059,6.030150753768844,Industrial machinery,Producer manufacturing
HWM,Howmet Aerospace Inc.,273.58,USD,-0.5765819041986998,1.1162034299231156,-0.12427809050368264,109461404186.48145,USD,63.46680276527629,815204108.6999999,USD,6001647844.58,USD,2026-07-30,55.91397849462365,6.688191881918819,Aerospace & defense,Electronic technology
INTU,Intuit Inc.,393.29,USD,-1.072392823799551,-0.7620297242057938,-0.6268910981718376,108764344029.0107,USD,25.516440453637145,637875084.5500001,USD,5890948932.31,USD,2026-05-20,55.381165919282516,19.716859716859716,Packaged software,Technology services
CEG,Constellation Energy Corporation,299.69,USD,3.8434937259164164,-1.2976319862991132,-0.2866295171677335,108576093716.7648,USD,40.50302735430857,1878900760.89,USD,6515941195.99,USD,2026-07-30,-53.5483870967742,-7.530623608017817,Electric utilities,Utilities
SYK,Stryker Corporation,282.58,USD,0.2592216344974786,-1.0123655725645577,-0.3821926534078789,108223690655.3038,USD,32.72192500984275,740233004.16,USD,6076108065.639999,USD,2026-07-30,-12.249705535924617,-16.05076000557802,Medical specialties,Health technology
ACN,Accenture plc,172.35,USD,-0.8087795144662352,-4.472896574659125,0.3386132869161696,105812432114.21434,USD,14.118369854597583,796856088.6,USD,6617102490,USD,2026-06-18,-17.46829501876729,-3.7245456425031844,Information technology services,Technology services
TT,Trane Technologies plc,476.5,USD,-0.19735289701182315,2.2159298110131465,0.06631689401888229,105332939710.06071,USD,36.85969336448164,726864059.5,USD,4787174404,USD,2026-08-05,-1.1669203454806063,-3.4036349504138643,Industrial machinery,Producer manufacturing
SO,Southern Company (The),93.1,USD,0.41394335511983626,1.4161220043572955,0.42964554242750347,104951740317.41504,USD,23.812568739289457,412850925.9,USD,3989585345.8999996,USD,2026-07-30,225.96153846153845,20.283626987537602,Electric utilities,Utilities
CME,CME Group Inc.,282.58,USD,-0.08888888888888889,0.4728888888888832,0.32557151956968505,102395510686.68622,USD,24.11709481949304,736914667.2199999,USD,4272388622.4399996,USD,2026-07-29,-0.4856436908920508,14.03530053981925,Investment banks/Brokers,Finance
CDNS,"Cadence Design Systems, Inc.",364.2,USD,-1.0862972153294728,0.41356492969396197,-0.5189456342668826,100452194048.20512,USD,85.02392902999883,962307814.1999999,USD,5898456094.2,USD,2026-07-27,-13.520003297813139,2.368284733014192,Packaged software,Technology services
ADBE,Adobe Inc.,246.15,USD,-1.019601644008846,-2.7228896617135576,-0.05281332520820453,99493830364.78917,USD,14.33864005731961,792899856.9,USD,7477653744.45,USD,2026-06-11,1.7780172413793105,3.293509848240232,Packaged software,Technology services
SNPS,"Synopsys, Inc.",516.19,USD,-0.867410161090462,-0.05614931846343781,-0.23053526802147553,98882398966.27727,USD,79.77097467122039,676150570.5300001,USD,5615940724.000001,USD,2026-05-20,-85.52293757911815,6.860372270189491,Packaged software,Technology services
AEM,Agnico Eagle Mines Limited,196.84,USD,0.9264530821386014,1.8787847419905777,0.13213777687461603,98614771653.53735,USD,18.633935065014416,413384274.52,USD,3423027325.48,USD,2026-07-29,8.115472904680223,11.718027575525912,Precious metals,Non-energy minerals
DUK,Duke Energy Corporation (Holding Company),124.9,USD,0.09664170089393939,0.5879036804381123,0.08006405124098824,97371562870.33182,USD,19.119785686949868,281818489.7,USD,3000720376.7000003,USD,2026-08-11,30.91216216216216,15.621063240110859,Electric utilities,Utilities
CMI,Cummins Inc.,702.66,USD,-0.3752483260981465,3.400779927893461,-0.3799846298351919,96959390770.57796,USD,36.47207212818636,584500694.4,USD,5293971837.42,USD,2026-08-04,10.286677908937605,-1.6166822867853796,Auto parts: OEM,Producer manufacturing
MDT,Medtronic plc.,74.54,USD,0.11818778726196874,-2.1142481943532494,0.6037027099543716,95700790545.85185,USD,20.80960357342267,782283286.48,USD,5285610007.02,USD,2026-06-03,-16.8,0.6249302533199419,Medical specialties,Health technology
HCA,"HCA Healthcare, Inc.",426.37,USD,,-2.0267009811806322,-0.9854117315946267,94585835192.8908,USD,14.663378867291211,1029286599.53,USD,3626161303.73,USD,2026-07-23,-13.738019169329075,-2.07041459539794,Hospital/Nursing management,Health services
NOW,"ServiceNow, Inc.",91.49,USD,-0.15354244351831603,0.3399868392191139,0.39348562684446325,94354367716.92354,USD,54.42269942299684,1953223303.6399999,USD,15064632331.14,USD,2026-07-29,16.957605985037407,5.661434977578475,Packaged software,Technology services
GD,General Dynamics Corporation,344.03,USD,-0.958070008368682,-0.7214382593137679,0,93036093045.93106,USD,21.632073039607132,652103360.52,USD,3669601843.5099998,USD,2026-07-29,-1.574803149606299,-6.245218721746992,Aerospace & defense,Electronic technology
FCX,"Freeport-McMoRan, Inc.",64.37,USD,0.9083536090835398,4.412003244120042,0.29516855678110565,92512673154.39645,USD,34.244826302069484,955429684.23,USD,6858951078.93,USD,2026-07-16,115.27093596059113,18.68320610687023,Other metals/Minerals,Non-energy minerals
BK,The Bank of New York Mellon Corporation,132.49,USD,0.015325670498092131,1.5249042145593938,-1.416937127330379,90938365548.81906,USD,16.41495174259413,477750990.6,USD,3194627365.3500004,USD,2026-07-15,11.704312114989733,-2.6417334520629265,Investment banks/Brokers,Finance
FDX,FedEx Corporation,378.9,USD,0.3750858471128998,0.08452638808177748,-0.12404328318816851,90408094553.44815,USD,20.16884554784312,352714978.79999995,USD,5339686897.799999,USD,2026-06-23,10.366492146596858,2.2625591205419915,Air freight/Couriers,Transportation
CMCSA,Comcast Corporation,25.03,USD,0.5905511811023706,-1.4566929133858169,0.15980823012384798,89412879380.62126,USD,4.922320550639135,876344277.71,USD,5532990906.13,USD,2026-07-23,0.3230272265805261,-2.6400495202723615,Cable/Satellite TV,Consumer services
ICE,Intercontinental Exchange Inc.,157.82,USD,0.13477088948787572,1.283532280836863,0,89249188871.57669,USD,22.978029497837895,455437113.82,USD,3843609514.16,USD,2026-07-30,66.03995299647474,16.677275620623806,Investment banks/Brokers,Finance
MCK,McKesson Corporation,725.17,USD,-0.012226765748757872,-1.4835142441821072,0.4962560503054467,88824227100.07176,USD,18.85233116170728,1227873072.57,USD,8068179055.379999,USD,2026-08-05,41.8212478920742,-9.290868328340775,Medical distributors,Distribution services
JCI,Johnson Controls International plc,141.78,USD,,1.6198394495412778,0,86502192499.54128,USD,25.358612055088535,395342329.38,USD,3858712836,USD,2026-08-05,16.984732824427482,5.951354148697603,Industrial machinery,Producer manufacturing
SPOT,Spotify Technology S.A.,419.5,USD,-0.6773089534020975,0.3996840820429399,0.11442193087008777,86346745569.05081,USD,33.417773954051555,824164382.5,USD,6889384316.5,USD,2026-07-29,-38.2696933105508,0.5594579557259941,Internet software/Services,Technology services
FTNT,"Fortinet, Inc.",115.44,USD,-2.130270886297881,1.2010169194354385,-0.24211711711711603,85416778306.34314,USD,44.60242639672359,775100985.36,USD,6492136999.92,USD,2026-07-30,5.632411067193676,-2.9081364829396326,Information technology services,Technology services
UPS,"United Parcel Service, Inc.",100,USD,-0.22821988489780112,-0.7739630879142698,0,85000623980.9486,USD,16.189350645145623,532673400,USD,5316797700,USD,2026-07-28,-51.75879396984925,-13.352655427195167,Air freight/Couriers,Transportation
ADP,"Automatic Data Processing, Inc.",211.67,USD,-1.0164557853470702,-0.6220803305241986,0.15590305664478316,84611753837.57443,USD,19.730427568721396,478401082.09,USD,3913204885.97,USD,2026-08-05,28.041431261770246,10.820442968298098,Packaged software,Technology services
ELV,"Elevance Health, Inc.",381.75,USD,0.3491416933372109,0.9733647208188978,0,82901735885.5708,USD,16.241778065196858,743432166,USD,3441735458.25,USD,2026-07-22,222.48628884826326,0.8724144169497658,Managed health care,Health services
CIEN,Ciena Corporation,581.47,USD,1.5781503712758347,6.08636952436555,1.2090047637883248,82218938382.87973,USD,369.2576363751826,1383831730.95,USD,8278991374.39,USD,2026-06-04,671.1170403817538,5.551692919442833,Telecommunications equipment,Electronic technology
LITE,Lumentum Holdings Inc.,1053.09,USD,5.111750387253823,16.518034963487494,0.40927176214760114,81930404106.64607,USD,195.4473747703272,10034690310.539999,USD,52902288917.729996,USD,2026-08-18,84.39897698209718,21.472577009767093,Electrical products,Producer manufacturing
MPWR,"Monolithic Power Systems, Inc.",1661.1,USD,-0.6771444991379475,3.7642737562779534,-0.7897176569742904,81609843032.16692,USD,119.67579250720459,874788415.1999999,USD,7914636525.599999,USD,2026-08-03,13.571495744580805,7.0597945830088324,Semiconductors,Electronic technology
BE,Bloom Energy Corporation,283.92,USD,2.746810711412488,8.769106999195513,0.7678219216680778,80759305512.90749,USD,,3256219140.7200003,USD,20424916621.2,USD,2026-07-30,6375.985334555454,-3.4241458280559045,Electronic production equipment,Electronic technology
BSX,Boston Scientific Corporation,53.37,USD,-0.14834044131280974,-1.0383830891896946,-0.0046842795577997495,79326772271.86316,USD,22.379235155987924,1153015620.3,USD,7018060321.62,USD,2026-07-29,99.55357142857143,-1.5701853953840332,Medical specialties,Health technology
MELI,"MercadoLibre, Inc.",1557.3,USD,0.15191238085904113,-4.607600519442336,0.04494959224298758,78950722008.76718,USD,41.120305874027636,2901861918.9,USD,10140583201.199999,USD,2026-08-05,-25.402504472271914,0.9818472428359402,Internet retail,Retail trade
B,Barrick Mining Corporation,47,USD,2.8054718293531202,8.97287271041038,-0.06382978723404496,78741935506.4183,USD,15.726780713265052,1120787568,USD,4877788733,USD,2026-08-10,89.76291828971067,46.724209779987355,Precious metals,Non-energy minerals
EMR,Emerson Electric Company,139.43,USD,0.20522256032835048,-1.33040832212865,0.12192498027683243,78094738247.08577,USD,32.16823551125877,346839096.5,USD,3488530652.4900002,USD,2026-08-11,2.1487603305785123,4.9482163406214035,Electronic equipment/Instruments,Electronic technology
NOC,Northrop Grumman Corporation,548.21,USD,-0.2729654971611588,-0.23838986752073546,0,77864167258.4787,USD,17.127227170622437,365891252.09000003,USD,2907320448.3700004,USD,2026-07-23,-38.68255080588647,-15.633538251366119,Aerospace & defense,Electronic technology
MRSH,Marsh,161.58,USD,,-1.0229709035221974,0.624644139126127,77848354441.97145,USD,20.21746474643711,681231459.5400001,USD,3225477087.48,USD,2026-07-16,39.585870889159565,15.16207209936383,Insurance brokers/Services,Finance
RACE,Ferrari N.V.,329.26,USD,-1.8693514675145053,-3.0704465836498005,0.8230577658993004,77843920760.45486,USD,31.731335809913116,183336906.9,USD,1721317610.62,USD,2026-07-30,6.965998089699968,0.8855435592849501,Motor vehicles,Consumer durables
NXPI,NXP Semiconductors N.V.,305.99,USD,-0.3867684478371455,3.8134011874469924,2.503349782672626,77253627174.83345,USD,29.279378414843027,1522268733.03,USD,9537046443.630001,USD,2026-07-28,146.59340659330735,-4.617691154460738,Semiconductors,Electronic technology
SHW,Sherwin-Williams Company (The),312.7,USD,0.13572375481346088,-1.3004229530963969,0,77122960193.62541,USD,30.00815699822465,558772385.6,USD,3844662135,USD,2026-07-28,12.143456375838939,1.2687860755195768,Industrial specialties,Process industries
CI,The Cigna Group,289.07,USD,0.3193779073804124,0.35062139831979133,0,76468383014.49979,USD,12.246341814731027,490204906,USD,3496010267.44,USD,2026-07-30,34.0356564019449,-5.0019344497872105,Managed health care,Health services
ORLY,"O'Reilly Automotive, Inc.",91.35,USD,-0.6454388984509406,-1.7319277108433733,1.2698412698412818,76432500757.7485,USD,29.847088806116446,792258270.3,USD,3643142504.3999996,USD,2026-07-29,-0.17381735629088302,3.312519227223075,Specialty stores,Retail trade
CRH,CRH PLC,112.57,USD,0.21097046413501658,-1.0460618846694902,0.513991294305773,75219297398.64821,USD,20.859043489539904,332128779.4,USD,3549528422.08,USD,2026-08-20,-117.90606653611684,-21.728971962995466,Construction materials,Non-energy minerals
REGN,"Regeneron Pharmaceuticals, Inc.",712.77,USD,,-0.2965491194449502,0,74726114879.98566,USD,17.366759091861546,874670003.34,USD,3747053985.87,USD,2026-07-30,-13.900071039545347,-7.180186906263677,Pharmaceuticals: major,Health technology
COHR,Coherent Corp.,379.69,USD,3.009604486070522,13.252401121517632,0.9112697200347597,74282298613.38881,USD,181.27088704287218,3735759658.37,USD,21602383954.17,USD,2026-08-13,30.456593305479256,7.1197161415708905,Semiconductors,Electronic technology
HOOD,"Robinhood Markets, Inc.",80.78,USD,-0.22069323640140423,4.8682331559132805,-0.0371379054221356,72807441980.89236,USD,39.067562992697205,2125723357.38,USD,13764114782.18,USD,2026-08-05,-42.8099173553719,-16.8600154679041,Investment banks/Brokers,Finance
ITW,Illinois Tool Works Inc.,252.09,USD,,-1.04804521902967,-0.2776786068467678,72526294512.9754,USD,23.404512115866677,302779753.02,USD,2292260924.34,USD,2026-08-04,-2.7848101265822782,-1.8812606889811874,Auto parts: OEM,Producer manufacturing
DDOG,"Datadog, Inc.",202.32,USD,-2.3281374900079923,1.0791366906474804,-0.1581652827204395,71571741824.68346,USD,539.9519615692554,1565658378,USD,14643510485.76,USD,2026-08-06,12.899692915583996,5.584592433439573,Packaged software,Technology services
FIX,"Comfort Systems USA, Inc.",2032.98,USD,0.13470807275260885,4.128828039767059,-0.3354681305275967,71565829681.14337,USD,58.678465974525274,766882748.58,USD,5550665623.8,USD,2026-07-29,11.962298144531841,8.286449284919845,Engineering & construction,Industrial services
AEP,"American Electric Power Company, Inc.",130.7,USD,0.17670559311615686,0.41487400122925017,0.34353481254782886,71114514970.7606,USD,19.331745773491694,415509546.29999995,USD,3002926473.2999997,USD,2026-07-23,50.171821305841924,13.992385354118916,Electric utilities,Utilities
ECL,Ecolab Inc.,251.1,USD,1.1643458421839383,-1.2272834552749605,0.2945440063719617,70668956589.77814,USD,33.95307957541748,415330950.59999996,USD,2743116337.7999997,USD,2026-08-04,-23.28427026068452,-3.0958055290753097,Chemicals: specialty,Process industries
MSTR,Strategy Inc,195.94,USD,0.8742470280931747,4.451196758889064,-0.6787792181279902,68666704771.39773,USD,,3138214228,USD,23050837748.32,USD,2026-08-04,-0.8524641519277053,1.065948987307808,Internet software/Services,Technology services
DASH,"DoorDash, Inc.",157.33,USD,0.3408772036844939,-4.026108704935029,-0.08796796542300801,68339564021.87203,USD,74.940459178813,685172621.99,USD,7010576814.35,USD,2026-07-30,-13.615023474178404,2.0480404551201015,Air freight/Couriers,Transportation
WBD,"Warner Bros. Discovery, Inc. - Series A",27.24,USD,-0.22132054592400857,0.47952784950202515,-0.14684287812040803,68294405756.777565,USD,,450523340.64,USD,2845862144.2799997,USD,2026-07-30,-1057.142857142857,-6.027021321511505,Cable/Satellite TV,Consumer services
NET,"Cloudflare, Inc.",193.52,USD,0.04588793147402408,-1.3307500127466403,0.201529557668451,68056163238.50468,USD,,1259492795.68,USD,10078610038.640001,USD,2026-07-30,-89.84019210068726,4.1086594619752095,Information technology services,Technology services
RKLB,Rocket Lab Corporation,117.35,USD,-0.2180714895230909,11.26386650232293,-1.7895185342991005,67916427886.19275,USD,,6414830844.15,USD,26645437019,USD,2026-08-06,14.927629341294734,11.520049874201234,Aerospace & defense,Electronic technology
GM,General Motors Company,75.29,USD,0.1903553299492458,-4.454314720812171,0.07637136405895913,67886372610.852936,USD,30.36866731203614,479225668.56000006,USD,3126658178.0000005,USD,2026-07-21,,-3.670008391114252,Motor vehicles,Consumer durables
APD,"Air Products and Chemicals, Inc.",304.5,USD,,3.077079313496488,-0.019704433497537692,67806272339.81415,USD,32.20858895705521,238075761,USD,1969207590,USD,2026-07-30,4.7478619876142725,2.2634939059779455,Chemicals: specialty,Process industries
TDG,Transdigm Group Inc.,1198.67,USD,0.5020245580538019,-1.3505283602725628,-1.5850901415735772,67045904677.5596,USD,37.39369965746801,485521283.5,USD,3511247249.6200004,USD,2026-08-11,38.60103626943005,11.422319474835886,Aerospace & defense,Electronic technology
MFC,Manulife Financial Corporation,39.97,USD,-0.5997001499250424,-0.12493753123439347,0,67019420883.78747,USD,17.81697887567811,50867900.44,USD,465470874.82,USD,2026-05-13,-15.492218673017044,-11.48032587184504,Life/Health insurance,Finance
AON,Aon plc,312.07,USD,0,-0.23018638703284225,0,66650960629.74731,USD,17.123558267396817,363906387.34999996,USD,3140350735.83,USD,2026-07-24,-28.4111045481394,17.096999302163294,Insurance brokers/Services,Finance
WPM,Wheaton Precious Metals Corp,143.8,USD,0.9002520705797623,3.564998199495871,0.01564673157161303,65299515890.36539,USD,36.57783914959233,398236268.8,USD,2373720836.2000003,USD,2026-08-06,1.2615172786717694,1.2501445244679796,Precious metals,Non-energy minerals
MSI,"Motorola Solutions, Inc.",392.17,USD,1.1875309252845132,2.1302638089533596,0,65098482972.55834,USD,31.61666895089448,787809920.1600001,USD,3878269133.3500004,USD,2026-07-30,-43.6055469953775,-19.704142011834318,Telecommunications equipment,Electronic technology
KEYS,Keysight Technologies Inc.,366.36,USD,-0.08326394671107726,1.6819317235636975,0,62831654665.581345,USD,66.15862467494944,545540081.52,USD,2691181276.44,USD,2026-05-19,22.707423580786028,12.755461592670894,Electronic equipment/Instruments,Electronic technology
CRWV,"CoreWeave, Inc.",114.7,USD,-1.8663162505475328,0.4818221638195332,0.08718395815169512,62737382970.42926,USD,,3170687312.9,USD,26352207547.2,USD,2026-08-18,-63.716814159292035,32.1882951653944,Packaged software,Technology services
CVNA,Carvana Co.,76.23,USD,-0.16679497049011477,-2.1939953810623476,-0.2623638987275388,60404455016.75057,USD,38.260389480024095,540270977.4,USD,6225317842.59,USD,2026-07-30,-70.82847141190199,14.795645190076744,Specialty stores,Retail trade
TEL,TE Connectivity plc,206.12,USD,,-0.03879728419009898,-0.01455462837182279,60165564082.3067,USD,21.055642385053066,975329540.36,USD,4068534660.4,USD,2026-07-29,14.000000000000002,1.6063396872992075,Semiconductors,Electronic technology
DB,Deutsche Bank AG,31.77,USD,-0.5300904271905261,-0.9354536950420976,0,59514077511.647705,USD,9.350091714908364,73677902.31,USD,561193953.21,USD,2026-07-29,-15.177632746528976,-0.6027992178759903,Investment banks/Brokers,Finance
TER,"Teradyne, Inc.",366.64,USD,-0.7699363482224705,1.9095533257358883,-0.1772856207724136,57394615802.6001,USD,67.85859707569868,1622470360.24,USD,9639445531.76,USD,2026-07-28,55.08436357981492,18.52019565858261,Electronic production equipment,Electronic technology
COIN,"Coinbase Global, Inc.",216.6,USD,-0.5319148936170179,7.675482203221315,-0.8541089566020288,57198645000,USD,81.4500056405821,2951599969.2,USD,15497299399.199999,USD,2026-07-30,40.8883316110047,106.78777387591705,Investment banks/Brokers,Finance
AZO,"AutoZone, Inc.",3427.8,USD,0.25198859329727347,-1.9561293865607954,0,56479242622.62045,USD,24.013820662057913,961347076.8000001,USD,5758275525,USD,2026-07-29,-11.673005879549303,-7.659545048966973,Specialty stores,Retail trade
LHX,"L3Harris Technologies, Inc.",302.35,USD,-0.21025230276331447,0.904418635696181,0.06614850339010704,56326281609.666275,USD,32.825239661705155,392624151.25,USD,3442812283.4,USD,2026-07-23,70.66666666666667,1.69971671388102,Aerospace & defense,Electronic technology
D,"Dominion Energy, Inc.",62.56,USD,0.6463079657456755,1.082565842624013,0.3037084398976945,55018728237.003716,USD,18.50668559933736,347717113.28000003,USD,2089180564.8000002,USD,2026-07-31,9.523809523809524,20.553081790485116,Electric utilities,Utilities
CARR,Carrier Global Corporation,65.88,USD,,-1.4215172826574936,0,54718641172.25916,USD,43.28230733854543,349871485.32,USD,2953976586.48,USD,2026-07-23,350.94339622641513,10.419681620839363,Industrial machinery,Producer manufacturing
AU,AngloGold Ashanti PLC,108.34,USD,1.8219190881061411,1.2239559002148952,0.6091932804135098,54712509413.06961,USD,15.893553971187982,252620711.6,USD,1890850652.88,USD,2026-08-11,49.82456140439568,5.475880052775978,Precious metals,Non-energy minerals
TGT,Target Corporation,118.44,USD,0.19960079840319359,-5.437125748502996,0.3461668355285348,53636216176.52695,USD,14.561101549053355,898533334.4399999,USD,4084542093.24,USD,2026-05-20,51.814223512336724,20.510486743173722,Specialty stores,Retail trade
MCHP,Microchip Technology Incorporated,99.03,USD,-1.4027651629831472,-0.06055101422949064,-0.4342118549934432,53588640346.97911,USD,458.6845761926818,1943110014.84,USD,9461267574.24,USD,2026-08-04,129.98405103668262,10.556492411467117,Semiconductors,Electronic technology
FLEX,Flex Ltd.,145.07,USD,-0.16177815291551648,2.039811493282694,0.08271868753016098,53338459267.83302,USD,62.21640862889736,1268054839.02,USD,9317575834.59,USD,2026-07-29,4.602510460251046,5.9365259280249365,Electronic production equipment,Electronic technology
AME,"AMETEK, Inc.",232.16,USD,,-0.10327022375215537,0,53211767762.74148,USD,35.07266519624135,290325134.24,USD,2284207613.92,USD,2026-08-04,0.1896633475580844,-3.5032685363842337,Electrical products,Producer manufacturing
NUE,Nucor Corporation,232,USD,0.5582417582417627,1.9780219780219779,0,52843710082.918686,USD,30.78883108610256,373955928,USD,2127540920,USD,2026-07-27,-37.85123966942149,-9.787583616946367,Steel,Non-energy minerals
SNOW,Snowflake Inc.,151.5,USD,-1.508691374221045,-0.6231551328304288,-0.3642244224422349,52373550800.97738,USD,,725725299,USD,8278657506,USD,2026-05-27,-5.304517327364207,5.8607034822892725,Packaged software,Technology services
CCJ,Cameco Corporation,120.14,USD,-2.338329764453965,2.9036402569593154,-0.07541201931079981,52315919994.92799,USD,111.87773902341837,379165324.06,USD,2784671477.56,USD,2026-07-31,-35.15480206599425,-30.50453579058488,Other metals/Minerals,Non-energy minerals
ETR,Entergy Corporation,112.97,USD,0.33157092929473103,1.2366699525047007,-0.08851907586084298,51721286320.5047,USD,28.77556738582236,309899868.85,USD,4280070666.3,USD,2026-08-05,62.47796514335129,7.728500437994096,Electric utilities,Utilities
VST,Vistra Corp.,152.05,USD,0.08800433252098257,2.9312212293528384,0.29595527786911446,51476419345.019295,USD,25.38948352730977,897071888.4000001,USD,6234854800.650001,USD,2026-08-06,341.6309012875537,99.0590248075278,Electric utilities,Utilities
AJG,Arthur J. Gallagher & Co.,198.57,USD,0.010056821038860467,-0.15085231558304993,0,51012630535.723045,USD,32.04706110196572,359324726.34,USD,2733342459.81,USD,2026-07-23,444.3708609271523,31.146637265711135,Insurance brokers/Services,Finance
ROK,"Rockwell Automation, Inc.",456.66,USD,-0.8129723060653458,0.6102800237943199,-0.021898129899711544,50814366522.892426,USD,47.4501246882793,405619568.46000004,USD,3533216322.78,USD,2026-08-04,14.802631578947366,6.365795724465559,Electrical products,Producer manufacturing
COR,"Cencora, Inc.",259.7,USD,-0.030641948827939365,-0.5285736172820574,0,50527506157.17712,USD,19.923436313282032,720776054.6,USD,5528813031,USD,2026-08-05,193.27987106157988,-8.81638806193026,Medical distributors,Distribution services
XEL,Xcel Energy Inc.,80.6,USD,-0.11336440357728103,1.5241214258722682,0,50316128750.85023,USD,23.202924835190142,650429023.4,USD,3171235935.3999996,USD,2026-07-23,-1.9400352733686066,12.868783366114078,Electric utilities,Utilities
FER,Ferrovial N.V.,70.05,USD,-0.8094291394490307,-0.5254189150809494,-0.4282655246252636,50312220913.24707,USD,48.35567797554959,128662306.05,USD,751204011.3,USD,2026-07-28,,,Engineering & construction,Industrial services
MDLN,Medline Inc.,39.25,USD,-0.07591093117409194,-0.6831983805668095,-0.1273885350318399,50226168214.58755,USD,32.82870525259284,293574339.25,USD,2391997638.75,USD,2026-09-02,-29.120879120879124,-5.586233466033132,Medical specialties,Health technology
EA,Electronic Arts Inc.,200.22,USD,0.02494512073439003,-0.10975853123129059,0,50105801058.23768,USD,57.323637196518554,475127065.5,USD,2853682601.7,USD,2026-08-04,423.8636363636363,10.647181628392484,Packaged software,Technology services
NDAQ,"Nasdaq, Inc.",88.48,USD,-0.20245191766954518,-0.4836351366550361,-0.27124773960218024,50039054922.00202,USD,26.656222697556714,240176571.04000002,USD,2036724393.76,USD,2026-07-22,0,2.7403846153846154,Investment banks/Brokers,Finance
ADSK,"Autodesk, Inc.",236.07,USD,-0.5725971370143172,-3.447852760736199,-0.004236031685513155,49845058792.87767,USD,45.1247252222116,454671528.21,USD,3291982930.08,USD,2026-05-28,-7.871720116618077,5.879180151024811,Packaged software,Technology services
F,Ford Motor Company,12.05,USD,0.08116883116882943,-2.191558441558438,0.1676348547717768,48017327753.09254,USD,,586845941.4,USD,3909305344,USD,2026-07-29,,-5.74634996731314,Motor vehicles,Consumer durables
EBAY,eBay Inc.,108.13,USD,0.2414337450088264,0.4085801838610807,0.03690002774438448,48009721088.42901,USD,24.549892155749802,688516693.6999999,USD,7003155473.49,USD,2026-08-05,-3.0303030303030303,4.390080428954423,Internet retail,Retail trade
NBIS,Nebius Group N.V.,186.1,USD,1.6661959898333738,5.111550409488835,1.198280494357882,46843313147.829994,USD,365.11673533451045,2611299183.9,USD,21942466832.1,USD,2026-05-13,-108.69565217392514,55.852156057503436,Packaged software,Technology services
GRMN,Garmin Ltd.,242.38,USD,,0.9538089882960523,0,46744485326.94631,USD,27.025701064838042,267893888.32,USD,1378703249.82,USD,2026-08-05,-23.37950484318522,-17.481123129666276,Telecommunications equipment,Electronic technology
FNV,Franco-Nevada Corporation,237.6,USD,-0.02584981258885971,2.3652578518805654,0.9764309764309735,45808970341.744194,USD,40.56139677225925,199731549.6,USD,1184650552.8,USD,2026-05-12,31.33560912461966,25.378622424525798,Precious metals,Non-energy minerals
EXC,Exelon Corporation,44.19,USD,0.3416078342063441,0.637667957185154,1.56143923964699,45215567102.37145,USD,16.182663785842458,266350806,USD,2499351578.2799997,USD,2026-08-05,54.71380471380471,33.813747228381374,Electric utilities,Utilities
UI,Ubiquiti Inc.,738.61,USD,-0.24937655860349395,-12.289514309464435,-0.02090413073205205,44701262297.35374,USD,47.478883560675214,199116699.63,USD,739986030.4300001,USD,2026-08-21,0.13013141560720862,-3.2726813087289095,Telecommunications equipment,Electronic technology
EW,Edwards Lifesciences Corporation,77.17,USD,,-3.489244622311146,0.6997537903330207,44434484549.44335,USD,41.926545691622294,406069080.19,USD,2383114396.86,USD,2026-07-23,492.9906542056075,5.033129459734964,Medical specialties,Health technology
CLS,"Celestica, Inc.",380.99,USD,-1.477832512315274,1.4485421381973098,-0.2598493398776895,43803605257.60591,USD,46.33138949544229,750304561.45,USD,6038563487.360001,USD,2026-07-27,-22.919672122807928,7.541242777676222,Electronic components,Electronic technology
CBRE,CBRE Group Inc,146.11,USD,,-0.15034511036697795,0,42783432406.53503,USD,33.3310521032941,229166375.61,USD,1595839719.8000002,USD,2026-07-23,-23.557692307692307,-9.476309226932669,Real estate development,Finance
CAH,"Cardinal Health, Inc.",182.5,USD,0.059896542335957106,-0.6261911244214569,0.05479452054794209,42742567358.18132,USD,27.906052172849325,367306617.5,USD,3376957735,USD,2026-08-18,-14.5610278372591,-7.141877580873726,Medical distributors,Distribution services
ON,ON Semiconductor Corporation,107.24,USD,-0.3875968992248117,3.9147286821705345,-0.2610966057441264,42027697737.09418,USD,76.4416565685366,1038580471.88,USD,11913102428.64,USD,2026-08-03,-118.37183718371837,-1.09796745310764,Semiconductors,Electronic technology
IDXX,"IDEXX Laboratories, Inc.",532,USD,,-5.018657049508135,0,41965756623.077614,USD,39.143550879258335,405078632,USD,2510631424,USD,2026-08-04,12.191564459200285,4.606818946632935,Medical specialties,Health technology
GFS,GlobalFoundries Inc.,74.99,USD,1.4570966001079306,1.1737722611980441,-1.038671822909712,41725730098.54492,USD,53.872126436781606,251386652.30999997,USD,3270643856,USD,2026-08-11,-48.24120603015075,-10.710382513661203,Semiconductors,Electronic technology
STT,State Street Corporation,150.17,USD,0,0.4548799250785861,-0.10654591463008364,41562106243.505844,USD,15.23037759003641,274112208.82,USD,1919099166.87,USD,2026-07-10,2.14190093708166,-1.4189693801344287,Investment banks/Brokers,Finance
EME,"EMCOR Group, Inc.",931.5,USD,-0.3992882253374365,1.0698320385399953,0,41396118776.165855,USD,31.171986373341007,299263936.5,USD,2367865548,USD,2026-07-23,-29.710289986125392,2.5506074399512,Engineering & construction,Industrial services
TTWO,"Take-Two Interactive Software, Inc.",221.47,USD,-0.3855749603084574,0.4626899523701566,0.23479478033142648,41010805359.85376,USD,,455934530.78,USD,2650029404.92,USD,2026-05-21,30.61986557132188,-4.216935392941707,Packaged software,Technology services
HPE,Hewlett Packard Enterprise Company,30.87,USD,-0.542264752791074,-1.5311004784689008,-0.2267573696145134,40959987367.77416,USD,,438264230.04,USD,2932319876.2200003,USD,2026-06-02,158.2857142857143,-4.2964333436118824,Computer processing hardware,Electronic technology
BDX,"Becton, Dickinson and Company",143.15,USD,-0.12139463293849724,-4.202636686073748,0,39443611450.0522,USD,36.29839997971448,513696208.55,USD,3764300886.8500004,USD,2026-07-30,-181.41361256544505,-10.243716679360244,Medical specialties,Health technology
ED,"Consolidated Edison, Inc.",106.21,USD,,-0.09406452826639876,0,39141541100.43383,USD,17.88980781215786,224650293.92,USD,1810818154.7299998,USD,2026-07-30,211.11111111111111,27.53441802252816,Electric utilities,Utilities
TRI,Thomson Reuters Corp,89.22,USD,-1.280395954379167,-4.002582311168495,-0.35866397668683386,38910904436.20026,USD,26.01518130513451,162485768.82,USD,1464050061.7851532,USD,2026-07-30,34.27400640122454,0.8927263602524388,Internet software/Services,Technology services
CRDO,Credo Technology Group Holding Ltd,210.22,USD,-1.0848518606933437,11.519588339831836,-0.5137475026163127,38775066532.110016,USD,116.58809827519273,1679814624.12,USD,8174694803.6,USD,2026-06-03,90.16167287864853,51.854850444171674,Information technology services,Technology services
PEG,Public Service Enterprise Group Incorporated,77.68,USD,0.583430571761964,0.7130818099312995,0,38709605838.36328,USD,17.1771001481547,329262293.68,USD,1765799698.88,USD,2026-08-04,135.23809523809524,37.78287963266645,Electric utilities,Utilities
JBL,Jabil Inc.,365.24,USD,-0.4635506124172875,2.84105307616501,-0.03559303471689723,38533777914.01729,USD,48.94928701618956,346624812.92,USD,3821650024.56,USD,2026-06-18,52.73972602739726,-0.2769416014449127,Industrial machinery,Producer manufacturing
KGC,Kinross Gold Corporation,31.81,USD,0.2856236115518878,0.9520787051729519,0.47154982709840343,38095170785.0255,USD,13.557704971342158,317059781.19,USD,1820389279.5,USD,2026-07-29,-9.68141775500458,15.590950658302386,Precious metals,Non-energy minerals
ALNY,"Alnylam Pharmaceuticals, Inc.",284.84,USD,-1.1835282155566915,-3.4604304355194153,0.07723634321023287,38029719788.606,USD,67.67885570366145,366801855.47999996,USD,2255408694.3999996,USD,2026-07-30,10.498929830113884,6.393791253316901,Pharmaceuticals: major,Health technology
SATS,EchoStar Corporation,129.14,USD,0.6685017695635032,1.5650806134486674,0.5885085953229204,37425758624.521736,USD,,604616950.0799999,USD,3416984479.0399995,USD,2026-07-30,90.55500752824696,5.028860695611658,Specialty telecommunications,Communications
ESLT,Elbit Systems Ltd.,794.95,USD,0.6206812792042884,1.6293682602386845,0,37179519275.681625,USD,64.96473058402294,116116756.60000001,USD,672446615.1,USD,2026-05-26,26.81232356323706,12.475573463362927,Aerospace & defense,Electronic technology
WEC,"WEC Energy Group, Inc.",112.77,USD,2.4359663263478404,0.9940891993551849,0,36732085854.86808,USD,22.486092002153494,157283927.64,USD,1534663361.07,USD,2026-07-29,153.928684127485,35.35926845611131,Electric utilities,Utilities
VMC,Vulcan Materials Company (Holding Company),282.7,USD,,-0.3595093754405888,0,36681705528.96165,USD,33.63634200318873,262405532.39999998,USD,1892298530.1,USD,2026-07-30,-34.32539682539682,-8.193035658266234,Construction materials,Non-energy minerals
PCG,Pacific Gas & Electric Co.,16.21,USD,0.49782202862475605,0.8711885500933452,0.4318322023442337,35698064197.63784,USD,12.702766240890213,351462853.34000003,USD,1943079456.43,USD,2026-07-23,32.08955223880597,1.131687242798354,Electric utilities,Utilities
ALAB,"Astera Labs, Inc.",207.35,USD,-1.456529355823613,3.783973171830423,-0.2990113334940943,35541435937.014366,USD,139.7613912105689,1163318928.2,USD,8701751079.449999,USD,2026-08-11,78.53808189942643,13.961704911247196,Semiconductors,Electronic technology
MLM,"Martin Marietta Materials, Inc.",585.98,USD,,-0.7452826992784269,0,35185695857.687836,USD,13.969866018213896,273262397.32,USD,1968013244.02,USD,2026-07-23,442.2939068100359,-11.21251629726206,Construction materials,Non-energy minerals
PRU,"Prudential Financial, Inc.",101.12,USD,-0.2975895248487225,0.3075091756770184,-0.019778481012668346,35088639150.39539,USD,10.392920645035305,148052623.36,USD,1734443407.3600001,USD,2026-08-04,-34.033149171270715,-1.0452517527087317,Life/Health insurance,Finance
HEI,Heico Corporation,289.77,USD,-0.6905510734308703,-0.9401066593737181,0,34504329785.839294,USD,57.30190432873895,208510668.20999998,USD,2008349217.03,USD,2026-05-27,1.004800951693079,-2.549092078706081,Aerospace & defense,Electronic technology
HEI.A,Heico Corporation,217.53,USD,,-1.8543584190579252,0,34185879571.937336,USD,43.01647254246673,86958922.68,USD,539716510.89,USD,2026-05-27,1.004800951693079,-2.549092078706081,Aerospace & defense,Electronic technology
WAT,Waters Corporation,348.07,USD,,-1.9880043927575826,0,34168462294.737305,USD,44.30795473350561,373961535.02,USD,3726860673.12,USD,2026-08-04,-131.9695933645333,35.89142414641523,Medical specialties,Health technology
STLD,"Steel Dynamics, Inc.",235.97,USD,,0.3700552956188875,0,34029891480.17588,USD,25.276361455075197,178348957.64,USD,1564962242.83,USD,2026-07-22,51.64885559310309,17.9157544276818,Steel,Non-energy minerals
PAYX,"Paychex, Inc.",93.88,USD,-0.979452783988078,-0.05323112956458146,0.45600766936514764,33636346330.79016,USD,20.6943679047724,319628823.64,USD,2005263281.28,USD,2026-07-01,41.70460293373799,16.133795582948128,Data processing services,Technology services
MTZ,"MasTec, Inc.",421.37,USD,-0.0699992758695649,1.7089478384706327,-0.2586800199349816,33296049075.731712,USD,73.66479606999877,425699155.38,USD,3304248701.6,USD,2026-07-30,-57.368985306173926,-2.8173765165744453,Engineering & construction,Industrial services
ROP,"Roper Technologies, Inc.",328.8,USD,-0.9641151112664577,-4.229290457881854,-0.016210462287115465,33181628148.8151,USD,20.54319506663418,448909324.8,USD,2592352908,USD,2026-07-17,18.790849673202615,1.7827649859127679,Packaged software,Technology services
HUM,Humana Inc.,274.26,USD,-1.436572592377069,-0.2545824847250468,-0.09844672938087284,32928066117.227604,USD,29.35176960369867,681544602.06,USD,3317366956.2599998,USD,2026-07-29,,21.937567276641552,Managed health care,Health services
CRCL,"Circle Internet Group, Inc.",131.76,USD,4.662619864520099,15.914489311163885,-0.7591074681238451,32572442972.826603,USD,,6544519858.799999,USD,22730711585.76,USD,2026-08-18,-37.768034144179865,4.119314533516997,Packaged software,Technology services
CASY,"Caseys General Stores, Inc.",877.07,USD,,2.045399015695359,-0.7490850217200508,32415656206.681267,USD,50.34411503027868,325125463.65000004,USD,2218575754.17,USD,2026-06-15,-36.960588554590565,-13.092343595902783,Specialty stores,Retail trade
ZTS,Zoetis Inc.,76.67,USD,-1.0986357599903376,-7.436918990703847,0.9520020868657892,32142220586.49668,USD,12.701910173787711,1198328102.29,USD,5963825478.82,USD,2026-08-11,-0.33167495854063017,-5.236698785085882,Pharmaceuticals: major,Health technology
Q,"Qnity Electronics, Inc.",153.24,USD,1.1335098079141976,4.011402972917937,1.3442965283215884,32116411662.75382,USD,46.381549078361935,510475539.84000003,USD,1946300014.0800002,USD,2026-05-12,-52.60663507109005,-6.739811912225706,Electronic equipment/Instruments,Electronic technology
CPRT,"Copart, Inc.",33.27,USD,-1.1490866234531545,-1.974071891573349,0.030057108506155727,32049267494.873608,USD,20.87202007528231,197724109.05,USD,1493951954.5200002,USD,2026-05-20,-13.123646938179007,-2.887890357826204,Specialty stores,Retail trade
ASTS,"AST SpaceMobile, Inc.",82.55,USD,3.810792804796802,9.993337774816789,-11.26589945487583,32035106453.263824,USD,,3224048860.5,USD,12026457887.6,USD,2026-08-17,39.80337581587642,268.4442635185562,Specialty telecommunications,Communications
TECK,Teck Resources Ltd,65.29,USD,0.5087097271465982,0.647448743641131,0.09189768724151946,31933338994.114704,USD,24.107876277944715,185797319.96,USD,1419667457.5400002,USD,2026-07-23,48.63288002649563,27.29729846244599,Other metals/Minerals,Non-energy minerals
AXON,"Axon Enterprise, Inc.",394.36,USD,-2.478069088566189,-2.2748674233037636,-0.887513946647733,31786237454.010403,USD,157.85765751340963,553187701.28,USD,4321680030.4800005,USD,2026-08-11,6068.014571948997,1.333083978893569,Aerospace & defense,Electronic technology
ZM,"Zoom Communications, Inc.",107.12,USD,0.2472301071330558,-1.913744162622461,-0.34540702016430597,31564716790.007507,USD,17.24765324359573,440019394.88,USD,3683072146,USD,2026-05-21,9.986897774906058,1.3950651916720536,Packaged software,Technology services
A,"Agilent Technologies, Inc.",111.46,USD,,-3.597993426742787,0,31498855942.22661,USD,24.57556114124443,242939553.51999998,USD,1796082601.6999998,USD,2026-05-27,-29.723502304147466,-3.3852767329392797,Medical specialties,Health technology
WDAY,"Workday, Inc.",121.42,USD,-0.8370492059766825,-5.014472346084641,0,31204940447.381836,USD,46.9891640866873,450343744.5,USD,3885435628.88,USD,2026-05-21,-42.46031746031746,4.281597365170852,Information technology services,Technology services
SYM,Symbotic Inc.,51.71,USD,-0.8032128514056257,-1.1091986995601422,0.522142719009855,31090782389.857525,USD,,102593363.94,USD,768731563.97,USD,2026-08-03,-24.327440430438124,7.380334452407597,Industrial machinery,Producer manufacturing
ALC,Alcon Inc.,62.02,USD,0.1758312020460349,-0.8631713554987198,-0.7142857142857223,30991393602.67846,USD,37.29293313841416,196446179.3,USD,1501398890.04,USD,2026-08-10,-15.284686286907895,-3.1636987145174573,Medical specialties,Health technology
RDDT,"Reddit, Inc.",159.51,USD,-1.1296534017971882,2.381258023106534,-0.10030719077173632,30707116807.613796,USD,45.22925114129356,809278291.77,USD,8119327933.86,USD,2026-08-11,-18.927437272210586,-8.571582137438034,Internet software/Services,Technology services
RVMD,"Revolution Medicines, Inc.",144.15,USD,-0.6205486213948208,1.6500951977998755,-0.06798473812002301,30645780056.03343,USD,,236469281.85000002,USD,2688830238.3,USD,2026-08-12,-24.369950560713853,,Pharmaceuticals: other,Health technology
AEE,Ameren Corporation,109.99,USD,,0.84349500320895,0,30429088545.74347,USD,19.758209384206367,178289720.37,USD,1400358803.08,USD,2026-07-30,41.66666666666667,22.10998877665544,Electric utilities,Utilities
TWLO,Twilio Inc.,198.59,USD,-0.361923648983634,-1.5418939018344002,0.09063900498514871,30140771343.78305,USD,308.0347448425624,393255663.01,USD,5258637780.4800005,USD,2026-07-30,,2.9999341108255915,Packaged software,Technology services
RPRX,Royalty Pharma plc,51.65,USD,-1.33884622957275,1.6932467021067126,0,29801388867.79681,USD,27.050382319053107,209030442.4,USD,1405758359.8999999,USD,2026-08-12,37.705607476635514,1.3787781350482315,Pharmaceuticals: major,Health technology
DTE,DTE Energy Company,142.43,USD,,1.3015647226173632,0,29629472774.770985,USD,23.408661352617308,227634901.89000002,USD,2339662999.51,USD,2026-07-23,-33.06233062330624,25.02358490566038,Electric utilities,Utilities
DOV,Dover Corporation,219.97,USD,,0.0636855752172071,0,29621470048.203014,USD,27.405127949567685,143441117.18,USD,1307824156.02,USD,2026-07-23,-15.471771691925905,-2.1655211642820604,Industrial machinery,Producer manufacturing
RBLX,Roblox Corporation,41.31,USD,-1.5032211882605477,-1.431639226914804,-0.19365770999759235,29577083219.645676,USD,,592033356.1800001,USD,6034809933.54,USD,2026-08-12,22.151898734177212,1.9066148134904006,Packaged software,Technology services
TDY,Teledyne Technologies Incorporated,632.58,USD,,1.8024397309215048,0,29306885015.1077,USD,32.013643931841074,150796950.72,USD,1068082863.9000001,USD,2026-07-29,-17.706821480406386,-3.256621797655232,Aerospace & defense,Electronic technology
IR,Ingersoll Rand Inc.,74.7,USD,,-1.3861386138613823,0,29232862921.318813,USD,50.343712090578244,213337149.3,USD,1859304961.8,USD,2026-08-05,-27.80909432544157,-11.667941851568466,Industrial machinery,Producer manufacturing
BIIB,Biogen Inc.,197.95,USD,,2.3261824760920136,0,29224766548.178085,USD,21.243601163327288,350804614.59999996,USD,1205564789.55,USD,2026-07-16,,10.202677916360967,Pharmaceuticals: major,Health technology
NRG,"NRG Energy, Inc.",137.3,USD,-0.3692708710448333,-0.58648903048295,-0.16751638747270078,28968441835.224823,USD,160.24743230625586,396288578.1,USD,2787194530.9,USD,2026-08-12,89.39393939393939,32.77061855670103,Electric utilities,Utilities
IQV,"IQVIA Holdings, Inc.",173.55,USD,,-2.8873594090985373,0,28965495029.133797,USD,21.512507127451226,272362428,USD,2624730804.15,USD,2026-07-28,-46.69260700389105,-4.588208304657031,Biotechnology,Health technology
CPNG,"Coupang, Inc.",16.13,USD,-1.2367491166077789,-5.005889281507665,0.9299442033478125,28957562867.217903,USD,,411821304.57,USD,3521949255.89,USD,2026-08-11,-923.076923076923,-3.746462931522354,Internet retail,Retail trade
P,"Everpure, Inc.",87.34,USD,6.192425793244631,11.745138178096221,-0.06869704602702344,28862459633.366173,USD,160.3157121879589,978136381.2,USD,2195477894.94,USD,2026-05-27,82.92157792942379,9.7931158905618,Computer peripherals,Electronic technology
RMD,ResMed Inc.,198.76,USD,,-3.8692203520990525,0,28831408598.966923,USD,19.16054524071182,358855614.71999997,USD,2593313944.64,USD,2026-07-30,1.5637059244561162,0.6042979797695824,Medical specialties,Health technology
AMRZ,Amrize Ltd,52.04,USD,-0.9642654566080507,-1.6071090943467603,0,28764379125.799206,USD,24.89713902975792,90411277.67999999,USD,984403419.36,USD,2026-08-03,-138.9261744966443,-23.282846072560762,Construction materials,Non-energy minerals
FTAI,FTAI Aviation Ltd.,280.36,USD,-1.0063265381627242,3.725628029153869,-0.8382080182622424,28760162284.172256,USD,55.757527544648184,423820492.36,USD,3100356854.6000004,USD,2026-07-29,19.32901818937021,25.437222795235815,Aerospace & defense,Electronic technology
FTS,Fortis Inc.,56.23,USD,-1.6045640934212975,0.249598858976633,0,28531100862.796978,USD,23.0578532585359,23929519.95,USD,276828218.43,USD,2026-07-31,16.29167068744108,8.409008621185643,Electric utilities,Utilities
OTIS,Otis Worldwide Corporation,74,USD,-0.26730820636192015,-1.0959636460839257,0,28394988653.434917,USD,19.616679479362723,299911048,USD,2354572922,USD,2026-07-29,-9.090909090909092,-6.059009483667018,Engineering & construction,Industrial services
NTRA,"Natera, Inc.",199.14,USD,0.09266886326193285,2.522652388797352,0,28224361315.69213,USD,,406597082.09999996,USD,2822577701.04,USD,2026-07-30,-280.0562867662618,4.680104222702397,Biotechnology,Health technology
STLA,Stellantis N.V.,7.46,USD,-1.8087855297157693,-3.6175710594315276,0.26809651474531454,28078647385.303867,USD,,126598281.34,USD,947781474.3,USD,2026-07-30,-76.4684972636294,25.952040623754584,Motor vehicles,Consumer durables
GEHC,GE HealthCare Technologies Inc.,61.7,USD,-0.756262801323455,-2.788719079880252,0.2431118314424612,28066823653.65685,USD,14.771013382490244,374620619.90000004,USD,3132281450.4,USD,2026-08-05,-33.95585738539898,-9.950859950859952,Medical specialties,Health technology
NVT,nVent Electric plc,173.39,USD,-0.6707855251544492,2.0241247425713436,-0.0749754887825108,28040709879.919334,USD,58.30979284369115,326120928.28,USD,3650523410.31,USD,2026-07-30,21.502590673575128,16.43386144182994,Electronic components,Electronic technology
DOW,Dow Inc.,38.76,USD,0.8416056414429215,5.12611879576892,-0.7997936016511744,27935937989.640358,USD,,364815554.15999997,USD,3079066996.68,USD,2026-07-23,65.37216828478964,3.5306553911205074,Chemicals: specialty,Process industries
MTSI,"MACOM Technology Solutions Holdings, Inc.",365.88,USD,0.8391686117594703,1.6672224074691564,-0.1065923253525709,27915099036.42147,USD,158.63683662851196,689980162.8,USD,4232721197.4,USD,2026-07-30,-4.99518116759284,6.385211257234584,Semiconductors,Electronic technology
CNC,Centene Corporation,56.36,USD,0.12508934953538292,0.7147962830593255,0,27830398299.596855,USD,,335738041.71999997,USD,2497200063.56,USD,2026-07-28,,0.44042232277526394,Managed health care,Health services
CNP,"CenterPoint Energy, Inc (Holding Co)",42.27,USD,0.8389261744966477,1.3183125599233083,0,27651745346.567116,USD,25.884874464176363,200755447.20000002,USD,1505200630.38,USD,2026-08-04,19.696969696969695,18.7624750499002,Electric utilities,Utilities
PPL,PPL Corporation,36.24,USD,-0.11138958507379323,0.9189640768588287,0,27258463111.97995,USD,22.283711492344587,269211558,USD,2319586137.6,USD,2026-07-30,69.54887218045113,22.03166226912929,Electric utilities,Utilities
EIX,Edison International,70.58,USD,1.0271211022479925,2.3640319071791085,0,27158755458.09862,USD,7.658253944141837,181393987.84,USD,1292614965.56,USD,2026-07-23,-69.08893709327549,-21.292921542298103,Electric utilities,Utilities
CW,Curtiss-Wright Corporation,728.58,USD,,-0.08502468458584812,0,26914595119.743473,USD,53.36409580312019,170947453.98000002,USD,1269276703.92,USD,2026-08-05,-6.4322106892071425,-3.5158044353582594,Aerospace & defense,Electronic technology
STRL,"Sterling Infrastructure, Inc.",868.18,USD,0.9403409090909179,2.767518939393939,-0.5908912898246903,26640930412.04408,USD,77.61794498135946,519736825.17999995,USD,6370292454.5,USD,2026-08-10,9.557404933958926,9.272206804276792,Engineering & construction,Industrial services
XYL,Xylem Inc.,112,USD,-0.2549898883320199,-1.5211465752220206,0.2946428571428556,26621672416.565548,USD,27.82539564234429,186917696,USD,1584086672,USD,2026-08-04,-42.38805970149254,-11.25052279381012,Industrial machinery,Producer manufacturing
PAAS,Pan American Silver Corp.,62.29,USD,3.7199864727764673,5.326344267839024,0.4495103547921033,26279154626.308407,USD,20.083877209822496,394630508.75,USD,2525526933.69,USD,2026-08-12,-1.694958479146437,-4.961656984418574,Precious metals,Non-energy minerals
VRSN,"VeriSign, Inc.",286.47,USD,-0.07633322924255594,-0.603726449463916,-0.10123224072329405,26068769226.696995,USD,31.677595567989563,286818061.05,USD,1598969832.5700002,USD,2026-07-23,4.025218234723569,0.846461321420174,Internet software/Services,Technology services
VEEV,Veeva Systems Inc.,159.33,USD,-0.8055789347120377,-4.214259949501017,0.30596874411597497,26023516920.57768,USD,29.414045192733717,379495699.26000005,USD,9735352343.28,USD,2026-06-03,3.3873405502893696,3.0465857037902655,Packaged software,Technology services
TW,Tradeweb Markets Inc.,109.94,USD,,1.0385074901203892,0,25948699763.604446,USD,27.133619625845302,133572152.7,USD,899693000.54,USD,2026-07-30,-36.80755077216807,18.531110953350357,Investment banks/Brokers,Finance
HUBB,Hubbell Inc,490.16,USD,,-0.4912907548012423,0,25900925101.2059,USD,28.961564595704456,386621542.56,USD,2388093831.2000003,USD,2026-07-28,-18.856121537086683,1.607824747102566,Electrical products,Producer manufacturing
FE,FirstEnergy Corp.,44.6,USD,0.27069704489060353,0.6090683510038419,0.38116591928251503,25798033182.061806,USD,24.237813162328134,209168871,USD,2477510732.8,USD,2026-08-04,,10.666315512246511,Electric utilities,Utilities
TSEM,Tower Semiconductor Ltd.,228.88,USD,0.46441095630745416,8.46365273433797,0.7077944774554371,25578856232.92503,USD,118.04022692109334,614469787.28,USD,3240354180.56,USD,2026-05-13,49.37459222696993,11.256688073776186,Semiconductors,Electronic technology
ES,Eversource Energy (D/B/A),67.24,USD,0.3608479927830324,1.0975793113817316,0,25287621161.293037,USD,14.383195362467646,183570377.48,USD,1206051873.76,USD,2026-08-05,44.038062595832955,33.65284986392483,Electric utilities,Utilities
FSLR,"First Solar, Inc.",233.27,USD,0.4773812230052336,6.055921800409194,0.03429502293478976,25065645291.442238,USD,15.07048441073482,944581377.35,USD,5290657141.27,USD,2026-07-23,-33.45549768374089,-37.945616247380826,Semiconductors,Electronic technology
ALB,Albemarle Corporation,209.99,USD,3.1839622641509386,3.1790487421383644,0.709557597980847,24765096960.55518,USD,,589902438.07,USD,3442861856.3900003,USD,2026-08-05,,0.04901854371508742,Chemicals: specialty,Process industries
AWK,"American Water Works Company, Inc.",126.01,USD,0.27988804478209395,0.7676929228308741,-0.4047297833505318,24607298620.449345,USD,22.297524463397803,198376282.9,USD,1477852840.6000001,USD,2026-07-29,-17.647058823529413,-5.035405192761605,Water utilities,Utilities
UTHR,United Therapeutics Corporation,569.88,USD,,0.8744291429178215,0,24189545663.6903,USD,21.032973360005315,262540296.72,USD,2123176841.28,USD,2026-08-05,-24.54021410925062,-1.1009870918754745,Biotechnology,Health technology
PPG,"PPG Industries, Inc.",107.95,USD,0.018246510354890996,-1.514460359456251,0,24062054475.07208,USD,15.465837619450136,127394061.95,USD,1346968686.55,USD,2026-07-16,26.490066225165563,0.4087889626980072,Industrial specialties,Process industries
ZS,"Zscaler, Inc.",148.87,USD,-0.7427857753237334,-2.1429040951817466,0.0201518103042931,23936913833.10603,USD,,377934333.69,USD,2796700700.78,USD,2026-05-26,-195.4111063280241,3.506988854376028,Packaged software,Technology services
SITM,SiTime Corporation,901.48,USD,0.05041532625917788,8.210495990781194,0.44038691928828455,23796212721.601284,USD,,625000591.4,USD,3654320461.2000003,USD,2026-08-05,-156.91686668121318,0.2498146251897885,Semiconductors,Electronic technology
LYB,LyondellBasell Industries NV,73.53,USD,1.5886287625418067,2.4665551839464825,-0.20399836801306362,23734366318.383358,USD,,375978081.33,USD,3309474563.82,USD,2026-07-31,,1.6358764631222675,Chemicals: specialty,Process industries
MDB,"MongoDB, Inc.",294.65,USD,-1.4926369920192428,-1.6095101345710923,-0.3868997115221403,23680879781.92139,USD,,424673151.99999994,USD,3271445029.0499997,USD,2026-05-28,,10.62582264459048,Packaged software,Technology services
WTW,Willis Towers Watson Public Limited Company,249.72,USD,-0.9166796692151751,-2.5901076611015816,0,23585547008.78515,USD,14.61795575744449,215276120.4,USD,1980375742.2,USD,2026-07-23,-59.591836734693885,-17.8133514986376,Insurance brokers/Services,Finance
CTSH,Cognizant Technology Solutions Corporation,49.25,USD,-0.8126934984520157,-4.702012383900929,0.12182741116751732,23338071846.73471,USD,10.693039211429067,410696341,USD,2459302493,USD,2026-08-05,2.1604938271604937,1.5000937558597411,Information technology services,Technology services
FN,Fabrinet,649.53,USD,-0.5279423126448578,4.547064125676024,0.6112111834711295,23272491221.6758,USD,55.84808646380574,636849225.81,USD,4970519881.11,USD,2026-08-24,11.173953191074105,7.185617642734908,Semiconductors,Electronic technology
NTAP,"NetApp, Inc.",117.73,USD,0.847457627118644,-0.2288135593220305,0.00849401172172845,23231709619.26805,USD,19.693218694590346,269345637.25,USD,1601425150.52,USD,2026-05-28,9.508196721311474,0.528169014084507,Computer peripherals,Electronic technology
FWONA,Liberty Media Corporation - Series A Liberty Formula One,85.07,USD,,-1.0238510762071085,0,23198099579.769512,USD,27.322070914696813,18299237.56,USD,94167215.66,USD,2026-07-31,-82.88288288288288,-55.81106277190801,Internet software/Services,Technology services
LPLA,LPL Financial Holdings Inc.,289.04,USD,0.48761201897733863,-4.770690564048485,0,23118244078.182922,USD,25.804608475953255,493414981.28000003,USD,2065709048.72,USD,2026-07-23,18.5172869023906,0.12091305167593518,Investment banks/Brokers,Finance
FWONK,Liberty Media Corporation - Series C Liberty Formula One,92.76,USD,-0.6881948120698842,-1.789306511381681,-0.053902544200098504,23018691595.097088,USD,29.791880781089418,235357443.48000002,USD,1378849757.52,USD,2026-07-31,-82.88288288288288,-55.81106277190801,Internet software/Services,Technology services
DXCM,"DexCom, Inc.",59.33,USD,-1.0724302920310156,-2.111862728922622,0.3033878307770095,22893842670.205246,USD,25.375304734613575,312802651.83,USD,2495467026.68,USD,2026-07-23,-25.364758698092032,-5.3747221340107965,Medical specialties,Health technology
WST,"West Pharmaceutical Services, Inc.",322.3,USD,,-1.1107020127638696,-5.36766987278933,22769719400.358063,USD,43.08535525700154,283322327.2,USD,2041162319.9,USD,2026-07-23,5.071915215745648,4.7890818858560795,Medical specialties,Health technology
ENTG,"Entegris, Inc.",149.15,USD,-1.2474012474012566,0.02682583327744084,2.58129399932953,22745375093.024944,USD,85.96541786743515,471280441.25,USD,3307054625.4,USD,2026-08-05,86.23481781376519,-1.456487437795849,Industrial machinery,Producer manufacturing
BCE,"BCE, Inc.",24.28,USD,0,0.5799502899751474,0,22641726962.577213,USD,5.005317832726536,71786709.32000001,USD,533460638.88,USD,2026-07-30,2.3298936712833993,-4.912608691251571,Major telecommunications,Communications
CMS,CMS Energy Corporation,73.19,USD,0.5233438920258855,0.7987880457237272,0,22609824702.489876,USD,20.255721916253837,169397815.85999998,USD,1423467918.6,USD,2026-07-23,17.647058823529413,22.25705329153605,Electric utilities,Utilities
AKAM,"Akamai Technologies, Inc.",153.01,USD,-0.09478031277504216,3.588111840769063,0.13724593163846022,22526600360.256176,USD,51.53760652093367,1509362401.6899998,USD,9570981145.439999,USD,2026-08-11,24.975315027271016,-1.9455444821136418,Data processing services,Technology services
INSM,Insmed Incorporated,103.89,USD,-0.740009866798224,2.5061667488899917,0,22518412383.633743,USD,,820563321.54,USD,3863627336.22,USD,2026-07-30,50.206858760674,15.96441823357071,Pharmaceuticals: major,Health technology
ULTA,"Ulta Beauty, Inc.",511.98,USD,,-1.8405613712182258,-0.13002461033634424,22392280298.17267,USD,19.967940842664422,299835455.22,USD,2230687644.36,USD,2026-06-02,54.48922577152139,36.41970966779033,Specialty stores,Retail trade
TEAM,Atlassian Corporation,87.31,USD,-1.4737991266375485,-4.683406113537109,-1.5004008704615763,22156471821.332863,USD,,691899183.37,USD,8246665324.31,USD,2026-07-30,-130.71637941278595,12.649190104776336,Packaged software,Technology services
VRSK,"Verisk Analytics, Inc.",168.57,USD,-1.5360446849362976,-1.920055856170368,0,22086352725.358696,USD,25.673946815315723,239746153.95,USD,2070761416.74,USD,2026-08-05,18.76267748478702,0.48793014894709813,Data processing services,Technology services
WWD,"Woodward, Inc.",370.25,USD,-0.3108696239829249,0.08650285189089643,0,22060553122.51507,USD,44.33229162924914,227616371,USD,1968287135.75,USD,2026-08-03,0.21986404325488526,9.444891585562404,Industrial machinery,Producer manufacturing
ATI,ATI Inc.,161.16,USD,-1.5089336448007997,1.7488477807942486,0.0186150409530908,21993574167.40401,USD,53.146022952117136,225237216,USD,2286914227.44,USD,2026-07-30,22.36024844720497,-2.1748364624925665,Other metals/Minerals,Non-energy minerals
MTD,"Mettler-Toledo International, Inc.",1078.53,USD,1.2032442238941334,-4.084627287764799,2.438309550962887,21921391796.176167,USD,25.294330100001876,341568293.94,USD,1642367148.99,USD,2026-07-23,-40.70162546148059,-16.163790623464795,Medical specialties,Health technology
FIS,"Fidelity National Information Services, Inc.",42.36,USD,0.02299379167624284,-2.5982984594159637,0.44853635505193046,21790141001.80271,USD,8.192631273571221,452880460.44,USD,2429847034.08,USD,2026-08-05,363.01369863013696,17.17638691322902,Packaged software,Technology services
MKSI,MKS Inc.,319.71,USD,0.312889115928616,2.0752849525877206,-0.12824121860435025,21594535146.32528,USD,66.82621963964716,392204562.21,USD,3945786966.99,USD,2026-07-29,-22.22222222222222,4.356243949661181,Industrial machinery,Producer manufacturing
ILMN,"Illumina, Inc.",142.51,USD,-0.4440372145475017,0.4440372145475017,0.6946880920637212,21561764177.204113,USD,25.864822679589093,294005398.01,USD,1733067530.2399998,USD,2026-08-12,-59.88023952095808,-5.948275862068965,Medical specialties,Health technology
CRS,Carpenter Technology Corporation,429.06,USD,-0.5492579174944543,0.28280939581628595,0.6386053232648136,21318108871.045456,USD,45.15993221694787,373484287.26,USD,1892379856.5,USD,2026-07-23,32.60456273764258,11.469780219780219,Other metals/Minerals,Non-energy minerals
VLTO,Veralto Corp,86.57,USD,,-0.3109166282819095,0,21261526905.02234,USD,22.338915696849273,169605260.32999998,USD,1164792943.82,USD,2026-07-23,0,1.8624641833810889,Industrial machinery,Producer manufacturing
IONQ,"IonQ, Inc.",56.89,USD,-2.2948822095857078,15.536149471974001,-1.1601335911408046,21235326926.344437,USD,,3488088832.96,USD,15306328058.77,USD,2026-08-12,4.3739476453128505,4.488608822103744,Computer processing hardware,Electronic technology
DGX,Quest Diagnostics Incorporated,189.81,USD,,1.2914243022573328,0,21011288624.995678,USD,20.937158741189318,117814307.76,USD,929139880.05,USD,2026-07-28,2.4489795918367347,3.171774768353528,Services to the health industry,Health services
MRNA,"Moderna, Inc.",52.88,USD,7.0469181232750655,-2.7046918123275048,0.5484114977307094,20982056568.709476,USD,,1341552697.28,USD,4327569591.12,USD,2026-07-30,-62.590799031477,-42.62536873156343,Biotechnology,Health technology
WSM,"Williams-Sonoma, Inc.",176.1,USD,,-3.2948929159802307,0.461726291879609,20958726159.369026,USD,19.881231936416185,182199047.4,USD,1351622443.2,USD,2026-05-27,52.33120301996755,25.19181395506938,Specialty stores,Retail trade
LH,Labcorp Holdings Inc.,255.08,USD,,0.3777742798677821,0,20916559598.4889,USD,22.60225420004253,172842463.08,USD,1424216988.04,USD,2026-07-30,68.6703096539162,0.6200580237783719,Medical/Nursing services,Health services
RGLD,"Royal Gold, Inc.",245.13,USD,-0.14649868151186402,2.6034908542965964,0.13870191327051093,20803349986.33117,USD,29.167212022417097,164079971.67,USD,1537119531.8999999,USD,2026-08-05,200.3172704062557,24.99233993120592,Precious metals,Non-energy minerals
DD,"DuPont de Nemours, Inc.",50.58,USD,0.06028938906752641,1.6479099678456597,0.11862396204033665,20733819953.722668,USD,,244773159.66,USD,1687279252.5,USD,2026-08-04,,-0.7088009450679268,Chemicals: major diversified,Process industries
ROIV,Roivant Sciences Ltd.,28.96,USD,-0.4341736694677829,1.4005602240896433,0,20726703781.977592,USD,,121607036.48,USD,846895785.44,USD,2026-05-28,-134.22598860102715,27.243793761935077,Pharmaceuticals: major,Health technology
CDE,"Coeur Mining, Inc.",19.8,USD,2.209051724137932,6.681034482758632,0.7989898989899029,20483312106.43319,USD,16.36769446970323,410531576.40000004,USD,2913470821.8,USD,2026-08-12,14.789109127362549,26.640517458296948,Precious metals,Non-energy minerals
CHTR,"Charter Communications, Inc.",147.79,USD,-0.16789358129925047,-4.56541392225237,0.32478516814400044,20466630816.127792,USD,3.9923605145577037,522431738.4,USD,3204526727.46,USD,2026-07-24,-12.687687687687689,-0.029409602235129773,Cable/Satellite TV,Consumer services
EXPD,"Expeditors International of Washington, Inc.",155.54,USD,0.7722254132363316,-0.7339332439849421,0,20343253874.305313,USD,25.128437106206984,120392004.03999999,USD,1484300177.36,USD,2026-08-04,14.400593900561514,-2.5557834614983297,Air freight/Couriers,Transportation
FFIV,"F5, Inc.",358.3,USD,-2.9545518741349546,1.2061124763438238,0,20215016013.465813,USD,29.412247578394354,198439797.1,USD,1677418713.2,USD,2026-08-03,-17.938507336687884,-1.30887028627358,Packaged software,Technology services
SMCI,"Super Micro Computer, Inc.",33.52,USD,-0.9329940627650505,-5.2304212609555965,2.1778042959427113,20078125452.790504,USD,17.720448297737367,1323563848.4,USD,13030120592.960001,USD,2026-08-11,20.676595999640508,-19.234998865759103,Computer processing hardware,Electronic technology
INCY,Incyte Corporation,100.32,USD,0.6189123376623371,1.7857142857142767,0,20042144818.767857,USD,14.186122148846811,166741571.04,USD,802623803.52,USD,2026-08-04,1.3535864527748356,-15.539790355281102,Pharmaceuticals: major,Health technology
CHRW,"C.H. Robinson Worldwide, Inc.",169.98,USD,0.005834646128723571,-0.8226851041484314,0,20036059139.258533,USD,34.40751386583539,218104227.66,USD,2443435473.18,USD,2026-08-05,8.004636116225674,2.563490477259054,Air freight/Couriers,Transportation
HPQ,HP Inc.,21.67,USD,-0.17636684303350594,-4.453262786596111,0.2307337332717912,19818302469.966934,USD,8.184152881637585,480914205.42,USD,2666589086.3700004,USD,2026-05-27,-31.446540880503143,-1.9088377148291555,Information technology services,Technology services
STE,STERIS plc (Ireland),201.85,USD,0.7519884309472173,-2.699445649554107,1.5556106019321352,19796442462.989155,USD,27.926507007567896,206921683.1,USD,984382887.4,USD,2026-08-10,0.5211047420531527,2.4583989591179893,Medical specialties,Health technology
RCI,"Rogers Communication, Inc.",36.53,USD,,-1.002710027100264,0,19778607397.7547,USD,3.904315958132483,25332349.51,USD,197335352.24,USD,2026-07-29,-38.489582254886756,-12.311426553956407,Wireless telecommunications,Communications
VTRS,Viatris Inc.,16.92,USD,0.11648223645893752,-1.45602795573675,-0.23640661938535873,19704230287.631912,USD,,238894393.68000004,USD,2166028114.32,USD,2026-08-10,,-4.9954121012576245,Pharmaceuticals: major,Health technology
TU,Telus Corporation,12.58,USD,0,-1.3333333333333328,-0.0794912559618425,19637378970.39977,USD,29.105904735716724,94473409.8,USD,479579615.88,USD,2026-07-31,-54.01820213474395,-5.8236821666142395,Wireless telecommunications,Communications
DKS,Dick's Sporting Goods Inc,220.25,USD,-0.01328550551348529,-2.462247021832515,0,19612214594.372482,USD,21.541395667269793,202159546,USD,1363683601.5,USD,2026-05-27,70.63367547731742,49.3856311272231,Specialty stores,Retail trade
RBA,"RB Global, Inc.",104.43,USD,,1.1134779240898582,0,19455308562.349148,USD,48.72029381206362,82742708.61,USD,872287394.49,USD,2026-08-12,20.292712716331327,-0.3600247436551055,Internet software/Services,Technology services
RBC,RBC Bearings Incorporated,613.59,USD,0.16336903249228685,1.2541461080215883,0,19401078172.265713,USD,72.15989274626024,117471805.5,USD,817409258.25,USD,2026-05-15,12.333333333333334,1.3837030529321326,Metal fabrication,Producer manufacturing
BWXT,"BWX Technologies, Inc.",210.8,USD,-1.3928797545414764,2.6640042857838595,0.6848671726755116,19312367741.07242,USD,56.20883662640322,216554418.4,USD,1674612274.8000002,USD,2026-08-10,-2.0658357440127326,-2.7906504179766656,Electronic equipment/Instruments,Electronic technology
APG,APi Group Corporation,44.12,USD,0.13623978201635392,0.18165304268846116,0.4079782411604708,19290499621.474113,USD,,107160817.88,USD,1014530576,USD,2026-07-30,-41.23711340206185,-6.376948512045347,Engineering & construction,Industrial services
EVRG,"Evergy, Inc.",83.43,USD,0.758131572511622,2.0176082171680187,0,19231701889.476887,USD,22.1047611477625,188199892.26000002,USD,1373941926,USD,2026-07-30,79.7153024911032,6.979370576720373,Electric utilities,Utilities
SNA,Snap-On Incorporated,370.46,USD,,-0.9465240641711284,0,19190537139.68278,USD,19.130883833819617,122826383.46,USD,929764207.76,USD,2026-07-16,-5.2550824702723435,-2.358384954101052,Tools & hardware,Consumer durables
SNX,TD SYNNEX Corporation,237.02,USD,0.138034885180078,-0.857489438239839,0,19054296828.645924,USD,19.691443668115017,181566326.76000002,USD,1069940751.74,USD,2026-06-30,31.576018522279544,-1.2421330184862267,Electronics distributors,Distribution services
AMKR,"Amkor Technology, Inc.",76.69,USD,1.4880563895052874,0.10442500978984244,-0.23888381796844357,19009343159.183136,USD,43.74786081003993,283993116.39,USD,3198131824.99,USD,2026-08-03,-51.47268588329131,-10.770129541335328,Semiconductors,Electronic technology
ROKU,"Roku, Inc.",128.07,USD,-0.16212460433876935,-1.1271520111171218,-0.1639728273600326,18901030161.986176,USD,96.3077154459317,288982655.01,USD,3013071897.06,USD,2026-07-30,6.490053058637872,-10.468398161019081,Packaged software,Technology services
RS,"Reliance, Inc.",368.47,USD,,-0.22204771317934227,-2.2986946020028842,18809849686.21333,USD,24.044033201085824,97933430.48,USD,719971219.5600001,USD,2026-07-23,127.38197424892701,15.07460126907906,Steel,Non-energy minerals
BRO,"Brown & Brown, Inc.",55.35,USD,0.10628875110716592,-1.9486271036315346,-0.5420054200542083,18760763499.951286,USD,17.824938812314826,299714825.7,USD,1553229375.3,USD,2026-07-27,61.30268199233716,18.294959551960176,Insurance brokers/Services,Finance
NXT,Nextpower Inc.,126.26,USD,0.4685886744500067,0.2779763323008566,0.5623316964992823,18746560777.379078,USD,32.256910735271575,398347143.5,USD,1546741943.26,USD,2026-05-12,-10.63931200250578,0.4511371218246972,Electronic equipment/Instruments,Electronic technology
LNT,Alliant Energy Corporation,72.47,USD,,0.9894091415830457,-0.23457982613495476,18717337542.84838,USD,22.785725514856153,121147664.17999999,USD,1543496424.93,USD,2026-07-30,57.74647887323944,11.278195488721805,Electric utilities,Utilities
ITT,ITT Inc.,206.83,USD,-0.3638127577007033,0.32985690031530773,0,18490601768.23803,USD,36.47152177746429,184067117.52,USD,1204425486.29,USD,2026-07-30,-40.774487471526186,14.981024667931688,Auto parts: OEM,Producer manufacturing
AGI,Alamos Gold Inc.,43.9,USD,2.2130013831258664,1.1987090825265005,0,18435676970.170204,USD,17.544049287233793,137164013.5,USD,1158911358.8,USD,2026-07-29,-57.256520633724215,0.7346795806857087,Precious metals,Non-energy minerals
FTV,Fortive Corporation,60.31,USD,1.3900380605659497,-0.19857686579513065,0,18386168387.061066,USD,36.11377245508982,153675911,USD,1277559817.27,USD,2026-07-23,-26.548196015078084,-4.730512249443197,Electronic equipment/Instruments,Electronic technology
IREN,IREN Limited,55.15,USD,-10.212418300653594,-9.885620915032685,2.0489573889392614,18296519434.834965,USD,189.91046831955924,6190228859.55,USD,26685278286,USD,2026-09-16,-68.80549532008949,-17.012244493525223,Data processing services,Technology services
LII,"Lennox International, Inc.",521.48,USD,,0.044124700239811646,0.0824576206182308,18147487687.805466,USD,23.478350914632777,223374915.04000002,USD,1505904391.48,USD,2026-07-23,-17.75438596491228,-5.012552301255231,Industrial machinery,Producer manufacturing
WSO.B,"Watsco, Inc.",453.37,USD,,0.7488888888888899,,18100639346.06738,USD,37.69758450089386,21761.760000000002,USD,21761.760000000002,USD,2026-08-04,5.94604268265402,-2.897659361130307,Building products,Producer manufacturing
RIVN,"Rivian Automotive, Inc.",14.08,USD,-0.7032348804500803,-0.9845288326301024,0.4943181818181778,17746682239.819973,USD,,368263441.92,USD,3367015491.84,USD,2026-08-11,48.70530209617756,7.387247278382582,Motor vehicles,Consumer durables
LSCC,Lattice Semiconductor Corporation,128.96,USD,0.00786225332180605,1.3916188379589671,-0.5893300248139107,17668533742.808712,USD,908.1690140845071,301184532.48,USD,2823273306.88,USD,2026-08-03,,17.21973770851624,Semiconductors,Electronic technology
MGA,"Magna International, Inc.",62.54,USD,,-0.9031849152273811,0,17435868706.551437,USD,26.446038337956598,69195444.26,USD,880632181.62,USD,2026-07-31,-1065.4632712472287,-7.059102915917882,Auto parts: OEM,Producer manufacturing
TLN,Talen Energy Corporation,383.44,USD,0.9395139374175002,-0.758340450863164,-0.636344669309409,17406261680.985374,USD,,242616291.84,USD,1962754589.2,USD,2026-08-06,,270.58047493403694,Alternative power generation,Utilities
BIP,Brookfield Infrastructure Partners LP Limited Partnership,37.44,USD,0.897470764209949,1.8221376121838309,0.16025641025641635,17298120010.234425,USD,51.04990455413144,34991199.36,USD,241713987.83999997,USD,2026-07-30,-139.26940639269407,-0.04758883248730965,Alternative power generation,Utilities
WSO,"Watsco, Inc.",424.75,USD,,0.9866856871136417,-0.14832254267215902,17293648013.70958,USD,35.317839770506794,142157453.75,USD,1004609355.5,USD,2026-08-04,5.94604268265402,-2.897659361130307,Building products,Producer manufacturing
BR,"Broadridge Financial Solutions, Inc.",149.13,USD,-0.8628762541805967,-0.24749163879598965,0,17248121484.970036,USD,15.959291126236034,268932839.84999996,USD,1487955759.75,USD,2026-08-11,-2.916373858046381,13.985646770523369,Information technology services,Technology services
AA,Alcoa Corporation,65.34,USD,1.297879075656854,3.418803418803425,0.09182736455464076,17242563670.820515,USD,16.434841663103356,449235172.98,USD,1821568644.72,USD,2026-07-22,88.05309734513274,-24.66797835710772,Aluminum,Non-energy minerals
WMG,Warner Music Group Corp.,32.94,USD,0.35971223021581966,-1.258992805755401,-1.2143290831815379,17206083453.771584,USD,38.73015873015873,150512643.17999998,USD,817586841.78,USD,2026-08-11,4.022988505747127,-5.869565217391305,Commercial printing/Forms,Commercial services
DOCN,"DigitalOcean Holdings, Inc.",162.72,USD,-0.6587374199450956,-0.7502287282708081,-0.7743362831858351,16982139300.12516,USD,71.12820736984744,544822521.12,USD,6907768449.12,USD,2026-08-12,-38.5385814497272,6.400841618878654,Packaged software,Technology services
TTMI,"TTM Technologies, Inc.",162.99,USD,-0.8454643697158556,3.610704977433098,2.1780477329897434,16926520936.863008,USD,88.59596673370659,396979584.93,USD,2700330468.3900003,USD,2026-08-05,-1.3751603038374272,9.254055170988739,Electronic components,Electronic technology
IOT,Samsara Inc.,29.07,USD,-1.9166106254202984,-2.252858103564217,-0.4127966976264224,16881422702.199057,USD,,134118747.36,USD,908940091.23,USD,2026-06-04,183.77543136749935,6.808341847466795,Packaged software,Technology services
PTC,PTC Inc.,145.92,USD,-2.1343334469826085,-0.4977838390726343,0,16854604279.289192,USD,13.918086263138818,208536898.55999997,USD,2039151598.08,USD,2026-07-29,254.75023721159275,12.900958699376663,Packaged software,Technology services
NVMI,Nova Ltd.,526.01,USD,-1.3182132166705052,0.9306163174457025,0,16718160416.885582,USD,65.88301603206413,194796757.29,USD,1245184548.26,USD,2026-05-14,5.319027694318985,-0.8833167115868195,Electronic equipment/Instruments,Electronic technology
THC,Tenet Healthcare Corporation,191.68,USD,,0.6828448366425105,0,16510740782.219982,USD,9.967188564356693,184421270.08,USD,2372776242.88,USD,2026-07-16,89.21832884097036,-2.876786683553465,Hospital/Nursing management,Health services
SSNC,"SS&C Technologies Holdings, Inc.",67.04,USD,0.33449680046537195,-2.501454333915065,0,16145513883.262362,USD,20.760559890994674,181476408.48000002,USD,1020210965.7600001,USD,2026-07-29,17.089590885551527,-0.38705775627456906,Information technology services,Technology services
LDOS,"Leidos Holdings, Inc.",127.68,USD,-0.39197602029053824,-1.8676504496195578,-0.08615288220552447,16060288764.753517,USD,11.683641255112965,241285578.24,USD,1605092348.16,USD,2026-08-04,0.3058103975535168,4.587592108390777,Packaged software,Technology services
GNRC,Generac Holdings Inc.,271.4,USD,,0.7386511265357456,0,15976959710.898628,USD,85.07303617328067,155468504.6,USD,1443333968.3999999,USD,2026-08-05,,-2.9444692827511396,Electrical products,Producer manufacturing
TXT,Textron Inc.,91.66,USD,-0.01098780353807836,0.7142072299747186,0,15938664010.73706,USD,17.51041149275971,127279992.6,USD,910196999.04,USD,2026-07-23,-6.382978723404255,-11.497005988023952,Aerospace & defense,Electronic technology
TSCO,Tractor Supply Company,30.25,USD,-0.48939641109298065,-1.3050570962479562,0.33057851239669894,15864601594.208813,USD,14.860483395559049,375358788.75,USD,3461977191.75,USD,2026-07-23,-27.65218309023029,-7.856563853146997,Specialty stores,Retail trade
IEX,IDEX Corporation,214.01,USD,0.2673796791443908,-1.3415083901899303,0,15839961315.181496,USD,31.608253208678573,138356822.97,USD,1006740491.75,USD,2026-07-28,-6.469212782540931,-1.3569124680235791,Industrial machinery,Producer manufacturing
EMA,Emera Incorporated,52.23,USD,,-0.7034220532319478,0,15825689798.947886,USD,22.132042475663372,10386666.719999999,USD,128946729.74999999,USD,2026-08-07,560.4403867827141,20.876545109294714,Electric utilities,Utilities
NWSA,News Corporation,27.01,USD,1.0732790525536609,-0.037009622501843115,0,15794770094.982977,USD,36.08068394336094,183766127.33,USD,1136672417.92,USD,2026-08-06,-53.8860103626943,-7.4936494496189665,Publishing: newspapers,Consumer services
NWS,News Corporation,31.17,USD,-0.6707122325135653,-0.4471414883423731,0.06416426050689629,15729966726.205048,USD,41.63772375100187,73543183.74000001,USD,361168410.84000003,USD,2026-08-06,-53.8860103626943,-7.4936494496189665,Publishing: newspapers,Consumer services
NDSN,Nordson Corporation,281.85,USD,,-0.5925298910168061,0,15722606476.057034,USD,30.46302501026783,112408544.4,USD,641964108,USD,2026-05-20,-12.036878272682907,-10.954616796573648,Industrial machinery,Producer manufacturing
MLI,"Mueller Industries, Inc.",140.71,USD,,-0.0852091173755624,0,15558390741.622168,USD,18.435878622713695,76139447.39,USD,497679872.49,USD,2026-07-28,55.497293640054124,23.96338263792557,Metal fabrication,Producer manufacturing
ZBH,"Zimmer Biomet Holdings, Inc.",79.58,USD,0.02429248147697804,-3.3402162030851454,0,15395744391.930037,USD,20.663689239717492,177430772.2,USD,1209549073.22,USD,2026-08-04,70.80344332855093,-7.00151528656744,Medical specialties,Health technology
SN,"SharkNinja, Inc.",107.49,USD,-0.5999820900868645,-3.7431718456165544,0,15212024374.069761,USD,21.667876149008222,215074376.22,USD,1661820660.1499999,USD,2026-08-06,-52.40741030986003,-32.76943268263482,Electronics/Appliances,Consumer durables
NBIX,"Neurocrine Biosciences, Inc.",150.59,USD,-0.06568144499178608,-1.0903119868637088,0.2988246231489399,15141822661.2689,USD,23.15237612041265,183233394.3,USD,1530481859.83,USD,2026-08-04,28.757319453480807,1.1173184357541899,Biotechnology,Health technology
LOGI,Logitech International S.A. - Registered Shares,106.89,USD,0.3930889478014376,-2.285400859310723,0,15084507652.538788,USD,22.19027215164096,147514078.95,USD,1370571264.51,USD,2026-07-27,-44.41487775453617,-25.72230216903752,Computer peripherals,Electronic technology
MOD,Modine Manufacturing Company,284.8,USD,0.6043956043955961,4.3223443223443265,0.35112359550561795,15017843920.79707,USD,158.11681101487898,258191990.4,USD,1951609657.6000001,USD,2026-05-27,-206.75675675675674,8.9457301393964,Industrial machinery,Producer manufacturing
JLL,Jones Lang LaSalle Incorporated,322.89,USD,-0.5668899869645632,-2.1159850850335036,0,14980020809.941795,USD,17.360890814949432,65716510.14,USD,795954524.55,USD,2026-08-05,-60.41822255414488,-16.063190821033814,Real estate development,Finance
GRAB,Grab Holdings Limited,3.65,USD,-0.5376344086021511,-1.8817204301075345,0.010958904109587834,14960350285.60484,USD,42.24537037037037,186594675.85,USD,1687487720.95,USD,2026-08-20,-20.46783625730994,5.408388520971302,Air freight/Couriers,Transportation
ASND,Ascendis Pharma A/S,238.67,USD,0.561468197435684,0.004190061174889343,0,14887482138.472721,USD,26.89754657230117,162855997.16,USD,1171058699.34,USD,2026-08-06,,0.14998692932521626,Pharmaceuticals: major,Health technology
LECO,"Lincoln Electric Holdings, Inc.",271.23,USD,1.9991885212644163,0.04426247648556104,-0.0626774324374206,14859906872.769726,USD,27.99388991526386,74515289.13000001,USD,671302929.36,USD,2026-08-05,0.2646630692093926,3.948699576209048,Industrial machinery,Producer manufacturing
AAOI,"Applied Optoelectronics, Inc.",184.9,USD,2.188800859406466,24.143950584127843,3.0286641427798777,14836887923.718948,USD,,3066463695.6,USD,17071019341.4,USD,2026-07-30,-606.2809099901089,12.56386195391513,Semiconductors,Electronic technology
PFGC,Performance Food Group Company,94.07,USD,,1.0201890034364138,0,14777442036.959513,USD,44.89357640545957,199226996.13,USD,1660568417.32,USD,2026-08-19,-32.414910858995135,-0.9407286238119271,Other transportation,Transportation
RMBS,"Rambus, Inc.",134.51,USD,-1.7370111029440245,4.07365855545668,-0.37915396624785586,14545503355.28469,USD,63.93668599676774,266287832.88,USD,2285356644.3599997,USD,2026-08-03,-6.237468671679198,-5.285317802401127,Semiconductors,Electronic technology
SMMT,Summit Therapeutics Inc.,18.66,USD,0.7743362831858439,3.207964601769922,0.1607717041800704,14483194010.727877,USD,,78995076.06,USD,816943215.66,USD,2026-08-12,13.572901647509056,,Biotechnology,Health technology
PL,Planet Labs PBC,41.84,USD,-1.664959016393439,7.172131147540995,-0.11950286806884382,14482874851.260246,USD,,510515613.44000006,USD,2896722903.76,USD,2026-06-04,-157.59060572780265,6.852585718856918,Packaged software,Technology services
CSL,Carlisle Companies Incorporated,357.6,USD,,-0.7741613252309897,0,14470310561.764757,USD,20.86226007817514,110909282.4,USD,1011068227.2,USD,2026-07-29,-3.984962406015038,-6.70391061452515,Building products,Producer manufacturing
OKTA,"Okta, Inc.",81.69,USD,-1.3706793802145478,-2.6340882002383883,-0.4774146162320977,14449976160.35435,USD,62.49713105347716,190791569.64,USD,1588511717.52,USD,2026-05-28,46.51162790697674,2.560646900269542,Packaged software,Technology services
ARXS,"Arxis, Inc.",38.56,USD,1.1396011396011354,9.85754985754986,-3.5679460580912994,14405242386.6,USD,,86423718.24000001,USD,222792006.56,USD,,,,Aerospace & defense,Electronic technology
ONTO,Onto Innovation Inc.,287.52,USD,-0.5866441844943324,1.001159237011264,1.554674457429058,14302270369.810938,USD,133.4756975070795,216366850.55999997,USD,2086344314.3999999,USD,2026-08-06,220.5432614683256,9.399099173367906,Electronic equipment/Instruments,Electronic technology
VICR,Vicor Corporation,312.96,USD,9.182360510001152,22.025967949467752,0.8116053169734218,14265156141.074745,USD,104.81261931076057,560613384.9599999,USD,1889777038.08,USD,2026-07-28,-55.59280510605377,5.318653042959427,Electronic components,Electronic technology
MAS,Masco Corporation,70.59,USD,,-1.6030108725954717,0,14240433415.471146,USD,17.537016794196564,181932807.03,USD,1287350112.3600001,USD,2026-07-23,29.09090909090909,6.971556051310652,Building products,Producer manufacturing
AUR,"Aurora Innovation, Inc.",7.26,USD,-1.4124293785310684,2.542372881355928,0.137741046831953,14238334168.635593,USD,,228586639.38,USD,1757016986.34,USD,2026-08-05,-8.25242718446602,0,Packaged software,Technology services
TOST,"Toast, Inc.",24.19,USD,0.998003992015968,-3.433133732534928,0.2889623811492227,14223719566.41477,USD,36.99342407095886,352903507.42,USD,2588033164.51,USD,2026-08-11,24.752475247524753,-0.1837109614206981,Packaged software,Technology services
RRX,Regal Rexnord Corporation,211.33,USD,,-1.4135099832058224,0,14068147785.902359,USD,49.121379759192976,308611750.23,USD,2547449378.11,USD,2026-08-03,1.2598425196850394,-2.8952205882352944,Electrical products,Producer manufacturing
JAZZ,Jazz Pharmaceuticals plc,223.61,USD,0.0044288941051505056,-0.9654989149209348,0,14029921728.85044,USD,,223093013.68,USD,1734035398.91,USD,2026-08-05,44.06417270006045,-10.770782168514573,Pharmaceuticals: major,Health technology
GIB,CGI Inc.,65.46,USD,-0.6450667057616153,-4.031666911010117,0,13910940039.560148,USD,11.891193456677556,36071863.919999994,USD,210934703.7,USD,2026-07-29,-0.665933914195874,0.6092852184748707,Information technology services,Technology services
HL,Hecla Mining Company,20.67,USD,2.901665771090807,11.069317571198294,0.725689404934681,13863625811.14401,USD,29.71108236308754,523051270.17,USD,2349263815.0800004,USD,2026-08-11,29.049394013793716,-8.70052286152315,Precious metals,Non-energy minerals
J,Jacobs Solutions Inc.,117.02,USD,-0.1604323228911694,-1.1905767119817703,-0.44436848401982226,13817824520.88339,USD,36.052745085957234,188592708.56,USD,1589001356.74,USD,2026-08-11,-130.0992522297967,12.226158011644857,Data processing services,Technology services
RGA,"Reinsurance Group of America, Incorporated",209.47,USD,0,-0.5365622032288677,0,13722219134.183096,USD,11.36410490109914,67928607.36,USD,739029850.18,USD,2026-07-30,-28.725701943844495,-2.6909200240529163,Life/Health insurance,Finance
IESC,"IES Holdings, Inc.",685.11,USD,,2.7613619319033997,0.567792033396095,13650054646.04957,USD,36.53958975562406,141447810.6,USD,1239028286.1000001,USD,2026-07-31,20.59301737964977,11.863488250868585,Engineering & construction,Industrial services
GEN,Gen Digital Inc.,22.4,USD,0.5291005291005335,-1.234567901234573,0.6696428571428668,13566868346.666668,USD,14.161082311290933,204163657.6,USD,1471623305.6,USD,2026-07-30,166.66666666666669,3.467741935483871,Packaged software,Technology services
SOLS,Solstice Advanced Materials Inc.,85.42,USD,1.507987220447293,9.162939297124604,1.1061812221962117,13565059911.032589,USD,,342325689.78000003,USD,1690971330.3,USD,2026-09-02,107.31707317073172,0.4052684903748734,Chemicals: major diversified,Process industries
OKLO,Oklo Inc.,78.13,USD,-1.489449731071574,7.750655082057634,-0.8063483937027972,13560929698.573576,USD,,1351262647.1499999,USD,7237041344.129999,USD,2026-05-12,-39.44552856469955,,Industrial machinery,Producer manufacturing
TRMB,Trimble Inc.,58.04,USD,-0.657894736842103,-4.539473684210523,0,13529791942.075659,USD,30.441623833001152,151972110.12,USD,1116721522,USD,2026-07-30,-36.84546615581098,-3.0831099195710454,Packaged software,Technology services
RGC,Regencell Bioscience Holdings Limited,27.33,USD,0,-6.65983606557378,0.019758507135022415,13514381724.739752,USD,,2990257.29,USD,22646157.27,USD,,,,Pharmaceuticals: major,Health technology
AEIS,"Advanced Energy Industries, Inc.",354.97,USD,-0.9069533087000361,-0.6354271638114382,-0.8845817956447144,13499741203.7184,USD,74.72108786258578,204788227.49,USD,2388743992.25,USD,2026-08-05,27.724665391969406,4.413567633837352,Electronic production equipment,Electronic technology
CSGP,"CoStar Group, Inc.",32.92,USD,-0.8239243210253375,0.4577357339029557,1.002430133657346,13443070255.78761,USD,545.9369817578773,270360010.04,USD,1552653364.8000002,USD,2026-07-28,-93.61702127659575,-0.33333333333333337,Internet software/Services,Technology services
EVR,Evercore Inc.,335.38,USD,,-1.7028635071367866,0,13282891235.465458,USD,18.919803231338566,245006828.29999998,USD,1487979439.86,USD,2026-07-29,47.69752002902615,7.975232608702357,Investment banks/Brokers,Finance
TYL,"Tyler Technologies, Inc.",312.27,USD,-2.7050341980405364,-3.792593505453202,0,13167630242.620586,USD,43.141941366638115,231762734.48999998,USD,1057685969.76,USD,2026-07-29,23.88030092627915,6.662969266958633,Data processing services,Technology services
SANM,Sanmina Corporation,245.44,USD,-0.4268169921481789,-1.171733440708676,0,13155027798.468935,USD,51.97357275961375,190815119.04,USD,1655083160.6399999,USD,2026-08-03,90.00527533173721,25.819977032272384,Electronic production equipment,Electronic technology
TIGO,Millicom International Cellular S.A.,78.5,USD,,-2.399602138505541,0.5095541401273957,13151955403.00261,USD,10.018889115785175,138666011,USD,699717129,USD,2026-05-12,29.2307692308404,16.338028169077997,Wireless telecommunications,Communications
CDW,CDW Corporation,102.54,USD,-1.3264624487069383,-2.14715144574864,0.19504583577139517,13099839504.235327,USD,12.48341266846033,333121492.92,USD,2321731085.46,USD,2026-08-05,-15.778175313059034,3.062964979132644,Information technology services,Technology services
FPS,"Forgent Power Solutions, Inc.",43.02,USD,-0.22288261515602628,6.537890044576524,-0.9762900976290136,13096531182.1159,USD,,165973052.88000003,USD,1435608804.6000001,USD,2026-05-14,-97.5431938479976,4.635088289077006,Electrical products,Producer manufacturing
ENLT,Enlight Renewable Energy Ltd.,93.77,USD,1.2484808308474151,3.601811954480158,0,13052347314.72363,USD,206.85478871041843,22459509.09,USD,140422544.17,USD,,63.91005576497245,22.375755947197597,Alternative power generation,Utilities
DY,"Dycom Industries, Inc.",430.95,USD,,0.6163759893535025,0.09977955679313304,12936515795.77047,USD,44.925723221266615,128017145.1,USD,1420473687.75,USD,2026-05-27,-84.68199125652235,0.3970249304655331,Engineering & construction,Industrial services
VIAV,Viavi Solutions Inc.,54.93,USD,1.3473930872876345,7.2642062097246605,0.30948479883488383,12848558928.28764,USD,,367491367.68,USD,2652553385.79,USD,2026-08-06,,10.154346060113728,Information technology services,Technology services
GGG,Graco Inc.,77.39,USD,-0.48975383425700436,-0.25776517592473625,0,12844276082.534475,USD,25.246297383701965,119026593.9,USD,755886471.43,USD,2026-07-29,-10.552733475737242,-8.937277883052689,Industrial machinery,Producer manufacturing
SOLV,Solventum Corporation,74.12,USD,,1.0084491687108328,0,12835709256.921234,USD,9.078771695594126,147431795.52,USD,957531079.2,USD,2026-08-06,-79.36507936507937,0.45045045045045046,Medical/Nursing services,Health services
GH,"Guardant Health, Inc.",96.71,USD,,1.055381400208977,-0.01034019232756789,12823737327.427166,USD,,196102541.98,USD,1278383958.56,USD,2026-07-30,12.778028546079973,7.252565187402673,Medical specialties,Health technology
RBRK,"Rubrik, Inc.",62.17,USD,-0.8822585819698495,-0.27269810715431775,-0.04825478526620739,12795178266.48412,USD,,168590367.88,USD,1393749006.01,USD,2026-06-04,-36.248413730436006,7.858558512248476,Information technology services,Technology services
DVA,DaVita Inc.,198.93,USD,0,0.14095142209916997,0,12771305000.593307,USD,19.094102741303846,220136136.93,USD,2077954348.0800002,USD,2026-08-05,-5.586066141852718,-5.642293317258722,Medical/Nursing services,Health services
APLD,Applied Digital Corporation,44.59,USD,-2.47272727272728,8.096969696969705,0.022426553038793474,12742463398.36994,USD,,1218824977.3700001,USD,7968126519.080001,USD,2026-08-20,-467.0892581805722,0.037917986554913935,Data processing services,Technology services
SMTC,Semtech Corporation,136.53,USD,3.4397832690255292,12.08439372793695,0.9009009009008935,12712922697.32928,USD,,580792612.68,USD,2255496898.68,USD,2026-06-03,-941.2299091544375,2.782699244487229,Semiconductors,Electronic technology
RPM,RPM International Inc.,99.54,USD,,-1.2597956551929332,0,12703944078.062494,USD,19.182886876084027,59150749.14,USD,446709540.06,USD,2026-07-27,-68.16879119783684,-15.809560211425236,Industrial specialties,Process industries
BBIO,"BridgeBio Pharma, Inc.",64.68,USD,1.7213236385220307,-4.021368155512678,-0.2317563388991997,12668304666.698917,USD,,235977412.44000003,USD,1318412476.92,USD,2026-07-30,14.943249871670563,26.162617234624914,Biotechnology,Health technology
PEN,"Penumbra, Inc.",321.71,USD,,-0.1613754150761998,0,12653313075.452534,USD,74.02609355944682,113205566.77,USD,1032298865.77,USD,2026-08-04,-31.174619267895988,-2.7575022380217185,Medical specialties,Health technology
NYT,New York Times Company (The),77.33,USD,-0.26445032111823924,-2.6193174663140644,-0.16811069442647802,12521038666.181967,USD,33.21735395189003,152679733.35999998,USD,1510700552.79,USD,2026-08-12,-32.28330689012462,-11.227275106753714,Publishing: newspapers,Consumer services
HII,"Huntington Ingalls Industries, Inc.",317.75,USD,0.2244846338687354,0.46477804477046525,0.3933910306845004,12520629223.042084,USD,20.68011714936544,225677171.25,USD,1817657100,USD,2026-07-30,-6.289308176100629,-10.845799769850403,Aerospace & defense,Electronic technology
WLK,Westlake Corporation,97.56,USD,,3.953116675546093,0,12499673828.88908,USD,,146260781.28,USD,1039574091.96,USD,2026-08-04,69.00369003690037,4.697986577181208,Chemicals: specialty,Process industries
EXEL,"Exelixis, Inc.",49.71,USD,-0.1924833887043056,3.2184385382059895,0,12494860590.392443,USD,16.47608630804415,190448256.06,USD,1318986896.43,USD,2026-08-05,-13.92928417195577,2.029355413646743,Pharmaceuticals: major,Health technology
IONS,"Ionis Pharmaceuticals, Inc.",75.38,USD,0.7528728041209978,-0.4358737287016224,-0.37145131334571657,12457491470.523314,USD,,115607743.08,USD,847023425.9399999,USD,2026-08-05,59.594759825327515,21.227093596059113,Pharmaceuticals: major,Health technology
GLXY,Galaxy Digital Inc.,31.68,USD,-2.4148197155143913,4.796559708898443,0.09469696969697329,12363407358.454515,USD,,172675324.8,USD,1198921489.92,USD,2026-08-11,52.84407237594515,-0.10561400337560198,Investment banks/Brokers,Finance
SWK,"Stanley Black & Decker, Inc.",79.07,USD,-0.6784260515603765,-2.467003823855927,0,12291871589.360676,USD,32.39511635529335,167213282.5,USD,1067466586.1099999,USD,2026-08-04,-62.32616940581542,4.39125006784997,Tools & hardware,Consumer durables
PNR,Pentair plc.,75.83,USD,,-1.2887268940380043,0,12254548432.041525,USD,18.612699737365308,112023128.19,USD,983817358.38,USD,2026-07-28,3.7928958458759787,1.587457128858403,Industrial machinery,Producer manufacturing
PSKY,Paramount Skydance Corporation,10.9,USD,0.2705139765554496,-1.7132551848512128,-0.36055045871560343,12198986528.557262,USD,,144551941.4,USD,899432008.2,USD,2026-07-30,,-9.830633284241532,Cable/Satellite TV,Consumer services
PNW,Pinnacle West Capital Corporation,99.71,USD,0.2518891687657431,0.46347607052896095,0,12083572152.579042,USD,18.601917838886607,172743586.6,USD,1043158940.5899999,USD,2026-07-30,113.72459910407065,1.899541468594632,Electric utilities,Utilities
BBY,"Best Buy Co., Inc.",57.62,USD,0.7575757575757623,-2.9966329966329983,0.27768136063867355,12049067131.209427,USD,11.416004596516949,220825250.42,USD,1227503809.46,USD,2026-05-27,286.42857142857144,42.82464846980976,Electronics/Appliance stores,Retail trade
CHKP,Check Point Software Technologies Ltd.,115.42,USD,1.8881058035325742,0.42634647176541796,0,12030549313.034544,USD,11.865208273366504,194658253.82,USD,2027580254.5,USD,2026-07-29,-37.07717569792196,-10.269834877245348,Internet software/Services,Technology services
CRBG,Corebridge Financial Inc.,26.34,USD,,-3.5518125228853856,-0.11389521640091547,12030350244.61516,USD,44.26890756302521,165100753.08,USD,2126215688.8799999,USD,2026-07-30,-106.5110565110565,-46.47929888183741,Life/Health insurance,Finance
DT,"Dynatrace, Inc.",40.23,USD,-0.7371007371007475,-1.1547911547911693,0.919711657966703,11998643150.671253,USD,66.27677100494233,227016683.1,USD,1367176480.9199998,USD,2026-05-13,-30.026378771203465,4.378666353480505,Packaged software,Technology services
NTNX,"Nutanix, Inc.",45.16,USD,-0.6739130434782659,-1.8260869565217466,0,11976978308.37391,USD,49.452474813841434,150770724.39999998,USD,1043569473.1999999,USD,2026-05-27,65.90762690028343,7.791659707475364,Packaged software,Technology services
MP,MP Materials Corp.,67.41,USD,-0.19279252558209944,-0.02966038855110519,-0.02966918854768732,11976562854.98502,USD,,487543162.04999995,USD,3595766895.6299996,USD,2026-07-30,-184.53214513049014,28.178127501181283,Other metals/Minerals,Non-energy minerals
BLD,TopBuild Corp.,424.63,USD,,-0.794336845548204,0.27569884369922304,11950005542.86251,USD,23.85575199860673,261339382.76,USD,2300259775.96,USD,2026-08-04,0.2851265368607377,-2.6518821448553673,Engineering & construction,Industrial services
JHX,James Hardie Industries plc.,20.42,USD,,-2.6692087702573817,0,11909760340.598667,USD,76.65165165165165,95907410.38000001,USD,698767029.5400001,USD,2026-05-19,,-4.055099830017736,Construction materials,Non-energy minerals
BJ,"BJ's Wholesale Club Holdings, Inc.",91.11,USD,,-2.0006453694740234,0.09878169245966788,11814834266.505003,USD,20.809921885706455,140236967.55,USD,1148256961.14,USD,2026-05-22,-17.228543242354487,4.248655098956408,Specialty stores,Retail trade
FORM,"FormFactor, Inc.",151.4,USD,4.828565631974022,2.38723202813282,1.0898282694848123,11802352234.415363,USD,174.08301713234448,576923477.4,USD,2302976588.4,USD,2026-08-05,-12.206047032474803,5.103572640277371,Semiconductors,Electronic technology
ALGN,"Align Technology, Inc.",164.61,USD,,-2.4706718805545607,0,11789059622.082296,USD,27.587189327791652,185902797.33,USD,951786048.8700001,USD,2026-07-29,-16.933559222156745,-0.7134668052743355,Medical specialties,Health technology
LFUS,"Littelfuse, Inc.",465.86,USD,,1.9320394722447194,0,11781088874.399624,USD,,146652728,USD,1373639454.6000001,USD,2026-08-04,,10.613132098852734,Electronic production equipment,Electronic technology
POWL,"Powell Industries, Inc.",322.05,USD,0.197162157794374,4.091922815863482,0,11732812875.734026,USD,62.93849791866169,160115852.85,USD,2110196233.3500001,USD,2026-08-04,10.864943223000726,18.086741193706604,Electrical products,Producer manufacturing
U,Unity Software Inc.,26.87,USD,-0.28409090909091567,-4.5809659090909065,-0.2605135839225913,11729695485.305044,USD,,384486403.71000004,USD,2882453696.63,USD,2026-08-11,-286.3921834531974,1.0234769593451656,Packaged software,Technology services
APTV,Aptiv PLC,55.41,USD,,-4.366586123576115,0,11725893243.867794,USD,32.75790718297369,210453662.97,USD,1880059582.29,USD,2026-07-30,36.95652173913043,-1.3002134678827868,Electrical products,Producer manufacturing
EQX,Equinox Gold Corp.,14.86,USD,1.7494751574527643,3.988803358992304,0.13526244952894426,11713869900.960081,USD,22.809417048646118,106588699.6,USD,837292688.5799999,USD,2026-08-05,0.5475161260913284,22.8053757293458,Precious metals,Non-energy minerals
GDDY,GoDaddy Inc.,88.08,USD,-0.02197319270489565,-3.230059327620301,-0.09082652134423058,11662659252.208307,USD,13.925471534046892,181445856.96,USD,1426888160.8799999,USD,2026-08-05,-12.443900448796409,-0.4001883239171375,Data processing services,Technology services
AG,First Majestic Silver Corp.,23.58,USD,3.8426349496797796,7.8682525160109735,1.2298558100084933,11642027579.801338,USD,69.2794479080251,565027402.68,USD,2328111548.2799997,USD,2026-05-12,216.43549314364162,67.12128436046646,Precious metals,Non-energy minerals
PINS,"Pinterest, Inc.",20.76,USD,-1.2693935119887145,-2.397743300423122,-0.7225433526011663,11628866300.513401,USD,43.05267523849025,334662078.24,USD,4310369922.84,USD,2026-08-04,-126.55899231241203,-23.63540448418801,Internet software/Services,Technology services
AAON,"AAON, Inc.",141.7,USD,2.0598596591722775,1.4606902477445167,0,11606889986.17786,USD,99.67642093415868,198264797.89999998,USD,2191266229.1,USD,2026-07-30,24.297577422577437,17.141934434499326,Industrial machinery,Producer manufacturing
EQH,"Equitable Holdings, Inc.",40.99,USD,0.14084507042252387,-3.779342723004693,0,11539478917.6054,USD,,134990112.55,USD,1432176458.45,USD,2026-08-05,188.83720930232556,14.616965071910773,Life/Health insurance,Finance
COO,"The Cooper Companies, Inc.",58.98,USD,0.3333333333333381,-1.7000000000000053,0,11507847024.964,USD,29.190794357832214,100053200.16,USD,929765969.2199999,USD,2026-06-04,54.6099290780142,-3.858430341719876,Medical specialties,Health technology
HUT,Hut 8 Corp.,102.19,USD,0.09140767824497605,3.788340442819423,0,11505991849.109486,USD,,589671146.79,USD,5071244151.599999,USD,2026-08-18,21.338662125000248,-19.749361538606507,Miscellaneous,Miscellaneous
MDGL,"Madrigal Pharmaceuticals, Inc.",497.03,USD,-0.007842522155129102,-2.550780330954444,0,11459354056.964766,USD,,152955018.14,USD,1169242696.77,USD,2026-08-11,-61.14553990610329,-3.0353522297972795,Pharmaceuticals: major,Health technology
PAG,"Penske Automotive Group, Inc.",173.26,USD,,-0.31643748921236486,0,11391716618.536676,USD,12.93419431898772,48791228.82,USD,344075301.4,USD,2026-07-29,26.00752283718431,1.2150543170468002,Specialty stores,Retail trade
ALLE,Allegion plc,132.35,USD,-0.4986232045843685,-1.5033117511349334,0,11373610615.748306,USD,18.069986210286306,134638199.15,USD,1100992650.6,USD,2026-07-23,-6.372881356384556,0.038714672376761,Tools & hardware,Consumer durables
GWRE,"Guidewire Software, Inc.",134.32,USD,-0.30335861321775914,-2.9830263633080505,0,11371191213.717587,USD,61.11288047681877,191367853.12,USD,976159988.7199999,USD,2026-06-09,91.99565606234829,7.9533668631759955,Information technology services,Technology services
WULF,TeraWulf Inc.,23.37,USD,-1.2825994014536157,-0.08550662676357235,0.09114249037227255,11282614634.603678,USD,,589168309.98,USD,5345430896.940001,USD,2026-08-17,-237.84227906903251,-5.089853778323474,Data processing services,Technology services
WMS,"Advanced Drainage Systems, Inc.",143.81,USD,,0.4259776536312944,0,11202163711.29092,USD,23.904985122758024,96063498.09,USD,707297990.61,USD,2026-05-21,-39.989872898466196,-18.4654878225172,Miscellaneous manufacturing,Producer manufacturing
CGNX,Cognex Corporation,67.26,USD,0.9442583003350664,2.436795613767908,0.1210228962235919,11193372754.012491,USD,79.58821441249557,206982090.18,USD,1997358408.0600002,USD,2026-07-30,58.2904726916483,6.379934849289445,Electronic equipment/Instruments,Electronic technology
IAG,Iamgold Corporation,18.99,USD,1.0994652406417136,1.5508021390374287,0.05265929436546374,11181311834.514654,USD,11.141649204023683,111735678.77999999,USD,886391577.4499999,USD,2026-08-06,-9.303491537019795,-8.055041225394772,Precious metals,Non-energy minerals
AXSM,"Axsome Therapeutics, Inc.",216.47,USD,0.24381267825927,-0.4186217683319517,-0.21712015521781255,11139495880.533766,USD,,159794474.01,USD,1722026642.92,USD,2026-08-10,-125.99530795896214,-2.4469512599554077,Biotechnology,Health technology
DRS,"Leonardo DRS, Inc.",41.49,USD,0.459381044487422,0.314313346228246,1.2292118582790985,11067959068.557302,USD,38.42734092803556,34015991.4,USD,284856233.40000004,USD,2026-07-29,-39.21568627450981,-20.18867924528302,Aerospace & defense,Electronic technology
RVTY,"Revvity, Inc.",98.95,USD,,-2.029702970297027,0,11062939450.596039,USD,46.8690791966654,158411132.95000002,USD,1395959289.8,USD,2026-08-03,-58.518375751919734,-7.892950770410437,Medical specialties,Health technology
ESI,Element Solutions Inc.,45.06,USD,1.3211845102505657,2.6423690205011474,0.8655126498002674,10976941185.39499,USD,73.54333278929329,151532544.36,USD,973889034.6600001,USD,2026-07-29,816.3934426229508,24.22360248447205,Chemicals: major diversified,Process industries
ARWR,"Arrowhead Pharmaceuticals, Inc.",77.74,USD,0,6.947310496629519,-0.1543606894777339,10950224316.849909,USD,,178028409.26,USD,1035575239.66,USD,2026-08-06,-530.7941968777385,-72.0728090806831,Biotechnology,Health technology
ELAN,Elanco Animal Health Incorporated,21.72,USD,-0.6342494714587678,-8.160676532769555,0.3595764272559978,10848044810.557295,USD,,178895281.32,USD,1246190321.3999999,USD,2026-08-10,,19.842657342657343,Biotechnology,Health technology
JEF,Jefferies Financial Group Inc.,52.43,USD,0,-1.038127595318983,-0.34331489605187815,10718386026.362967,USD,17.745811474022677,103776114.61,USD,902565148.1,USD,2026-07-01,-18.434700612918434,6.581635507541016,Investment banks/Brokers,Finance
KTOS,"Kratos Defense & Security Solutions, Inc.",56.99,USD,-2.297460701330106,-1.5546726550354095,0.017546938059305156,10686764061.660044,USD,337.01951507983443,345273459.08,USD,1747192182.27,USD,2026-07-30,101.69491525423729,7.505070993914807,Aerospace & defense,Electronic technology
BTSG,"BrightSpring Health Services, Inc.",55.07,USD,-0.5123107787707377,0.4377165785154149,-0.46159433448337994,10679086424.595295,USD,51.18981223275701,136132158.88,USD,1490380446.74,USD,2026-07-31,-3.4250129735339905,1.7768672666914695,Medical/Nursing services,Health services
PODD,Insulet Corporation,154.17,USD,-1.2714063310845927,0.006486766995323628,0,10678534631.729694,USD,35.883530397542124,236838574.89,USD,2250848082.6,USD,2026-08-06,-10.334645669291339,-2.8195968359275327,Medical specialties,Health technology
MUSA,Murphy USA Inc.,577.94,USD,,0.012113451122233377,0,10674948153.006214,USD,19.97055937193327,200123861.74,USD,1219446464.72,USD,2026-08-05,-3.9464411557434813,1.5958343873851084,Specialty stores,Retail trade
CACI,"CACI International, Inc.",482.57,USD,,0.32848915777874466,0,10660600730.84243,USD,19.904390292191188,200422902.68,USD,1172076632.54,USD,2026-08-12,5.2787533809696825,5.896363987699636,Information technology services,Technology services
WTRG,"Essential Utilities, Inc.",37.57,USD,-0.5070723245262816,0.2668801708033131,0,10656090845.432615,USD,19.078813731464553,80181255.31,USD,531388389.35,USD,2026-08-05,69.12780005426757,23.264975089792607,Water utilities,Utilities
GSAT,"Globalstar, Inc.",82.25,USD,-0.23145328298209006,0.19490802777438979,-0.5817629179331268,10576619599.159456,USD,,98755847.75,USD,729131362.75,USD,2026-07-30,-49.93974866586331,-2.636150136879699,Wireless telecommunications,Communications
JOBY,"Joby Aviation, Inc.",10.74,USD,-2.4793008279668722,-1.1959521619135143,0.37243947858472204,10564324455.5161,USD,,460093244.28000003,USD,2926126725.7200003,USD,2026-08-12,9.532977883096367,-21.37112465948891,Aerospace & defense,Electronic technology
SWKS,"Skyworks Solutions, Inc.",70.13,USD,-0.4192872117400436,5.016471997604064,0.07129616426637869,10547970858.198563,USD,29.1576584067853,395857831.77,USD,2945072461.62,USD,2026-08-05,-55.05050505050505,-8.856480587212683,Semiconductors,Electronic technology
CR,Crane Company,182.57,USD,,0.6893889256562983,0,10542630938.659164,USD,33.41325036603221,104805586.49,USD,801834660.1,USD,2026-08-03,-17.870257037943706,19.862306368330465,Aerospace & defense,Electronic technology
BEP,Brookfield Renewable Partners L.P. Limited Partnership,34.43,USD,,1.1754334410813945,0,10535165671.15322,USD,,11840029.41,USD,275992291.63,USD,2026-07-31,-166.88037734203172,-9.95316888818314,Electric utilities,Utilities
FIG,FIGMA INC,20.05,USD,-0.7744433688286552,-2.9525653436592423,0.1496259351620827,10523636317.519363,USD,,283831449.1,USD,2300834261.3,USD,2026-05-14,79.34786671102948,10.797197389969106,Packaged software,Technology services
ZBRA,Zebra Technologies Corporation,216.96,USD,,-4.012741671459538,0.94026548672566,10492751778.923506,USD,26.572278901150046,210674017.92000002,USD,1107041654.4,USD,2026-05-12,-30.693069306930692,11.194029850746269,Computer processing hardware,Electronic technology
EHC,Encompass Health Corporation,104.82,USD,,-1.2064090480678615,0,10398047564.612064,USD,17.495076275995594,60461643.48,USD,832746997.26,USD,2026-08-04,33.15030885380919,2.719150589149294,Medical/Nursing services,Health services
GME,GameStop Corporation,23.17,USD,-0.6198517298187848,-4.571663920922568,-2.071644367716877,10388852579.539125,USD,31.10902255639098,390203537.15000004,USD,2818450816.65,USD,2026-06-10,65.88845654993514,34.50669914738124,Electronics/Appliance stores,Retail trade
HLI,"Houlihan Lokey, Inc.",148.85,USD,-0.24857722247661113,-2.6296853535683984,0,10377363392.633936,USD,23.93587084117259,104593769.14999999,USD,1184703252.85,USD,2026-08-04,-14.34001441466177,-11.355763437981123,Investment banks/Brokers,Finance
ARW,"Arrow Electronics, Inc.",202.56,USD,-0.4873044370351314,3.9035650166709486,0,10357691830.883408,USD,14.491343539848334,156425136.96,USD,1512179270.4,USD,2026-07-30,20.812521839222214,8.313311831227141,Electronics distributors,Distribution services
GMED,"Globus Medical, Inc.",76.68,USD,1.0776138550352834,-1.629249518922381,1.9822639540949347,10356033792.50186,USD,17.85872324568554,206803659.60000002,USD,1231407647.2800002,USD,2026-07-30,-11.58797672731411,-8.054742140800078,Medical specialties,Health technology
IT,"Gartner, Inc.",153.8,USD,,-3.0570438071225934,0,10297200137.6653,USD,15.19792881282239,238392614.60000002,USD,2254302737,USD,2026-08-04,-8.160264353572904,-13.782893986077827,Internet software/Services,Technology services
ACM,AECOM,79.5,USD,-0.4218885717831039,-1.352525127187,0.6415094339622706,10278444822.608263,USD,18.245662351969155,133880941.5,USD,694699620,USD,2026-08-10,16.658359086830824,-8.252660752207515,Engineering & construction,Industrial services
ALSN,"Allison Transmission Holdings, Inc.",123.72,USD,-0.4670639394427544,-0.3704300209373554,0,10260839687.301338,USD,19.215954274353876,86217869.88,USD,920891138.28,USD,2026-07-23,13.131313131313133,90.77340569877883,Auto parts: OEM,Producer manufacturing
TTD,"The Trade Desk, Inc.",21.52,USD,-1.2131715771230398,-6.759098786828417,-0.18587360594795144,10243033790.65858,USD,24.253352868252,467101047.28,USD,3670190872.56,USD,2026-08-06,-78.60550949451725,-18.650883157709515,Packaged software,Technology services
MOG.B,Moog Inc.,322.79,USD,,0.30452751623629415,,10241302067.974745,USD,36.31260405885794,81343.08,USD,428665.12000000005,USD,2026-07-24,3.7894256255469174,-4.398525554689172,Aerospace & defense,Electronic technology
AES,The AES Corporation,14.35,USD,0.06978367062107318,0.13956734124214637,-0.41811846689895815,10233813153.220516,USD,7.425230259753699,334186416.2,USD,1532290187.3999999,USD,2026-07-30,48.92966360856269,1.4833924540470815,Electric utilities,Utilities
JKHY,"Jack Henry & Associates, Inc.",143.65,USD,-0.6102578167855285,-1.5016456390564987,0,10206444469.974285,USD,20.08585251265416,187625143.55,USD,1241047942.55,USD,2026-08-25,-1.422979433375044,2.7305137454103923,Packaged software,Technology services
UHS,"Universal Health Services, Inc.",168.23,USD,,-1.0178865615439034,0,10181934969.481464,USD,7.007189210353129,161469677.45,USD,1309598884.02,USD,2026-07-27,-21.80983583030042,0.2036090563453623,Hospital/Nursing management,Health services
SPXC,"SPX Technologies, Inc.",203.24,USD,-0.2662196805363794,0.19719976336028677,0.01476087384373211,10175177575.002958,USD,38.722707007582976,134720479.36,USD,931029026.1600001,USD,2026-07-30,-15.601023017902813,-11.062294053036247,Building products,Producer manufacturing
BMRN,BioMarin Pharmaceutical Inc.,52.58,USD,-0.2959674435812129,-2.7376988531261635,1.2959300114111898,10162896064.89752,USD,38.365560014593214,129683574.89999999,USD,888537326.6,USD,2026-08-04,,-13.005198772316565,Biotechnology,Health technology
HBM,Hudbay Minerals Inc.,25.5,USD,0.9992006394884093,1.9184652278177474,0.9019607843137273,10119550779.20922,USD,15.512736266729709,122155047,USD,972824745,USD,2026-08-10,44.468884665021655,1.1357954189946264,Other metals/Minerals,Non-energy minerals
VMI,"Valmont Industries, Inc.",516,USD,,1.0674762511017506,0,10017443424.761532,USD,28.6423206940767,152478516,USD,768504084,USD,2026-07-29,-39.56364856927079,-0.8729027411245853,Metal fabrication,Producer manufacturing
WTS,"Watts Water Technologies, Inc.",298.16,USD,,0.42438531492086484,0,9953411123.881441,USD,27.26084134109881,94679515.36000001,USD,649413053.0400001,USD,2026-08-05,18.996415770609318,8.350663893776995,Industrial machinery,Producer manufacturing
GTLS,"Chart Industries, Inc.",207.79,USD,,0.1735525237429423,0,9945991208.855228,USD,804.140866873065,258727848.39,USD,1474577579.2,USD,2026-05-11,,-1.908050154461203,Industrial machinery,Producer manufacturing
VSAT,"ViaSat, Inc.",73.07,USD,0.7427510355663419,4.37080417083272,1.2590666484193265,9925201112.940006,USD,,141953746.63,USD,688907248.15,USD,2026-05-26,,1.4157331143236043,Telecommunications equipment,Electronic technology
BSY,"Bentley Systems, Incorporated",32.64,USD,0.7326007326007388,-0.3663003663003585,0,9915923198.007326,USD,37.29859444634899,119196286.08,USD,585053264.64,USD,2026-08-11,62.710881394674445,8.324948542067817,Information technology services,Technology services
MOG.A,Moog Inc.,312.97,USD,-0.35022924095770697,-0.35341314314822875,0,9914088973.554445,USD,35.20789272375467,70406983.08000001,USD,517953144.17,USD,2026-07-24,3.7894256255469174,-4.398525554689172,Aerospace & defense,Electronic technology
DCI,"Donaldson Company, Inc.",85.59,USD,,-0.47674418604650765,0,9912540758.805,USD,26.74938275463325,39098967.03,USD,277846195.14,USD,2026-06-02,-18.788410886742756,-4.180029933718195,Auto parts: OEM,Producer manufacturing
ENSG,"The Ensign Group, Inc.",169.41,USD,,-1.1898512685914215,0,9901235077.641994,USD,27.56696065349692,135265922.73,USD,793701096.9,USD,2026-07-23,4.414691893477486,2.09976878289846,Medical/Nursing services,Health services
XP,XP Inc.,18.665,USD,-0.6259780907668283,-2.634324465310394,3.7364050361639527,9835375506.755344,USD,10.725778646132628,85394950.77,USD,558785210.675,USD,2026-05-11,-0.8330223575470787,7.25958650992732,Investment banks/Brokers,Finance
STN,Stantec Inc,85.92,USD,,-1.7046104564695057,-0.08147113594041828,9800636249.846462,USD,28.074037143519526,20650098.72,USD,179365904.64000002,USD,2026-05-13,-36.51069637883008,0.250283854486918,Engineering & construction,Industrial services
HUBS,"HubSpot, Inc.",191.34,USD,-0.42566129522651436,-3.0404378230465188,-0.5517926204661884,9800002018.085436,USD,100.33560566334558,536700855.06,USD,3451414837.5,USD,2026-08-05,-40.18667548598096,4.096289023037195,Packaged software,Technology services
OGE,OGE Energy Corp,47.4,USD,,0.10559662090812492,0,9782142861.098206,USD,21.015295943249832,66489591.6,USD,514271988,USD,2026-07-30,-27.45664739884393,3.692477266464591,Electric utilities,Utilities
SNAP,Snap Inc.,5.75,USD,-0.986842105263166,-5.427631578947369,-1.0434782608695583,9711474153.207235,USD,,267204713.75,USD,2155775636.5,USD,2026-07-16,-296.7550708929638,-10.933542911840117,Packaged software,Technology services
SNEX,StoneX Group Inc.,121.84,USD,0,-0.06561679790026106,3.1106369008535717,9656002049.466536,USD,21.73734634529268,84601309.76,USD,663936620,USD,2026-08-11,25.669642857142854,17.23478929166133,Investment banks/Brokers,Finance
MOH,Molina Healthcare Inc,185.19,USD,0.371087447563729,-0.4033559212649242,0,9648398843.633268,USD,54.61865156609449,192356482.62,USD,1309031256.15,USD,2026-07-29,,-5.090109890109891,Managed health care,Health services
VFS,VinFast Auto Ltd.,4.11,USD,0,-4.64037122969836,0.7299270072992544,9615397050.146173,USD,,2854325.1300000004,USD,14200202.07,USD,2026-05-11,-46.167336647102545,117.1832922377802,Motor vehicles,Consumer durables
RIOT,"Riot Platforms, Inc.",25.34,USD,-1.1627906976744087,5.23255813953489,-0.2892659826361472,9582351747.901165,USD,,473691541.54,USD,4378579206.54,USD,2026-07-30,27.545646169080474,9.414320393113961,Information technology services,Technology services
AGX,"Argan, Inc.",683.52,USD,1.4273954076382613,0.4792285302678374,0,9542256816.850967,USD,70.2097499845923,260584481.28,USD,1438965442.56,USD,2026-06-10,60.106711780590174,4.338789502813026,Engineering & construction,Industrial services
CAMT,Camtek Ltd.,207.46,USD,-0.06324802958061469,0.9341247445752728,1.2243324014267774,9507504084.774643,USD,226.43527614058067,157477077.12,USD,573255131.6800001,USD,2026-05-12,,1.6913638061256633,Electronic components,Electronic technology
CART,Maplebear Inc.,40.41,USD,1.3630731102849991,0.14869888475835233,0,9497554492.407433,USD,22.666591877944803,195554011.67999998,USD,1787907071.34,USD,2026-08-12,77.77777777777779,2.721774193548387,Air freight/Couriers,Transportation
CHWY,"Chewy, Inc.",22.49,USD,-0.9577710056595511,-2.089682194166306,0.4891062694531036,9371064538.431433,USD,43.0019120458891,272954360.51,USD,1380268964.36,USD,2026-06-03,-33.78378378378378,4.751973304241802,Internet retail,Retail trade
MASI,Masimo Corporation,178.5,USD,-0.6253154618361332,0.10655599798104295,0,9347297027.839157,USD,122.4111918804005,148699782,USD,1236251373,USD,2026-08-11,-17.569546120058565,-2.1575757575757573,Medical specialties,Health technology
Z,"Zillow Group, Inc.",40.44,USD,0.6275645667390732,-2.389572773352648,0.6429277942631185,9285244217.908762,USD,161.24401913875596,115085284.32,USD,1069496540.88,USD,2026-07-30,1433.3333333333335,8.256880733944955,Internet software/Services,Technology services
CYTK,"Cytokinetics, Incorporated",74.56,USD,0.3770641008971607,-3.0555194383045046,0,9277692397.193604,USD,,396426349.12,USD,3504979184.96,USD,2026-07-30,-12.56617731422546,9.011546043368066,Pharmaceuticals: major,Health technology
PRAX,"Praxis Precision Medicines, Inc.",331.81,USD,-1.2181079934549368,0.542391370219993,0,9250455273.53591,USD,,242760823.06,USD,1002852921.51,USD,2026-08-10,-4.105228824329948,,Pharmaceuticals: major,Health technology
KRYS,"Krystal Biotech, Inc.",312.88,USD,1.7303980896928528,2.3453599816819914,0.3579647149066749,9223625612.323315,USD,41.82104953618307,120682196.32,USD,962431395.1999999,USD,2026-08-10,8.817120622568094,8.638252182437794,Biotechnology,Health technology
ZG,"Zillow Group, Inc.",40.65,USD,-0.3576537911301826,-3.0758226037195975,0,9219964334.903435,USD,162.08133971291863,47293144.949999996,USD,396784080.9,USD,2026-07-30,1433.3333333333335,8.256880733944955,Internet software/Services,Technology services
MXL,"MaxLinear, Inc",102.27,USD,1.1319242712611395,2.4441550636081315,0.2248948860858551,9157865443.1179,USD,,501162067.14,USD,4119134312.58,USD,2026-07-29,-202.99389138752767,0.5511741769034566,Semiconductors,Electronic technology
EGO,Eldorado Gold Corporation,34.4,USD,0.08784773060029616,0.7320644216691069,0.29069767441860883,9058781089.847868,USD,12.231167942009836,133199758.39999999,USD,1117426999.2,USD,2026-07-30,-44.99855511489767,-10.405364401607246,Precious metals,Non-energy minerals
BAX,Baxter International Inc.,17.53,USD,0,-2.5569760978321145,0.6274957216200766,9053701351.727629,USD,,126913431.05000001,USD,938455174.61,USD,2026-07-23,98.64864864864865,-9.17955615332885,Medical specialties,Health technology
XE,"X-Energy, Inc.",33.11,USD,-0.762094102054342,9.708416169648773,0.030202355783745125,9053681175,USD,,198640895.53,USD,1271777614.8,USD,,,,Industrial machinery,Producer manufacturing
FLS,Flowserve Corporation,70.77,USD,0.9419372979052465,-0.5061155630535631,0,9044902604.820328,USD,26.19461820335344,122528064.11999999,USD,1577506115.85,USD,2026-08-04,,-12.593939899737439,Industrial machinery,Producer manufacturing
ALV,"Autoliv, Inc.",120.53,USD,-0.24666995559941732,-0.896234172011185,0,9023277929.386448,USD,12.953250940354648,72913779.79,USD,554195132.05,USD,2026-07-17,-37.610619469026545,-2.2719204827831025,Auto parts: OEM,Producer manufacturing
R,"Ryder System, Inc.",232.47,USD,-0.45998160073596817,-2.789161160826289,0,8994501620.820858,USD,19.565052727257424,137018515.41,USD,681839856.81,USD,2026-07-23,-28.68217054263566,-1.5433070866141734,Air freight/Couriers,Transportation
ALGM,"Allegro MicroSystems, Inc.",48.39,USD,0.5924412665985682,-1.1440245148110362,-0.8059516429014271,8966225740.536465,USD,,167739047.61,USD,1094998244.34,USD,2026-07-30,-298.6745391010965,6.097901487718685,Semiconductors,Electronic technology
SARO,"StandardAero, Inc.",26.8,USD,2.625298329355609,6.603023070803501,-0.11194029850746692,8915148843.611774,USD,30.41307308216069,237503208,USD,1057751833.6,USD,2026-08-19,1.639094111214252,1.6772915338558267,Other transportation,Transportation
QBTS,D-Wave Quantum Inc.,24.03,USD,-1.5507310589277865,6.46876384581303,3.412401165210155,8901346299.372175,USD,,861908977.1700001,USD,4471824954.690001,USD,2026-05-12,69.76411926906977,-26.397432468574483,Computer processing hardware,Electronic technology
CRUS,"Cirrus Logic, Inc.",174.23,USD,0.5417370536494477,1.491233179938255,0,8887017302.622707,USD,22.219529924884903,106793233.11999999,USD,963877645.2199999,USD,2026-08-05,-41.69695673865013,-22.751556945630906,Semiconductors,Electronic technology
DOCU,"DocuSign, Inc.",45.49,USD,-0.1043841336116851,-5.031315240083501,0.32974280061551675,8838315935.100836,USD,30.719881145326855,184303690.29000002,USD,1004282366.08,USD,2026-06-04,7.856673633920573,2.261868393719069,Packaged software,Technology services
AYI,Acuity Inc.,289.62,USD,,-1.2647870998534005,0,8779878664.456688,USD,21.237497433490745,73745940.6,USD,581250252.42,USD,2026-06-25,-19.66804979253112,-7.694325434991693,Electrical products,Producer manufacturing
ENS,EnerSys,236.82,USD,0.07832216517274686,3.04586197894004,0,8727143043.290054,USD,29.31557382122476,119920674.78,USD,564708183.72,USD,2026-05-20,32.074065413731624,-3.380686775585891,Electrical products,Producer manufacturing
DDS,"Dillard's, Inc.",556.79,USD,,-1.1469152241455902,0,8695428650.949915,USD,15.28794460217132,101163175.1,USD,399075334.96999997,USD,2026-05-14,56.92165472613821,33.42964627796747,Department stores,Retail trade
TEM,"Tempus AI, Inc.",48.46,USD,-0.7621339751303702,-2.807862013638184,0.33016921172099994,8693947680.902126,USD,,398338873.92,USD,2719930847.94,USD,2026-08-06,-132.46870730716688,-5.200007625043912,Packaged software,Technology services
FRHC,Freedom Holding Corp.,141.76,USD,,1.3947500178814025,0,8674370303.095915,USD,3597.9695431472082,9302149.44,USD,66221766.4,USD,2026-06-12,96.88282843934816,5.397944457260078,Investment banks/Brokers,Finance
QRVO,"Qorvo, Inc.",93.41,USD,0.9941455870982058,3.181265878714233,-1.5094743603468543,8659637531.24202,USD,25.786771201413426,92556419.42,USD,935476116.12,USD,2026-08-05,-81.87880191634869,-18.59915666205755,Semiconductors,Electronic technology
LUMN,"Lumen Technologies, Inc.",8.34,USD,-0.47169811320755806,-1.6509433962264217,-0.47961630695442625,8592793568.872643,USD,,124471756.14,USD,961457376.06,USD,2026-08-04,-9900,-4.669516606379481,Major telecommunications,Communications
FIGR,"Figure Technology Solutions, Inc.",38.97,USD,-0.9832580387988427,3.5609885729471067,-1.6166281755196188,8556099770.25299,USD,,208850712.93,USD,890736510.6,USD,2026-05-11,-83.0758238813968,9.334784893760792,Internet software/Services,Technology services
EMN,Eastman Chemical Company,74.64,USD,0.8418194161574886,1.3441955193482618,0,8535081216.074948,USD,21.59472283300544,56631532.56,USD,720223304.16,USD,2026-07-23,1.9047619047619049,10.257705912076807,Chemicals: specialty,Process industries
ZWS,Zurn Elkay Water Solutions Corporation,51.02,USD,,-0.3320961125219664,0,8513804235.342059,USD,40.679317493222776,48121349.720000006,USD,314781512.34000003,USD,2026-07-28,39.90498812351544,6.335952848722987,Industrial machinery,Producer manufacturing
IBRX,"ImmunityBio, Inc.",8.11,USD,-0.8225616921269129,-4.700352526439487,0.20345252774353423,8494041200.168038,USD,,117367084.66999999,USD,796476555.2299999,USD,2026-08-12,-921.5388092470619,15.465587044534413,Pharmaceuticals: major,Health technology
PRI,"Primerica, Inc.",271.74,USD,,-1.0234929885266808,0,8473941860.416391,USD,11.390128890286073,43519161,USD,422175535.74,USD,2026-08-10,-3.5471751901363278,2.0687589289829025,Life/Health insurance,Finance
OSK,Oshkosh Corporation (Holding Company),134.03,USD,,-2.8556932666521693,0,8396869853.220991,USD,14.929712388887653,180698173.76,USD,862814104.1,USD,2026-07-30,-67.78774289985053,-13.797976792621244,Motor vehicles,Consumer durables
NXE,Nexgen Energy Ltd.,12.66,USD,3.459637561779241,4.283360790774296,0.552922590837285,8369141191.6399765,USD,,104612934.9,USD,561934799.1,USD,2026-08-12,-259.6688684674245,,Other metals/Minerals,Non-energy minerals
ECG,"Everus Construction Group, Inc.",163.85,USD,,0.37368292085272314,0,8363167572.257718,USD,37.51144688644688,84524644.1,USD,1075314616.1499999,USD,2026-08-18,5.495857303086218,2.519199740576111,Engineering & construction,Industrial services
FROG,JFrog Ltd.,69.01,USD,-2.4946846208362734,-2.182849043231739,-0.39124764526881645,8361065831.535933,USD,,271256157.79,USD,1868744149.2400002,USD,2026-08-05,45.64760026298488,5.967406714106781,Packaged software,Technology services
MTCH,"Match Group, Inc.",35.77,USD,0.1082251082251059,-3.2196969696969635,0,8343943401.818182,USD,13.651629646591864,157724631.47000003,USD,1368665328.0300002,USD,2026-08-04,-20.420798572852718,-1.6027225326478405,Internet software/Services,Technology services
AVAV,"AeroVironment, Inc.",166.45,USD,-2.0203220631053576,-1.0933507635628994,0.3304295584259606,8311512383.189138,USD,,231026274.89999998,USD,1489724004.55,USD,2026-06-30,-815.3423376015903,-13.642731974908362,Aerospace & defense,Electronic technology
CIFR,Cipher Digital Inc.,20.28,USD,-2.919708029197087,-1.313868613138684,0.21055226824457574,8295517353.623359,USD,,575716245,USD,4596330220.56,USD,2026-08-11,84.42996165920962,-41.65564133911674,Data processing services,Technology services
NUVL,"Nuvalent, Inc.",104.55,USD,,-0.6933890577507636,0,8257150758.00912,USD,,34979398.05,USD,374727064.5,USD,2026-08-06,7.94069331536161,,Pharmaceuticals: major,Health technology
RYAN,"Ryan Specialty Holdings, Inc.",31.29,USD,0.721814116895569,-0.06387735547748188,0,8249903068.717023,USD,42.51936404402772,117270257.78999999,USD,914374841.1,USD,2026-07-30,121.12781954887217,5.406107552194135,Insurance brokers/Services,Finance
TKR,Timken Company (The),117.39,USD,,-0.4916504195982015,0,8157960241.619396,USD,26.7117209365827,118590195.36,USD,1000817014.47,USD,2026-08-05,57.62439807383628,10.82808280828083,Industrial machinery,Producer manufacturing
MANH,"Manhattan Associates, Inc.",137.73,USD,0.6852188505104109,-3.6987833869389037,0,8148740652.681722,USD,38.586317028071946,75429349.53,USD,600253508.6999999,USD,2026-07-28,-5.116162685504206,4.37369863419,Packaged software,Technology services
W,Wayfair Inc.,61.38,USD,-0.7395110172049638,-7.364926048898283,-0.13033561420659073,8101945610.016601,USD,,270828938.16,USD,1795465417.68,USD,2026-07-30,9.482758620689655,-12.166616721606232,Specialty stores,Retail trade
UEC,Uranium Energy Corp.,16.47,USD,2.7704485488126642,8.641160949868066,0.4250151791135416,8073936407.606199,USD,,167265894.23999998,USD,993599969.4899999,USD,2026-06-16,-34.77419978725462,,Other metals/Minerals,Non-energy minerals
AOS,A.O. Smith Corporation,58.52,USD,,-0.1365187713310551,0,8065731122.017746,USD,15.609079512416315,103292364.56,USD,782163104.8000001,USD,2026-07-23,-5.901116427432217,3.627397260273973,Building products,Producer manufacturing
IDA,"IDACORP, Inc.",145.41,USD,,0.9791666666666643,0.39887215459735403,8056911254.440625,USD,24.181397901318743,65802096.48,USD,480919436.94,USD,2026-07-30,55.894695805719266,-0.545324711585741,Electric utilities,Utilities
BLDR,"Builders FirstSource, Inc.",74.88,USD,,-3.2558139534883854,-0.12019230769229328,8054083635.423255,USD,28.583425583082033,166023187.2,USD,1669559149.4399998,USD,2026-07-30,-250.5206349206349,-2.109145596950475,Home improvement chains,Retail trade
VIRT,"Virtu Financial, Inc.",51.54,USD,0,0.44825570064314335,0,7993150915.447672,USD,8.532830038740439,76231113.17999999,USD,535292069.15999997,USD,2026-07-23,31.288803254121156,28.28642442063992,Investment banks/Brokers,Finance
GKOS,Glaukos Corporation,135.37,USD,,1.3855602156980185,0,7950809598.254493,USD,,110230031.19,USD,792685973.63,USD,2026-08-05,85.19868020380527,5.205385652699464,Medical specialties,Health technology
CWEN,"Clearway Energy, Inc.",38.51,USD,,0.9171907756813455,1.999480654375495,7913146992.668501,USD,621.1290322580645,41452703.14,USD,330425658.56,USD,2026-08-04,-56.730769230769226,6.229508196721312,Alternative power generation,Utilities
CMC,Commercial Metals Company,71.16,USD,0.21138669673056043,0.28184892897407393,0,7890746037.214768,USD,15.851023544873364,67666186.32,USD,452787877.79999995,USD,2026-06-18,-47.523155199061385,0.5523256773665436,Steel,Non-energy minerals
HALO,"Halozyme Therapeutics, Inc.",66.41,USD,-1.3568309419837874,3.5714285714285587,2.845956934196658,7867878371.75,USD,26.65141664660085,193880276.04,USD,700462928.3199999,USD,2026-08-11,-180.8052503923527,27.522694939367256,Biotechnology,Health technology
HSIC,"Henry Schein, Inc.",68.99,USD,0.22592487997742278,-2.5840158147415964,0.07247427163358656,7859116940.016662,USD,20.835346702101955,142747691.92999998,USD,1081291101.4299998,USD,2026-08-11,5.9405940594059405,-2.007564736688973,Medical distributors,Distribution services
PCVX,"Vaxcyte, Inc.",53.99,USD,0.2641011129975487,1.848707790982841,0,7796031026.543105,USD,,81787237.41,USD,783945328.0500001,USD,2026-08-12,-30.066083316092445,,Biotechnology,Health technology
KRMN,Karman Holdings Inc.,58.82,USD,-1.3806706114398477,-3.3201840894148633,-1.230023801428088,7795196449.729783,USD,448.3231707317073,129932968.26,USD,727670160.7,USD,2026-05-12,0.902668759811617,10.432147930403081,Aerospace & defense,Electronic technology
MBLY,Mobileye Global Inc.,9.24,USD,0.10881392818280508,0.5440696409140447,-0.1082251082251059,7781799544.896627,USD,,62766414.480000004,USD,292317804.24,USD,2026-07-23,-2906.2992125990772,25.112107623345537,Packaged software,Technology services
ESE,ESCO Technologies Inc.,297.85,USD,-0.03629045561017902,-1.7353436046319788,0,7713052187.143612,USD,56.974253031868095,107420496.05000001,USD,645787647.4000001,USD,2026-08-10,21.058868634763513,6.794886400905893,Electronic equipment/Instruments,Electronic technology
TTEK,"Tetra Tech, Inc.",29.59,USD,-0.06602839220864831,-2.310993727302738,0.43866171003717297,7679335771.403433,USD,17.71325950314277,80855917.78,USD,629120269.14,USD,2026-08-05,-10.85900902616445,0.7841984102925421,Engineering & construction,Industrial services
ROAD,"Construction Partners, Inc.",135.45,USD,-0.34168564920272626,-3.5805808656036455,0,7655007582.317767,USD,59.54369614911201,108471746.24999999,USD,756410095.3499999,USD,2026-08-07,-46.64341761115955,-4.975236852801033,Engineering & construction,Industrial services
JXN,Jackson Financial Inc.,109.64,USD,-2.9349175385706703,-2.7841815924809366,0,7646633732.872496,USD,,55422581.44,USD,598371483.28,USD,2026-08-11,-107.84313725490196,45.97585513078471,Life/Health insurance,Finance
SSD,"Simpson Manufacturing Company, Inc.",185.62,USD,-0.270399236519813,-1.5852817984200247,0,7636095862.634431,USD,21.740454438978684,62132953.84,USD,418472679.58,USD,2026-07-27,56.928878926957694,9.014452715794159,Building products,Producer manufacturing
YOU,"Clear Secure, Inc.",56.89,USD,-0.017602534765015165,0.14082027812004627,0,7603991115.660623,USD,45.94943865600517,97584099.68,USD,862440566.88,USD,2026-08-17,26.11338664586178,5.089075434785317,Packaged software,Technology services
ORA,"Ormat Technologies, Inc.",123.63,USD,0.7972384318237846,1.6109147694583659,0,7597280421.013068,USD,59.79107220583257,152372120.54999998,USD,898563980.73,USD,2026-08-05,40.55433291869996,46.325479285310614,Electric utilities,Utilities
PCOR,"Procore Technologies, Inc.",50.1,USD,,-5.968468468468468,0,7559599498.620496,USD,,128867270.10000001,USD,1424744100.6000001,USD,2026-07-30,75.81108392724178,2.914865642911772,Packaged software,Technology services
OR,OR Royalties Inc.,39.8,USD,1.509630400832895,3.5918792295679216,0,7460175820.06087,USD,29.852153683627503,33406925.999999996,USD,260072224.39999998,USD,2026-08-11,9.532171590305365,10.398974841923703,Precious metals,Non-energy minerals
TECH,Bio-Techne Corp,47.42,USD,1.9023986765922283,-1.9437551695616166,0,7424490508.399918,USD,68.11261131858662,128347493.62,USD,1440123160.02,USD,2026-08-11,34.29729231902744,5.251506538189856,Biotechnology,Health technology
OGC,OceanaGold Corporation,32.74,USD,,2.6010654967095013,0,7370487847.5088215,USD,10.006928963887331,8032529.82,USD,56328482.46,USD,2026-07-23,-32.30805331276907,6.366685482595836,Precious metals,Non-energy minerals
TFPM,Triple Flag Precious Metals Corp.,35.52,USD,1.6776512881965102,6.411024565608151,0,7338571188.347673,USD,23.676176202838537,32447129.28,USD,164230698.24,USD,2026-08-11,47.80783055201364,20.053190648892258,Precious metals,Non-energy minerals
CORZ,"Core Scientific, Inc.",22.95,USD,-2.5741710296684266,0.1308900523560104,-0.21786492374727978,7295467301.564136,USD,,321061801.95,USD,3381597539.1,USD,2026-08-06,-279.73483655602445,44.48303097927611,Data processing services,Technology services
MIDD,The Middleby Corporation,156.25,USD,,-5.113256816663623,0,7284662642.519889,USD,,112519531.25,USD,958916406.25,USD,2026-07-30,-235.55591651100465,-3.0605072568312317,Industrial machinery,Producer manufacturing
CWAN,"Clearwater Analytics Holdings, Inc.",24.38,USD,,0.12320328542093463,0,7274720577.009444,USD,,119314964.22,USD,685720900.6,USD,2026-08-05,76.99320404442234,1.7341359441176878,Packaged software,Technology services
PLXS,Plexus Corp.,271.78,USD,,1.9621084224348007,0,7271860049.877396,USD,39.720561799394936,53270782.45999999,USD,574865251.0799999,USD,2026-07-29,20.948472633674907,8.777382292130115,Electronic production equipment,Electronic technology
VOYA,"Voya Financial, Inc.",80.13,USD,-0.2206152714793563,-1.789434979776943,0,7265091348.704497,USD,12.11667573943023,98390585.30999999,USD,846255173.64,USD,2026-08-04,30,-3.7896731406916158,Life/Health insurance,Finance
BTG,B2Gold Corp,5.39,USD,0.943396226415091,1.6981132075471674,0.18552875695734092,7240080653.96,USD,14.819840179544094,180570799.64,USD,1433805704.1,USD,2026-08-05,13.83405930184847,6.7678142365344796,Precious metals,Non-energy minerals
SSRM,SSR Mining Inc.,34.74,USD,0.11695906432748286,1.57894736842105,-0.20149683362118676,7208240058.25263,USD,33.33044814842626,147833290.8,USD,905493826.98,USD,,-156.97564952223175,8.301131026829419,Precious metals,Non-energy minerals
SLAB,"Silicon Laboratories, Inc.",217.21,USD,,-0.1103702000459787,0,7163981666.598483,USD,,95233552.4,USD,650079989.44,USD,2026-07-29,-492.2876304023845,2.5426740823991625,Semiconductors,Electronic technology
FSS,Federal Signal Corporation,117.38,USD,0.1436660187610933,-0.8028395166061041,0,7160445189.72095,USD,26.633690324922856,50622942.12,USD,383667681.09999996,USD,2026-07-23,15.789473684210526,4.7730698375481495,Motor vehicles,Consumer durables
LKQ,LKQ Corporation,28.1,USD,,-2.734510211145722,-0.9306049822064115,7159622242.56144,USD,13.903319974271437,83032324.7,USD,713379477,USD,2026-07-23,24.242424242424242,4.740338164251208,Automotive aftermarket,Consumer durables
MYRG,"MYR Group, Inc.",458.42,USD,2.772575709130769,4.695564792399398,0,7138074239.405427,USD,50.53019113335244,121980060.96000001,USD,1300938657.5,USD,2026-07-29,28.05078253255992,2.756526669570148,Engineering & construction,Industrial services
HXL,Hexcel Corporation,94.15,USD,0,-1.2274443978178637,0,7101469450.761121,USD,62.47511612475117,62559097.300000004,USD,566862933.35,USD,2026-07-27,-19.82758620689655,1.6023007395234181,Aerospace & defense,Electronic technology
LUNR,"Intuitive Machines, Inc.",32.42,USD,-0.03451846738004146,11.908871246116682,-0.6785934608266467,7047784865.372455,USD,,516789583.52000004,USD,2640141665.7000003,USD,2026-05-14,-482.7974276527331,-14.59274939451151,Aerospace & defense,Electronic technology
AXTI,AXT Inc,125.81,USD,1.735991749742176,8.121347542110694,0.42921866306334316,6992372250.040649,USD,,1521922689.33,USD,11589958270.91,USD,2026-07-30,54.34047350620068,16.852567162883556,Electronic production equipment,Electronic technology
IDCC,"InterDigital, Inc.",269.575,USD,0,-3.5889274346411164,0,6967173551.249596,USD,25.373436367572452,109148491.32499999,USD,932217577.0749999,USD,2026-07-30,75.30194782527751,29.82114643240852,Packaged software,Technology services
KYMR,"Kymera Therapeutics, Inc.",84.1,USD,-0.10455390334572887,-2.3001858736059524,0,6917862928.982341,USD,,40890513.3,USD,307609542.4,USD,2026-07-31,20.403306469228912,1097.3867595818815,Biotechnology,Health technology
LEA,Lear Corporation,137.38,USD,-0.13601546281050736,-1.653661679433032,0,6882064489.853962,USD,13.751063510334816,54344917.78,USD,658255857.86,USD,2026-08-04,108.34340991535672,-2.7620526693719416,Auto parts: OEM,Producer manufacturing
JBTM,JBT Marel Corporation,131.89,USD,0.7171029042667624,-5.421297956256725,0,6867223821.717748,USD,41.2001749343996,77067415.58999999,USD,720645245.43,USD,2026-08-03,-15.254237288135593,-6.914365189747665,Industrial machinery,Producer manufacturing
RGTI,"Rigetti Computing, Inc.",20.51,USD,-1.7951425554382252,8.28933474128828,-1.2676743052169748,6812408459.474129,USD,,910373637.1800001,USD,3947113053.7300005,USD,2026-08-06,90.94034871223279,-4.057524396507447,Computer processing hardware,Electronic technology
BIO.B,"Bio-Rad Laboratories, Inc.",255.54,USD,,-2.19148636483334,,6812184100.999999,USD,42.065582406005134,100682.76,USD,354433.98,USD,2026-07-30,-173.20833333333334,-14.584535487593769,Medical specialties,Health technology
AWI,Armstrong World Industries Inc,159.43,USD,,-1.4404055390702177,0,6804286723.579995,USD,22.63344690516752,57389379.38,USD,414493926.07,USD,2026-07-28,1.984732824427481,5.562709245428792,Miscellaneous manufacturing,Producer manufacturing
AVT,"Avnet, Inc.",82.86,USD,-0.10963576562310075,0.9379948836642661,-0.43446777697320715,6796514830.5272255,USD,32.27389577003973,60439409.76,USD,760539873.18,USD,2026-08-12,52.8064406395283,12.673361339018873,Electronics distributors,Distribution services
AUGO,Aura Minerals Inc.,81.06,USD,0.5967604433077516,-1.2787723785166205,0,6791955062.480818,USD,76.16989287727871,77636187.72,USD,426610187.64,USD,2026-08-05,,18.946965905141596,Other metals/Minerals,Non-energy minerals
DOX,Amdocs Limited,62.57,USD,-0.25098039215685736,-1.8509803921568622,0,6730717416.999529,USD,12.153762480090128,105692868.58,USD,412795626.37,USD,2026-05-13,63.524581490338825,0.5459834570490115,Information technology services,Technology services
QGEN,Qiagen N.V.,32.63,USD,1.0290556900726495,-1.24092009685229,0,6724219370.013015,USD,16.857821864021492,59799075.830000006,USD,412458601.36,USD,2026-07-23,-36.897309629135016,-8.900484808112209,Medical specialties,Health technology
AN,"AutoNation, Inc.",200.48,USD,,-2.66543671408458,0,6708360446.399767,USD,10.86282754285962,67374712.16,USD,656282707.36,USD,2026-07-16,19.349215572341663,-5.442186688217976,Specialty stores,Retail trade
NPO,Enpro Inc.,315.08,USD,,1.8950908738115118,0,6656589069.888235,USD,155.27301399566332,79893890.36,USD,554373492.52,USD,2026-08-11,,2.5727826675693977,Industrial machinery,Producer manufacturing
PTGX,"Protagonist Therapeutics, Inc.",103.5,USD,0,4.166666666666667,0,6656226923.958334,USD,,59205312,USD,435415288.5,USD,2026-07-30,,657.9400295818206,Pharmaceuticals: major,Health technology
HIMS,"Hims & Hers Health, Inc.",29.14,USD,3.1128404669260665,3.0774672798019136,-12.18943033630748,6642135718.73364,USD,55.813062631679756,1738040933.98,USD,4788343138.28,USD,2026-08-10,30.600988969189807,3.145701998076718,Medical/Nursing services,Health services
SYRE,"Spyre Therapeutics, Inc.",76.43,USD,-2.1786927843294093,1.8455593310680327,0.7457804527018097,6637276388.933574,USD,,101868502.62,USD,633796157.1500001,USD,2026-08-06,-33.13461056124713,,Pharmaceuticals: major,Health technology
SAIL,"SailPoint, Inc.",11.77,USD,-1.880621422730993,-3.761242845461986,2.80373831775701,6635966555.974652,USD,,35313401.53,USD,247089081.25,USD,2026-06-17,-0.6671299513551077,4.506245965482263,Packaged software,Technology services
BLSH,Bullish,44.03,USD,-0.9619789280806108,0.8474576271186545,-0.29525323642971285,6617805856.92373,USD,,73876351.92,USD,461125397.46000004,USD,2026-05-14,-3071.1257270196816,54.677501346296445,Packaged software,Technology services
LGN,Legence Corp.,98.14,USD,-1.0111122234457954,-1.751927119831815,-1.0597106174852315,6608561134,USD,,220234600.04,USD,1200727001.32,USD,2026-05-14,-5580.729166666666,4.185840232992375,Engineering & construction,Industrial services
TGTX,"TG Therapeutics, Inc.",43.14,USD,,0.6532897806812906,0.02318034306907281,6604025406.879142,USD,15.033978044955568,120017119.32000001,USD,1005073908.12,USD,2026-08-10,-14.151148152971308,6.4100034272539395,Pharmaceuticals: major,Health technology
GTES,Gates Industrial Corporation plc,25.98,USD,0,-0.4216174779609024,0,6595690377.307014,USD,27.003429996881824,41639600.88,USD,442456754.64,USD,2026-07-31,16.536964980544745,-0.5956552207428172,Industrial machinery,Producer manufacturing
PAYC,"Paycom Software, Inc.",138.44,USD,0,1.1470738657119843,0.7656746605027466,6594097792.853949,USD,15.997226715969493,166652410.72,USD,1176792191.8799999,USD,2026-08-04,36.81898066783831,5.0707330516259415,Packaged software,Technology services
BRKR,Bruker Corporation,43.27,USD,1.4266304347826146,-2.015398550724623,0,6586695440.840807,USD,,120226041.16000001,USD,724858520.7600001,USD,2026-08-05,-44.61538461538462,-15.73884568153909,Medical specialties,Health technology
ST,Sensata Technologies Holding plc,45.29,USD,0.1335410638771473,0.8012463832628521,0.3777875910797145,6586617707.294013,USD,139.95673671199012,59481757.37,USD,607266798.3199999,USD,2026-07-28,37.816455695535865,1.6439509488668098,Electronic equipment/Instruments,Electronic technology
TXNM,"TXNM Energy, Inc.",59.25,USD,,0.44075266994405493,0,6559405349.453297,USD,42.81688105217517,71097630,USD,826093480.5,USD,2026-07-31,,-5.297881597503526,Electric utilities,Utilities
RGEN,Repligen Corporation,115.91,USD,,-6.115341001133968,0.940384781295836,6538220832.26624,USD,127.59797446059005,148809314.85,USD,1041065137.88,USD,2026-08-04,-37.284563859411456,-1.8482868735252358,Pharmaceuticals: major,Health technology
LAD,"Lithia Motors, Inc.",286.67,USD,-0.5068199598625834,-2.4898806081839497,0,6537744335.736319,USD,10.052388700311386,75552165.17,USD,524781542.04,USD,2026-07-22,-26.608187134502927,0.80019135010546,Specialty stores,Retail trade
COMP,"Compass, Inc.",8.76,USD,0.5733944954128317,0.45871559633026543,-0.6849315068493208,6536233748.201834,USD,818.6915887850467,120335576.88,USD,1081116188.3999999,USD,2026-08-10,,59.07753853394517,Real estate development,Finance
CE,Celanese Corporation,59.55,USD,1.6267273045303474,4.163022564281958,0,6530403846.806017,USD,,132990394.8,USD,1144225737.8999999,USD,2026-07-16,131.57894736842107,6.0344827586206895,Chemicals: specialty,Process industries
BIO,"Bio-Rad Laboratories, Inc.",243.79,USD,,-4.140452972632904,0,6530128821.88892,USD,40.13136234937776,105036433.92,USD,870601638.27,USD,2026-07-30,-173.20833333333334,-14.584535487593769,Medical specialties,Health technology
MIRM,"Mirum Pharmaceuticals, Inc.",106.17,USD,-0.1493094438223186,-0.9238521836506112,0,6474377184.344344,USD,,56110207.980000004,USD,960286309.83,USD,2026-07-30,-13689.790575916231,7.352348722907099,Pharmaceuticals: major,Health technology
EXP,Eagle Materials Inc,204.93,USD,,-2.622950819672123,0,6441388037.321312,USD,15.519356597600872,68730038.19,USD,468295584.57,USD,2026-05-19,-25.097719514059236,-12.983130538764701,Construction materials,Non-energy minerals
CLF,Cleveland-Cliffs Inc.,11.24,USD,0.45372050816697557,1.9963702359346702,0.35587188612098886,6411461189.24138,USD,,121028487.16,USD,1113795024.16,USD,2026-07-27,2.4691358024691357,14.25921632274519,Steel,Non-energy minerals
PTCT,"PTC Therapeutics, Inc.",76.85,USD,-0.922648934726562,4.288234495861035,0,6374656466.552449,USD,,246607115.85,USD,1091172631.05,USD,2026-07-30,97.9187196680621,65.50641558930512,Pharmaceuticals: major,Health technology
APGE,"Apogee Therapeutics, Inc.",84.6,USD,-0.09635071660845272,1.8908828134409168,-0.6737588652482189,6373754973.486691,USD,,83241324,USD,336145325.4,USD,2026-05-18,-6.7147536949600894,,Biotechnology,Health technology
ACA,"Arcosa, Inc.",129.6,USD,,-0.261659227335696,0,6362888773.243035,USD,28.63202545068929,52050729.599999994,USD,344656684.8,USD,2026-08-05,-27.500000000000004,-20.23161713408679,Construction materials,Non-energy minerals
DBX,"Dropbox, Inc.",26.49,USD,-2.1453287197231745,-8.339100346020762,0,6319555626.631142,USD,14.457239535010642,228592885.47,USD,988100655.5699999,USD,2026-07-30,5.335786568537258,-1.0531279471864192,Packaged software,Technology services
NEU,NewMarket Corp,686.25,USD,,0.19564614328890392,0,6312140310.013358,USD,15.688834122442634,34987770,USD,377821113.75,USD,2026-08-04,45.257268483066966,5.400352217411627,Chemicals: specialty,Process industries
FLR,Fluor Corporation,43.69,USD,-0.7157700300161678,0.877395520664963,0.38910505836576265,6275085113.858923,USD,34.88223552894212,171030971.12,USD,1263456517.54,USD,2026-07-31,,-12.284482758620689,Engineering & construction,Industrial services
INGM,Ingram Micro Holding Corporation,27,USD,-0.3676470588235216,-0.7352941176470562,0,6254456489.669118,USD,17.756148888596606,51280317,USD,582729768,USD,2026-08-12,-18.565192323531836,-6.1483122166188355,Information technology services,Technology services
PRIM,Primoris Services Corporation,114.39,USD,3.5305343511450413,9.15076335877863,-0.00874202290410448,6206221897.858683,USD,25.26392508503026,388354736.34,USD,3413801854.26,USD,2026-08-10,-66.40926640926641,-16.03057544275179,Engineering & construction,Industrial services
EQPT,EquipmentShare.com Inc,23.27,USD,0.22935779816514087,6.74311926605504,1.4941985388912749,6190917067.352293,USD,,56289478.44,USD,348977327.79,USD,2026-05-13,900,66.54306600275453,Internet software/Services,Technology services
GVA,Granite Construction Incorporated,141.21,USD,-0.7612066535099973,-0.4722300535663853,0,6177471759.800535,USD,41.44458793143931,82006154.19,USD,672702411.24,USD,2026-07-23,-180.1441476071497,-21.70169130833984,Engineering & construction,Industrial services
MHK,"Mohawk Industries, Inc.",100.97,USD,,-2.754502552248868,0,6154439065.86892,USD,15.153834609034968,92360187.13,USD,895443963.52,USD,2026-07-23,178.80952380952382,1.0779374722181065,Building products,Producer manufacturing
FLY,Firefly Aerospace Inc.,38.24,USD,-3.981854838709673,-3.6290322580645102,1.0721757322175642,6127394639.717743,USD,,304286043.04,USD,1849654192.3200002,USD,2026-09-28,-135.46776432764204,40.23719938272675,Aerospace & defense,Electronic technology
LNTH,"Lantheus Holdings, Inc.",94.07,USD,-0.5372877713303246,1.0853212980872458,0,6124528700.164839,USD,22.686603159290968,111977071.13,USD,778389552.4599999,USD,2026-07-30,118.93395947345067,-7.240416336845418,Medical specialties,Health technology
AXTA,Axalta Coating Systems Ltd.,28.39,USD,0.13731548232064092,-2.5403364229316803,0,6075992657.019912,USD,16.622753088588325,45868417.06,USD,505510551.43,USD,2026-08-05,50,-0.6339144215530903,Industrial specialties,Process industries
CELC,Celcuity Inc.,125.64,USD,-0.808789867236382,-4.13551045322753,-0.07959248646927278,6073020054.54662,USD,,118921526.64,USD,1485060025.68,USD,2026-05-14,-16.366085289014702,,Medical specialties,Health technology
FSV,FirstService Corporation,131.34,USD,,-2.3929845422116522,0,6039244471.895783,USD,37.3165640706636,23528510.28,USD,230198173.26000002,USD,2026-07-23,-50.193174506660846,-7.531977113919663,Real estate development,Finance
RYTM,"Rhythm Pharmaceuticals, Inc.",87.39,USD,-4.406923648720405,-7.199745141764895,0,5989064499.569608,USD,,104752383.03,USD,694254998.7,USD,2026-08-04,-17.12240816756131,4.993624788220704,Pharmaceuticals: major,Health technology
HNGE,"Hinge Health, Inc.",54.74,USD,-0.03570153516601772,-2.284898250624779,1.5834855681402957,5975775889.722599,USD,,97540439.64,USD,1084495578.18,USD,2026-08-04,9.409380428488708,6.783383901690428,Packaged software,Technology services
CENX,Century Aluminum Company,60.18,USD,0.050925140044137056,2.155830928535059,0,5956258000.569004,USD,17.99372103453431,101033734.62,USD,670525259.1,USD,2026-08-06,18650,2.4459523433801484,Aluminum,Non-energy minerals
VSNT,"Versant Media Group, Inc.",41.31,USD,0.5590666018473429,0.41322314049587194,0,5939999833.760331,USD,6.423673202817646,54764708.31,USD,416015494.56,USD,2026-05-14,125,-3.1870114251352977,Cable/Satellite TV,Consumer services
DSGX,The Descartes Systems Group Inc.,68.88,USD,-1.618257261410791,-4.730290456431538,0,5925353648.217549,USD,36.0619183137447,24734601.36,USD,194146407.83999997,USD,2026-06-03,6.843332938969249,5.630410424464429,Packaged software,Technology services
OTEX,Open Text Corporation,24.4,USD,0.04045307443366328,-1.294498381877024,0.40983606557377633,5920961666.560188,USD,11.995404886820188,71298361.6,USD,457657331.2,USD,2026-07-30,-0.24274316323877662,-6.11600529245815,Packaged software,Technology services
PCTY,Paylocity Holding Corporation,109.88,USD,1.6129032258064442,-0.9911695801045309,0,5919970866.307082,USD,23.431569070670022,112463498.56,USD,793421833.64,USD,2026-07-30,121.62679044564418,20.702946646993517,Packaged software,Technology services
IMVT,"Immunovant, Inc.",29.06,USD,0.034554250172764374,0.4146510020732462,0,5914645283.146509,USD,,33442742.02,USD,262255050.35999998,USD,2026-06-03,12.542884697475138,,Biotechnology,Health technology
ALKS,Alkermes plc,35.47,USD,0.7144898542440696,1.371820520148605,0.36650690724556684,5911991327.492997,USD,39.43301834352418,82410217.66,USD,591024692.0799999,USD,2026-07-29,-234.73581808232504,2.1750267197507713,Pharmaceuticals: major,Health technology
ESAB,ESAB Corporation,96.57,USD,,-4.329304537348925,0,5879346881.650188,USD,28.701777328657194,65958565.41,USD,411200757.63,USD,2026-08-12,28.096537931407262,3.413519818692735,Industrial machinery,Producer manufacturing
ALM,Almonty Industries Inc.,20.92,USD,1.880081300813013,6.300813008130092,-0.2151051625239087,5865411618.279762,USD,,120851639.24000001,USD,661158546.0400001,USD,2026-05-20,-412.51213685466854,1.7005547011761788,Other metals/Minerals,Non-energy minerals
CGON,"CG Oncology, Inc.",69.32,USD,-1.95346164895145,-0.4309106578569539,0,5853048540.935938,USD,,54749421.239999995,USD,376740682.59999996,USD,2026-08-07,-45.735796073494875,-53.35917312661499,Biotechnology,Health technology
GXO,"GXO Logistics, Inc.",50.82,USD,,-1.530711102499514,0,5846769107.572175,USD,44.42307692307693,58119073.32,USD,887135975.88,USD,2026-08-05,-90.69767441860465,-5.959509552323924,Air freight/Couriers,Transportation
OSCR,"Oscar Health, Inc.",22,USD,-1.783200375410601,3.237916471140316,-0.9286363636363633,5841665869.075552,USD,,184717104,USD,1511257990,USD,2026-08-06,,65.66148647083043,Managed health care,Health services
AMTM,"Amentum Holdings, Inc.",23.94,USD,0.08153281695882418,-2.4052181002853645,2.339181286549702,5839808023.379535,USD,59.463487332339795,121876648.74000001,USD,391315770.72,USD,2026-08-11,10,-17.528662420382165,Aerospace & defense,Electronic technology
COGT,"Cogent Biosciences, Inc.",34.1,USD,0.3166378814047191,-1.8422567645365588,1.1730205278592334,5826598952.144502,USD,,36516496.5,USD,374187722.7,USD,2026-08-11,5.015025562970768,,Biotechnology,Health technology
SRRK,Scholar Rock Holding Corporation,48.35,USD,-0.5579665220086859,-0.08266170696424704,0,5793700099.515395,USD,,48601468.35,USD,390319493.2,USD,2026-08-12,-15.989666355191556,,Biotechnology,Health technology
TTAN,"ServiceTitan, Inc.",60.29,USD,-1.0152284263959401,-4.362309644670051,0.3317299718029571,5743299234.209707,USD,,62308991.519999996,USD,411359092.03,USD,2026-06-04,-5.591114934095681,1.9360820025445191,Packaged software,Technology services
TFX,Teleflex Incorporated,129.72,USD,1.0822185480234463,-2.5101457988877223,-1.2180080172679713,5742731570.422365,USD,,111210512.64,USD,814966937.76,USD,2026-07-30,98.85850917434404,-3.641930177298483,Medical specialties,Health technology
USAR,"USA Rare Earth, Inc.",26.3,USD,-2.4109792284866547,-2.4480712166172114,0.19581749049429947,5732772965.46736,USD,,499930282.8,USD,3672363548.5,USD,2026-05-13,67.95698238447791,,Metal fabrication,Producer manufacturing
LOAR,Loar Holdings Inc.,61.22,USD,-0.6688963210702318,2.374581939799334,0,5731689731.943813,USD,86.35914797573706,63253299.86,USD,507932973.34,USD,2026-08-19,-10.934377747582127,18.472865275142315,Aerospace & defense,Electronic technology
PEGA,Pegasystems Inc.,34.26,USD,-0.8756080611535922,-4.767199444058383,-0.17513134851136944,5725395393.264767,USD,18.44315245478036,64321505.519999996,USD,445997433.71999997,USD,2026-07-29,-86.03255262731591,-14.741521701628143,Information technology services,Technology services
BLCO,Bausch + Lomb Corporation,16.03,USD,-0.30902348578492406,-0.9270704573547502,0,5715277741.027195,USD,,12511431.030000001,USD,60513618.690000005,USD,2026-08-05,-22.413793103492242,-11.459074733064533,Medical specialties,Health technology
PIPR,Piper Sandler Companies,79.98,USD,0.09872886585215142,-1.2958163643095115,0,5682094660.544984,USD,20.215858251396508,53466789.96,USD,459442390.68,USD,2026-07-24,-42.75410641583602,-29.377612737812463,Investment banks/Brokers,Finance
ETSY,"Etsy, Inc.",59.86,USD,-3.386144765455099,-7.020813917365635,1.8209154694286727,5680488240.95744,USD,24.46360701295517,213816807.28,USD,1239005984.56,USD,2026-08-05,-37.07499887117894,-28.397093585107687,Internet retail,Retail trade
REZI,"Resideo Technologies, Inc.",37.47,USD,-0.25157232704402877,-5.735849056603777,0,5673753070.981132,USD,,59563998.15,USD,244775547.78,USD,2026-05-12,-12.82051282051282,1.6630901287553648,Electronics distributors,Distribution services
APPF,"AppFolio, Inc.",159.56,USD,0.24611321207755363,-4.219941172939553,0,5641867200.795486,USD,37.910142792653666,46225010.68,USD,337241229.2,USD,2026-07-23,6.288520318685173,5.649658329035585,Information technology services,Technology services
RUSHA,"Rush Enterprises, Inc.",72.49,USD,,0.2489282256949144,0,5610221049.155993,USD,21.91884373488147,33183384.849999998,USD,235920154.79999998,USD,2026-07-28,-4.46772789454048,-4.949960296699631,Specialty stores,Retail trade
POR,Portland General Electric Co,48.36,USD,,-0.3092145949288777,0,5596703137.951762,USD,21.59024956471271,59116763.16,USD,467147396.04,USD,2026-07-24,9.75609756097561,0.7142857142857143,Electric utilities,Utilities
CHE,Chemed Corp,421.43,USD,,-0.6670437938999633,0,5594105425.181115,USD,22.96658800961324,71676392.97,USD,613633265.82,USD,2026-07-29,-13.614154864431724,2.8429451134534682,Hospital/Nursing management,Health services
PATH,"UiPath, Inc.",10.66,USD,-1.1121408711770087,-1.2048192771084245,-0.24484052532832615,5585010319.060242,USD,20.409726210989852,393696068.74,USD,2407555254.26,USD,2026-05-28,-47.464028686525275,17.025489342346265,Packaged software,Technology services
S,"SentinelOne, Inc.",16.33,USD,-1.5370705244122906,-1.5672091621458804,-0.7960808328230191,5556715593.452079,USD,,160706942.96999997,USD,932352384.8299999,USD,2026-06-03,-82.83325869532766,4.727456713258894,Packaged software,Technology services
IBP,"Installed Building Products, Inc.",206.2,USD,-0.6773035137960858,-6.268466748488577,0,5555174554.87613,USD,21.9855206900596,244951166,USD,1053382391.4,USD,2026-07-30,-54.56919060052219,-11.638795986622073,Engineering & construction,Industrial services
RAL,Ralliant Corporation,49.56,USD,2.794833792081305,4.933305102688981,0.2017756255044276,5547231099.821301,USD,,209407503.48000002,USD,581173566.96,USD,2026-05-12,-3543.358395989975,4.81950481950482,Electronic equipment/Instruments,Electronic technology
KMX,CarMax Inc,39.08,USD,0.12394645513137618,-3.12345066931087,0,5542353933.484383,USD,24.544655194071094,87557841.16,USD,666716250.4399999,USD,2026-06-19,-293.97894398456964,2.322514764536404,Specialty stores,Retail trade
MRCY,Mercury Systems Inc,91.95,USD,0,1.7821562984281596,0,5520979515.388533,USD,,46826181.15,USD,492301495.35,USD,2026-08-18,81.04670420669096,1.2397368511456939,Aerospace & defense,Electronic technology
UUUU,Energy Fuels Inc,22.04,USD,1.7226379794200255,3.086997193638916,0.24863883847549992,5507068560.419084,USD,,320483684.08,USD,1976450598.6799998,USD,2026-07-31,47.837798835904024,32.233783484661444,Other metals/Minerals,Non-energy minerals
CORT,Corcept Therapeutics Incorporated,51.2,USD,1.7597551644988556,-2.065799540933432,-0.019531250000009992,5496401434.246366,USD,146.2857142857143,67846297.60000001,USD,547292057.6,USD,2026-08-05,-230.53045515394913,-18.415337043908472,Pharmaceuticals: major,Health technology
SEI,"Solaris Energy Infrastructure, Inc.",74.66,USD,0.740131578947377,2.330043859649127,1.781542994910262,5490644974.01398,USD,90.06031363088059,139338480.62,USD,1191149605.86,USD,2026-07-29,,9.202457401698368,Information technology services,Technology services
KLIC,"Kulicke and Soffa Industries, Inc.",104.28,USD,0.23378141437756586,1.5780245470485141,0.5082470272343701,5457272724.571596,USD,100.21141649048626,116844175.8,USD,874343898.12,USD,2026-08-05,109.2641105025006,21.538384470882903,Industrial machinery,Producer manufacturing
GTX,Garrett Motion Inc.,29.14,USD,-0.24137931034482857,0.48275862068965714,0,5454673095.9896555,USD,16.925132136841494,75856752.62,USD,735943550.74,USD,2026-07-23,13.095238095238097,10.549943883277217,Auto parts: OEM,Producer manufacturing
RUSHB,"Rush Enterprises, Inc.",66.84,USD,,-2.5371828521434745,0,5454302185.076116,USD,20.21044992743106,9851413.92,USD,41838431.160000004,USD,2026-07-28,-4.46772789454048,-4.949960296699631,Specialty stores,Retail trade
DLB,Dolby Laboratories,57.59,USD,,-0.9630266552020552,0,5447905603.042306,USD,22.75295326142784,51003777.24,USD,418052605.62,USD,2026-08-11,77.98676092786019,14.111091241570668,Packaged software,Technology services
AVTR,"Avantor, Inc.",7.97,USD,0.24067388688326802,-4.0914560770156525,3.387703889585953,5441560582.11793,USD,,53646978.58,USD,503883380.78999996,USD,2026-07-23,-17.36641221374046,-4.94109160855975,Medical specialties,Health technology
BEPC,Brookfield Renewable Corporation,37.33,USD,-0.21810250817883942,1.7720828789531042,0,5432274905.682116,USD,,44686548.44,USD,571886790.12,USD,2026-07-31,-204.6021125695169,-7.392679246098363,Electric utilities,Utilities
LYFT,"Lyft, Inc.",13.87,USD,0.975609756097565,-3.3449477351916403,0.4325883201153605,5394392687.347037,USD,1.949320478405689,218320762.73999998,USD,1725531345.37,USD,2026-08-12,-99.48276857105834,3.627651218582656,Other transportation,Transportation
BGC,"BGC Group, Inc.",11.24,USD,0.35118525021948327,-1.3169446883230935,0,5394227146.914838,USD,30.60168799346583,32351507.52,USD,253707447.88,USD,2026-08-05,485.54032426414307,26.439560555895202,Investment banks/Brokers,Finance
VSEC,VSE Corporation,191.21,USD,-0.02590002590003179,-0.9531209531209549,0,5364471822.65667,USD,73.598922247883,69645947.98,USD,722142042.1600001,USD,2026-07-29,114.15935726394927,7.768724558572558,Engineering & construction,Industrial services
XENE,Xenon Pharmaceuticals Inc.,55.78,USD,0.17717930545712515,-1.1693834160170031,0.9322337755467838,5322926550.538271,USD,,39873830.980000004,USD,378241167.88,USD,2026-08-12,2.811107627672121,,Pharmaceuticals: major,Health technology
NVTS,Navitas Semiconductor Corporation,22.65,USD,0.054945054945063534,24.450549450549445,-3.0022075055187627,5293603414.994506,USD,,1603118257.1999998,USD,6095469268.65,USD,2026-08-17,-6.192047776206192,17.845394736842106,Semiconductors,Electronic technology
FND,"Floor & Decor Holdings, Inc.",48.76,USD,,-5.741349313744441,0,5270670548.044848,USD,26.50288074790738,202701415,USD,1433195317.24,USD,2026-07-30,0.9610739620146959,2.001202119909248,Home improvement chains,Retail trade
APLS,"Apellis Pharmaceuticals, Inc.",41.02,USD,0,-0.024372410431386816,0.12189176011700915,5251432370.33049,USD,40.995402758345,370065744.86,USD,1446886400.1200001,USD,2026-07-30,,34.205879557607574,Pharmaceuticals: major,Health technology
PRM,"Perimeter Solutions, SA",32.16,USD,1.8885741265344598,1.2275731822473939,0,5246166323.293673,USD,,52797200.63999999,USD,424603270.08,USD,2026-07-30,,21.72165450062809,Chemicals: major diversified,Process industries
ESTC,Elastic N.V.,50.38,USD,-0.4784688995215311,-3.5789473684210473,-0.5557761016276322,5214380736.757895,USD,,107917788.88000001,USD,549821021.64,USD,2026-05-28,,6.234045919415511,Packaged software,Technology services
PSN,Parsons Corporation,48.74,USD,0.6506710044733638,-0.8946726311508698,2.7492819039802963,5214133255.47865,USD,23.318342742321313,54457786.88,USD,444978751.08000004,USD,2026-08-05,-4.780238562150298,-7.023133605268442,Information technology services,Technology services
CRSP,CRISPR Therapeutics AG,54.01,USD,0.29181105234361426,-1.495531643260989,-0.5782262543973347,5209199403.322086,USD,,71124418.75,USD,699359989.13,USD,2026-08-10,5.881497247594037,68.75,Biotechnology,Health technology
MC,Moelis & Company,63.85,USD,-0.4302397049784898,-1.8899815611554964,0,5198568853.680855,USD,22.924745081143186,51911135.45,USD,445816215.55,USD,2026-07-29,-56.25903374494964,-34.46258210622317,Investment banks/Brokers,Finance
MDA,MDA Space Ltd.,37.34,USD,1.1268419531927205,7.887893672349043,1.3390465988216387,5177541562.236564,USD,63.885633014233676,45277513.160000004,USD,166951695.48000002,USD,2026-08-07,21.76160395495743,-8.197630769716719,Electronic production equipment,Electronic technology
MWH,"SOLV Energy, Inc.",44.83,USD,-0.20886516593177862,4.038059874680888,1.3321436538032587,5171076393.099999,USD,,66439360.07,USD,320339220.52,USD,2026-05-12,,,Engineering & construction,Industrial services
MKTX,"MarketAxess Holdings, Inc.",145.21,USD,,-1.5725615129126231,0,5160683723.972819,USD,17.16409971513339,100801442.17,USD,663623640.1600001,USD,2026-07-22,-15.563168793434304,13.550953494539405,Investment banks/Brokers,Finance
DIOD,Diodes Incorporated,111.99,USD,,0.5205995871106708,-1.776944370033034,5145350780.824432,USD,60.71564109514773,90693645.63,USD,611780427.87,USD,2026-08-06,46.647716134091354,3.546930624294521,Semiconductors,Electronic technology
ORLA,Orla Mining Ltd.,14.81,USD,-5.319148936170206,-1.5292553191489273,1.2829169480080993,5117948475.033121,USD,22.494371000095303,64795275.43,USD,329872445.49,USD,2026-07-30,-7.58083048563395,-2.7782421493954104,Precious metals,Non-energy minerals
MARA,"MARA Holdings, Inc.",13.39,USD,0.23183925811438283,3.4775888717156187,-3.95817774458552,5091341385.060278,USD,,663288941.38,USD,4339994945.78,USD,2026-08-12,-1488.509518549802,-19.84707420466701,Data processing services,Technology services
EPAM,"EPAM Systems, Inc.",97.35,USD,0.46356948503476136,-1.8945883301421038,0.6266050333846939,5085997342.39494,USD,13.967602622781468,164099293.04999998,USD,1315779874.1999998,USD,2026-07-30,-24.537739817473526,-0.5319179168312556,Information technology services,Technology services
ACLS,"Axcelis Technologies, Inc.",165.08,USD,1.202232717904685,1.2574372814819428,1.1630724497213396,5072903563.944797,USD,51.42999563835753,105512697.88000001,USD,1116554567.44,USD,2026-08-05,-73.13467650231799,-16.52079050056644,Industrial machinery,Producer manufacturing
GLBE,Global-E Online Ltd.,29.91,USD,-1.0067114093959755,0.36912751677852157,0,5067810231.502348,USD,77.48704663212435,85020939.69,USD,438000843.6,USD,2026-05-13,373.73132064115265,52.48597013332957,Internet retail,Retail trade
ALH,Alliance Laundry Holdings Inc.,25.4,USD,,-0.039354584809136416,0,5027796179.6851635,USD,,20846923,USD,147488452.79999998,USD,2026-06-03,-37.39056420233463,-0.6243058824604781,Industrial machinery,Producer manufacturing
PACS,"PACS Group, Inc.",31.9,USD,0.7144983626079038,-5.031259303364111,12.852664576802514,5013564282.542421,USD,27.07060420909708,32406922.9,USD,119983524.1,USD,2026-08-17,13.92206999198565,0.9974958481057471,Hospital/Nursing management,Health services
NOVT,Novanta Inc.,139.98,USD,,1.207432578989218,5.7293899128447,4995013928.561202,USD,95.94900267324695,85776244.5,USD,481003895.34,USD,2026-08-11,64.00075096227873,4.241918042645937,Electronic equipment/Instruments,Electronic technology
STVN,Stevanato Group S.p.A.,18.28,USD,0,0.274273176083383,-0.4923413566739598,4990507448.487109,USD,30.426098535286286,8247698.36,USD,77743944.28,USD,2026-08-11,-40.81596823808249,-20.639782702269887,Medical specialties,Health technology
ENPH,"Enphase Energy, Inc.",37.65,USD,0.1371742112482775,3.2921810699588354,0.23081009296148733,4962203002.625514,USD,37.05343962208444,244924017.89999998,USD,1494338477.25,USD,2026-07-28,-119.13052462996927,-17.598981710993503,Semiconductors,Electronic technology
ACHR,Archer Aviation Inc.,6.54,USD,-1.7114197530864197,0.9259259259259198,2.3868501529052044,4956721658.62963,USD,,440810466.48,USD,2230586099.94,USD,2026-08-06,-45.419553502694384,,Aerospace & defense,Electronic technology
LBRDK,Liberty Broadband Corporation,34.47,USD,,-4.515235457063719,0,4944552322.003878,USD,,71987768.46,USD,417191857.74,USD,2026-07-31,,,Wireless telecommunications,Communications
LBRDA,Liberty Broadband Corporation,34.41,USD,,-4.522752497225312,0,4944163062.014983,USD,,7061723.43,USD,56351467.67999999,USD,2026-07-31,,,Wireless telecommunications,Communications
GNTX,Gentex Corporation,23.2,USD,0.2565198802907171,-0.8123129542539601,-1.067672413793096,4940482634.8354,USD,13.075579101617539,42381365.6,USD,325257921.59999996,USD,2026-07-24,5.866736625587289,4.8171069901578925,Auto parts: OEM,Producer manufacturing
QS,QuantumScape Corporation,8.03,USD,-1.7241379310344813,6.498673740053042,1.3698630136986454,4939614982.602122,USD,,244302792.79999998,USD,1054567573.9499999,USD,2026-07-29,-0.6932720643324509,,Electrical products,Producer manufacturing
M,Macy's Inc,18.69,USD,-0.15400410677618653,-4.055441478439421,0.5885500267522709,4929291175.366016,USD,8.003939874095328,122356795.05000001,USD,610293130.0200001,USD,2026-05-27,4509.090909090909,61.12354976592713,Department stores,Retail trade
PLUG,"Plug Power, Inc.",3.52,USD,-0.6570512820512879,12.820512820512816,5.68465909090909,4906721694.76923,USD,,612201856.64,USD,1810177353.6,USD,2026-08-12,-133.77796937565805,27.20341136934851,Electronic production equipment,Electronic technology
MEOH,Methanex Corporation,63.35,USD,0.5648778866921472,5.250041535138734,0,4901026052.637169,USD,,45210424.35,USD,392356197.8,USD,2026-08-05,85.09747185093755,-2.386040128928667,Chemicals: specialty,Process industries
DUOL,"Duolingo, Inc.",105.15,USD,0,-2.6298731364015087,0.0475511174512574,4899266489.324938,USD,12.242118008662041,156046280.25,USD,2252068105.65,USD,2026-08-12,3.5896458025456455,3.2166947127281986,Packaged software,Technology services
SYNA,Synaptics Incorporated,126.55,USD,0.5022721836881092,0.8929283265566375,0.3555906756222859,4889598905.034282,USD,,130145285.5,USD,1142466318.3,USD,2026-07-30,45.94594594594595,-2.743801652892562,Semiconductors,Electronic technology
BLLN,"BillionToOne, Inc.",105.94,USD,1.1781411359724672,13.962994836488818,0,4872685035.543675,USD,228.96044953533607,116351041.62,USD,735635812.54,USD,2026-09-02,306.92934782608694,12.841868551737063,Medical/Nursing services,Health services
KNF,Knife Riv Holding Co.,85.68,USD,,-5.2526816322017025,0,4862670454.959637,USD,33.31389245305028,43737069.6,USD,300846898.8,USD,2026-08-11,-347.425,-45.68520725731691,Construction materials,Non-energy minerals
DOCS,"Doximity, Inc.",26.26,USD,0,1.0777521170130913,0.8697638994668584,4850467838.276366,USD,22.050550004198506,110087539.64,USD,523988626.20000005,USD,2026-05-13,-0.8072962825698126,9.807446966325472,Packaged software,Technology services
PSMT,"PriceSmart, Inc.",156.98,USD,,-0.8087956527233674,0,4850035034.296853,USD,30.996761709185687,24198310.02,USD,276192495.76,USD,2026-07-09,25.606718200261945,8.157708415748855,Specialty stores,Retail trade
MIAX,"Miami International Holdings, Inc.",52.19,USD,-1.3079438353529518,0.3846893633390955,0,4783290980.918637,USD,77.52525252525253,80340033.44,USD,525104100.66999996,USD,2026-09-02,468.4744857066524,0.06929519210467905,Investment banks/Brokers,Finance
DNTH,"Dianthus Therapeutics, Inc.",87.12,USD,,0.47284050282552276,0,4762522174.319919,USD,,22213596.240000002,USD,299409660,USD,2026-08-06,36.6246585547554,63.02816901408451,Biotechnology,Health technology
VSH,"Vishay Intertechnology, Inc.",34.83,USD,-0.17513134851136944,1.6637478108581447,0.9187482055699119,4740554199.010509,USD,,155876336.01,USD,1137720069.1799998,USD,2026-05-13,,1.3004654457148639,Electronic production equipment,Electronic technology
LASR,"nLIGHT, Inc.",84.95,USD,3.7072114734136234,14.937085644703027,-0.17657445556210205,4739472937.204032,USD,,203123435.3,USD,1006994156.85,USD,2026-07-30,,-1.2366816530147196,Semiconductors,Electronic technology
INDV,"Indivior Pharmaceuticals, Inc.",38.84,USD,0.5316455696202553,-1.6708860759493585,0,4735452736.653165,USD,19.671799027552677,115451628.12,USD,866915130.9200001,USD,2026-07-30,-12.745098038699481,-11.452513965956289,Pharmaceuticals: major,Health technology
KEN,Kenon Holdings Ltd.,89.89,USD,0.5939925750928179,1.1249859376757791,0,4684023903.076274,USD,69.86088443304578,1601839.8,USD,24118925.24,USD,,1.0959999999999999,-13.989056603773584,Electric utilities,Utilities
PI,"Impinj, Inc.",153.74,USD,-0.013079589300902644,0.5428029559871902,0,4682795159.862926,USD,,62672879.7,USD,595672548.3000001,USD,2026-07-29,-2117.822651448639,-20.031448911673795,Semiconductors,Electronic technology
LQDA,Liquidia Corporation,53.13,USD,2.600472813238774,25.60283687943264,-2.4844720496894417,4681519756.3340435,USD,382.7809798270893,366385595.73,USD,702969193.08,USD,2026-08-06,263.1879079354174,44.3855206963628,Pharmaceuticals: major,Health technology
OPEN,Opendoor Technologies Inc,4.85,USD,-2.7944111776447045,-3.193612774451101,2.886597938144342,4678972885.608782,USD,,200254108.95,USD,1257397788.6,USD,2026-07-30,84.21532846715328,-2.1739130434782608,Real estate development,Finance
AIR,AAR Corp.,117.57,USD,,-0.17829852266939036,0,4675085267.222619,USD,25.879944528825195,45828080.58,USD,295317616.65,USD,2026-07-21,96.53179190751445,6.2617880045265935,Aerospace & defense,Electronic technology
CSTM,Constellium SE,34.2,USD,0.35419126328216477,0.9445100354191271,0.29239766081869684,4656345593.90791,USD,11.03795507358637,59700648.6,USD,529430979.6,USD,2026-07-29,77.67857142771153,11.812812357478373,Aluminum,Non-energy minerals
KVYO,"Klaviyo, Inc. Series A",15.52,USD,0.1972386587771161,2.038132807363568,-0.837628865979375,4645973368.794213,USD,,135561457.6,USD,1310904513.44,USD,2026-08-12,28.599886169607284,2.230186039206728,Packaged software,Technology services
FLNC,"Fluence Energy, Inc.",25.23,USD,-2.6903973509933716,4.428807947019869,1.58541418945699,4640686981.984271,USD,,688039912.38,USD,3541855193.01,USD,2026-08-17,53.56778344796983,-2.1764015200932594,Electrical products,Producer manufacturing
NAMS,NewAmsterdam Pharma Company N.V.,39.59,USD,-2.633617350890772,2.2205009036922454,0,4628228372.549962,USD,,125223407.54,USD,602521080.98,USD,2026-08-12,35.34562150474487,9400,Pharmaceuticals: major,Health technology
MIR,"Mirion Technologies, Inc.",18.47,USD,-0.6845708267509164,-2.738283307003684,0.16242555495398558,4627109348.676146,USD,195.65677966101694,79449702.38,USD,414120838.42999995,USD,2026-07-30,-119.65317919075144,-7.137707281903379,Aerospace & defense,Electronic technology
ATMU,Atmus Filtration Technologies Inc.,56.6,USD,0.8814534988307157,1.8168735384061843,0,4622659660.485699,USD,22.134449180712526,76511540.4,USD,737793055.8000001,USD,2026-08-06,0.8333333333333334,6.918943125839677,Auto parts: OEM,Producer manufacturing
OLLI,"Ollie's Bargain Outlet Holdings, Inc.",75.73,USD,-1.4718404087093953,-7.882252767303235,0,4616214103.777643,USD,19.43888289953283,147962788.6,USD,683359802.82,USD,2026-06-10,85.29411764705883,26.993460111241667,Department stores,Retail trade
EXLS,"ExlService Holdings, Inc.",30.19,USD,-0.2574002574002519,-2.863577863577854,-0.06624710168929968,4612517059.427607,USD,19.263654925982646,80683771.27000001,USD,500241960.1,USD,2026-07-23,11.34515154533081,5.111543175179455,Data processing services,Technology services
TDS,"Telephone and Data Systems, Inc.",43.31,USD,-1.2050785452980466,-6.800086077038943,0,4603973859.784377,USD,80.86258401792384,87775121.01,USD,320701411.59000003,USD,2026-07-30,157.61970534069982,-6.429158905633906,Wireless telecommunications,Communications
AQN,Algonquin Power & Utilities Corp.,5.97,USD,0.9884678747940627,-1.647446457990124,0,4589090330.183453,USD,29.188481022647036,18971167.5,USD,161345984.16,USD,2026-08-06,298.6624364345681,21.40629348822401,Electric utilities,Utilities
NAVN,"Navan, Inc.",18.26,USD,-0.856531049250536,-2.2483940042826456,-0.3285870755750398,4578896119.041757,USD,,49391784.42,USD,487645698.54,USD,2026-07-01,67.71759047690881,-8.729108313583058,Packaged software,Technology services
YSS,York Space Systems Inc.,35.88,USD,0,3.1330842196033446,-0.7246376811594345,4578619021.1037655,USD,,170028969.24,USD,519777019.32000005,USD,2026-05-14,-12.763178724077884,37.520559747278284,Aerospace & defense,Electronic technology
CVLT,"Commvault Systems, Inc.",103.995,USD,,-1.0419640308307154,-1.9375931535169966,4573116333.681273,USD,65.73640960809102,64110317.625,USD,485240877.99,USD,2026-08-04,-17.61894050163086,-0.681893497157715,Packaged software,Technology services
ONDS,Ondas Inc,9.42,USD,-1.545253863134664,3.9735099337748276,0.31847133757961105,4570053646.721854,USD,,418795349.1,USD,3094205910.3,USD,2026-05-14,-1234.5124144089546,198.179794440852,Telecommunications equipment,Electronic technology
IRDM,Iridium Communications Inc,43.15,USD,1.3024602026049183,4.076218041485764,-0.48667439165701243,4562152098.189821,USD,43.52430905789792,114584825,USD,590961385.9499999,USD,2026-07-28,-13.155037200884777,2.872640180332488,Specialty telecommunications,Communications
SMR,NuScale Power Corporation,13.29,USD,-2.1513944223107675,5.896414342629469,-0.3762227238525127,4559925349.247808,USD,,639256761.36,USD,3060413850.6299996,USD,2026-08-12,13.405732947726692,-68.75,Electrical products,Producer manufacturing
AD,"Array Digital Infrastructure, Inc.",52.52,USD,-2.008248162094324,-5.827505827505827,0,4539990418.834498,USD,10.116731517509729,22168061.76,USD,97033326,USD,2026-07-30,341.31414701803055,-13.786073032869764,Wireless telecommunications,Communications
LAZ,"Lazard, Inc.",45.98,USD,-0.27038269550747807,-4.367720465890186,0,4526165192.574459,USD,18.202692003167062,40890611.739999995,USD,595143555.38,USD,2026-07-23,102.40816411192466,-14.899759884130503,Investment banks/Brokers,Finance
CSW,"CSW Industrials, Inc.",274.09,USD,,0.9465232763700624,0,4514325185.64614,USD,36.3649631162766,38811418.089999996,USD,237679610.30999997,USD,2026-05-21,-74.76141282959465,-15.872482857978486,Industrial specialties,Process industries
FBIN,"Fortune Brands Innovations, Inc.",37.78,USD,-0.23696682464454005,-0.5265929436545439,0,4506905023.0358095,USD,16.7583392476934,158111906.82,USD,928266311.8000001,USD,2026-07-29,-68.32460732984293,-6.14385150812065,Building products,Producer manufacturing
CAI,"Caris Life Sciences, Inc.",15.94,USD,0.3095975232198187,-1.3003095975232142,0.3764115432873306,4504323420.444583,USD,,51901500.76,USD,361572328.02,USD,2026-08-18,-100.62227753578097,-26.191760616758742,Biotechnology,Health technology
NTSK,"Netskope, Inc.",11.24,USD,-1.6970740103270112,-3.270223752151455,0.26690391459074164,4499532798.743546,USD,,34462829.12,USD,337304576.96,USD,2026-07-01,87.47006566241792,6.600858974985475,Packaged software,Technology services
KNSA,"Kiniksa Pharmaceuticals International, plc",58.37,USD,-1.0409556313993162,-0.3924914675767986,0.9936611272914261,4490871880.76587,USD,64.32664756446991,23299728.009999998,USD,268869380.78,USD,2026-07-28,59.109796464539755,6.00563012363514,Pharmaceuticals: major,Health technology
MANE,"Veradermics, Incorporated",108.13,USD,,1.874882231015635,2.6542125219643062,4453234570.4,USD,,41813330.35,USD,565188914.0699999,USD,2026-06-03,-285.9893992932862,,Pharmaceuticals: major,Health technology
AZZ,AZZ Inc.,148.65,USD,,0.711382113821146,0,4441707989.852643,USD,14.158491284884274,54918296.550000004,USD,197641026.45000002,USD,2026-07-15,-61.214850882531955,-9.547711546321045,Industrial specialties,Process industries
LGND,Ligand Pharmaceuticals Incorporated,220.48,USD,,-0.420035228761125,0,4418051930.16973,USD,29.893161234340255,45032378.559999995,USD,406985134.4,USD,2026-08-11,-129.79858878170776,-13.314115241511079,Pharmaceuticals: major,Health technology
SHC,Sotera Health Company,15.43,USD,,-2.2179974651457517,-0.9073233959818572,4400126615.413815,USD,37.60662929563734,46688356.31,USD,458376788.08,USD,2026-08-06,-23.695689605693623,-7.710230324840743,Medical specialties,Health technology
IPGP,IPG Photonics Corporation,103.48,USD,1.5408173030912045,-0.9665996746100018,0,4392065580.914921,USD,152.44549204478494,48076911.480000004,USD,752170043.0400001,USD,2026-08-04,-88.06330067822155,-3.2695621759675886,Semiconductors,Electronic technology
MMYT,MakeMyTrip Limited,46.29,USD,-4.891304347826093,-3.2399665551839556,-1.490602721970183,4391402363.853888,USD,94.41158474403426,42697109.07,USD,279534709.59,USD,2026-05-19,,28.929410790045786,Internet software/Services,Technology services
RDNT,"RadNet, Inc.",55.9,USD,8.575356590479467,-3.935384086612819,1.2880143112701232,4375377579.130435,USD,,135037965.4,USD,445278158,USD,2026-08-11,-5505.6951423785595,5.0973869478850204,Medical/Nursing services,Health services
FELE,"Franklin Electric Co., Inc.",99.01,USD,,-0.3321924703040047,0,4374482619.010972,USD,29.899740291115542,27494383.93,USD,180654735.11,USD,2026-07-28,-12.118100128369704,-1.2662398516340965,Industrial machinery,Producer manufacturing
WIX,Wix.com Ltd.,79.31,USD,-0.6490264603095484,-1.0109835247129333,0,4365813792.060909,USD,101.19943856067374,123113071.62,USD,727837863.0600001,USD,2026-05-13,-6730.899830234199,3.7757772263794025,Packaged software,Technology services
CBT,Cabot Corporation,84.55,USD,,-1.3188608776844182,0,4364590907.4521475,USD,15.983591062043935,46552553.6,USD,299295501.2,USD,2026-08-10,-6.944444444444445,6.478209658421672,Chemicals: specialty,Process industries
GTLB,GitLab Inc.,25.64,USD,-1.0777521170130913,-1.3086989992301765,-7.371294851794073,4362184247.088529,USD,,183257028.4,USD,1025270859.32,USD,2026-06-08,68.62010633156113,6.567957013009868,Packaged software,Technology services
TPC,Tutor Perini Corporation,82.79,USD,0.18105009052505214,-0.0724200362100037,0,4355971274.810261,USD,56.806641965143406,61611738.470000006,USD,431452716.69000006,USD,2026-07-30,-10.892256476055067,-7.822060350346466,Engineering & construction,Industrial services
NWE,"NorthWestern Energy Group, Inc.",70.77,USD,,-2.2378781599668525,0.6676557863501636,4352922162.0617485,USD,26.01551299489027,25869973.5,USD,191725413.17999998,USD,2026-08-05,41.988319795932064,20.109398837456308,Electric utilities,Utilities
BDC,Belden Inc,110.91,USD,-0.26714158504006874,-1.237756010685664,-0.3967180596880333,4319283415.167409,USD,18.687447346251055,56739226.89,USD,538251664.59,USD,2026-07-30,-24.83760255711529,-3.2973671054824196,Electrical products,Producer manufacturing
ACIW,"ACI Worldwide, Inc.",42.36,USD,-1.9995605361458946,-6.921555702043504,0,4306383848.582728,USD,21.299275945293644,41821223.16,USD,237699031.07999998,USD,2026-07-30,-40.459462820193984,-11.596968438538207,Packaged software,Technology services
BETA,"Beta Technologies, Inc.",18.59,USD,0.16059957173448147,-0.4817987152034253,2.8509951586874727,4271066542.018201,USD,,40845446.07,USD,283798453.51,USD,2026-05-12,65.70123555055419,24.837407490468717,Aerospace & defense,Electronic technology
MTH,Meritage Homes Corporation,63.79,USD,,-2.1025168815224022,0,4254948294.7774715,USD,11.68893042346948,42304252.2,USD,403032173.11,USD,2026-07-29,-34.18024300555747,-21.750771022374273,Real estate development,Finance
ACMR,"ACM Research, Inc.",64.67,USD,3.241436925647448,8.053467000835422,0.2783361682387392,4248662909.203174,USD,49.16749030639399,130155747.38000001,USD,666522907.08,USD,2026-07-31,115.02049944092437,-5.386818311991163,Industrial machinery,Producer manufacturing
OLED,Universal Display Corporation,90.84,USD,,-0.9918256130790153,2.3778071334213964,4246850741.166212,USD,20.258697591436217,64698609.84,USD,1036192076.88,USD,2026-07-30,-45.878574013753166,-17.76240841511158,Electronic production equipment,Electronic technology
NP,Neptune Insurance Holdings Inc.,30.68,USD,,2.540106951871651,-4.986962190352025,4243992396.5254006,USD,,14948492.52,USD,117507836.16,USD,2026-09-02,69.21482845959015,-13.644983663490759,Insurance brokers/Services,Finance
MTRN,Materion Corporation,203.03,USD,-0.5626724181170725,1.8357827155539932,0,4223325408.457892,USD,55.480256865692034,79826320.25,USD,406222830.06,USD,2026-08-05,194.7360413814088,12.264703780461659,Electronic equipment/Instruments,Electronic technology
VNT,Vontier Corporation,29.97,USD,-0.29910269192422684,-0.39880358923230647,-2.035368702035367,4219776112.549351,USD,10.584122051137166,86367546,USD,537800291.37,USD,2026-07-30,-23.643724696356276,-7.161410018552876,Other transportation,Transportation
MRP,"Millrose Properties, Inc.",27.29,USD,0.928332714444857,1.3367991088005922,-1.0626603151337455,4207672819.3345704,USD,9.786623632777479,60794369.64,USD,408926240.88,USD,2026-07-30,0.5284772329390206,2.864364831847853,Real estate development,Finance
LEU,Centrus Energy Corp.,213.22,USD,-1.7218926349298322,2.8408816862007362,0.3658193415251858,4194633217.9037285,USD,70.62369580338512,231166940.62,USD,1393377134.94,USD,2026-08-11,-43.82022471910113,-47.5376196990424,Other metals/Minerals,Non-energy minerals
XMTR,"Xometry, Inc.",80.735,USD,-0.16247969003875723,0.9061367329083793,1.5173097169752825,4184045020.738908,USD,,63345326.88,USD,810660377.205,USD,2026-08-06,38.996988649525136,6.621690454162725,Information technology services,Technology services
ARIS,Aris Mining Corporation,20.18,USD,0.5076142131979768,2.4365482233502562,-0.6937561942517373,4163134038.2452626,USD,24.51732256238999,23159455.919999998,USD,186807995.48,USD,2026-08-06,86.39209208974253,17.239099760422423,Precious metals,Non-energy minerals
GPI,"Group 1 Automotive, Inc.",348.6,USD,,-2.5794371628985724,0,4147710049.4145274,USD,13.336342873320048,59559355.800000004,USD,409350870.6,USD,2026-07-29,202.58823529411765,-3.096829692288392,Specialty stores,Retail trade
POWI,"Power Integrations, Inc.",74.34,USD,0.7096069868995578,1.4465065502183436,0,4142223687.131823,USD,249.71447766207592,113569069.32000001,USD,728284001.76,USD,2026-07-30,-75.16930022573364,4.945544746327662,Semiconductors,Electronic technology
KBR,"KBR, Inc.",32.47,USD,0.12292562999385111,-0.2151198524892449,0.7083461656914197,4116869958.891211,USD,9.85013954617158,63198309.199999996,USD,578207154.6899999,USD,2026-07-23,-7.2727272727272725,2.0159151193633953,Information technology services,Technology services
ZETA,Zeta Global Holdings Corp.,16.51,USD,-2.2753792298716484,-3.6756126021003444,0,4115243033.794633,USD,,157909069.50000003,USD,1236522806.3500001,USD,2026-08-05,-302.5844930417495,0.42215904195743953,Packaged software,Technology services
BILL,"BILL Holdings, Inc.",41.5,USD,0.2361941190533211,-0.7889074826679375,-0.26506024096385405,4106858189.3617024,USD,,160542376.5,USD,968059917.5,USD,2026-08-20,,-1.955285033194991,Packaged software,Technology services
CAAP,Corporacion America Airports SA,25.1,USD,,-0.5152596115735196,-1.3545816733067724,4095775995.552913,USD,16.1197097167812,4995000.4,USD,35829220.9,USD,2026-05-27,95.70406161447359,6.702423037824867,Other transportation,Transportation
AMRX,"Amneal Pharmaceuticals, Inc.",12.78,USD,,-3.1818181818181817,-2.1909233176838763,4077110892.163636,USD,34.2627345844504,20928873.06,USD,134689161.23999998,USD,2026-08-12,77.48888128634964,-11.273223392798155,Pharmaceuticals: major,Health technology
LBTYA,Liberty Global Ltd.,12.06,USD,,-0.7407407407407396,0,4067820450.9629626,USD,,16306977.24,USD,192159626.04000002,USD,2026-07-23,,3.53342539192592,Major telecommunications,Communications
LBTYK,Liberty Global Ltd.,11.72,USD,,-0.8460236886632796,0.08532423208190944,4063505769.069374,USD,,8687121.84,USD,94566054.72,USD,2026-07-23,,3.53342539192592,Major telecommunications,Communications
TVTX,"Travere Therapeutics, Inc.",43.51,USD,-0.2816901408450811,2.136150234741776,0,4046121137.217605,USD,,106856121.97999999,USD,1126464719.3899999,USD,2026-07-30,-66.47866824342763,-1.9199777930279363,Pharmaceuticals: major,Health technology
NG,Novagold Resources Inc.,9.22,USD,1.2571428571428507,5.371428571428579,0.8676789587852501,4045557497.638858,USD,,23277890.740000002,USD,237456572.98000002,USD,,0.24123174115040247,,Precious metals,Non-energy minerals
MWA,MUELLER WATER PRODUCTS,25.85,USD,,-1.971937808115281,0,4044777665.422829,USD,19.61602671118531,19483765.400000002,USD,205085059.3,USD,2026-08-10,36.80555555555556,20.804525455688246,Industrial machinery,Producer manufacturing
SAIC,Science Applications International Corporation,92.65,USD,,-1.362716916852977,0,4022799226.064623,USD,12.031686254139343,47839364.25,USD,316697341.8,USD,2026-06-08,8.974358974358974,-6.216505894962487,Information technology services,Technology services
MRX,Marex Group plc,55.76,USD,0.8671031675809626,-1.327198725889223,0,4010865195.0621123,USD,12.887122122584818,48648090.8,USD,492787587.03999996,USD,2026-08-19,32.42924528380276,32.17684377556486,Internet software/Services,Technology services
HYMC,Hycroft Mining Holding Corporation,43.71,USD,2.939646201873056,13.709677419354849,0.3889270189887936,3993371829.4112906,USD,,183576667.38,USD,693841437.66,USD,2026-07-29,-519.6996919917864,,Precious metals,Non-energy minerals
SRAD,Sportradar Group AG,12.8,USD,0.23006134969326025,-1.8404907975460003,0.7031249999999989,3990494188.957056,USD,51.488334674175384,35670464,USD,319824499.2,USD,2026-08-19,-243.56688415477151,-5.580828878034309,Packaged software,Technology services
LBTYB,Liberty Global Ltd.,14.77,USD,,-7.975077881619945,,3979623866.955949,USD,,1165559.78,USD,1434019.3,USD,2026-07-23,,3.53342539192592,Major telecommunications,Communications
SKE,Skeena Resources Limited,32.62,USD,0.9430996541967958,2.5463690663313385,0.800429184549375,3971168283.1160655,USD,,18185650,USD,153119813.14,USD,2026-05-11,-97.79458752957862,,Precious metals,Non-energy minerals
PJT,PJT Partners Inc.,153.34,USD,,-0.8406621831350124,0,3959963823.330316,USD,35.11978379368787,32791298.98,USD,394458869.64,USD,2026-07-28,13.382683658170915,-21.854836750672224,Investment banks/Brokers,Finance
GFF,Griffon Corporation,86.19,USD,,-2.0790729379686415,0,3953245065.3098164,USD,138.32450649975928,35005809.93,USD,232807809,USD,2026-07-30,-34.822246726823735,-35.00727174127391,Building products,Producer manufacturing
KAI,Kadant Inc,333.81,USD,,-1.4786612360545395,0,3941555852.0394897,USD,38.09659674510968,57302826.03,USD,567238993.47,USD,2026-08-04,6.176899063475546,-1.64183589327892,Industrial machinery,Producer manufacturing
PPTA,Perpetua Resources Corp.,31.54,USD,0.9682804674457401,5.308848080133555,0.7222574508560622,3940913137.8263774,USD,,48977204.4,USD,300943767.15999997,USD,2026-08-13,-134.52658242075995,,Precious metals,Non-energy minerals
NVST,Envista Holdings Corporation,24.2,USD,1.0726072607260793,-0.16501650165016152,1.8181818181818237,3938015639.240924,USD,59.945504087193456,121794316.6,USD,816222319,USD,2026-08-05,17.62917933130699,-6.008526512123635,Medical specialties,Health technology
MNDY,monday.com Ltd.,76.91,USD,20.715970584154306,6.7156930761759455,-0.611103887660901,3934778649.7657833,USD,34.32562706417924,654931873.42,USD,1493225493.12,USD,2026-08-17,487.58810910321165,5.372488993596184,Packaged software,Technology services
ORKA,"Oruka Therapeutics, Inc.",65.68,USD,-2.4573463384424876,1.6875677349434948,0,3931401923.133612,USD,,61586953.760000005,USD,984302679.8400002,USD,2026-05-20,2.292168973147934,,Pharmaceuticals: major,Health technology
OPLN,"OPENLANE, Inc.",37.05,USD,1.0029031406703683,-2.2169437846397555,0,3925303162.43072,USD,,38404622.099999994,USD,412929104.24999994,USD,2026-08-04,-27.899159663865547,6.797491401982601,Packaged software,Technology services
DLO,DLocal Limited,13.26,USD,-0.8759124087591185,-3.211678832116785,0.4524886877828092,3910797653.128467,USD,19.743895175699823,31215127.32,USD,161627770.98,USD,2026-05-14,7.160636758317168,19.6132156625307,Packaged software,Technology services
GPGI,"GPGI, Inc.",13.32,USD,1.368876080691639,-4.034582132564845,1.8018018018018036,3860954548.5475507,USD,,67867051.68,USD,535594029.84000003,USD,2026-08-06,-642.4245222047825,,Commercial printing/Forms,Commercial services
BBWI,"Bath & Body Works, Inc.",19.16,USD,-1.1657374556512947,-2.8890015205271173,-0.7306889352818401,3858489042.8018246,USD,6.081188307360269,97924652.4,USD,769865679.96,USD,2026-05-14,423.3766233766234,70.89084065244667,Specialty stores,Retail trade
CRNX,"Crinetics Pharmaceuticals, Inc.",36.55,USD,0.18676627534685242,-2.4813233724653143,0,3853839571.350053,USD,,70431594.14999999,USD,481377644.84999996,USD,2026-08-11,-4.095590929446729,74.22496347995455,Pharmaceuticals: major,Health technology
LIVN,LivaNova PLC,70.09,USD,,-2.4631227386584973,0,3850291875.7566104,USD,36.18108610365476,76051855.4,USD,607277282.5,USD,2026-07-29,-27.82777597928132,0.3762815184261568,Medical specialties,Health technology
IRTC,"iRhythm Holdings, Inc.",116.84,USD,,-3.16592076910326,0,3839643830.821151,USD,,56714953.88,USD,560728012.4,USD,2026-07-30,-349.7400967915397,-4.547848149743884,Medical specialties,Health technology
HHH,Howard Hughes Holdings Inc.,64.28,USD,-0.2432720085145151,-2.265470579291463,0,3832668321.405504,USD,31.478942213516163,30239497.52,USD,240958593.84,USD,2026-07-24,37.100000000000016,-62.21997312830992,Real estate development,Finance
UCTT,"Ultra Clean Holdings, Inc.",85.45,USD,1.1662456946039021,-1.8943742824339742,4.15447630193095,3830582445.6934557,USD,,69649440.5,USD,739639562.65,USD,2026-07-23,-442.4242424242424,5.32859680284193,Industrial machinery,Producer manufacturing
OSIS,"OSI Systems, Inc.",231.92,USD,-0.359571979378769,0.4722089849672811,-5.13539151431528,3822712130.4236007,USD,26.514233451469075,96351627.83999999,USD,806823009.1999999,USD,2026-08-20,3.9199979327631205,-2.329670708555199,Aerospace & defense,Electronic technology
WAY,Waystar Holding Corp.,19.9,USD,-1.683816651075769,-6.922357343311508,0.5025125628140775,3817076494.990646,USD,29.728114729608603,42204178.699999996,USD,402590711.09999996,USD,2026-08-12,116.54492695617371,3.405174969855504,Packaged software,Technology services
CPRX,"Catalyst Pharmaceuticals, Inc.",31.15,USD,0,0,-0.6420545746388421,3811079300.0000005,USD,18.49432998871935,114646422.44999999,USD,896619045.6999999,USD,2026-08-12,-0.1610366974215183,2.8444929645803008,Pharmaceuticals: major,Health technology
BELFA,Bel Fuse Inc.,270.76,USD,,2.0311263518860407,0,3808764112.412556,USD,66.04385686757567,10274529.719999999,USD,80551641.52,USD,2026-07-29,,1.4510793575009377,Electronic components,Electronic technology
TAC,TransAlta Corporation,12.8,USD,0.43103448275861844,0.31347962382445865,0.3906249999999917,3799039794.3510585,USD,,16906854.400000002,USD,132793830.4,USD,2026-07-31,,-6.878166898139764,Electric utilities,Utilities
CC,Chemours Company (The),25.26,USD,1.953124999999997,9.635416666666677,0.8313539192398942,3798540873.0312505,USD,,87813636.66000001,USD,766114329,USD,2026-07-23,52.459016393442624,3.8345864661654137,Chemicals: specialty,Process industries
BELFB,Bel Fuse Inc.,302.73,USD,,1.5940667158869721,0,3792448923.9392242,USD,73.8419884381784,42087643.71,USD,416672425.59000003,USD,2026-07-29,,1.4510793575009377,Electronic components,Electronic technology
OII,"Oceaneering International, Inc.",37.93,USD,1.5325670498084354,3.804050355774495,-0.24703401001845066,3783314158.245758,USD,11.27359191558924,36641707.55,USD,274653443.73,USD,2026-07-29,-79.67554727474347,3.5680418323177387,Industrial machinery,Producer manufacturing
RNG,"RingCentral, Inc.",44.62,USD,-1.3806706114398477,-2.213456059609917,0.04482294935007425,3764375470.4220905,USD,47.102290720996514,114020029.33999999,USD,892131655.3199999,USD,2026-08-04,33.31301432490095,0.025775076742961932,Packaged software,Technology services
BULL,Webull Corporation,7.07,USD,-1.4224751066856405,0.5689900426742537,-0.2828854314002894,3759958044.066856,USD,,67098867.220000006,USD,491058225.63,USD,2026-05-21,-91.76185297862554,5.265225049129803,Packaged software,Technology services
CGAU,Centerra Gold Inc.,18.73,USD,0.5981511691136456,1.848830886351277,0.10678056593699718,3740574382.2070203,USD,6.069557436725606,29573490.01,USD,258779785.98000002,USD,2026-08-12,-59.981258905841,27.14761169214887,Precious metals,Non-energy minerals
JOE,St. Joe Company (The),65.1,USD,,-1.0487916096671408,0,3737374403.9033284,USD,33.577470600371356,15355722.899999999,USD,182333967.89999998,USD,2026-07-29,-53.45092536914545,-23.156775880395053,Real estate development,Finance
VECO,Veeco Instruments Inc.,61.21,USD,3.668798384382362,3.012453719286434,0,3735859526.5080776,USD,159.60886571056062,125905542.24,USD,1044390422.15,USD,2026-08-10,-129.08438061041292,-4.045643782155778,Electronic production equipment,Electronic technology
AAUC,Allied Gold Corporation,29.94,USD,0.03379520108145172,1.18283203785063,0,3734632446.0267596,USD,,36106592.1,USD,155977669.5,USD,2026-05-11,-35.51343963702237,43.75033513694964,Precious metals,Non-energy minerals
ACAD,ACADIA Pharmaceuticals Inc.,21.8,USD,-1.3392857142857018,-2.678571428571419,0,3732941910.5267863,USD,9.926236226208905,42372442,USD,341480780.8,USD,2026-08-11,-98.67053164112761,-5.608315815049174,Pharmaceuticals: major,Health technology
EWTX,"Edgewise Therapeutics, Inc.",34.56,USD,0.1981879954699895,-2.151755379388443,0,3718414392.1359005,USD,,37897459.2,USD,433799608.32000005,USD,2026-08-06,2.395650788593277,,Biotechnology,Health technology
DAN,Dana Incorporated,33.86,USD,-0.044668587896262116,-2.4207492795389145,-0.3248670998227981,3709583541.7919307,USD,61.88996527143118,36559454.64,USD,220874400.76,USD,2026-07-24,-160.24096385542168,-2.608242044861763,Auto parts: OEM,Producer manufacturing
OTTR,Otter Tail Corporation,88.29,USD,,0.2953538566397877,0,3706780545.8301716,USD,13.261336497589259,30098590.740000002,USD,188412360.93,USD,2026-08-03,40.24413798431645,12.634575250163097,Electric utilities,Utilities
KALA,"KALA BIO, Inc.",3.91,USD,-5.42244640605296,-1.387137452711216,-4.092071611253201,3685434245,USD,,738943.0800000001,USD,2628554.0386,USD,2026-05-19,,,Pharmaceuticals: major,Health technology
VKTX,"Viking Therapeutics, Inc.",31.72,USD,-0.23938716884774752,1.2448132780083005,0,3682871026.1410794,USD,,62181223.519999996,USD,486334243.71999997,USD,2026-07-29,-0.42051984625337746,,Pharmaceuticals: major,Health technology
ABG,Asbury Automotive Group Inc,197.49,USD,,-1.4471780028943448,0,3677027020.9319825,USD,6.993668196498386,60839164.38,USD,399601858.47,USD,2026-07-28,213,-12.048244300928104,Specialty stores,Retail trade
HGV,Hilton Grand Vacations Inc.,46.04,USD,,-5.403739469899326,0,3672328447.1896443,USD,24.341757428359944,34489991.24,USD,261507890.6,USD,2026-08-12,37.5,-3.6009002250562636,Real estate development,Finance
CLSK,"CleanSpark, Inc.",14.3,USD,-0.7746478873239396,0.7042253521126861,-9.580419580419587,3657266408.570423,USD,,426323697.8,USD,2111161538.2,USD,2026-08-11,-40841.72972972973,-18.99021694418114,Data processing services,Technology services
BB,BlackBerry Limited,6.22,USD,0.47095761381476053,-2.354788069073789,-0.32154340836012174,3656628515.277272,USD,71.41688458193278,173016857.29999998,USD,1477849241.02,USD,2026-06-25,79.08812282767097,11.078356494482682,Packaged software,Technology services
NNNN,Anbio Biotechnology,25.35,USD,,-1.896284829721356,0,3647641967.089783,USD,154.8564447159438,503958,USD,4368514.8,USD,,,,Medical specialties,Health technology
ITRI,"Itron, Inc.",81.71,USD,,-0.19543178209357615,0.46505935625995554,3622968233.108464,USD,13.051047789419883,62392285.22,USD,391601139.83,USD,2026-07-30,-47.39737080332192,2.680803348861293,Electronic equipment/Instruments,Electronic technology
DORM,"Dorman Products, Inc.",121.01,USD,,-2.5134939176669544,0,3616116290.4851365,USD,19.506415629634407,31722287.46,USD,271504691.55,USD,2026-07-27,276.7387543252595,-1.7031892506859603,Automotive aftermarket,Consumer durables
BRC,Brady Corporation,76.42,USD,,-2.4384016341120853,0,3609166837.0928125,USD,17.90660074513204,18602691.34,USD,118989073.22,USD,2026-05-21,-10.911079798279442,-5.218524156955442,Miscellaneous manufacturing,Producer manufacturing
SOUN,"SoundHound AI, Inc.",8.45,USD,-1.5765765765765827,-4.842342342342358,-0.5502958579881655,3601475053.8175664,USD,,297146962.45,USD,2673555444.2999997,USD,2026-08-06,-162.4809646254088,-19.731560689442233,Packaged software,Technology services
MMSI,"Merit Medical Systems, Inc.",60.31,USD,-0.12289864534030634,-1.5668353190794855,0,3597784260.9027257,USD,26.02934829520932,57939696.38,USD,521393640.37,USD,2026-07-29,7.864547702994264,-2.9909889797657945,Medical specialties,Health technology
HWKN,"Hawkins, Inc.",171.68,USD,0.8016271835367332,2.703996171332861,0,3588471557.4472365,USD,43.399565195409274,15952848.96,USD,139326217.28,USD,2026-05-13,-36.666961678024606,-12.963478037613127,Chemicals: specialty,Process industries
SA,"Seabridge Gold, Inc.",33.33,USD,1.6020506247997435,6.792694649150905,-0.09000900090009342,3578747975.5712276,USD,,34971169.199999996,USD,199504414.23,USD,2026-05-18,-37.60140285698748,,Precious metals,Non-energy minerals
RUM,Rumble Inc.,8.16,USD,-3.2451923076923026,-1.9230769230769247,-0.24509803921568107,3551481607.7307687,USD,,27301989.12,USD,197369853.12,USD,2026-05-14,-101.045108150027,9.312525479612372,Internet software/Services,Technology services
ALHC,"Alignment Healthcare, Inc.",17.16,USD,-2.3982152816508626,-4.294478527607359,6.060606060606056,3547552509.496932,USD,187.746170678337,130718822.52,USD,777539076.6,USD,2026-07-30,,21.95814787461345,Managed health care,Health services
WRBY,Warby Parker Inc.,28.79,USD,-2.1319796954314687,-2.571912013536384,-0.06946856547412147,3526479020.2886634,USD,3030.5263157894738,121514730.33,USD,763167306.51,USD,2026-08-06,,14.379057216183574,Specialty stores,Retail trade
ADEA,Adeia Inc.,31.84,USD,-0.6434134778191712,7.8225533355909205,2.2298994974874287,3511752984.36573,USD,29.500602242194017,177826304.48,USD,721130245.92,USD,2026-08-11,-69.10501824693736,-42.63531936794385,Packaged software,Technology services
BHF,"Brighthouse Financial, Inc.",61.11,USD,0,-0.4398826979472191,0,3510512014.63783,USD,,19080864.18,USD,245138853.96,USD,2026-08-12,-659.1240875912408,-9.591474245115453,Life/Health insurance,Finance
OGN,Organon & Co.,13.33,USD,-0.07490636704119691,-0.14981273408239382,-0.37509377344336614,3500469571.6382027,USD,14.202002983166418,65684294.82,USD,689051614.02,USD,2026-08-11,,-3.11877903118779,Pharmaceuticals: major,Health technology
TWST,Twist Bioscience Corporation,56.21,USD,-0.38240985048373777,-1.1257695690413376,0.4803415762319801,3500270393.930167,USD,,64431274.6,USD,683923933,USD,2026-07-31,-44.29802996033697,6.766765029219464,Biotechnology,Health technology
LIF,"Life360, Inc.",43.28,USD,-1.248581157775249,-1.7480136208853487,-0.3696857670979753,3492182016.3486953,USD,24.6314950771157,48603266.88,USD,223841216.96,USD,2026-08-17,1223.9558868579597,17.255034257853602,Packaged software,Technology services
AMBA,"Ambarella, Inc.",79.72,USD,4.508519003931845,4.482306684141549,0.3512293025589578,3490849604.4996066,USD,,103131212.96,USD,566062861.36,USD,2026-05-28,-8.790626861719721,-6.993877475749641,Semiconductors,Electronic technology
DNN,Denison Mines Corp,3.85,USD,-0.26737967914439115,2.941176470588232,-0.012987012987017325,3481068455.498047,USD,,106096413.5,USD,619079657.35,USD,2026-05-12,61.45994169333285,18.599032399941365,Other metals/Minerals,Non-energy minerals
RUN,Sunrun Inc.,14.47,USD,-0.4791238877481197,-0.9582477754962272,-0.06910850034554103,3451808085.759753,USD,6.765792303735915,108970907.52000001,USD,970550260.3100001,USD,2026-08-05,61.55538687702374,-37.676006810299675,Semiconductors,Electronic technology
RXO,"RXO, Inc.",20.7,USD,-7.126436781609198,-4.827586206896555,0,3413850595.448275,USD,,54886091.4,USD,466095648.59999996,USD,2026-08-06,21.73913043478261,-2.995234853641933,Packaged software,Technology services
BMI,"Badger Meter, Inc.",116.67,USD,,-1.5609179885251387,-0.14476729236308203,3405080327.4730005,USD,26.383989145183175,64387722.93,USD,451309777.53000003,USD,2026-07-16,-18.58525688756515,-8.350022201480703,Industrial machinery,Producer manufacturing
SEZL,Sezzle Inc.,101.1,USD,-0.664313888312228,4.940834544322183,0.24727992087042536,3399691388.498028,USD,24.059398871992574,61678784.699999996,USD,781354180.8,USD,2026-08-12,20.172870159986882,4.365937983660458,Packaged software,Technology services
BOX,"Box, Inc.",24.5,USD,-0.07776049766718342,-4.743390357698285,0.40693877551019825,3392014740.863142,USD,41.45516074450085,60212719,USD,383737473,USD,2026-05-26,576.991297140489,1.583490254294985,Information technology services,Technology services
INOD,Innodata Inc.,103.83,USD,-1.7552126281069558,22.311226292849568,1.1268419531927205,3390605729.8713627,USD,93.63333032735143,1166072886.51,USD,3982816838.94,USD,2026-08-06,68.66296841390242,24.48325411738698,Data processing services,Technology services
TNGX,"Tango Therapeutics, Inc.",23.48,USD,1.998262380538666,1.998262380538666,0,3386808421.6733274,USD,,26856447.48,USD,438360235.68,USD,2026-05-13,-343.9498866784185,-100,Biotechnology,Health technology
AVA,Avista Corporation,40.68,USD,,-0.34296913277805136,0,3361731215.2033315,USD,16.15375451693603,20986893.36,USD,151022181.24,USD,2026-08-05,29.577464788732392,6.941838649155723,Electric utilities,Utilities
ATS,ATS Corporation,34.25,USD,,-3.19389485585077,0,3358549104.1374335,USD,257.155724046155,2882617,USD,39758016.5,USD,2026-05-14,-9.820907054568364,5.90329875562655,Industrial machinery,Producer manufacturing
EXK,Endeavour Silver Corporation,11.32,USD,4.586241276171495,12.861415752741785,0.8833922261484068,3347997326.4617624,USD,,137083139.76,USD,861244232.72,USD,2026-08-11,,18.8132845947917,Precious metals,Non-energy minerals
SIG,Signet Jewelers Limited,83.13,USD,-0.2978235967926585,-4.7766323024055,0,3330833995.2955327,USD,11.657061124900087,55676151.239999995,USD,429858745.85999995,USD,2026-06-02,1150,68.49403649949706,Specialty stores,Retail trade
ASO,"Academy Sports and Outdoors, Inc.",51.54,USD,-0.8870818702642707,-4.749584180373314,0,3318323617.3638887,USD,9.27011763013058,64666980.3,USD,407202078,USD,2026-06-09,86.81423101646124,24.194259432707764,Specialty stores,Retail trade
FSM,Fortuna Mining Corp.,10.88,USD,0.836431226765798,1.1152416356877417,0.9181985294117635,3313584218.4244075,USD,10.187688878394072,96845066.88000001,USD,470887792.64000005,USD,2026-08-12,58.40428189813803,23.971863804967334,Precious metals,Non-energy minerals
AVNT,Avient Corporation,35.99,USD,-0.24396855516401034,-2.439685551640007,0,3300648853.1303873,USD,20.921985815602838,29004197.040000003,USD,186044114.72,USD,2026-07-23,229.58579881656806,11.412043123849593,Chemicals: major diversified,Process industries
AEHR,Aehr Test Systems,104.56,USD,3.0237580993520496,7.538825465391338,-0.6291124713083481,3288752424.9058933,USD,,313476735.36,USD,2042513518.0800002,USD,2026-07-21,0.8359133126934984,4.34034803723189,Electronic production equipment,Electronic technology
FUL,H. B. Fuller Company,60.35,USD,-0.24489795918367116,-1.4693877551020385,0,3288308147.0832653,USD,20.841967122530736,23953759.900000002,USD,165910599,USD,2026-07-01,-29.217677922776808,-13.851772710407381,Industrial specialties,Process industries
BEAM,Beam Therapeutics Inc.,31.75,USD,1.0210396039603906,-1.7636138613861394,1.8267716535433016,3266414932.0389853,USD,,76503244.25,USD,472718098.25,USD,2026-08-11,-138.60792396140764,-72.18624297820504,Biotechnology,Health technology
CLBT,Cellebrite DI Ltd.,13.05,USD,-0.29368575624081605,-4.1850220264317075,-0.019157088122615164,3255189615.1651983,USD,41.907514450867055,17605076.400000002,USD,192544150.05,USD,2026-05-14,2.7688345138441726,2.2153631307080115,Packaged software,Technology services
EFXT,Enerflex Ltd,26.69,USD,0.18429782528566427,-1.621820862513814,0,3250889433.709591,USD,40.3402500735178,20339301.330000002,USD,125149650.21000001,USD,2026-08-07,,-9.538735990379825,Industrial machinery,Producer manufacturing
SVM,Silvercorp Metals Inc.,14.75,USD,3.4074074074074137,9.25925925925926,0.6840677966101649,3249591369.635135,USD,,81385573.5,USD,404833942.75,USD,2026-05-21,-41.17598833594337,55.410995786684445,Precious metals,Non-energy minerals
ERAS,"Erasca, Inc.",10.44,USD,3.7549407114624587,3.1620553359683825,-1.6283524904214555,3244747375.2450595,USD,,39715618.32,USD,393942584.15999997,USD,2026-08-06,4.965373056317784,,Pharmaceuticals: major,Health technology
PLAB,"Photronics, Inc.",54.96,USD,2.442207307979124,2.4608501118568236,1.4989082969432288,3240793105.2662196,USD,23.478149429706523,49390573.44,USD,265130832.24,USD,2026-05-27,-30.520541738806816,4.308291236038374,Electronic production equipment,Electronic technology
OLN,Olin Corporation,28.42,USD,1.6766020864381492,5.886736214605074,0,3235817106.8718333,USD,,63205028.46,USD,486546847.5,USD,2026-07-23,3.150525087514586,-4.930634796708906,Industrial specialties,Process industries
NATL,NCR Atleos Corporation,43.81,USD,1.423085611023256,-1.0390783826519105,0,3232294091.933815,USD,18.86979368566137,28891731.18,USD,224876817.62,USD,2026-08-18,-73.49397590361446,-9.461805555555555,Computer processing hardware,Electronic technology
CWK,Cushman & Wakefield Ltd.,13.76,USD,,-3.0303030303030285,0,3223974875.1515155,USD,43.87755102040816,17123645.759999998,USD,152178554.88,USD,2026-08-11,43.75,-12.972750360354176,Real estate development,Finance
QLYS,"Qualys, Inc.",91.53,USD,-0.2969876962240148,-2.9168434450572764,0,3223412579.878129,USD,16.426187143318618,80687722.32000001,USD,642204593.37,USD,2026-08-10,-4.716839134524929,0.6713398301703994,Packaged software,Technology services
VRNS,"Varonis Systems, Inc.",28,USD,-0.10515247108307443,-1.8576936558009152,0,3214796220.1191726,USD,,51158772,USD,622436416,USD,2026-08-03,-32.68766876687669,0.2451418650393092,Packaged software,Technology services
CON,"Concentra Group Holdings Parent, Inc.",25,USD,1.3245033112582794,3.47682119205298,0.0799999999999983,3199044589.1970196,USD,18.32172957127153,28478450,USD,214963800,USD,2026-07-30,42.490990341646246,5.653149810788751,Medical/Nursing services,Health services
EXTR,"Extreme Networks, Inc.",24.31,USD,-0.9983361064891783,1.1231281198003311,-2.797202797202796,3179215524.0341096,USD,202.0781379883624,55438687.589999996,USD,484709772.69,USD,2026-08-12,34.459116302691726,-0.3305811118974601,Computer peripherals,Electronic technology
BTDR,Bitdeer Technologies Group,13.17,USD,-0.07423904974016174,-2.227171492204905,0.30372057706910344,3174695781.3942094,USD,902.054794520548,88507984.08,USD,641405181.96,USD,2026-05-14,,32.48344214775898,Data processing services,Technology services
VCYT,"Veracyte, Inc.",39.7,USD,-0.09896091044037393,-1.781296387926766,0,3167767994.8119745,USD,36.54607382859247,39501500,USD,380442400.40000004,USD,2026-08-11,-30.23645775109966,-1.1128018430558322,Medical specialties,Health technology
SXI,Standex International Corporation,260,USD,,-0.5431872083237762,0,3149879769.48971,USD,31.683361360922227,44454020,USD,435102460,USD,2026-07-30,3059.3396226415093,1.479757816735948,Electronic equipment/Instruments,Electronic technology
USLM,"United States Lime & Minerals, Inc.",109.77,USD,,-0.22723141247045991,0,3148429238.111616,USD,24.132700171481332,11995665.6,USD,122831971.38,USD,2026-08-05,0.10802317588137092,-0.12167386854673641,Construction materials,Non-energy minerals
MMED,"MiniMed Group, Inc.",11.16,USD,,-3.5436473638720845,0.8064516129032245,3133950976.8,USD,,6467063.76,USD,39363362.28,USD,2026-07-01,-1090,14.992721979621543,Medical specialties,Health technology
AAP,Advance Auto Parts Inc.,51.83,USD,-1.371326803205692,-7.693677649154053,0.13505691684352747,3126862954.761532,USD,71.13642602250891,99935392.53999999,USD,511905059.10999995,USD,2026-05-21,,-3.094302554027505,Specialty stores,Retail trade
RCUS,"Arcus Biosciences, Inc.",24.86,USD,-0.2365930599369035,-1.971608832807571,-1.9308125502815785,3126720903.0741324,USD,,15834104.66,USD,191029584.9,USD,2026-08-12,-20.754716981132077,-48.484848484848484,Biotechnology,Health technology
DNLI,Denali Therapeutics Inc.,19.67,USD,0,0.2548419979612676,1.1692933401118295,3121820562.9418955,USD,,36068426.59,USD,270252050.67,USD,2026-07-30,0.07934717500719571,,Biotechnology,Health technology
ETOR,eToro Group Ltd.,38.75,USD,0.7295466388743982,0.9640437727983256,0.045677419354833104,3121165030.908025,USD,16.78361053361053,95863082.5,USD,329549685,USD,2026-05-12,20.988436559626393,6.003413714703959,Packaged software,Technology services
ICUI,"ICU Medical, Inc.",124.68,USD,,-1.3841651506762636,0,3116200258.1225977,USD,67.325449538312,50264243.28,USD,261402965.88000003,USD,2026-08-10,,-1.830041405913068,Medical specialties,Health technology
OPCH,"Option Care Health, Inc.",19.83,USD,0.9819600195026794,-3.315455875182853,0.05042864346949856,3113855287.293027,USD,15.514004068220935,95726528.97,USD,788599995.2399999,USD,2026-08-05,-22.49589771639546,-7.83324667029696,Medical/Nursing services,Health services
BHE,"Benchmark Electronics, Inc.",86.51,USD,1.7424862589170795,1.169453865045024,0,3103722552.948778,USD,91.54497354497356,25168873.360000003,USD,327885616.97,USD,2026-08-05,118.03114013058764,-3.8406658233131865,Electronic production equipment,Electronic technology
KN,Knowles Corporation,36.26,USD,0.48185941043084385,2.777777777777769,0,3102429195.7222223,USD,55.55385322506512,62446935.739999995,USD,277960203.78,USD,2026-08-05,-56.30630630630631,-5.61035758323058,Electronic components,Electronic technology
VGNT,Versigent PLC,43.72,USD,0.40640688501076194,4.518288309825485,0,3099470682.67081,USD,,86795916.96,USD,567175974.96,USD,2026-09-02,-64.0552995391705,-3.909643788010426,Electrical products,Producer manufacturing
YETI,"YETI Holdings, Inc.",40.92,USD,,-1.4688177221285803,0,3097383725.940766,USD,20.060790273556233,67995168.12,USD,395295956.88,USD,2026-05-14,47.78426395939086,19.669677673310563,Miscellaneous manufacturing,Producer manufacturing
VC,Visteon Corporation,116.01,USD,,1.4516834280717192,0,3096773360.637167,USD,19.210134128166917,64758870.18,USD,473009313.15000004,USD,2026-07-23,121.42857142857142,0.6329113924050633,Auto parts: OEM,Producer manufacturing
IAC,IAC Inc.,41.59,USD,-1.180208806173407,-5.605991829323647,1.9956720365472427,3093466471.119837,USD,30.725472813238774,57482620.34,USD,615477433.9200001,USD,2026-08-11,,-34.53455917297621,Internet software/Services,Technology services
HAWK,"HawkEye 360, Inc.",33.19,USD,-2.7108433734939927,-0.03012048192772625,7.140705031636049,3089300971.2999997,USD,1156.4459930313587,51046352.76,USD,516366999.71,USD,,-42.1772754312909,11.305752267362418,Data processing services,Technology services
TTAM,Titan America SA,16.67,USD,,0.9079903147699887,0,3073322502.649516,USD,16.611858495266567,2656464.5200000005,USD,31685252.450000003,USD,2026-08-04,-24.11574084750932,-1.784983558215247,Construction materials,Non-energy minerals
FSLY,"Fastly, Inc.",19.58,USD,-0.09751340809362812,-4.5343734763530135,-0.8779366700714877,3064270034.367625,USD,,317131816.76,USD,2507516537.68,USD,2026-08-05,-32.37020316027088,0.23694760503325377,Information technology services,Technology services
BKD,Brookdale Senior Living Inc.,12.81,USD,1.9599383667180308,-1.3097072419106313,-0.8298204527712799,3058897165.291988,USD,,60736091.43,USD,389222447.46000004,USD,2026-08-10,82.75404749393188,1.4272775373859723,Hospital/Nursing management,Health services
DYN,"Dyne Therapeutics, Inc.",18.46,USD,0.5110732538330486,4.826802952867697,0,3049952032.896082,USD,,21819923.060000002,USD,185957031.52,USD,2026-07-30,-3.622698790274063,,Biotechnology,Health technology
TDC,Teradata Corporation,32.31,USD,-1.0762899651788536,2.279202279202287,-2.0235221293717234,3040370965.2250714,USD,7.403249089201018,85835295.27000001,USD,804298645.8000001,USD,2026-08-10,805.4054054054054,5.463182897862233,Packaged software,Technology services
AWR,American States Water Company,77.15,USD,,-0.06476683937823466,0,3023713110.39443,USD,22.495990669193763,16234905.950000001,USD,147164782.25,USD,2026-08-11,4.205053042992741,2.9906621702236453,Water utilities,Utilities
ERO,Ero Copper Corp.,28.97,USD,3.0196629213483126,1.7205056179775227,1.46047635484985,3020932701.5213037,USD,10.433575668020469,45985732.29,USD,323586933.25,USD,2026-07-30,37.24893408327192,-20.164730855111976,Other metals/Minerals,Non-energy minerals
ALMS,Alumis Inc.,23.66,USD,-0.08453085376162119,0,0.8579881656804709,3009536071,USD,,22778333.76,USD,144693250.52,USD,2026-05-20,16.090905807570067,-6.631171345595342,Pharmaceuticals: major,Health technology
NIQ,NIQ Global Intelligence plc,10.09,USD,0.373134328358201,-5.876865671641799,0.09910802775024566,2977713405.2369404,USD,,12533263.23,USD,77857739.42999999,USD,2026-05-14,83.78650553881711,8.217746532090057,Packaged software,Technology services
LFST,"LifeStance Health Group, Inc.",7.67,USD,-1.5584415584415598,-0.3896103896103928,-0.026075619295955404,2974690097.0259743,USD,129.5608108108108,99703741.28,USD,504367825.39,USD,2026-08-12,22.06890641069592,5.568100053637541,Medical/Nursing services,Health services
PHIN,PHINIA Inc.,80.26,USD,,0.48829347689996316,0,2971270039.8863153,USD,22.422125995250735,23532312.26,USD,204469412.88000003,USD,2026-08-10,-17.77777777777778,-1.2373453318335208,Auto parts: OEM,Producer manufacturing
KLRA,"Kailera Therapeutics, Inc.",22.93,USD,0,6.800186306474155,0,2970290518.2999997,USD,,11073561.97,USD,79035445.02,USD,,,,Biotechnology,Health technology
NHC,National HealthCare Corporation,189.75,USD,,0.4925325707022597,0.5586297760210815,2963826871.087544,USD,24.08728546765512,16987938,USD,123356095.5,USD,,44.29956939917099,-1.2349625379103872,Hospital/Nursing management,Health services
EXPO,"Exponent, Inc.",60.16,USD,,-2.051449039400855,0,2963141074.026701,USD,28.074105184562974,25054835.2,USD,197612485.11999997,USD,2026-07-23,19.41280995073096,12.805155163642532,Engineering & construction,Industrial services
QTWO,"Q2 Holdings, Inc.",47.3,USD,0,-5.645322162377829,0.10570824524313799,2961000019.2319965,USD,42.57042570425704,47376484.099999994,USD,316991734.4,USD,2026-08-05,30.308663112067702,3.9784460815859997,Information technology services,Technology services
KALU,Kaiser Aluminum Corporation,180.39,USD,,0.03327233405421941,0,2947682070.4112453,USD,19.651611216419372,47132479.589999996,USD,312304156.08,USD,2026-07-23,121.63120567375887,19.13885898815931,Aluminum,Non-energy minerals
NTCT,"NetScout Systems, Inc.",40.67,USD,1.3046815042210231,4.041954464057299,0,2937201733.8600664,USD,31.386016360549466,32171068.09,USD,186118121,USD,2026-07-23,-66.92176562329985,-19.007272132533917,Packaged software,Technology services
NMRK,"Newmark Group, Inc.",16.53,USD,,-1.1954572624028648,0,2936105796.9539757,USD,20.404888285396865,23543778.180000003,USD,202797842.16000003,USD,2026-07-31,-78.78903779108254,-18.8328258520774,Real estate development,Finance
CECO,CECO Environmental Corp.,81.5,USD,0.17119100024455927,-0.34238200048911854,-0.8098159509202412,2923652033.29665,USD,218.32306455933565,57138672,USD,598999653.5,USD,2026-08-04,-113.01929996728819,-4.086765753890439,Industrial machinery,Producer manufacturing
CARG,"CarGurus, Inc.",32.39,USD,,-6.777953662397458,0,2921152109.487984,USD,21.239344262295084,50232161.06,USD,360289646.76,USD,2026-08-06,-35.282541467528816,1.0207636855334434,Internet software/Services,Technology services
CRVL,CorVel Corp.,56.99,USD,,-2.614490772385511,0,2915177528.5268283,USD,27.92121895056587,10933588.49,USD,66341432.11,USD,,-13.373468071382499,-1.6766606994571092,Insurance brokers/Services,Finance
EOSE,"Eos Energy Enterprises, Inc.",8.57,USD,-1.3732833957552988,6.9912609238452,2.0081680280046714,2909539144.717853,USD,,338446825.65000004,USD,1514837802.0900002,USD,2026-05-13,80.59035472766338,90.08259045621395,Electrical products,Producer manufacturing
ITGR,Integer Holdings Corporation,84.85,USD,,-3.710848842487528,0,2881068400.472083,USD,21.14325583713339,45478836.349999994,USD,362409029.04999995,USD,2026-07-23,-66.0426267281106,-6.326675798214039,Medical specialties,Health technology
BWIN,"The Baldwin Insurance Group, Inc.",20.16,USD,0.09910802775024566,-0.09910802775024566,0,2874163324.4955397,USD,,22164186.24,USD,220918017.6,USD,2026-08-11,,53.258619150596495,Insurance brokers/Services,Finance
PRVA,"Privia Health Group, Inc.",22.76,USD,0.737207285342592,-1.3009540329574898,-1.6094024604569528,2868041585.417173,USD,135.63766388557806,29290435.76,USD,232822373.04000002,USD,2026-08-06,-66.51732051141951,11.581139487742368,Life/Health insurance,Finance
SUPN,"Supernus Pharmaceuticals, Inc.",49.37,USD,0.13584319813700813,-4.191732971084812,0,2865421029.47778,USD,,42121447.23,USD,386129978.02,USD,2026-08-11,44.14129110840439,-1.827746582723612,Pharmaceuticals: major,Health technology
CCC,CCC Intelligent Solutions Holdings Inc.,4.88,USD,2.534113060428848,-4.873294346978558,2.2540983606557443,2864269956.7719297,USD,89.37728937728937,29856689.12,USD,427331171.44,USD,2026-07-30,89.86453201970446,1.2268547676029726,Packaged software,Technology services
AVEX,AEVEX Corp.,24.41,USD,-3.3506182688472275,-2.632628639808537,-0.9422367882015584,2859025393.93,USD,,29746196.87,USD,222408346.42,USD,,25.37162503792092,29.752959128964406,Aerospace & defense,Electronic technology
AYA,Aya Gold & Silver Inc.,19.86,USD,2.534919813761004,2.7418520434557743,0,2839712776.3388805,USD,60.95826390864388,8686525.68,USD,63063165.96,USD,2026-05-14,44.042033002918146,42.344721234689736,Precious metals,Non-energy minerals
KMT,Kennametal Inc.,37.07,USD,-0.24930747922438617,2.686980609418279,-0.48556784461828895,2825108223.1903048,USD,20.91632342154263,69644928.87,USD,539703649.87,USD,2026-08-12,71.84299837686292,11.908786176290072,Industrial machinery,Producer manufacturing
AMSC,American Superconductor Corporation,58.72,USD,-0.34426526544663477,6.396086247508609,0.1106948228882795,2795793342.0576196,USD,20.045060421929406,102677792,USD,509103456.96,USD,2026-06-03,2380.1263157894737,13.159333151134204,Electrical products,Producer manufacturing
INFQ,"Infleqtion, Inc.",12.84,USD,-1.9801980198019673,5.940594059405947,3.362928348909664,2779499475.683169,USD,,96198820.8,USD,679396500,USD,,-6.33980524856049,,Computer processing hardware,Electronic technology
WDFC,WD-40 Company,206.32,USD,,-0.8315308819995281,0,2776118658.55131,USD,35.03243114748531,26165708.72,USD,193217648.4,USD,2026-07-15,16.421512296023902,4.693601341769036,Industrial specialties,Process industries
TGB,"Taseko Mines, Ltd.",7.57,USD,2.670226969292392,1.0680907877169568,0.6605019815059421,2767842808.233627,USD,270.68594894627006,46315084.370000005,USD,259166345.89000002,USD,2026-08-05,273.35752685420385,-5.396957019021293,Other metals/Minerals,Non-energy minerals
IHS,IHS Holding Limited,8.24,USD,,0,0,2764694691,USD,19.225384974335046,6409920.72,USD,52811857.440000005,USD,2026-05-19,-150.26490066225057,-44.18809052955498,Engineering & construction,Industrial services
SLNO,"Soleno Therapeutics, Inc.",52.94,USD,0.018885741265340907,-0.018885741265354326,0,2759240659.515392,USD,30.045402951191825,78578047.89999999,USD,610070077.88,USD,2026-08-12,-26.933376801807047,3.132017878556634,Pharmaceuticals: major,Health technology
FA,First Advantage Corporation,16.04,USD,-0.5639097744361005,0.5012531328320695,0,2751454261.899749,USD,329.3634496919918,32442536.08,USD,182096056.88,USD,2026-08-06,-37.503603343903144,-8.289188294759498,Packaged software,Technology services
NN,NextNav Inc.,20.22,USD,0.4042445679636273,2.172814552804445,1.7309594460929845,2750489987.393633,USD,,37472310.6,USD,219859743.6,USD,2026-05-14,-14170.807453416148,6.538895152198422,Packaged software,Technology services
LCII,LCI Industries,113.14,USD,,-4.780340010099303,0,2747627749.861808,USD,13.90045827036723,33530736.1,USD,394444168.18,USD,2026-08-11,236.90323271248127,16.920446016940065,Miscellaneous manufacturing,Producer manufacturing
CALX,"Calix, Inc",42.73,USD,0.3469010175763149,-1.1794634597594937,-0.5382635150947739,2725417744.221554,USD,87.70525451559934,34694452.58,USD,219150846.54999998,USD,2026-07-27,55.435385468663334,2.765655223546425,Telecommunications equipment,Electronic technology
MGEE,MGE Energy Inc.,73.83,USD,,0.24439918533603883,0,2713726554.7613034,USD,18.920581225493965,19685071.41,USD,265987636.32,USD,2026-07-30,108.05510256630333,28.03965117935353,Electric utilities,Utilities
VISN,"Vistance Networks, Inc.",12.01,USD,-0.08532423208190944,2.4744027303754192,-0.8476269775187262,2709091267.9820814,USD,,117769243.32,USD,858800751.4,USD,2026-07-30,-210.32732622287605,-8.299319727891156,Telecommunications equipment,Electronic technology
STUB,"StubHub Holdings, Inc.",7.58,USD,-0.25940337224383364,-1.686121919584953,-0.1873350923482819,2703968851.0324254,USD,,26034677.32,USD,170174357.94,USD,2026-05-13,58.650604159248076,-4.046031620570247,Internet software/Services,Technology services
ATRO,Astronics Corporation,75.79,USD,-1.291955247735747,0.9456579648375173,1.4249901042353847,2693799613.1854024,USD,104.75466482377333,46056218.78,USD,255649446.91000003,USD,2026-05-12,,13.535306719887252,Aerospace & defense,Electronic technology
GRND,Grindr Inc.,14.53,USD,0.06626905235254996,-3.71106693174288,0.4817618719889903,2690196403.567926,USD,29.2119018898271,34827857.86,USD,220615615.67999998,USD,2026-08-06,32.03356367239054,3.149062505063391,Internet software/Services,Technology services
HOG,"Harley-Davidson, Inc.",25.53,USD,2.2816679779700952,0.4327301337529481,0,2687499781.3548384,USD,14.489216799091942,97883194.38000001,USD,746720485.38,USD,2026-07-23,,136.32209900878348,Motor vehicles,Consumer durables
DBD,Diebold Nixdorf Incorporated,77.48,USD,1.4100756313293095,-0.6794000769132177,0,2683007829.123958,USD,26.330456059267316,21365187.48,USD,180290071.52,USD,2026-08-12,-89.91935483870968,-19.23564571635573,Electronic equipment/Instruments,Electronic technology
WOR,"Worthington Enterprises, Inc.",54.4,USD,,-0.0734753857457736,0,2679362627.421014,USD,24.23486434712879,13355036.799999999,USD,60962000,USD,2026-06-23,66.3605093676815,15.643514163907993,Industrial machinery,Producer manufacturing
ICHR,Ichor Holdings,76.95,USD,2.4858908895458134,3.399623757054557,0.16894087069525074,2674036210.5677238,USD,,83265209.55,USD,803113606.8000001,USD,2026-08-11,84.53104442077563,14.517499530424036,Industrial machinery,Producer manufacturing
WHR,Whirlpool Corporation,41.08,USD,-1.1343416370106716,-8.62989323843417,0.2000973709834476,2665002575.9430604,USD,13.771371102916525,318726286.84,USD,1503951616.96,USD,2026-07-27,-175.92592592592592,-20.185501586526726,Electronics/Appliances,Consumer durables
NSIT,"Insight Enterprises, Inc.",88.23,USD,0,5.298961689939131,0,2664891754.4056573,USD,15.417817076154197,126196163.07000001,USD,602843827.2,USD,2026-07-30,-42.23928860145513,3.8905002546017378,Information technology services,Technology services
KD,"Kyndryl Holdings, Inc.",11.8,USD,-0.4078303425774791,-3.75203915171288,-0.33898305084746544,2660276883.9641113,USD,14.010923771075756,52060974.6,USD,512549732.40000004,USD,2026-08-10,-70.17543859649122,-2.33221041720653,Data processing services,Technology services
ARQT,"Arcutis Biotherapeutics, Inc.",21.24,USD,-0.5196032120925979,0.33065658951344695,-1.1299435028248515,2656770874.214454,USD,,70671278.52,USD,368507394.35999995,USD,2026-07-30,-164.93245185398104,-18.61346841385913,Pharmaceuticals: major,Health technology
IRON,"Disc Medicine, Inc.",69.23,USD,0.014649868151173315,1.4210372106651021,0,2644523017.535892,USD,,35898731.89,USD,215167047.69,USD,2026-08-06,-4.9115329335381865,,Biotechnology,Health technology
TXG,"10x Genomics, Inc.",20.5,USD,-2.6851851851851936,-5.092592592592599,0.048780487804885676,2644314226.3425927,USD,,59139978.5,USD,426447621.5,USD,2026-08-06,17.117893182377543,-9.147142082756128,Biotechnology,Health technology
PLBL,Polibeli Group Ltd,7.2,USD,,-2.702702702702705,,2637989781.0810814,USD,,49464,USD,167306.4,USD,,,,Electronics/Appliance stores,Retail trade
GRAL,"GRAIL, Inc.",61.26,USD,-0.6327060350421813,-0.6164828033744363,0.39177277179236364,2629070611.8864374,USD,,36075891.48,USD,289968022.74,USD,2026-08-18,6.038759377268694,-6.449985090717251,Medical specialties,Health technology
VERA,"Vera Therapeutics, Inc.",36.61,USD,2.3487151146725656,1.1605415860735058,0,2627972073.195358,USD,,42011805.5,USD,269745957.95,USD,2026-08-06,-32.860577186954565,,Biotechnology,Health technology
WK,Workiva Inc.,46.42,USD,0.03899395593683589,-9.49502827061805,0.021757862990093343,2616596723.3343735,USD,200.95238095238096,70349138.64,USD,571157389.66,USD,2026-07-30,60.76506431956668,3.5034632849938268,Information technology services,Technology services
NKTR,Nektar Therapeutics,78.72,USD,-2.3079741116131403,-3.871046525827331,0,2614468881.8737335,USD,,136968312.96,USD,459139044.48,USD,2026-08-06,-24.46021231187117,-50.19489154858532,Pharmaceuticals: major,Health technology
HUN,Huntsman Corporation,14.84,USD,0.2673796791443793,-0.8021390374331617,0,2602180737.2459893,USD,,55273331.12,USD,624431079.4399999,USD,2026-08-05,40.909090909090914,4.797047970479705,Chemicals: major diversified,Process industries
IMNM,"Immunome, Inc.",23,USD,-0.9803921568627558,2.4955436720142545,0.4347826086956583,2602063523.128342,USD,,29385858,USD,127149428,USD,2026-05-11,-21.656195067615784,,Biotechnology,Health technology
RARE,Ultragenyx Pharmaceutical Inc.,26.3,USD,0.11485451761101678,0.6891271056661551,0,2590266761.485452,USD,,48961973.6,USD,357434095,USD,2026-07-30,-43.41085271317829,-34.29951690821256,Pharmaceuticals: major,Health technology
NGVT,Ingevity Corporation,74.44,USD,,-1.5734496892767391,0,2588404536.965225,USD,,22106595.68,USD,152122531.96,USD,2026-08-05,,1.1368090944727558,Chemicals: major diversified,Process industries
CDNL,Cardinal Infrastructure Group Inc.,60.37,USD,-0.6285819929746781,11.610279164355692,2.6238197780354535,2587872285.2967277,USD,,48066533.629999995,USD,182835978.29999998,USD,2026-05-12,-58.42432276426271,19.20002842952805,Engineering & construction,Industrial services
BW,"Babcock & Wilcox Enterprises, Inc.",18.91,USD,14.442916093535086,30.055020632737282,-0.5288207297726146,2566877545.9456673,USD,,173565435,USD,492511195.83,USD,2026-08-06,31.6974659732212,8.045714745891242,Electronic equipment/Instruments,Electronic technology
CWT,California Water Service Group,42.88,USD,,-1.357257878997001,0,2566507862.5847716,USD,21.509907198394785,14197996.8,USD,140813417.6,USD,2026-07-23,-64.8406201010277,-2.4570638882070024,Water utilities,Utilities
TARS,"Tarsus Pharmaceuticals, Inc.",59.65,USD,0.3920927952948897,-2.5486031694167655,0,2566379182.2308445,USD,,75663281.1,USD,372239860,USD,2026-08-06,16.792069747999513,6.847851887016378,Pharmaceuticals: major,Health technology
TMC,TMC the metals company Inc.,5.91,USD,5.087719298245615,3.6842105263157885,1.1844331641286003,2560142187.3473682,USD,,48476189.910000004,USD,303598809.87,USD,2026-05-14,78.10608236639442,,Other metals/Minerals,Non-energy minerals
HUBG,"Hub Group, Inc.",41.86,USD,,-2.3787313432835893,0,2559885935.6287313,USD,24.089313460321115,21152151.02,USD,173088755.84,USD,2026-05-11,13.098585970610369,3.185343533028285,Air freight/Couriers,Transportation
CXT,"Crane NXT, Co.",44.48,USD,,-1.8318252041492062,0,2559484518.7446475,USD,19.88199535133202,42481558.08,USD,273740773.12,USD,2026-08-12,-86.66666666666667,-18.70413084504089,Industrial machinery,Producer manufacturing
SAH,"Sonic Automotive, Inc.",80.82,USD,,-0.4679802955665144,0,2554243509.3073893,USD,25.67589033262382,23443861.499999996,USD,171793578.23999998,USD,2026-07-23,29.637526652452024,-4.721928034510372,Specialty stores,Retail trade
SEDG,"SolarEdge Technologies, Inc.",41.79,USD,-0.0968523002421287,1.1864406779661065,-0.41923905240487364,2541592654.9016953,USD,,103349428.14,USD,1233218721,USD,2026-08-04,56.58071010664467,-7.412079031959876,Electrical products,Producer manufacturing
LWLG,"Lightwave Logic, Inc.",16.86,USD,-1.886792452830181,2.617163724893486,-0.9489916963226581,2539296491.2769322,USD,,155367176.1,USD,1390744139.3999999,USD,,5.028409631179642,445.7279023520537,Chemicals: specialty,Process industries
CLDX,"Celldex Therapeutics, Inc.",32.28,USD,0.08831321754489589,-4.974977921695607,0,2533724209.745069,USD,,30999291,USD,154750481.4,USD,2026-08-06,3.2367155699300274,-87.60330578512396,Biotechnology,Health technology
NYAX,Nayax Ltd.,69.1,USD,-5.15277777777777,-4.027777777777786,0,2529571797.071219,USD,67.63412734477474,1901770.2,USD,11013365.299999999,USD,2026-05-12,274.59279529009837,15.232611589746659,Packaged software,Technology services
HTFL,"Heartflow, Inc.",29.39,USD,-3.083700440528635,-0.40664181633344965,0,2520420558.8309045,USD,,24809686.06,USD,180768485.20000002,USD,2026-05-14,52.030282174810736,6.167343763505921,Packaged software,Technology services
ATKR,Atkore Inc.,74.63,USD,6.340018845066623,0.4576659038901456,1.259547099021838,2520051042.3524027,USD,,37077676.599999994,USD,269749090.18,USD,2026-08-11,-929.5313231262954,11.567268910895923,Electrical products,Producer manufacturing
AMPX,"Amprius Technologies, Inc.",17.68,USD,-1.0778443113772438,5.868263473053895,1.0180995475113106,2503968422.7688622,USD,,209090416.07999998,USD,1425513223.68,USD,2026-08-06,79.31204132671887,13.08551953713244,Electrical products,Producer manufacturing
KOD,Kodiak Sciences Inc,39.85,USD,1.8044379419653793,-2.828578395513281,0.9033877038895844,2493750796.6861744,USD,,50285479.65,USD,204495734.45000002,USD,2026-08-19,-2.5063451776649743,,Biotechnology,Health technology
MTX,Minerals Technologies Inc.,80.32,USD,,1.0187397811595875,0,2490621562.0153437,USD,15.532178217821782,24025880.639999997,USD,170578636.16,USD,2026-07-23,-2.4258760107816713,5.274302213666988,Chemicals: specialty,Process industries
KWR,Quaker Houghton,143.33,USD,,-2.853463467534214,0,2489132252.632575,USD,515.2048885693746,21258848.930000003,USD,183994440.96,USD,2026-08-04,-4.923344779223291,2.5616998023386373,Chemicals: specialty,Process industries
FRSH,Freshworks Inc.,8.61,USD,-0.28312570781427354,-2.491506228765579,0.34843205574914216,2474576708.687429,USD,13.55692017005196,111242577.6,USD,682518901.68,USD,2026-08-04,-102.51245782100436,2.6456855526622967,Packaged software,Technology services
ROG,Rogers Corporation,138.52,USD,0.31281103369827795,-1.5213991184416227,0,2472379206.9563484,USD,,44700404,USD,264164566.00000003,USD,2026-07-30,-2.1739130434782608,-0.49627791563275436,Chemicals: specialty,Process industries
IDYA,"IDEAYA Biosciences, Inc.",28.13,USD,0.635593220338982,-0.6709039548022644,-0.14219694276572753,2471527758.66596,USD,,30524341.209999997,USD,169100203.79,USD,2026-08-11,-18.332472710242214,-39.68370724531078,Pharmaceuticals: major,Health technology
RLAY,"Relay Therapeutics, Inc.",12.85,USD,-1.5673981191222515,0.7053291536050146,0,2461882282.2844825,USD,,41484772.949999996,USD,258066562.85,USD,2026-08-06,-33.52341045727819,-57.14285714285714,Biotechnology,Health technology
MLYS,"Mineralys Therapeutics, Inc.",29.73,USD,-0.4400812457684462,0.6431956668923537,0,2452668597.5402846,USD,,21373283.490000002,USD,254980117.98,USD,2026-08-18,-22.041943289694114,,Biotechnology,Health technology
RH,RH,129.2,USD,-0.4033161550526493,-3.5028754948091705,0.39086687306503404,2433427163.579058,USD,20.460844089001505,135097850.79999998,USD,745227279.5999999,USD,2026-06-11,-20.653522680270235,-4.660164514997567,Specialty stores,Retail trade
KEEL,Keel Infrastructure Corp.,4.3,USD,-10.065491183879102,8.31234256926951,-0.9302325581395358,2432189354.307305,USD,,265594359,USD,1178411349.3,USD,2026-08-17,-376.49547295529896,-22.39403257342949,Data processing services,Technology services
WOLF,"Wolfspeed, Inc.",50.31,USD,5.450643776824032,7.961373390557941,0.17889087656528782,2431939075.9339056,USD,,459471067.38,USD,3264531530.13,USD,2026-08-19,20.385126162018594,-10.86053412462908,Semiconductors,Electronic technology
HAE,Haemonetics Corporation,52.24,USD,,-5.224963715529745,0,2427663361.910015,USD,25.71245754786632,53384421.68,USD,395952035.2,USD,2026-08-11,-145.03129190880642,2.178383146441984,Medical specialties,Health technology
COHU,"Cohu, Inc.",51.28,USD,1.897456600726681,3.512313282196209,0.7605304212168498,2419151807.223254,USD,,64075795.84,USD,570887061.04,USD,2026-07-30,46.335823550337956,2.363576863290518,Semiconductors,Electronic technology
RDW,Redwire Corporation,12.16,USD,-0.27100271002711057,9.84643179765131,-0.9046052631578901,2418851710.554652,USD,,574620143.36,USD,2755439985.28,USD,2026-08-12,10.495712096217519,-10.866408073974668,Aerospace & defense,Electronic technology
ELVN,"Enliven Therapeutics, Inc.",39.59,USD,-0.1226993865030605,-2.846625766871157,0,2411226787.3658895,USD,,27923024.950000003,USD,145393285.25,USD,2026-08-19,20.359321805372975,,Biotechnology,Health technology
HE,"Hawaiian Electric Industries, Inc.",13.93,USD,-1.5509103169251546,-6.068779501011465,0.1435750179468742,2404603108.494269,USD,18.991138377641445,77011447.8,USD,255695862.17,USD,2026-08-10,-26.37992311597882,-7.36848244778016,Electric utilities,Utilities
HTO,H2O America,57.39,USD,,-1.0005175090564056,0,2401211670.7964463,USD,19.66960276930459,21295305.57,USD,192325712.34,USD,2026-07-23,17.219482120838485,-5.609570205885079,Water utilities,Utilities
PBH,Prestige Consumer Healthcare Inc.,50.65,USD,,-3.5972592310620493,0,2396693685.8755236,USD,13.393447391384827,44019459.15,USD,236501209.95,USD,2026-05-13,10.62519248537111,3.4036933538600724,Pharmaceuticals: major,Health technology
DGII,Digi International Inc.,62.8,USD,0.030404378230459137,-4.530252356339319,-1.9108280254777004,2367697991.9732447,USD,55.330396475770925,32571973.599999998,USD,152717793.6,USD,2026-08-12,-3.48390402185979,6.762097630285313,Telecommunications equipment,Electronic technology
IE,Ivanhoe Electric Inc.,14.88,USD,1.510791366906468,7.050359712230218,-1.948924731182802,2355378875.2575536,USD,,31988607.360000003,USD,197343172.8,USD,2026-08-06,,-4.241071428571429,Other metals/Minerals,Non-energy minerals
LCID,"Lucid Group, Inc.",6.03,USD,-1.89274447949527,-4.88958990536277,0.16583747927031153,2353248593.403785,USD,,124385501.34,USD,792917732.34,USD,2026-08-10,-26.32908282351785,-45.963499320873105,Motor vehicles,Consumer durables
BRZE,"Braze, Inc.",20.73,USD,-0.9392265193370195,-4.55801104972375,0.7235890014471711,2351791475.600829,USD,,58385962.08,USD,440945985.03000003,USD,2026-06-04,12.206233679648868,7.5077813060018235,Internet software/Services,Technology services
TENB,"Tenable Holdings, Inc.",21.31,USD,0.9619789280806269,-2.3820430600091598,0,2349895891.4571695,USD,,49421022.57,USD,499870587.9,USD,2026-07-28,,0.5853385175774164,Packaged software,Technology services
PLUS,ePlus inc.,89,USD,,-1.4505591850293458,0,2348937862.0750747,USD,18.27402829394493,29103979,USD,128155995,USD,2026-05-27,0.5651986802467365,0.9769622190905118,Packaged software,Technology services
DFTX,"Definium Therapeutics, Inc.",21.4,USD,-1.3151927437641684,-2.9478458049886713,0.7481308411214949,2334029013.387755,USD,,31717239.599999998,USD,225307203.6,USD,2026-08-06,-52.86303434060514,,Pharmaceuticals: major,Health technology
XIFR,"XPLR Infrastructure, LP",12.08,USD,0.46035805626598697,2.9838022165387863,0.16556291390728123,2332099811.041773,USD,10.922242314647377,27685185.6,USD,170287411.2,USD,2026-07-17,13.793103448275861,9.163346613545817,Alternative power generation,Utilities
USAS,Americas Gold and Silver Corporation,7.14,USD,4.072398190045256,7.692307692307689,0.2801120448179336,2326876643.0697675,USD,,50439965.94,USD,289983931.44,USD,2026-05-15,-146.57154758270116,23.534107277456492,Other metals/Minerals,Non-energy minerals
LMAT,"LeMaitre Vascular, Inc.",101.64,USD,,-5.836575875486378,0.09838646202282007,2322549116.046693,USD,37.451637864328085,41730029.88,USD,205332416.52,USD,2026-07-23,0.6225131562058785,3.2550851007711046,Medical specialties,Health technology
ACHC,"Acadia Healthcare Company, Inc.",25.01,USD,,-0.6751389992057115,-0.1199520191923276,2300095342.429309,USD,,42683941.75,USD,528944743.3,USD,2026-08-04,,0.8938973217166043,Medical/Nursing services,Health services
QUBT,Quantum Computing Inc.,10.18,USD,-0.8333333333333341,6.041666666666668,15.730844793713164,2295814393.710417,USD,,311661870.7,USD,1110716100.96,USD,2026-08-19,-165.32325776658269,-48.4375,Information technology services,Technology services
CSGS,"CSG Systems International, Inc.",80.35,USD,,-0.03732271709380585,-0.03733665214685891,2290770776.883553,USD,35.85292936504395,28615447.249999996,USD,171431546,USD,2026-08-05,241.27981716897585,-2.897308205377399,Data processing services,Technology services
SGML,Sigma Lithium Corporation,20.3,USD,0.6909258406264328,-6.494702901888531,0.14778325123151517,2261480386.5573773,USD,,99505809.2,USD,473417112,USD,2026-05-15,-117.16977652383021,-39.20415367144544,Other metals/Minerals,Non-energy minerals
HLIO,"Helios Technologies, Inc.",68.02,USD,,-0.293169158604519,8.056453984122323,2251945858.305775,USD,46.66575192096597,30003553.979999997,USD,117546586.36,USD,2026-08-10,89.32038834951457,-4.357694053563323,Industrial machinery,Producer manufacturing
BLBD,Blue Bird Corporation,70.36,USD,0.32385243593354546,-0.929315685722327,0,2226653916.06646,USD,17.26032774016289,45084647.56,USD,315719251.28,USD,2026-08-12,-4.7307842372220055,5.86969052851533,Motor vehicles,Consumer durables
VERX,"Vertex, Inc.",13.91,USD,-1.1386470194239782,-6.831882116543869,0.14378145219266408,2225005346.1024785,USD,,29367223.21,USD,201542880.24,USD,2026-08-12,64.15821790661144,0.9937805260103435,Packaged software,Technology services
TMDX,"TransMedics Group, Inc.",64.3,USD,1.370872641509423,-5.218160377358499,0.1555209953343834,2222266345.804835,USD,14.757860913472571,203564926.6,USD,1316674122.1,USD,2026-07-30,-93.05865272387386,8.191510537184941,Medical specialties,Health technology
AVPT,"AvePoint, Inc.",10.47,USD,-1.052631578947377,-8.157894736842103,-0.09551098376313072,2219819974.707895,USD,51.62721893491124,41003922.75,USD,232544845.89000002,USD,2026-08-06,-2.5185374584505245,2.2278026280223564,Packaged software,Technology services
PENG,"Penguin Solutions, Inc.",43.54,USD,5.2453086140628535,-1.5600271309066196,0.5339917317409318,2209546519.1498985,USD,62200,192274599.29999998,USD,1170855953.54,USD,2026-07-14,571.9190315539133,-0.020986909409987473,Semiconductors,Electronic technology
PDFS,"PDF Solutions, Inc.",55.09,USD,-0.25179159403448104,6.701530118148365,-0.8894536213468905,2199252848.420104,USD,307.2504182933631,57735091.260000005,USD,247794709.82000002,USD,2026-08-06,,-3.642453087191321,Information technology services,Technology services
XRAY,DENTSPLY SIRONA Inc.,10.91,USD,-0.09090909090908897,-0.8181818181818169,0.3666361136571874,2185564194.8427277,USD,,67981060.98,USD,503212905.46,USD,2026-07-30,93.15068493150685,-8.428720083246619,Medical specialties,Health technology
BCRX,"BioCryst Pharmaceuticals, Inc.",8.58,USD,0.6960556844547623,-0.46403712296982774,0,2180715582.7865434,USD,,31831971.6,USD,291233934.42,USD,2026-07-30,-393.6045069047571,-61.527222639003334,Biotechnology,Health technology
CENTA,Central Garden & Pet Company,34.22,USD,,-0.05841121495328015,0,2174651288.36507,USD,12.432334241598546,13146673.82,USD,96504745.94,USD,2026-08-12,1060.95600058471,46.775450173557964,Consumer sundries,Consumer non-durables
AXGN,"Axogen, Inc.",40.79,USD,-1.949595815501665,-3.019495958155024,-0.3922530031870473,2169123590.853067,USD,,54580160.83,USD,236065802.54999998,USD,2026-08-12,-48.85983581635755,2.5924813034188037,Medical specialties,Health technology
ADPT,Adaptive Biotechnologies Corporation,13.54,USD,0.43446777697319855,-1.9551049963794447,-0.14254062038404305,2167001076.974656,USD,,20382763.959999997,USD,220211175,USD,2026-08-05,-47.52927314235216,-1.1258213473584353,Biotechnology,Health technology
ALRM,"Alarm.com Holdings, Inc.",43.72,USD,,-8.151260504201687,0,2162416608.1168065,USD,18.139573479379305,27977783.32,USD,150072616.2,USD,2026-08-06,-32.10399032648126,1.3513875034873901,Packaged software,Technology services
CENT,Central Garden & Pet Company,37.76,USD,,-0.9963293130571645,0,2154242919.5846877,USD,13.71843778383288,1741793.2799999998,USD,16097088,USD,2026-08-12,1060.95600058471,46.775450173557964,Consumer sundries,Consumer non-durables
PBI,Pitney Bowes Inc.,15.9,USD,1.146496815286634,1.2738853503184782,-2.2433962264150944,2153518575.974522,USD,15.375689004931825,99660246,USD,499642061.1,USD,2026-08-05,112.6714709002451,-0.04438628631248364,Packaged software,Technology services
THR,"Thermon Group Holdings, Inc.",65.47,USD,0.030459945172114276,-0.2893694791349341,0,2151968730.5545235,USD,37.24118316268487,52609924.31,USD,421264227.14,USD,2026-05-21,22.315099638892605,11.83316505090226,Electrical products,Producer manufacturing
CMPR,Cimpress plc,88.45,USD,,-3.5125995418348412,0,2143328317.7560816,USD,49.67147750884484,14570280.05,USD,105020842.15,USD,2026-07-29,-71.95403696511609,-14.967635833004026,Commercial printing/Forms,Commercial services
SLDE,"Slide Insurance Holdings, Inc.",18.56,USD,-0.1625135427952391,0.5417118093174316,0,2126219430.6565545,USD,5.152120808349989,25392715.52,USD,192362670.07999998,USD,2026-08-18,-18.111710400441346,12.183039535225513,Packaged software,Technology services
POET,POET Technologies Inc.,13.9,USD,10.586301369863016,26.940639269406404,-0.21582733812950458,2125062572.3835618,USD,,1161852447.3,USD,5696219902.7,USD,2026-05-20,-355.4213927995467,14.330806811915728,Electrical products,Producer manufacturing
TRVI,"Trevi Therapeutics, Inc.",14.88,USD,0.0999999999999997,2.620689655172419,0.09408602150537194,2112658022.2013795,USD,,16840320.96,USD,171264306.24,USD,2026-08-06,-58.63395863395861,,Biotechnology,Health technology
DCO,Ducommun Incorporated,140.68,USD,,2.514027544997462,0,2108363646.7469215,USD,,60596503.2,USD,224304693.76000002,USD,2026-05-12,,2.152353710516659,Aerospace & defense,Electronic technology
ESTA,Establishment Labs Holdings Inc.,71.5,USD,,-0.3762017556081873,0,2101016916.9639127,USD,,22419969,USD,383685159,USD,2026-08-11,-411.7399617590918,-7.335530897440304,Medical specialties,Health technology
NVCR,NovoCure Limited,18.1,USD,-1.0620458356623883,1.1738401341531628,-0.6077348066298507,2096358908.1721632,USD,,46935634.900000006,USD,301464043.20000005,USD,2026-07-23,-190.3710355524715,-0.16919988528821336,Medical specialties,Health technology
VRRM,Verra Mobility Corporation,13.79,USD,,-3.5664335664335773,0,2094792896.3671331,USD,16.808873720136518,31892326.06,USD,193307599.45,USD,2026-08-12,41.652542372881356,-13.29936167407374,Other transportation,Transportation
BBAI,"BigBear.ai, Inc.",4.32,USD,-0.956937799043063,3.3492822966507316,-0.23148148148149708,2069061462.7751198,USD,,195702838.56,USD,1370011289.76,USD,2026-08-11,-873.6363636363636,26.13553113553114,Packaged software,Technology services
SION,"Sionna Therapeutics, Inc.",45.95,USD,,3.8887632828397156,0,2067661459.7626047,USD,,30819859.700000003,USD,139721727.3,USD,2026-05-18,-0.7988953545714568,,Biotechnology,Health technology
RNW,ReNew Energy Global plc,5.66,USD,0.35587188612098886,0.7117437722419936,0,2061358459.3060498,USD,14.14646338415396,4637396.48,USD,39809225.12,USD,2026-06-10,-104.15007964814261,-32.073619612217904,Alternative power generation,Utilities
WS,"Worthington Steel, Inc.",40.54,USD,,0.2720751916893382,0,2059689009.361365,USD,16.92339803798789,13027610.08,USD,74644599.32,USD,2026-07-01,-44.680851063829785,-11.71005849294644,Steel,Non-energy minerals
GRC,Gorman-Rupp Company (The),77.88,USD,,0.7763975155279429,0,2056829621,USD,34.901855337456304,7427259.84,USD,62877041.04,USD,2026-07-24,29.764329356997383,6.016653559142949,Industrial machinery,Producer manufacturing
SRPT,"Sarepta Therapeutics, Inc.",19.4,USD,0.5762966675018892,-2.781257830117764,0.6252577319587708,2048178614.432473,USD,,59593016.99999999,USD,471313261.2,USD,2026-08-05,,64.99139826701044,Pharmaceuticals: major,Health technology
SEM,Select Medical Holdings Corporation,16.44,USD,-0.06093845216332457,0.18281535648995206,0,2038836171.9634368,USD,15.46129972726418,18545980.44,USD,152996689.92000002,USD,2026-07-30,112.1740854565282,1.7787050866583516,Hospital/Nursing management,Health services
STOK,"Stoke Therapeutics, Inc.",32.64,USD,,-0.7601094557616297,1.9914215686274468,2032873160.6980844,USD,,15049422.72,USD,113083630.08,USD,2026-08-10,13.689715883591674,344.2938659058488,Biotechnology,Health technology
OCUL,"Ocular Therapeutix, Inc.",9.28,USD,1.6580310880829028,-3.83419689119172,-0.32327586206895864,2031952038.8642485,USD,,32664922.56,USD,193363351.04,USD,2026-08-10,-37.055711943576576,-18.60377358490566,Pharmaceuticals: major,Health technology
TYRA,"Tyra Biosciences, Inc.",34.01,USD,-0.582750582750591,-0.9032634032634098,0,2023092896.6550114,USD,,13872883.059999999,USD,150903628.37,USD,2026-05-11,-13.27842507030936,,Biotechnology,Health technology
AUPH,Aurinia Pharmaceuticals Inc,15.72,USD,-1.116217990807616,3.2173342087984254,-1.0782442748091672,2021618181.076822,USD,7.265332532236448,34309890.36,USD,161462147.88,USD,2026-07-30,-83.70209778266349,0.7663978006949573,Biotechnology,Health technology
LAC,Lithium Americas Corp.,5.79,USD,-0.35906642728905674,3.9497307001795288,0.518134715025911,2019676000.8558326,USD,,76115513.7,USD,524103429.33,USD,2026-05-14,,,Other metals/Minerals,Non-energy minerals
ATEN,"A10 Networks, Inc.",28.02,USD,-1.6917266187050422,0.791366906474816,0.10706638115632097,2017388638.7352521,USD,45.79928081072246,27449008.44,USD,189678503.94,USD,2026-07-29,21.966548403446527,-6.664177711405637,Information technology services,Technology services
IOSP,Innospec Inc.,80.82,USD,,0.3351955307262521,0,2011647594.2614524,USD,17.61398308778659,20560123.08,USD,160381713.42,USD,2026-08-11,-35.86497890295359,-0.5267778753292361,Chemicals: major diversified,Process industries
BHC,Bausch Health Companies Inc.,5.37,USD,-1.913043478260875,-6.608695652173911,0,2005564253.4479694,USD,,10940832.63,USD,73306654.02,USD,2026-08-05,-1133.9689248398913,-12.326260830114318,Pharmaceuticals: other,Health technology
ANAB,"AnaptysBio, Inc.",67.92,USD,0.47598442232799404,-2.033751622674162,0.1177856301531188,1976533354.302034,USD,,34241052.96,USD,322524776.16,USD,2026-05-11,228.28690531330645,41.835691823899374,Biotechnology,Health technology
OMCL,"Omnicell, Inc.",43.3,USD,,-1.186672752167967,0,1969236725.7279778,USD,98.14143245693563,16523453.2,USD,155578199,USD,2026-07-30,,-1.307072971871178,Information technology services,Technology services
TSHA,"Taysha Gene Therapies, Inc.",6.82,USD,-0.8810572687224614,0.14684287812042107,0,1959802160.2055802,USD,,12072347.98,USD,114510255.2,USD,2026-08-17,-52.27460414347779,-100,Biotechnology,Health technology
PHVS,Pharvaris N.V.,29.95,USD,,-0.4652708541043555,0.16694490818030286,1958964268.919907,USD,,25279417.3,USD,111233880.7,USD,2026-05-13,-25.35489031871737,,Biotechnology,Health technology
EVCM,EverCommerce Inc.,11,USD,,-8.103592314118636,0,1946457731.2447784,USD,59.78260869565217,1570833,USD,9641918,USD,2026-08-10,0.3919921601567969,-2.4399118773692883,Packaged software,Technology services
AGYS,"Agilysys, Inc.",69.09,USD,-0.5447688224612384,-3.4921078362899842,0,1941998605.9858918,USD,64.44962686567165,25279961.91,USD,138362950.32,USD,2026-05-18,-15.482493595217765,1.3758054956556829,Packaged software,Technology services
SPSC,"SPS Commerce, Inc.",52.78,USD,-0.15937666017353694,-6.534443067115278,0,1937696543.4025145,USD,21.97244078098331,39493057.24,USD,239596604.52,USD,2026-07-23,-23.652335435935143,-0.2756265182816685,Packaged software,Technology services
GEL,"Genesis Energy, L.P.",15.79,USD,,-3.543066585216871,0,1933711728.162492,USD,,6691707.26,USD,32897659.709999997,USD,2026-07-30,-65.77927633234361,1.3159238125489219,Chemicals: specialty,Process industries
LAR,Lithium Argentina AG,11.79,USD,-0.6849315068493157,0.9417808219178033,1.541984732824435,1931202036.106875,USD,,52312666.23,USD,297976345.28999996,USD,2026-05-12,,,Other metals/Minerals,Non-energy minerals
MD,"Pediatrix Medical Group, Inc.",23.37,USD,0.04253509145043815,-0.595491280306255,0.4278990158322544,1919189236.4036577,USD,11.391109378046403,19204554.57,USD,190044115.53,USD,2026-07-30,-12.204969866104562,-3.559342286201498,Medical/Nursing services,Health services
NCNO,"nCino, Inc.",16.74,USD,-0.507042253521126,-5.690140845070432,0,1917310980.7977462,USD,378.73303167420806,43643624.04,USD,284652467.46,USD,2026-06-03,27.481266248661875,-1.641003397672233,Packaged software,Technology services
MGNI,"Magnite, Inc.",13.37,USD,-1.0615711252653952,-5.378627034678001,0.8975317875841511,1914784516.8825195,USD,12.911636890391113,49095736.339999996,USD,338678103.89,USD,2026-08-12,-96.41446566436407,-19.958024114221157,Packaged software,Technology services
MBX,"MBX Biosciences, Inc.",40.08,USD,0.9154155986818016,-2.160380812889064,0,1907709177.0926397,USD,,75596290.8,USD,251032182.23999998,USD,2026-08-06,-6.595050312754963,,Biotechnology,Health technology
MGRT,Mega Fortune Company Limited,138.68,USD,,0.4927536231884107,0,1906850000,USD,8304.191616766468,3192690.96,USD,26138129.040000003,USD,,,,Information technology services,Technology services
SNDX,"Syndax Pharmaceuticals, Inc.",21.38,USD,2.000930665425795,-0.5118659841786851,0,1894482282.51745,USD,,46120764.96,USD,343349501.64,USD,2026-08-10,37.25850560178787,-5.6221627284367255,Biotechnology,Health technology
NEOG,Neogen Corporation,8.65,USD,-1.1049723756906233,-4.419889502762434,-0.5780346820809331,1882871921.209945,USD,,17997129.45,USD,101800647.65,USD,2026-07-28,-6.757096206983169,-6.0042458309411595,Medical specialties,Health technology
ASTH,Astrana Health Inc.,37.97,USD,-1.984732824427466,-3.38422391857506,1.3695022386094369,1882580297.810687,USD,61.90088033909358,21303334.29,USD,151305475.93,USD,2026-08-12,140.6401066844474,1.5332563233409713,Services to the health industry,Health services
LIFE,Ethos Technologies Inc.,29.78,USD,-2.5210084033613445,0.1008403361344576,-1.9476158495634714,1870364293,USD,,23088821.14,USD,181332028.12,USD,2026-09-02,-777.4602011318757,75.42175022938488,Packaged software,Technology services
INBX,"Inhibrx Biosciences, Inc.",127.58,USD,11.790100483810944,-5.039077037588386,3.072581909390188,1863597690.2264235,USD,,169636747,USD,539268029.58,USD,2026-05-20,6.869752666212833,,Biotechnology,Health technology
IMAX,Imax Corporation,33.84,USD,0.28328611898017403,-4.1359773371104644,-0.7092198581560342,1856299082.2164307,USD,51.11010421386498,29073365.28,USD,379416956.40000004,USD,2026-07-23,563.4222919939584,-35.00443265949254,Electronics/Appliances,Consumer durables
RAMP,"LiveRamp Holdings, Inc.",29.35,USD,0,-3.3903884134298803,0,1852715563.8150103,USD,27.735777735777738,14692257.8,USD,95784400.05000001,USD,2026-05-21,45.415754923413566,6.18929184452707,Packaged software,Technology services
CAPR,"Capricor Therapeutics, Inc.",31.9,USD,0.23041474654377975,5.0032916392363385,-0.18808777429466683,1845099239.351547,USD,,53303336.9,USD,327163592.8,USD,2026-05-12,-22.792509289641416,,Pharmaceuticals: major,Health technology
ALKT,"Alkami Technology, Inc.",17.22,USD,-0.5008347245409007,-4.173622704507513,2.2067363530778312,1842870082.5809684,USD,,21111874.98,USD,237687298.38,USD,2026-08-05,12.918451184337036,4.42665430371468,Packaged software,Technology services
GENB,"Generate Biomedicines, Inc.",14.37,USD,0,5.197657393850652,1.9485038274182405,1842126081.2999997,USD,,5157680.399999999,USD,28632641.729999997,USD,2026-09-02,,,Biotechnology,Health technology
RAPP,"Rapport Therapeutics, Inc.",38.43,USD,,1.0252365930599383,1.4832162373145987,1837989002.5386436,USD,,21063483,USD,109752775.02,USD,2026-08-06,41.18709830287593,,Biotechnology,Health technology
INTA,"Intapp, Inc.",23.82,USD,-0.3220611916264022,-4.106280193236713,0,1835607135.5555553,USD,,20874752.28,USD,139584413.94,USD,2026-09-09,-161.12234580384225,4.1573947278329335,Packaged software,Technology services
SPB,"Spectrum Brands Holdings, Inc.",79.08,USD,,-2.9335951884129132,0,1834205247.8826559,USD,15.201845444059977,39924882.36,USD,256837684.68,USD,2026-08-07,-23.46938775510204,4.697193500738552,Electronics/Appliances,Consumer durables
ADMA,ADMA Biologics Inc,7.88,USD,0.7343941248470073,-3.549571603427173,0.25380710659899064,1826369053.4687881,USD,11.624133353001918,67683817.96,USD,630423198.72,USD,2026-08-12,-8.203892342898802,-17.727413177353178,Biotechnology,Health technology
ADUS,Addus HomeCare Corporation,97.79,USD,,-1.7876870543336216,-0.5522037018100074,1825228425.083258,USD,18.076787991940403,40494056.68,USD,252099979.67000002,USD,2026-08-03,-15.824994963400712,-2.537539066897539,Medical/Nursing services,Health services
VOYG,"Voyager Technologies, Inc.",30.82,USD,-1.0759919300605136,3.6314727639542763,0.22712524334847595,1822953715.9804976,USD,,79914379.98,USD,485357767.26,USD,2026-08-10,-45.53787101684259,-24.44749308696491,Information technology services,Technology services
SONO,"Sonos, Inc.",15.22,USD,2.1912350597609564,1.0624169986719798,1.182654402102495,1813138403.686587,USD,89.47677836566726,53949983.940000005,USD,266215561.74,USD,2026-08-12,-130.79596579884432,-48.406522719192466,Electronics/Appliances,Consumer durables
EPAC,Enerpac Tool Group Corp.,34.98,USD,,-1.5202702702702877,0,1802980008.4070945,USD,21.911801553495362,14793986.459999999,USD,85583047.44,USD,2026-06-25,-14.756154931786106,7.349800288472206,Industrial machinery,Producer manufacturing
SGRY,"Surgery Partners, Inc.",13.78,USD,,-4.570637119113575,0,1802260823.4238229,USD,,14322918.219999999,USD,214984673.79999998,USD,2026-08-04,-139.33333333333334,-8.372881355932202,Hospital/Nursing management,Health services
GTM,ZoomInfo Technologies Inc.,6.04,USD,0.31347962382445865,-5.329153605015672,-28.72516556291391,1800254030.9341695,USD,15.607235142118864,140737387.68,USD,466812362.6,USD,2026-08-03,-10.335917312661499,0.3459119496855346,Packaged software,Technology services
WBTN,WEBTOON Entertainment Inc.,13.31,USD,-0.6024096385542175,0.2259036144578399,-12.096168294515412,1792267339.939006,USD,,3989845.5300000003,USD,24211835.01,USD,2026-08-06,-2532.0441516214596,-12.526419092109057,Internet software/Services,Technology services
ANIP,"ANI Pharmaceuticals, Inc.",78.71,USD,-1.0383581724896096,-3.8480332274615265,0,1791523082.0221107,USD,19.96752834927319,70505112.17999999,USD,300065188.47999996,USD,2026-08-12,8.04348682396502,-3.8848862624463694,Biotechnology,Health technology
CYD,China Yuchai International Limited,47.46,USD,,2.638408304498267,0,1780619626.4948096,USD,23.89848431441664,4516388.5200000005,USD,49283982.72,USD,2026-08-12,,,Auto parts: OEM,Producer manufacturing
VRDN,"Viridian Therapeutics, Inc.",17.2,USD,2.4081878386514277,3.552077062010836,1.2790697674418745,1772885681.8783865,USD,,55138194.8,USD,772105368.4,USD,2026-08-12,-2.8663044970483833,6.8181818181818175,Pharmaceuticals: major,Health technology
ZYME,Zymeworks Inc.,24.03,USD,,0.5860192549183783,0,1767981917.4110508,USD,,28481100.93,USD,117997945.29,USD,2026-07-30,-7.165910359426066,-4.254473160999578,Pharmaceuticals: major,Health technology
NEXA,Nexa Resources S.A.,13.31,USD,0.8374040474528905,-7.117934403349613,-1.1217129977460571,1762757941.547104,USD,13.291392051128419,41375439.38,USD,158010463.6,USD,2026-07-23,-27.381021055798644,19.2115998177729,Other metals/Minerals,Non-energy minerals
CTS,CTS Corporation,61.49,USD,,-0.4210526315789441,0,1758178083.2,USD,26.194939081537022,22596160.73,USD,143841835.28,USD,2026-07-28,-12.869230379490299,1.4022156315422192,Electronic production equipment,Electronic technology
PVLA,"Palvella Therapeutics, Inc.",122.09,USD,,0.6595762222771845,0,1751117838.2939236,USD,,41386068.2,USD,235758109.71,USD,2026-08-13,-24.0128991662734,,Biotechnology,Health technology
SNDA,"Sonida Senior Living, Inc.",36.96,USD,-7.760648027175349,-3.4230467729291933,0,1749807397.40162,USD,,36135939.84,USD,177500252.16,USD,2026-08-17,-10.646204154434988,-0.3906648442440686,Medical/Nursing services,Health services
HRMY,"Harmony Biosciences Holdings, Inc.",30.18,USD,-0.290416263310745,-2.6137463697967043,0,1747200987.7405615,USD,12.155141165572516,24036015.96,USD,190545957,USD,2026-08-11,44.48101040647514,-11.645527041218168,Pharmaceuticals: major,Health technology
PLPC,Preformed Line Products Company,356.98,USD,,3.0989169675090302,0,1744922670.1604624,USD,51.375856312244544,24483473.3,USD,315781652.16,USD,2026-08-05,24.765856550088916,1.8306384994425478,Building products,Producer manufacturing
SLSR,Solaris Resources Inc.,10.43,USD,,2.3552502453385693,0.6711409395973182,1740735111.5451288,USD,,1290629.06,USD,8948866.99,USD,2026-05-11,21.52848993171262,,Other metals/Minerals,Non-energy minerals
ADNT,Adient plc,22.12,USD,-0.13169446883231403,-2.897278314310799,-0.5424954792043445,1734504263.3169446,USD,31.049971925884336,24714476.92,USD,201137580.28,USD,2026-07-30,,6.064763995609221,Auto parts: OEM,Producer manufacturing
NWL,Newell Brands Inc.,4.08,USD,0,-10.13215859030837,0,1733591960.45815,USD,,40950062.4,USD,256729471.20000002,USD,2026-07-24,89.52380952380953,-18.344754876120188,Industrial machinery,Producer manufacturing
EYE,"National Vision Holdings, Inc.",21.8,USD,,-5.052264808362369,0,1731730611.5418117,USD,58.91891891891892,64253821.4,USD,236487293.8,USD,2026-08-06,-1.631079478054567,3.299817372211848,Specialty stores,Retail trade
TGLS,Tecnoglass Inc.,38.69,USD,0.40211108318673966,-2.7645136969087747,0,1730902740.9316409,USD,11.983151113451234,13392736.95,USD,117847650.74,USD,2026-08-06,22.1596567838811,1.5144905971128877,Building products,Producer manufacturing
RXRX,"Recursion Pharmaceuticals, Inc.",3.26,USD,-2.4096385542168566,-1.8072289156626522,0.29754601226994,1730545503.2650602,USD,,45598027.5,USD,304917169.24,USD,2026-08-11,-8.677234975305673,-81.78850807586245,Biotechnology,Health technology
QURE,uniQure N.V.,27.64,USD,-1.9522776572668081,-0.07230657989876925,-0.09804630969609547,1728312813.8568332,USD,,74472497.36,USD,549902415.88,USD,2026-08-04,-44.353664454891664,-36.02729885088421,Biotechnology,Health technology
SKYT,"SkyWater Technology, Inc.",35.09,USD,-2.1352313167259753,4.0628706998813895,-0.28498147620405073,1724914024.6755638,USD,15.04072010287184,125913166.28000002,USD,331390731.98,USD,2026-08-12,-58.30225080385853,-6.0535547240411605,Industrial machinery,Producer manufacturing
WLTH,Wealthfront Corporation,11.52,USD,-3.8360941586748147,0.43591979075849113,0,1723092930.9572794,USD,,7747799.04,USD,65039109.12,USD,2026-07-01,-532.526455454516,3.128084102124008,Packaged software,Technology services
BOBS,"Bob's Discount Furniture, Inc.",13.17,USD,0.9354838709677367,-3.4457478005865148,-1.2908124525436593,1720364043.3,USD,,25454488.71,USD,179882247.45,USD,2026-09-02,-93.86501572135423,-10.901365078826867,Specialty stores,Retail trade
UFPT,"UFP Technologies, Inc.",221.97,USD,,-3.7215354586857567,0,1712121168.265322,USD,25.19637667998547,50580747.839999996,USD,477838592.49,USD,2026-08-04,-0.4041899123306387,3.550347513682302,Industrial specialties,Process industries
GLUE,"Monte Rosa Therapeutics, Inc.",20.26,USD,0.5673027333677124,4.486848891181026,0,1711553067.1717381,USD,,21125000.700000003,USD,108338364.52000001,USD,2026-08-06,3.5374444564863987,51.3843941028407,Biotechnology,Health technology
GT,The Goodyear Tire & Rubber Company,5.95,USD,-2.3827824750192197,-8.53189853958493,0.6722689075630258,1710259873.9738662,USD,,152335529.5,USD,460781084.05,USD,2026-07-31,-337.14285714285717,-21.06975798250966,Automotive aftermarket,Consumer durables
OUST,"Ouster, Inc.",26.8,USD,-2.3809523809523725,6.349206349206354,0.2611940298507473,1706435131.2539685,USD,,150260685.6,USD,910585449.2,USD,2026-08-06,-538.2685069008783,-21.872688089034707,Semiconductors,Electronic technology
NTLA,"Intellia Therapeutics, Inc.",14.42,USD,-0.35486160397445504,2.3420865862313702,0.20804438280165993,1703485736.2469835,USD,,104260752.96,USD,548708297.06,USD,2026-07-30,5.465634992696695,67.00769119140908,Biotechnology,Health technology
PRLB,"Proto Labs, Inc.",70.95,USD,,2.3809523809523894,0,1688187531.142857,USD,66.66979890997933,16174116.75,USD,112532163.15,USD,2026-07-31,35.20586764460745,2.082890697691457,Chemicals: specialty,Process industries
TE,T1 Energy Inc.,6.04,USD,-2.7597402597402585,-1.9480519480519498,-0.33112582781457717,1685592387.5194805,USD,,110440300.72,USD,560657111,USD,2026-05-12,-44.859412219762305,70.3166414911501,Electrical products,Producer manufacturing
NRIX,"Nurix Therapeutics, Inc.",16.28,USD,1.3317191283292908,-1.4527845036319518,1.9656019656019672,1683446716.68523,USD,,10751849.24,USD,100487486,USD,2026-07-09,-11.445775431150203,-53.95153568535023,Biotechnology,Health technology
VCEL,Vericel Corporation,32.92,USD,0,-1.6138673042438707,0,1681165949.7824268,USD,80.48899755501223,27246863.48,USD,189424576.96,USD,2026-08-05,-127.11353956029771,-26.359801114961577,Pharmaceuticals: major,Health technology
CLOV,"Clover Health Investments, Corp.",3.2,USD,-1.891025641025646,2.5641025641025665,-0.015625000000005218,1678935306.6666667,USD,,31792764.8,USD,148986230.4,USD,2026-08-10,,53.61488273673074,Life/Health insurance,Finance
CNXN,"PC Connection, Inc.",66.51,USD,,-0.2100525131282829,0,1677784458.2678173,USD,19.329245255601734,5041923.57,USD,39637565.64,USD,2026-08-05,-16.845307068366164,2.6925522698271114,Information technology services,Technology services
TILE,"Interface, Inc.",28.7,USD,-1.7532029669588656,-3.23668240053945,0,1676913081.8476062,USD,13.391815594232654,24689462,USD,127153857.6,USD,2026-07-31,-3.189962688097093,-5.2536828156259565,Building products,Producer manufacturing
AGIO,"Agios Pharmaceuticals, Inc.",27.99,USD,,0.719683339330692,0,1664610447.5980566,USD,,22231953.18,USD,190303310.25,USD,2026-07-30,8.263682559075889,3.9014373716632447,Pharmaceuticals: major,Health technology
NUVB,Nuvation Bio Inc.,4.76,USD,-1.670146137787058,-0.6263048016701513,-0.1743697478991638,1662201342.1210852,USD,,13229472.76,USD,180095594.84,USD,2026-08-06,,98.80090767944584,Biotechnology,Health technology
INVA,"Innoviva, Inc.",22.52,USD,-1.485364788117081,-1.616426387068593,0.3552397868561361,1662172923.5771077,USD,3.744720476237986,18038384.88,USD,103032715.8,USD,2026-07-29,13.671391933135551,-14.058198144775297,Pharmaceuticals: major,Health technology
ALMR,"Alamar Biosciences, Inc.",23.88,USD,-0.25041736227046024,-0.33388981636060866,0,1655151217.2,USD,,3321875.1599999997,USD,40329714.12,USD,,-178.43060451756102,98.87709113131159,Biotechnology,Health technology
AMLX,"Amylyx Pharmaceuticals, Inc.",14.88,USD,0.13577732518669094,1.018329938900206,-0.26881720430108147,1654452352.0977597,USD,,29691016.32,USD,140710145.76000002,USD,2026-08-06,-25.10682141883086,,Pharmaceuticals: major,Health technology
IOVA,"Iovance Biotherapeutics, Inc.",3.7,USD,0.8287292817679504,2.2099447513812174,1.621621621621611,1652058867.7348068,USD,,70403492.7,USD,549950188.2,USD,2026-08-06,-9.931297285269249,-17.622908281532908,Biotechnology,Health technology
FIVN,"Five9, Inc.",21.41,USD,0,-3.1221719457013632,1.2143858010275645,1639235005.555656,USD,32.49848208864602,57641843.26,USD,958303635.48,USD,2026-07-29,-6.599705777913052,1.677423222171159,Packaged software,Technology services
ARDX,"Ardelyx, Inc.",6.61,USD,-0.29498525073746995,-2.5073746312684353,-0.30257186081695103,1632864307.676991,USD,,26729352.75,USD,291349935.06,USD,2026-07-30,-9139.557739557738,-24.551371640777862,Pharmaceuticals: major,Health technology
REX,REX American Resources Corporation,49.4,USD,,-0.5636070853462181,0,1627123251.062802,USD,19.71819742146649,6195550.399999999,USD,54738905,USD,2026-05-27,86.8577286123094,-10.144754565139555,Chemicals: specialty,Process industries
AMRC,"Ameresco, Inc.",30.58,USD,,2.0694259012015936,-0.8502289077828582,1619254369.2990654,USD,52.43484224965706,11005405.62,USD,119018002.17999999,USD,2026-08-03,-199.91278277459799,-30.904985319073504,Engineering & construction,Industrial services
BL,"BlackLine, Inc.",27.5,USD,-2.056807051909889,-10.218739797584064,0,1613175233.9209924,USD,64.81263257129389,43058730,USD,225083650,USD,2026-08-11,66.31191158411787,-0.014193611782881413,Packaged software,Technology services
GLOB,Globant S.A.,37.21,USD,-0.7392301809839388,-5.149120570991578,0.10749798441278997,1606711184.9714506,USD,16.338807411961007,68934725.06,USD,363344635.84000003,USD,2026-05-14,25.563410065857063,-0.7573609357960797,Information technology services,Technology services
DV,"DoubleVerify Holdings, Inc.",10.43,USD,1.80831826401446,-5.696202531645576,0,1600631537.1582277,USD,31.510574018126885,39612545.49,USD,205888085.26999998,USD,2026-08-04,-78.14449861911419,-12.044963713835438,Packaged software,Technology services
BAND,Bandwidth Inc.,49.95,USD,0.020044097013425556,0.12026458208058183,-0.3003003003003117,1599133344.8947687,USD,,66144639.150000006,USD,670391037.9000001,USD,2026-07-30,,0.5373962285956431,Packaged software,Technology services
ABCL,AbCellera Biologics Inc.,5.25,USD,3.244274809160304,0.19083969465648445,-9.142857142857151,1591592512.7862592,USD,,69562599.75,USD,385779812.25,USD,2026-08-06,84.33971182963968,400.871021777118,Biotechnology,Health technology
ZD,"Ziff Davis, Inc.",41.895,USD,0.09751340809361078,2.1331058020477816,0,1585183605.0051196,USD,36.85344827586207,30051828.135,USD,200379386.025,USD,2026-08-12,5916.486486486487,-34.19397509785794,Internet software/Services,Technology services
DCH,Dauch Corporation,6.69,USD,2.560240963855421,0.7530120481927818,0.37369207772794416,1583836541.358434,USD,,60508842.300000004,USD,273669375.39000005,USD,2026-07-31,-37.397260273972606,71.89825854469254,Auto parts: OEM,Producer manufacturing
ECVT,Ecovyst Inc.,14.42,USD,0.7779349363507739,1.9801980198019757,0,1578319271.138614,USD,,38309498.64,USD,202112580.18,USD,2026-07-30,-4.239733629300777,7.799398194583751,Chemicals: specialty,Process industries
BLKB,"Blackbaud, Inc.",34.36,USD,0,-8.373333333333335,0,1578227163.0762665,USD,11.629717380267389,23911433.24,USD,151245538.76,USD,2026-08-04,-15.127149826923599,-4.741239125132124,Packaged software,Technology services
GILT,Gilat Satellite Networks Ltd.,20.85,USD,-1.495616297060336,7.529654461062407,0,1577175860.1753483,USD,62.782294489611566,37211578.800000004,USD,129419431.95,USD,2026-05-13,8.557668560352575,16.37168517581648,Telecommunications equipment,Electronic technology
LILA,Liberty Latin America Ltd.,7.71,USD,-1.9659239842726013,1.0484927916120586,0,1571763512.2175622,USD,,3315716.34,USD,21245683.71,USD,2026-08-11,58.57664233576657,-6.614920224234584,Major telecommunications,Communications
LILAK,Liberty Latin America Ltd.,7.88,USD,2.0460358056266004,0.7672634271099694,0,1567389116.9002557,USD,,6794230.56,USD,45921133.4,USD,2026-08-11,58.57664233576657,-6.614920224234584,Major telecommunications,Communications
VIR,"Vir Biotechnology, Inc.",9.29,USD,0.4385964912280803,1.8640350877192977,0,1566776710.2335525,USD,,17030976.11,USD,105535310.41999999,USD,2026-07-30,-192.83833841996133,-100.04526299360074,Biotechnology,Health technology
SHLS,"Shoals Technologies Group, Inc.",9.32,USD,-0.9049773755656116,5.42986425339367,0.5364806866952675,1563633390.0226245,USD,46.78714859437751,54320883.72,USD,459530922.76,USD,2026-08-11,-103.65673479438561,-5.237148154390696,Semiconductors,Electronic technology
NVAX,"Novavax, Inc.",9.5,USD,4.253214638971313,-6.033630069238372,0.2736842105263137,1562162139.8120675,USD,,97988548,USD,566159634.5,USD,2026-08-12,-154.1507388600445,-5.182174678365356,Biotechnology,Health technology
ENVX,Enovix Corporation,7.18,USD,0,8.623298033282895,0.9749303621169957,1559671522.2148256,USD,,84838377.39999999,USD,305546817.06,USD,2026-05-11,34.857483290823446,40.988735919899874,Electrical products,Producer manufacturing
IMTX,Immatics N.V.,11.54,USD,,1.4951627088830248,0,1547096553.4406333,USD,,5990437.079999999,USD,43459674.62,USD,2026-05-19,29.65753896098116,279.44125191891874,Pharmaceuticals: major,Health technology
KW,Kennedy-Wilson Holdings Inc.,11.03,USD,,0.0907441016333919,0,1536515282.8947365,USD,99.90942028985506,4627415.899999999,USD,65442523.169999994,USD,2026-08-05,-39.25925925925926,-2.8192371475953566,Real estate development,Finance
BKSY,BlackSky Technology Inc.,41.38,USD,-2.6615969581749157,4.892268694550062,-0.9183180280328723,1535571602.1358678,USD,,187875586.38000003,USD,754613335.3000001,USD,2026-08-12,-3317.3963133640555,-41.006417901970806,Packaged software,Technology services
PRGO,Perrigo Company plc,11.07,USD,6.746370623398796,-5.465414175918023,-0.09033423667569816,1531731189.6046114,USD,,29094937.830000002,USD,200667982.23000002,USD,2026-08-12,71.89196812636627,-12.685827552031714,Pharmaceuticals: major,Health technology
AHCO,AdaptHealth Corp.,11.24,USD,,-0.530973451327438,1.0676156583629823,1529248710.6548672,USD,,20664841.16,USD,168503740.64000002,USD,2026-08-11,83.97282174260592,-3.130136395486648,Medical/Nursing services,Health services
AIP,"Arteris, Inc.",33.13,USD,2.83145009416195,3.986189579409928,0,1527048431.761143,USD,,33908356.220000006,USD,203825765.26000002,USD,2026-05-12,5.41652763874986,15.67670036764706,Semiconductors,Electronic technology
APPN,Appian Corporation,20.53,USD,-1.0036496350365072,-6.341240875912411,0.38967364831952406,1526686232.7645986,USD,1866.3636363636365,20032065.380000003,USD,164484532.83,USD,2026-07-30,70.11561826376641,-0.3386455165206761,Packaged software,Technology services
URGN,UroGen Pharma Ltd.,31.33,USD,3.707482993197279,6.564625850340135,0,1526450802.3894556,USD,,40373498.489999995,USD,294140545.78999996,USD,2026-08-06,10.582612653698883,34.68033935025039,Biotechnology,Health technology
UAMY,United States Antimony Corporation,10.65,USD,0.1876172607879885,-0.09380863039399424,0.6572769953051669,1523369081.496248,USD,,134224814.85,USD,1209684265.05,USD,2026-05-14,93.99868220135127,49.74376435813072,Other metals/Minerals,Non-energy minerals
ASAN,"Asana, Inc.",6.34,USD,4.826546003016595,-4.374057315233786,-0.3154574132492046,1509478354.1417797,USD,,50281506.58,USD,383265229.86,USD,2026-05-28,52.92768108953283,2.2568434038192735,Packaged software,Technology services
DXC,DXC Technology Company,8.88,USD,-1.1664899257688168,-5.8324496288441035,1.0135135135135118,1507468528.7974553,USD,151.5358361774744,78909624.72000001,USD,431183540.40000004,USD,2026-08-05,-231.77570093457942,-2.0037570444583594,Data processing services,Technology services
CNL,Collective Mining Ltd.,17.46,USD,,-4.433497536945806,0.6872852233676829,1505879608.2004812,USD,,910556.4600000001,USD,5790207.42,USD,2026-05-21,-28.484730615426617,,Other metals/Minerals,Non-energy minerals
PRCT,PROCEPT BioRobotics Corporation,26.45,USD,-0.5905511811023566,4.133858267716539,0,1505503356.5295277,USD,,62522377.75,USD,246486148.15,USD,2026-07-30,-6.007706483498073,8.835735700352172,Medical specialties,Health technology
KARO,Karooooo Ltd.,48.64,USD,,-3.107569721115542,0.22615131578947253,1502324270.5083666,USD,26.43190957504619,5694528,USD,52431779.84,USD,2026-05-13,11.25711096330728,7.64176356775597,Packaged software,Technology services
BCAX,Bicara Therapeutics Inc.,22.92,USD,-8.376882196634178,1.5057573073516537,0,1500507897.1514618,USD,,15056766.840000002,USD,63964723.440000005,USD,2026-08-18,-2.906688687035508,,Pharmaceuticals: major,Health technology
MUX,McEwen Inc.,25.07,USD,0.6190672719768823,3.4667767230705726,-0.23932987634622546,1497683917.9649193,USD,22.8594875535698,27952147.48,USD,258365578.69,USD,2026-08-06,-12.450820962073136,14.586138062299787,Precious metals,Non-energy minerals
TROX,Tronox Holdings plc,9.33,USD,-0.22675736961450763,5.782312925170065,0,1488359741.9285715,USD,,32864467.830000002,USD,254683034.61,USD,2026-07-29,41.47727272727273,4.827586206896552,Chemicals: specialty,Process industries
PGEN,"Precigen, Inc.",4.2,USD,1.4251781472683993,-0.23752969121139636,0.476190476190466,1486500471.1638954,USD,,8169378,USD,91058360.4,USD,2026-05-11,83.93989504181928,56.22861054072553,Biotechnology,Health technology
BRAI,Braiin Limited,7.2068,USD,,-1.0734385724090574,,1485236707.8509817,USD,,221976.64680000002,USD,1250141.9756,USD,,,,Packaged software,Technology services
ATAI,AtaiBeckley Inc.,4.04,USD,1.4888337468982533,0.24813895781637188,0.990099009900991,1482344356.1985114,USD,,13686962.48,USD,118933790.28,USD,2026-05-20,-792.0539018215005,42.32309746288327,Pharmaceuticals: major,Health technology
NNE,Nano Nuclear Energy Inc.,28.35,USD,-2.805100182149361,3.2786885245901716,0.4232804232804142,1476558611.557377,USD,,81836130.60000001,USD,614130372.45,USD,2026-05-14,19.056557367885603,,Electrical products,Producer manufacturing
ARLO,"Arlo Technologies, Inc.",13.59,USD,-0.9180327868852496,-10.885245901639346,-0.662251655629138,1476007419.9363935,USD,48.797127468581685,38689384.589999996,USD,181375265.7,USD,2026-08-06,158.10201249132547,6.429718960770575,Telecommunications equipment,Electronic technology
CRML,Critical Metals Corp.,12.09,USD,-3.8308060654429266,-3.511572226656022,0.5781637717121632,1475884375.4197927,USD,,151156240.56,USD,1380600491.01,USD,2026-09-02,,,Precious metals,Non-energy minerals
KSS,Kohl's Corporation,13.09,USD,0.27586206896551135,-9.724137931034484,0.5347593582887722,1469393746.1386209,USD,5.582327604588682,96177400.55,USD,379038686.95,USD,2026-05-28,1462.5,44.6993006993007,Department stores,Retail trade
DMRA,"Damora Therapeutics, Inc.",24.36,USD,0.4966887417218584,0.827814569536421,0,1468986216.1688743,USD,,6107539.2,USD,75490616.88,USD,2026-05-11,-6307.149696776252,,Pharmaceuticals: major,Health technology
TNC,Tennant Company,85.98,USD,,-1.3085399449035817,0,1465004864.7809916,USD,52.09961825122705,9912892.14,USD,190782311.70000002,USD,2026-08-12,,2.1604938271604937,Industrial machinery,Producer manufacturing
PAHC,Phibro Animal Health Corporation,36.32,USD,-1.925000000000008,-9.2,-0.0825991189427344,1460780086.028,USD,15.601374570446737,35862622.24,USD,166936126.88,USD,2026-09-02,-12.509559707199823,2.576288411649862,Pharmaceuticals: major,Health technology
GHRS,GH Research PLC,21.26,USD,0,-0.7469654528478065,0,1457525539.0112047,USD,,2348570.94,USD,28196117.520000003,USD,2026-05-11,-0.8345221109857583,,Pharmaceuticals: major,Health technology
PSIX,"Power Solutions International, Inc.",62.45,USD,0.2502964036358816,-17.731524173363187,-35.30824659727783,1439500632.5279937,USD,12.637095795054435,231835008.5,USD,415239792.20000005,USD,2026-08-06,-41.7837485515643,-6.184595911278572,Industrial machinery,Producer manufacturing
AVAH,Aveanna Healthcare Holdings Inc.,6.59,USD,0.14836795252225204,-2.2255192878338335,0.6221547799696566,1433391117.0593472,USD,6.482392288018887,7114043.39,USD,54629267.98,USD,2026-05-14,1170.9897610921503,6.517971129140659,Medical/Nursing services,Health services
GSHD,"Goosehead Insurance, Inc.",40.16,USD,,-1.7131669114048038,0,1429923480.94371,USD,35.0039222522444,23497294.72,USD,99802017.6,USD,2026-07-29,-60.670903386694555,-11.573467099887894,Insurance brokers/Services,Finance
HBNB,Hotel101 Global Holdings Corp.,6.1,USD,1.8675721561969494,3.5653650254668925,,1428329543.6842105,USD,,350811,USD,490659.6,USD,,,,Real estate development,Finance
PLTK,Playtika Holding Corp.,3.75,USD,-0.275482093663906,3.305785123966945,-1.0666666666666678,1426423232.4380164,USD,,4320821.25,USD,43317772.5,USD,2026-08-12,81.40963465892392,9.708308780101975,Packaged software,Technology services
ENOV,Enovis Corporation,24.78,USD,,-6.561085972850673,0.7263922518159794,1426401327.045249,USD,,37688273.7,USD,215298998.04000002,USD,2026-07-30,98.31116626649042,2.326150917573008,Medical specialties,Health technology
ARDT,"Ardent Health, Inc.",9.95,USD,,-1.5825914935707235,0,1426332815.919881,USD,10.51019330305271,3987044.5999999996,USD,37406776.25,USD,2026-08-19,-11.357772043776135,-0.19992785401840035,Hospital/Nursing management,Health services
HROW,"Harrow, Inc.",38.04,USD,1.935652628825535,-0.4969918911849274,-11.85594111461619,1417880964.8600576,USD,,59543517.48,USD,173503407.12,USD,2026-08-11,549.6078431372549,24.364164270359307,Pharmaceuticals: major,Health technology
CNXC,Concentrix Corporation,23.24,USD,-0.7828594973218018,-4.243922538112901,0.781411359724626,1417752173.4569426,USD,,37975554.4,USD,363558426,USD,2026-07-01,,-2.057796449171049,Information technology services,Technology services
HLIT,Harmonic Inc.,12.83,USD,1.8735362997658096,0.15612802498048065,14.96492595479345,1414409563.331772,USD,,39039919.46,USD,165544861.33,USD,2026-08-03,-2134.7067557535265,-31.006026042617744,Telecommunications equipment,Electronic technology
YELP,Yelp Inc.,25.28,USD,0.6646971935007507,-6.646971935007376,2.056962025316454,1411463062.61743,USD,11.533899078383063,44735437.440000005,USD,214292341.12,USD,2026-07-30,-53.07704518996719,0.4077902380350511,Internet software/Services,Technology services
MAZE,"Maze Therapeutics, Inc.",25.52,USD,,-1.9592777564348887,0,1409945770.0622356,USD,,13928305.6,USD,102083470.72,USD,2026-05-20,-14.893475587463023,,Pharmaceuticals: major,Health technology
TBLA,Taboola.com Ltd.,5.13,USD,-4.952380952380948,-2.285714285714288,0.974658869395708,1402153876.9028573,USD,13.63998936453071,18317249.82,USD,177895836.63,USD,2026-08-12,17.8139024632432,-10.70515729202813,Internet software/Services,Technology services
BTGO,"BitGo Holdings, Inc.",12.97,USD,-0.092283214001588,3.1821797931583164,0.07710100231302842,1382752192.6000001,USD,,7346311.760000001,USD,52879688.690000005,USD,2026-05-13,-434.73745794939305,5.956210665737767,Data processing services,Technology services
RCAT,"Red Cat Holdings, Inc.",11.25,USD,-1.1571841851494622,8.486017357762785,0.7999999999999988,1380851568.225651,USD,,114583083.75,USD,696905910,USD,2026-08-13,-35.088522588522586,-41.02915951972555,Packaged software,Technology services
FOR,Forestar Group Inc,27.07,USD,,-1.52782830120043,0,1380806463.1953437,USD,8.26010008543879,3281614.89,USD,24938535.27,USD,2026-07-21,109.09090909090911,37.10622710622711,Real estate development,Finance
TTI,"Tetra Technologies, Inc.",10.18,USD,0.7157464212678966,4.089979550102253,0,1378270001.188139,USD,192.8030303030303,11719134.56,USD,99702451.72,USD,2026-08-03,,6.525725894969356,Chemicals: specialty,Process industries
STAA,STAAR Surgical Company,27.83,USD,0.4496065942300391,4.271262645185452,0,1377939824.679655,USD,,34492195.87,USD,161580868.67999998,USD,2026-05-13,-306.08959927960376,-38.98471477431069,Medical specialties,Health technology
VIA,"Via Transportation, Inc.",16.93,USD,0.4621606008087918,-2.1952628538417045,1.9492025989368094,1375338213.198729,USD,,15025679.74,USD,78762220.03999999,USD,2026-05-12,40.53189470545179,8.44117352010433,Packaged software,Technology services
MLTX,MoonLake Immunotherapeutics,18.84,USD,6.565064478311847,10.43376318874561,-1.7972399150743077,1372534893.6225088,USD,,62977127.4,USD,154076930.04,USD,2026-08-12,10.47197005550058,,Pharmaceuticals: major,Health technology
OLPX,"Olaplex Holdings, Inc.",2.04,USD,-0.23095823095823825,0.24570024570024046,0,1370966095.0171988,USD,,10930711.68,USD,36407620.92,USD,2026-08-11,-217.74961804619392,-8.256312238717392,Medical distributors,Distribution services
KALV,"KalVista Pharmaceuticals, Inc.",26.71,USD,-0.07482229704451766,-0.07482229704451766,0.011231748408836067,1369564131.3497941,USD,,51703428.43,USD,717178056.95,USD,2026-09-03,89.14352693908896,337.66432953549514,Pharmaceuticals: major,Health technology
KDK,"Kodiak AI, Inc.",7.49,USD,0.20703933747411568,3.381642512077296,-0.9345794392523402,1367339844.6859903,USD,,10793000.120000001,USD,96541059.23,USD,2026-08-06,,73.78917378917379,Auto parts: OEM,Producer manufacturing
BHVN,Biohaven Ltd.,9.08,USD,-1.5212981744421765,-7.910750507099386,1.1013215859030798,1367093736.340771,USD,,17642894,USD,130205892.48,USD,2026-08-03,10.321184432001639,,Pharmaceuticals: major,Health technology
RYZ,Ryerson Holding Corporation,26.24,USD,,-3.600293901542985,0,1361560017.2343864,USD,,12465626.879999999,USD,85191046.39999999,USD,2026-08-05,,41.790369297610425,Steel,Non-energy minerals
WVE,Wave Life Sciences Ltd.,7.07,USD,0,-1.5320334261838362,2.4045261669024036,1360126493.6545963,USD,,21225525.720000003,USD,196893455.15,USD,2026-07-30,50.944921867606205,121.78022615272697,Biotechnology,Health technology
CSIQ,Canadian Solar Inc.,19.85,USD,-5.2841475573280094,-1.0468594217347822,0,1346161988.7761717,USD,,77354596.45,USD,452784812.3,USD,2026-05-14,-1060.8056977509802,-18.1654320756168,Semiconductors,Electronic technology
AVBP,"ArriVent BioPharma, Inc.",29.02,USD,,-1.627118644067798,0,1345612202.579661,USD,,7871558.92,USD,68056543.2,USD,2026-08-18,-1.6181599862770883,,Pharmaceuticals: other,Health technology
AI,"C3.ai, Inc.",9.48,USD,-1.5197568389057607,-3.951367781155003,0,1344180837.2522798,USD,,43236469.32,USD,280819347.12,USD,2026-06-03,-27.415255856613292,-29.12558052883016,Packaged software,Technology services
IAUX,i-80 Gold Corp.,1.6,USD,0.6329113924050638,1.2658227848101276,1.250000000000001,1344163611.1392405,USD,,18851182.400000002,USD,144519225.6,USD,2026-05-11,-104.35904172737477,-33.50822948874106,Precious metals,Non-energy minerals
ARRY,"Array Technologies, Inc.",8.73,USD,-0.11668611435238958,1.8669778296382746,0.34364261168384147,1342904164.3617272,USD,,39806905.59,USD,328602717.36,USD,2026-08-11,,-1.1643750774185557,Electrical products,Producer manufacturing
CDRE,"Cadre Holdings, Inc.",31.36,USD,0,5.058626465661634,-5.165816326530615,1339905017.20335,USD,29.529190207156308,20836869.759999998,USD,87165182.72,USD,2026-08-11,7.293666026871401,7.284963655377272,Aerospace & defense,Electronic technology
RVLV,"Revolve Group, Inc.",18.63,USD,0.6711409395973182,-10.690316395014383,1.4492753623188384,1333377362.9424736,USD,20.911437871815018,32167824.84,USD,232514584.01999998,USD,2026-08-05,-22.630727762803236,5.706120460830346,Internet retail,Retail trade
ATRC,"AtriCure, Inc.",26.3,USD,,0.07610350076103338,0,1331857501.392694,USD,,24307696.1,USD,204940567.1,USD,2026-08-04,-93.84965831435079,0.5330960854092527,Medical specialties,Health technology
CRVS,"Corvus Pharmaceuticals, Inc.",15.81,USD,1.607717041800643,1.6720257234726674,1.3915243516761584,1329469613.4038587,USD,,18041265.3,USD,124243991.7,USD,2026-08-11,-11.127343559775992,,Pharmaceuticals: major,Health technology
IDT,IDT Corporation,52.16,USD,,-2.5593125350270958,0,1307959098.9306931,USD,16.034922684373942,6050977.279999999,USD,46258826.239999995,USD,2026-06-04,-6.323226902781505,-0.6927919888954988,Major telecommunications,Communications
XZO,"Exzeo Group, Inc.",14.37,USD,-0.518902891030395,6.52335063009636,1.8093249826026554,1306497766.9836915,USD,,3177738.69,USD,35581815.66,USD,2026-09-02,-6.3007746079727935,4.160102033160777,Packaged software,Technology services
VZLA,Vizsla Silver Corp.,3.73,USD,1.9662921348314562,4.775280898876402,0.34852546916889815,1303630715.894628,USD,,27638274.25,USD,150689180.12,USD,2026-07-16,-2204.807711769856,,Precious metals,Non-energy minerals
PLSE,"Pulse Biosciences, Inc",19.08,USD,,0,1.310272536687631,1301734276,USD,,18188906.759999998,USD,47979521.99999999,USD,2026-08-12,-6.585211954339471,51.89393939393939,Medical specialties,Health technology
OLMA,"Olema Pharmaceuticals, Inc.",14.86,USD,-0.06711409395973011,-0.26845637583893234,0,1295152385.7073824,USD,,19413044.56,USD,93595026.44,USD,2026-05-12,-9.105336712698676,,Pharmaceuticals: major,Health technology
CXM,"Sprinklr, Inc.",5.2,USD,-0.3752345215759937,-2.4390243902439006,0,1294094547.3170733,USD,58.55855855855856,16334822.4,USD,139903322,USD,2026-06-10,208.33333333333334,0.6956744024686399,Packaged software,Technology services
ELE,Elemental Royalty Corporation,20.13,USD,0.7423117709437994,6.733828207847294,0.5961251862891257,1293460428.0093024,USD,145.87601336001083,6668404.71,USD,65836070.849999994,USD,2026-05-13,-340.00809600130407,140.1079642090918,Precious metals,Non-energy minerals
NPKI,NPK International Inc.,15.29,USD,0.06688963210703387,2.274247491638795,-0.5886200130804439,1291195175.1217391,USD,36.90562394400193,9140667.799999999,USD,106409348.32,USD,2026-08-04,-3.403898162827567,-0.16623445707826318,Building products,Producer manufacturing
LSPD,Lightspeed Commerce Inc. Subordinate Voting Shares,9.31,USD,,-5.578093306288022,0,1278271715.9792745,USD,,9093654.22,USD,52631729.57,USD,2026-05-21,-5.446892071144944,0.5593258079556591,Packaged software,Technology services
MPLT,"MapLight Therapeutics, Inc.",30.09,USD,,9.817518248175187,0,1276909003.8755474,USD,,8673141.6,USD,56761144.11,USD,2026-06-03,-170.40587395472159,,Pharmaceuticals: major,Health technology
KMTS,"Kestra Medical Technologies, Ltd.",21.83,USD,,3.705463182897851,0,1274290228.944418,USD,,6160491.489999999,USD,39889173.12,USD,2026-07-21,-4.212292206801902,8.805672501661865,Medical specialties,Health technology
ADTN,"ADTRAN Holdings, Inc.",15.68,USD,7.0950468540830025,4.953145917001341,1.3392857142857197,1270050176.5140562,USD,,37840308.8,USD,395211232.64,USD,2026-08-04,32.938856015779095,-1.8774866236795171,Computer peripherals,Electronic technology
ASM,Avino Silver & Gold Mines Ltd.,7.52,USD,4.057971014492744,8.9855072463768,1.3297872340425603,1263688232.0677967,USD,42.39258328225929,50432082.879999995,USD,210451508.95999998,USD,2026-05-13,39.461676629108034,24.804482209649063,Precious metals,Non-energy minerals
ABTC,American Bitcoin Corp.,1.19,USD,-0.8403361344537823,0,0.8319327731092454,1261934835,USD,,18904908.82,USD,116448676.89,USD,2026-08-13,-37.57190432939751,-20.68793810089248,Data processing services,Technology services
SBH,"Sally Beauty Holdings, Inc. (Name to be changed from Sally Holdings, Inc.)",12.98,USD,0.7840342124020044,-7.483962936564498,0.035439137134051904,1259174355.3727727,USD,7.370393504059963,39287396.72,USD,174704426.82,USD,2026-07-30,-8.760088922713344,-0.4125333262941161,Specialty stores,Retail trade
BLDP,"Ballard Power Systems, Inc.",4.17,USD,-0.7263922518159867,0.9685230024213084,0.9592326139088737,1254809239.84127,USD,,35040393.24,USD,306450898.08,USD,2026-08-12,36.87378717574566,-43.92635761417534,Electrical products,Producer manufacturing
TDOC,"Teladoc Health, Inc.",6.92,USD,-1.3793103448275814,-4.551724137931036,-0.14450867052022812,1249150596.6399999,USD,,32398042.16,USD,316750959.2,USD,2026-07-28,-153.8957165016108,-4.425560006788433,Medical/Nursing services,Health services
INSP,"Inspire Medical Systems, Inc.",43.35,USD,-0.022593764121098082,-2.056032535020327,0.39284890426758357,1249050105.3897424,USD,9.693649373881932,40170060.75,USD,568525843.0500001,USD,2026-08-04,-108.29891983246381,-23.968603782560383,Medical specialties,Health technology
HSLV,Highlander Silver Corp.,6.14,USD,,3.193277310924361,0.8143322475570149,1248180175.1630168,USD,,1339072.5999999999,USD,6904258.08,USD,2026-06-03,7.9776844640847955,,Precious metals,Non-energy minerals
SATL,Satellogic Inc.,8.7,USD,3.6988110964332805,14.927344782034332,-1.494252873563207,1244610195.8124173,USD,,144247974.89999998,USD,564348998.6999999,USD,2026-09-17,668.4144189563903,71.9515551885494,Aerospace & defense,Electronic technology
EVLV,"Evolv Technologies Holdings, Inc.",6.92,USD,-0.14184397163120266,-1.8439716312056722,1.7341040462427761,1241107144.357447,USD,,18486344.04,USD,122546397.64,USD,2026-05-12,,-10.142357059509918,Electronic equipment/Instruments,Electronic technology
AVLN,Avalyn Pharma Inc.,29.57,USD,0.21953896816685795,8.19612147822906,-0.913087588772403,1236382200.22,USD,,8951785.24,USD,106057713.62,USD,,,,Pharmaceuticals: major,Health technology
CMP,Compass Minerals Intl Inc,29.26,USD,0.9667024704618674,4.761904761904769,7.6896787423103214,1227701255.5238097,USD,194.2895086321381,46662502.04,USD,161420748.72,USD,2026-07-30,-31.693989071038253,14.415551628376672,Chemicals: specialty,Process industries
JBIO,"Jade Biosciences, Inc.",24.86,USD,-0.03874467260750876,-3.680743897714062,0,1227086459.992251,USD,,10688581.86,USD,89348853.66,USD,2026-08-17,-26.418639609169485,,Biotechnology,Health technology
NAK,"Northern Dynasty Minerals, Ltd.",2.18,USD,0.4651162790697782,1.395348837209314,-0.03669724770643835,1220776485.2164946,USD,,20049242,USD,108162121.36000001,USD,2026-05-20,-463.1173685382267,,Other metals/Minerals,Non-energy minerals
MRVI,"Maravai LifeSciences Holdings, Inc.",4.74,USD,0.8247422680412378,-2.2680412371133905,-0.21097046413501658,1218498330.5814435,USD,,22451247,USD,131141072.82000001,USD,2026-08-11,89.53784927552479,32.02783459671921,Biotechnology,Health technology
ITRN,Ituran Location and Control Ltd.,60.98,USD,0.11488593467914048,0.08206138191366677,0,1213110482.9791565,USD,20.911491375467232,10368551.36,USD,54246222.519999996,USD,2026-05-26,4.3154660295668705,1.3210082578561,Specialty telecommunications,Communications
REAL,"The RealReal, Inc.",9.97,USD,-0.09746588693956908,-2.8265107212475553,0.3009027081243667,1201262638.1705654,USD,,50907577.720000006,USD,435557585.43,USD,2026-08-11,,-2.234464135716899,Internet retail,Retail trade
GPRE,"Green Plains, Inc.",17.15,USD,-1.0445299615173242,-5.717427157779014,0,1201017523.642111,USD,,37571928.449999996,USD,242254108.6,USD,2026-08-05,175.8626465661642,3.938496531866091,Chemicals: specialty,Process industries
PGY,Pagaya Technologies Ltd.,14.54,USD,-2.567478604344956,-4.279131007241609,0.27510316368638876,1199934384.3791966,USD,14.497955927809354,54472656,USD,537649723.9,USD,2026-08-06,-27.997434103102403,-6.866831134203018,Packaged software,Technology services
PRGS,Progress Software Corporation,28.37,USD,,-5.021760964178105,0.4582305252026754,1193770184.0308,USD,14.489274770173648,14992296.72,USD,110149844.29,USD,2026-06-30,-11.388619149349388,-1.9262583806289726,Packaged software,Technology services
PNTG,"The Pennant Group, Inc.",34.13,USD,,-4.930362116991632,0,1186616840.8632312,USD,39.93681254388018,14834433.850000001,USD,79156855.75,USD,2026-08-10,-1.3662151209910849,-1.368366842594609,Medical/Nursing services,Health services
DLX,Deluxe Corporation,25.8,USD,-0.6772009029345362,-2.9345372460496524,0,1181228781.1963885,USD,11.381181348978782,17483963.400000002,USD,118654793.4,USD,2026-07-30,198.33333333333334,0.5230711750420437,Commercial printing/Forms,Commercial services
RDWR,Radware Ltd.,27.34,USD,,-0.5094614264919962,0,1179610887.8515282,USD,62.995391705069125,7114278.1,USD,46731086.38,USD,2026-08-05,-41.334216189425284,-0.5383512992357491,Computer communications,Electronic technology
SCL,Stepan Company,51.92,USD,,-1.908180615907799,0,1179275668.960514,USD,,6287096.640000001,USD,51499967.2,USD,2026-07-29,-927.4580335731414,9.139606344987957,Chemicals: specialty,Process industries
WGS,GeneDx Holdings Corp.,39.61,USD,-1.3735589894530347,-2.8452293352955693,-0.30295379954556284,1175942739.9585478,USD,,71984837.4,USD,1083423493.92,USD,2026-08-17,-258.40597758405977,-15.48487879063386,Medical/Nursing services,Health services
EYPT,"EyePoint, Inc.",13.98,USD,1.683748169838949,2.3426061493411443,1.9313304721030013,1172101267.5636897,USD,,13833112.14,USD,93434127.72,USD,2026-08-05,-25.474419086216333,12.258064516129032,Pharmaceuticals: major,Health technology
ZBIO,"Zenas BioPharma, Inc.",20.4,USD,,3.869653767820764,0,1170169734.7454176,USD,,7843534.8,USD,73254849.6,USD,2026-05-14,-366.8867356647702,,Biotechnology,Health technology
COAG,"Hemab Therapeutics Holdings, Inc.",25,USD,,-0.4777070063694307,0,1167635250,USD,,5983375,USD,56467150,USD,,,,Biotechnology,Health technology
ROCK,"Gibraltar Industries, Inc.",39.24,USD,,-3.847096299926489,0,1163933801.1840236,USD,,17264815.2,USD,120645342,USD,2026-08-05,-2655.002041649653,32.6024980646698,Metal fabrication,Producer manufacturing
AVNS,"Avanos Medical, Inc.",24.81,USD,,0.04032258064515327,0,1161723122.9334676,USD,,19575114.81,USD,207107503.82999998,USD,2026-08-11,,0.7186290768380321,Medical specialties,Health technology
COLL,"Collegium Pharmaceutical, Inc.",35.81,USD,,-5.264550264550252,-0.30717676626640444,1161453662.7473547,USD,17.531577401351218,17751804.82,USD,150107785.04000002,USD,2026-07-30,-14.543418027471555,-5.806307161387984,Pharmaceuticals: major,Health technology
SVV,"Savers Value Village, Inc.",7.54,USD,0,-6.451612903225811,-0.5305039787798413,1161055708.516129,USD,57.29483282674772,11623309.62,USD,68190342.48,USD,2026-08-06,-123.44529579472558,-13.229072064665804,Specialty stores,Retail trade
RXT,"Rackspace Technology, Inc.",4.69,USD,2.367941712204005,-14.571948998178502,0.6631130063965769,1158028550.5227687,USD,,285085120.6,USD,2108486625.2100003,USD,2026-08-11,,-0.6883421206795548,Data processing services,Technology services
AOSL,Alpha and Omega Semiconductor Limited,38.62,USD,0.8707124010554046,1.8997361477572532,-0.31071983428274846,1155880378.5810027,USD,,36149787.559999995,USD,421090312.11999995,USD,2026-08-12,-3.7162416308814157,0.9422973813607093,Semiconductors,Electronic technology
AORT,"Artivion, Inc.",23.81,USD,1.6528925619834638,-6.296733569460848,-1.3015539689206173,1154689533.2380953,USD,99.1670137442732,43176434.94,USD,218332818.95,USD,2026-07-30,-41.584158415841586,0.2974343058141941,Medical specialties,Health technology
XPEL,"XPEL, Inc.",41.73,USD,,-4.179104477611941,0.6470165348670097,1151922544.4686568,USD,21.834449560485556,9866182.17,USD,101180727.96,USD,2026-08-12,-22.85607755406413,-4.018255130165949,Automotive aftermarket,Consumer durables
MMI,"Marcus & Millichap, Inc.",30.23,USD,,-0.6245890861275518,0,1143353254.4884942,USD,,11344593.48,USD,54318715.04,USD,2026-07-31,-123.29425909227531,-29.71223611395778,Real estate development,Finance
GLIBK,"GCI Liberty, Inc. - Series C GCI Group",28.34,USD,8.720487433358718,7.920792079207914,0,1132660778.2970295,USD,,38848273.62,USD,224061197.88,USD,,12.5,-2.2900763358778624,Data processing services,Technology services
GENI,Genius Sports Limited,4.41,USD,1.3636363636363547,0.2272727272727224,0.9070294784580506,1130310761.9522727,USD,,25900556.220000003,USD,223358544.36,USD,2026-08-11,-168.99762378158186,-21.848180427117292,Internet software/Services,Technology services
NEO,"NeoGenomics, Inc.",8.66,USD,-1.1160714285714444,-3.348214285714293,0,1127633990.830357,USD,,15530584.200000001,USD,106342193.34,USD,2026-08-05,-73.12012954154437,-1.8394068465057578,Medical/Nursing services,Health services
GLIBA,"GCI Liberty, Inc. - Series A GCI Group",28.71,USD,1.008591707134851,7.246918192005982,0,1125588271.629436,USD,,2197951.47,USD,14494961.25,USD,2026-08-17,12.5,-2.2900763358778624,Data processing services,Technology services
ALVO,Alvotech,3.59,USD,7.361963190184056,10.12269938650307,1.9498607242339914,1120253317.7116563,USD,37.24066390041494,2178365.33,USD,10102701.57,USD,2026-08-19,-1966.7745620715916,46.44552679701787,Biotechnology,Health technology
CDNA,"CareDx, Inc.",21.55,USD,-0.27497708524289055,-1.2373968835930318,0,1113261801.3084326,USD,,10928091.200000001,USD,95024703.45,USD,2026-07-30,,8.59336076615061,Medical specialties,Health technology
ALNT,Allient Inc.,65.48,USD,-0.794721847353428,-1.8143649722596997,-0.3512522907758155,1112931611.3762183,USD,46.135418868456284,22558711.240000002,USD,131142623.72000001,USD,2026-08-05,-16.0739464201786,-3.096530267728839,Electrical products,Producer manufacturing
NEWP,New Pacific Metals Corp.,5.97,USD,3.3274956217162943,4.5534150612959685,3.6850921273031934,1098615485.3230767,USD,,10277217.69,USD,49650907.949999996,USD,2026-05-13,-118.21020596476335,,Precious metals,Non-energy minerals
GIC,Global Industrial Company,28.71,USD,,-1.8125854993159976,0,1098476084.7763338,USD,15.112117064954207,3106278.45,USD,22710241.62,USD,2026-08-04,4.137931034482759,1.3888888888888888,Internet retail,Retail trade
GOLD,"Gold.com, Inc.",43.38,USD,1.1235955056179732,-4.428288169200259,1.5214384508990237,1097383470.067416,USD,14.800914394895768,49791650.760000005,USD,241178571.36,USD,2026-08-27,411.2323822619457,59.809924500918655,Investment banks/Brokers,Finance
BFLY,"Butterfly Network, Inc.",4.2,USD,-0.36057692307693673,0.9615384615384623,1.428571428571419,1097332679.423077,USD,,15228889.200000001,USD,164846308.20000002,USD,2026-07-30,17.10044467695527,-15.815193247445581,Medical specialties,Health technology
BRBR,"BellRing Brands, Inc.",9.4,USD,0.38797284190105863,-8.826382153249273,1.1702127659574406,1093011880.7177496,USD,7.271602073180166,49308987.800000004,USD,622860111.6,USD,2026-08-10,-22.42562929061785,11.42750790991997,Pharmaceuticals: other,Health technology
GHM,Graham Corporation,98.32,USD,,0.13239637437620477,0,1088675816.51492,USD,73.13299613210353,40861595.36,USD,137510253.67999998,USD,2026-06-04,-7.9288025889967635,-14.124524815605739,Industrial machinery,Producer manufacturing
IART,Integra LifeSciences Holdings Corporation,13.97,USD,0.5747126436781614,0.3591954022988557,0,1086822776.2981324,USD,,21415590.900000002,USD,175575057.79000002,USD,2026-07-29,-170.95070422535213,-9.88837155831465,Medical specialties,Health technology
EVEX,"Eve Holding, Inc.",3.12,USD,-0.9287925696594366,-3.405572755417953,1.4807692307692242,1086710346.2043345,USD,,3921421.92,USD,30610479.12,USD,2026-08-11,-7.656565340509082,,Aerospace & defense,Electronic technology
RZLV,Rezolve AI PLC,2.72,USD,1.2375000000000025,13.333333333333346,-2.2058823529411784,1084811132.0666666,USD,,74956848.80000001,USD,325698653.44,USD,2026-10-07,,,Packaged software,Technology services
PXED,"Phoenix Education Partners, Inc.",30.24,USD,,-0.9174311926605542,0,1082923989.0275228,USD,11.04899704044722,1978512.48,USD,19397780.64,USD,2026-07-29,-30.244596868124756,-15.09997061371538,Internet software/Services,Technology services
FUBO,FuboTV Inc.,9.95,USD,-0.5836575875486257,-3.2101167315175108,0.7035175879397014,1078435199.4309337,USD,2.3058027437893953,16303463.049999999,USD,145956231.6,USD,2026-08-11,64.84270414993306,1.6258277974646926,Internet software/Services,Technology services
IRMD,iRadimed Corporation,84.32,USD,,-2.2773367329199785,0,1077865580.6075215,USD,45.9284274742633,5724400.4799999995,USD,75197925.11999999,USD,2026-07-30,-9.686432784849426,-3.1420765027322406,Medical specialties,Health technology
INDI,"indie Semiconductor, Inc.",4.74,USD,-0.23255813953487878,10.232558139534893,-1.0548523206751017,1076942041.423256,USD,,33984439.620000005,USD,174969534.96,USD,2026-08-06,-34.558708994049674,-4.396021169858811,Semiconductors,Electronic technology
ATEC,"Alphatec Holdings, Inc.",6.99,USD,-0.007978723404248536,-7.047872340425523,0.14306151645207132,1074987250.6874998,USD,,35535293.67,USD,406626047.61,USD,2026-07-30,-56.040314786690594,-9.777953110910731,Medical specialties,Health technology
VYX,NCR Voyix Corporation,7.78,USD,0.5988023952095893,-6.8263473053892145,-0.1285347043701886,1072139867.8538923,USD,20.16066338429645,25743763.26,USD,165129154.06,USD,2026-08-05,-105.10204081632652,-15.833333333333332,Packaged software,Technology services
NWPX,"NWPX Infrastructure, Inc.",111.18,USD,-0.55990046214006,-1.1908993956629836,0,1071442486.0440812,USD,26.05028234026102,12663513.180000002,USD,155366267.4,USD,2026-08-05,18.639486428651875,10.040672084305033,Construction materials,Non-energy minerals
TDAY,"USA TODAY Co., Inc.",7.3,USD,,-4.3250327653997385,0,1070925365.3997381,USD,164.4144144144144,10609739.7,USD,101880595.8,USD,2026-07-30,,-6.2412392563367955,Publishing: newspapers,Consumer services
LQDT,"Liquidity Services, Inc.",34.33,USD,,-5.139541309754074,-0.2912904165452998,1070451604.366676,USD,36.77557579003749,10220418.629999999,USD,47681005.66,USD,2026-08-06,0.4406462812124449,-0.40175220056261807,Internet retail,Retail trade
TWFG,"TWFG, Inc.",19.25,USD,1.9874476987447647,0.6799163179916266,0,1066021648.2348325,USD,46.84838160136287,9291609.25,USD,50715703.5,USD,2026-09-01,-33.822975517890775,5.885858820793115,Insurance brokers/Services,Finance
ACVA,ACV Auctions Inc.,6.09,USD,-2.3400936037441555,-4.992199687987524,0,1063221922.2402495,USD,,28761742.38,USD,264157976.46,USD,2026-08-12,44.31777516486887,11.188434207302132,Internet software/Services,Technology services
BLFS,"BioLife Solutions, Inc.",21.73,USD,,-1.4065335753175987,0,1061671655.9505446,USD,,7352758.37,USD,57948086.36,USD,2026-08-06,58.98123324396782,46.393398988554694,Medical specialties,Health technology
CNMD,CONMED Corporation,35.23,USD,,-4.162132752992386,0,1060746849.5707291,USD,19.871397145919115,17533618.7,USD,117806477.74999999,USD,2026-07-29,-17.390525120974967,-14.841193764492308,Medical specialties,Health technology
XERS,"Xeris Biopharma Holdings, Inc.",6.14,USD,-0.45941807044410793,-5.972434915773362,-0.3257328990227944,1060022278.6768758,USD,93.74045801526717,15415507.659999998,USD,107905152.05999999,USD,2026-08-06,-79.83936467827813,-3.123288309811554,Biotechnology,Health technology
SEPN,"Septerna, Inc.",23.57,USD,1.9689987431922868,-1.2568077084206146,0,1058443316.7616256,USD,,3131321.64,USD,40725118.09,USD,2026-08-17,-231.38382478893917,12.202837869271924,Biotechnology,Health technology
SVRA,"Savara, Inc.",5.12,USD,-1.1472275334608124,-2.103250478011478,0,1049201332.1300191,USD,,5384171.5200000005,USD,35403335.68,USD,2026-05-11,-9.04908494299921,,Pharmaceuticals: major,Health technology
LZ,"LegalZoom.com, Inc.",6.1,USD,-0.3262642740619832,-0.48939641109298937,2.9016393442623034,1047051392.920065,USD,98.22866344605474,18882336.5,USD,135755231.6,USD,2026-08-06,-81.7731550272412,8.679953328497998,Internet software/Services,Technology services
DFIN,"Donnelley Financial Solutions, Inc.",41.89,USD,,-2.2175536881419298,0,1046511658.4374417,USD,32.452742485280446,12366682.02,USD,125498334.78,USD,2026-08-05,440.3225806451613,19.130434782608695,Packaged software,Technology services
FBYD,"Falcon's Beyond Global, Inc.",10.78,USD,,-7.467811158798292,0,1044232277.3682404,USD,360.53511705685617,717678.5,USD,4565157.52,USD,,,62.43216576221015,Engineering & construction,Industrial services
ATEX,Anterix Inc.,55.72,USD,1.0371959942775364,-0.3576537911301911,0.3230437903804733,1043796550.2889843,USD,12.817740562673965,26708490.48,USD,125244630,USD,2026-06-17,-112.33002092050208,1.3530927835051547,Wireless telecommunications,Communications
CRON,Cronos Group Inc. Common Share,2.75,USD,9.488188976377957,8.267716535433069,-1.7709090909090976,1042390496.4697406,USD,,12801123.5,USD,30944919.5,USD,2026-08-11,-107.18408277943556,25.839269270545785,Pharmaceuticals: other,Health technology
MNKD,MannKind Corporation,3.36,USD,-0.1420454545454515,-4.545454545454549,1.4464285714285707,1038072547.9090909,USD,,25322892,USD,266930771.51999998,USD,2026-08-12,-4.207424128417356,-19.457817873252647,Pharmaceuticals: major,Health technology
WYFI,"WhiteFiber, Inc.",26.98,USD,10.541176470588228,26.96470588235294,1.8532246108228319,1035097523.2592942,USD,,132213655.36,USD,332760474.04,USD,2026-05-14,90.56047397086738,13.981556763580292,Data processing services,Technology services
OMER,Omeros Corporation,14.36,USD,0.07077140835102468,1.6277423920735927,0.20891364902507753,1033865010.2448689,USD,,11458059.4,USD,87419975.11999999,USD,2026-05-12,,,Pharmaceuticals: major,Health technology
KODK,Eastman Kodak Company,10.59,USD,-1.402278702892201,-7.1866783523225255,1.416430594900853,1033583970.2997371,USD,,23169956.31,USD,117930017.61,USD,2026-08-11,85.18518518518519,-8.620689655172415,Industrial machinery,Producer manufacturing
ODV,Osisko Development Corp.,3.38,USD,3.9664634146341498,3.048780487804881,2.6627218934911334,1029536935.2259507,USD,,4069999.96,USD,28943024.5,USD,2026-05-12,,456.90474851705585,Precious metals,Non-energy minerals
LXRX,"Lexicon Pharmaceuticals, Inc.",2.31,USD,0,15.500000000000004,1.1471861471861458,1026093638.955,USD,,32265835.14,USD,74621844.99,USD,2026-07-30,93.28396651641984,284.1616602949208,Pharmaceuticals: major,Health technology
CEVA,"CEVA, Inc.",36.46,USD,-2.245063565052741,-1.379496889369754,-0.027427317608332447,1015752637.2020558,USD,,72168668.78,USD,312211282.28000003,USD,2026-08-12,56.23754483858111,10.241685456595265,Semiconductors,Electronic technology
TNDM,"Tandem Diabetes Care, Inc.",14.77,USD,-1.3565891472868272,-4.586563307493545,-1.8280297901150953,1012174529.346899,USD,,53872349.089999996,USD,328715596.02,USD,2026-08-05,-3362.308998302207,-14.82521191913834,Medical specialties,Health technology
NPK,"National Presto Industries, Inc.",140.79,USD,,-1.1861313868613124,0,1008669079.5821168,USD,30.361648444070646,16829332.65,USD,85755329.78999999,USD,,182.2080120368629,42.013458856949846,Aerospace & defense,Electronic technology
OPY,"Oppenheimer Holdings, Inc.",94.87,USD,,-0.7635983263598219,0,1006413224.7312763,USD,11.343472750316856,5331029.91,USD,55322586.67,USD,,-127.67273607487695,-5.7499327685183035,Investment banks/Brokers,Finance
SLI,Standard Lithium Ltd.,4.12,USD,-0.7633587786259605,4.834605597964375,1.2135922330097044,1001243775.8812616,USD,,9562079.16,USD,46173041.88,USD,2026-11-06,-499.68009505516176,,Other metals/Minerals,Non-energy minerals
DAKT,"Daktronics, Inc.",20.68,USD,-1.3263516804676148,0.7306380905991162,0,998804967.8850461,USD,37.20762864339691,6014653.92,USD,38106519,USD,2026-06-10,-82.78130541731022,-20.667995620558948,Miscellaneous manufacturing,Producer manufacturing
INNV,InnovAge Holding Corp.,7.36,USD,-3.4346103038309206,-2.7741083223249663,0,998748069.1571996,USD,,4320754.24,USD,17278623.04,USD,2026-09-15,-377.4627990205312,5.104126687469755,Packaged software,Technology services
AGL,"agilon health, inc.",59.61,USD,0,9.92070809515029,0.6207012246267362,994520384.7731882,USD,,41954829.42,USD,399613398.78,USD,2026-07-30,,-9.495498859184282,Medical/Nursing services,Health services
AEVA,"Aeva Technologies, Inc.",15.53,USD,-1.6212232866617586,14.443625644804708,-0.19317450096586838,977577588.7347088,USD,,50385221.4,USD,277556089.09,USD,2026-08-12,-38.18045350398989,11.403664828322363,Semiconductors,Electronic technology
LMRI,"Lumexa Imaging Holdings, Inc.",10.16,USD,-1.151631477927056,-2.4952015355086354,0,976478000.7447218,USD,,6356268.72,USD,33079080.400000002,USD,2026-05-12,-14.49437305451353,7.94507071782217,Medical/Nursing services,Health services
AMBQ,"Ambiq Micro, Inc.",45.67,USD,-2.0371208691715674,3.372566772295161,2.2093277862929717,975735625.9773654,USD,,42809322.54,USD,191328299.55,USD,2026-05-12,-18.629193512552767,14.197632810349573,Semiconductors,Electronic technology
AKTS,"Aktis Oncology, Inc.",18.27,USD,,-1.7741935483871065,0,975675915.9,USD,,2453807.16,USD,20985999.93,USD,2026-06-03,-25.564034505640343,100.42872454448018,Pharmaceuticals: major,Health technology
DSGN,"Design Therapeutics, Inc.",15.61,USD,-0.8438818565400914,9.774964838255968,0,974953382.4943739,USD,,11268328.26,USD,60762752.33,USD,2026-08-10,-10.245671063324373,,Biotechnology,Health technology
PHAT,"Phathom Pharmaceuticals, Inc.",12.22,USD,,0.493421052631583,0,974617707.9950658,USD,,11232281.84,USD,100722237.98,USD,2026-08-06,-43.602231889540384,1.245137538205057,Pharmaceuticals: major,Health technology
GDRX,"GoodRx Holdings, Inc.",2.84,USD,-3.0821917808219133,-2.739726027397263,-0.7042253521126767,972911606.2602739,USD,48.547008547008545,5467650.359999999,USD,51560444.239999995,USD,2026-08-06,-78.45161290322581,-0.3999281258823832,Medical/Nursing services,Health services
MSEX,Middlesex Water Company,51.83,USD,,0.5236617532971218,0,965298977.8601627,USD,21.582344368103268,4459401.37,USD,40816798.79,USD,2026-07-24,23.242300987797794,3.693139487856276,Water utilities,Utilities
AGNT,"eXp World Holdings, Inc.",6.04,USD,-5.15151515151515,-8.484848484848479,-1.4900662251655605,961981135.0848484,USD,,11376956.08,USD,52844406.96,USD,2026-08-05,-468.7732342007435,-9.481249473107802,Real estate development,Finance
COUR,"Coursera, Inc.",5.66,USD,1.2110726643598513,-2.07612456747405,0.1766784452296782,958238051.8996539,USD,,26798102.02,USD,184830435.64000002,USD,2026-07-23,23.507462686567166,-0.6094464195022855,Internet software/Services,Technology services
SANA,"Sana Biotechnology, Inc.",3.56,USD,1.7094017094017109,1.4245014245014322,-1.4943820224719078,950046207.6125357,USD,,8082399.72,USD,52158798.88,USD,2026-07-30,-39.55446953881192,,Biotechnology,Health technology
AEBI,Aebi Schmidt Holding AG,12.26,USD,,6.516072980017376,0,949353369.4856647,USD,23.852140077821012,4296897.06,USD,22907478.98,USD,2026-05-14,809.6728186511406,40.26537642206819,Motor vehicles,Consumer durables
XNCR,"Xencor, Inc.",12.79,USD,-0.07776049766718342,-0.5443234836702978,1.0946051602814744,948270961.5606532,USD,,10961656.709999999,USD,81709669.61,USD,2026-08-05,-1837.712310235984,-84.00679958919149,Biotechnology,Health technology
SLS,"SELLAS Life Sciences Group, Inc.",5.25,USD,0,4.790419161676651,-0.1904761904761864,942808591.3173653,USD,,33131353.5,USD,141147363,USD,2026-05-11,-12.766897364158444,,Pharmaceuticals: major,Health technology
SDGR,"Schrodinger, Inc.",12.72,USD,-0.3046458492003117,-3.1226199543031234,0.23584905660376854,939055240.9992384,USD,,25159142.400000002,USD,149731075.92000002,USD,2026-08-05,-284.632893482206,-32.84002980455092,Packaged software,Technology services
LBRX,LB Pharmaceuticals Inc,32.695,USD,,2.2677510165780466,0,937523405.1646857,USD,,2575744.795,USD,27264523.975,USD,2026-06-03,-222.60967379077616,,Pharmaceuticals: major,Health technology
THRM,Gentherm Inc,30.49,USD,0.09502692429522058,-3.4209692746278173,0,935045655.3918276,USD,41.46042969812346,3957967.88,USD,46988139,USD,2026-08-04,41.21191831268832,2.852231522409271,Auto parts: OEM,Producer manufacturing
MRAM,"Everspin Technologies, Inc.",39.86,USD,33.938495739162654,47.68432752871434,0.46964375313596873,934620392.2971473,USD,4026.262626262626,1112355680.9,USD,2072817696.86,USD,2026-08-06,-124.74916387959867,0.46612173208133484,Semiconductors,Electronic technology
ORIC,"Oric Pharmaceuticals, Inc.",8.99,USD,0,1.5819209039548088,-0.3337041156840863,930622930.4282485,USD,,10460620.16,USD,85508492.88,USD,2026-08-06,-17.24963120799869,,Pharmaceuticals: major,Health technology
ANNX,"Annexon, Inc.",5.68,USD,1.9332161687170373,-0.17574692442883436,-2.2676056338028174,923041351.1985939,USD,,12922556.639999999,USD,76584303.36,USD,2026-08-17,8.525364721485412,,Pharmaceuticals: major,Health technology
NX,Quanex Building Products Corporation,19.95,USD,-1.3827160493827217,-1.481481481481485,0,916379533.637037,USD,,4107485.55,USD,34470427.949999996,USD,2026-06-04,-120.80118542741812,-16.486201785867394,Building products,Producer manufacturing
MGTX,MeiraGTx Holdings plc,9.9,USD,1.2219959266802365,0.8146639511201635,0,916316605.6313645,USD,,6803072.100000001,USD,34102549.800000004,USD,2026-05-11,,18281.463414634145,Biotechnology,Health technology
NUTX,Nutex Health Inc.,132.88,USD,,-2.765988584809016,0,914392360.6047125,USD,10.261875526106465,18252396.8,USD,214671892.16,USD,2026-08-06,295.5298293053913,42.725756367064655,Medical/Nursing services,Health services
UTL,UNITIL Corporation,50.75,USD,,0,0,913033628,USD,16.21302153217047,5182691.5,USD,46394432,USD,2026-08-04,74.73684210526318,34.303405572755416,Electric utilities,Utilities
KOPN,Kopin Corporation,4.97,USD,0.739371534195934,-8.133086876155275,2.810865191146889,911316165.0628465,USD,352.4822695035461,67506456.36,USD,476004732,USD,2026-05-12,65.39080979188375,-30.048205108913955,Semiconductors,Electronic technology
DRTS,Alpha Tau Medical Ltd.,10.34,USD,14.806110458284369,21.504112808460636,0.9671179883945807,910020685.5981197,USD,,50858758.28,USD,98953386.4,USD,2026-05-25,-3.850761595071025,,Medical specialties,Health technology
LMB,"Limbach Holdings, Inc.",75.94,USD,0.013939224979098294,5.854474491218293,-0.5794047932578322,905285818.8976861,USD,27.63564904108592,56146314.94,USD,296106538.98,USD,2026-08-11,-64.39024390243902,-25.69298771351513,Miscellaneous,Miscellaneous
CGEM,"Cullinan Therapeutics, Inc.",14.73,USD,1.2371134020618537,1.2371134020618537,0,905277028.4123712,USD,,12901550.370000001,USD,108044594.19,USD,2026-08-06,2.0744187880819513,,Pharmaceuticals: major,Health technology
ABSI,Absci Corporation,5.78,USD,1.5254237288135568,-2.0338983050847474,0.34602076124566733,901131260.5152543,USD,,36797358.5,USD,244047350.5,USD,2026-08-18,-0.125160679250389,-66.92307692307692,Biotechnology,Health technology
USPH,"U.S. Physical Therapy, Inc.",59.42,USD,,0.2192612582223015,0,898582615.0183842,USD,119.60547504025764,19932973.78,USD,109339395.62,USD,2026-07-30,72.24563515954245,-2.190148278957805,Medical/Nursing services,Health services
ROOT,"Root, Inc.",56.63,USD,-1.2767239851090204,0.3900017727353412,-1.0948260639237235,896007594.0457367,USD,17.941325560765428,21199044.09,USD,147198245.74,USD,2026-08-12,577.3584905660377,-0.8816120906801008,Insurance brokers/Services,Finance
PCRX,"Pacira BioSciences, Inc.",22.74,USD,0,-1.7710583153347739,0,894477517.8894169,USD,182.06565252201761,20374266.84,USD,129784206.66,USD,2026-08-04,78.13072693952353,-9.903338700583625,Pharmaceuticals: major,Health technology
GERN,Geron Corporation,1.39,USD,0,0,0.7194244604316554,891714174.9999999,USD,,45020584.9,USD,165134989.89,USD,2026-08-06,88.30593372720267,7.96001249609497,Biotechnology,Health technology
NB,NioCorp Developments Ltd.,6.13,USD,-1.6420361247947397,0.6568144499178987,-0.1631321370309916,890817559.8899837,USD,,23991974.06,USD,185176186.31,USD,2026-06-02,98.76107523651746,,Other metals/Minerals,Non-energy minerals
SCSC,"ScanSource, Inc.",43.73,USD,,-4.7276688453159075,0,888791711.1908498,USD,13.273234990590662,13505835.579999998,USD,92777393.08,USD,2026-08-25,2.3767659006851507,0.036268186277579474,Electronics distributors,Distribution services
VPG,"Vishay Precision Group, Inc.",66.6,USD,0.9964306960142798,-0.9518143961927433,-0.39789789789789876,885607463.0130874,USD,168.39443742098607,20161418.4,USD,145479774.6,USD,2026-05-12,-123.81012980402137,1.059853501906482,Electronic components,Electronic technology
SHEN,Shenandoah Telecommunications Co,16,USD,,-0.990099009900991,0,885151969.3069305,USD,,5811584,USD,52177008,USD,2026-08-05,-136.39836289222373,0.6124989082015897,Major telecommunications,Communications
INMD,InMode Ltd.,13.77,USD,-0.429799426934101,-1.3610315186246509,-0.07262164124909068,872449981.5816618,USD,10.08717310087173,18911415.06,USD,103678419.69,USD,2026-07-23,-57.217391304386375,-21.026633543314695,Medical specialties,Health technology
NRGV,"Energy Vault Holdings, Inc.",5.04,USD,-1.1037527593818945,11.258278145695359,3.174603174603177,871794301.5099337,USD,,45588322.08,USD,202206997.44,USD,2026-08-11,-50.47711691680563,-85.72854291417165,Electrical products,Producer manufacturing
SCZM,Santacruz Silver Mining Ltd.,9.43,USD,0.5537098560354453,4.429678848283504,0.7423117709437994,871342512.9586375,USD,20.374038833652605,5901369.4399999995,USD,32422273.15,USD,2026-06-01,-128.58773547235452,31.95381756422213,Precious metals,Non-energy minerals
TALK,"Talkspace, Inc.",5.19,USD,-0.19267822736032128,0,0,869390186,USD,114.56953642384107,9874208.55,USD,59844322.620000005,USD,2026-05-11,46.5702860658259,6.091173944527711,Medical/Nursing services,Health services
SMP,"Standard Motor Products, Inc.",39,USD,0,-3.465346534653462,0,868267912.2772279,USD,19.215608986992514,4757961,USD,31309824,USD,2026-08-05,117.95980666497074,17.158586304500247,Automotive aftermarket,Consumer durables
SHAZ,"SharonAI Holdings, Inc.",53.81,USD,-2.6919431279620887,2.0094786729857863,5.732763426872318,868233543.094218,USD,,36801950.440000005,USD,174210466.91,USD,2026-06-03,-856.5769028091179,,Data processing services,Technology services
JANX,"Janux Therapeutics, Inc.",14.23,USD,0.8818342151675485,0.3880070546737193,0,867807396.6215167,USD,,13019354.290000001,USD,84826538.38,USD,2026-08-11,23.74319163588556,,Biotechnology,Health technology
MATW,Matthews International Corporation,27.77,USD,,-1.3148542999289303,-1.9805545552754797,866491694.0625445,USD,95.49518569463548,6727837.899999999,USD,48724381.13,USD,2026-07-23,-150.0446950422884,-9.180968033066083,Miscellaneous manufacturing,Producer manufacturing
OMDA,"Omada Health, Inc.",14.69,USD,0.9446693657220012,-0.8771929824561456,-0.7488087134104795,865614665.2280703,USD,,21195172.7,USD,160783004.85,USD,2026-08-06,-157.56929637526653,2.903251325053398,Internet software/Services,Technology services
ABUS,Arbutus Biopharma Corporation,4.39,USD,-0.4608294930875478,1.15207373271889,0,864565167.6866359,USD,,3364039.44,USD,25243549.209999997,USD,2026-05-11,51.48540428814521,98.6767485828552,Pharmaceuticals: major,Health technology
GROY,Gold Royalty Corp.,3.72,USD,-0.27700831024930156,3.0470914127423914,0.26881720430106953,858546980.9085873,USD,,7254379.44,USD,47087287.56,USD,2026-08-06,,59.475672072930166,Other metals/Minerals,Non-energy minerals
MYE,"Myers Industries, Inc.",22.85,USD,,-0.4790940766550498,0,858184720.0021777,USD,32.63819454363663,5306981.050000001,USD,38854048.6,USD,2026-07-30,-116.1341571050309,-19.313245805838,Miscellaneous manufacturing,Producer manufacturing
SPRY,"ARS Pharmaceuticals, Inc.",8.6,USD,0.1144164759725376,-1.601830663615567,3.953488372093022,853956777.0480549,USD,,11148962.6,USD,105026597,USD,2026-05-15,19.211745615921487,-13.581120580905193,Pharmaceuticals: major,Health technology
DC,Dakota Gold Corp.,6.39,USD,1.4975041597337746,6.3227953410981685,0.7151799687010967,853174724.0615641,USD,,9209293.559999999,USD,44004064.05,USD,2026-06-03,15.806268599924136,,Precious metals,Non-energy minerals
TBPH,"Theravance Biopharma, Inc.",16.52,USD,,-2.880658436214003,0.3026634382566629,851655658.0905349,USD,7.493082959132762,6781740.84,USD,35159482.96,USD,2026-08-05,-108.08370477189303,-61.43252489594909,Pharmaceuticals: major,Health technology
BVS,Bioventus Inc.,10.19,USD,0,-2.952380952380957,0,850101107.135238,USD,24.72100921882581,4591858.56,USD,41184056.85,USD,2026-08-11,-78.9020670958997,-16.346421785940468,Medical specialties,Health technology
DRUG,Bright Minds Biosciences Inc.,86.55,USD,-0.5847953216374269,1.2280701754385932,-2.9347198151357503,847078773.9210526,USD,,12896209.65,USD,118450166.25,USD,2026-05-14,-82.88182318849793,,Biotechnology,Health technology
KRO,Kronos Worldwide Inc,7.36,USD,-1.2345679012345658,0.9602194787380012,0,846790928.0658437,USD,,1930822.4000000001,USD,18592272.64,USD,2026-08-05,94.20289855072464,21.874252928520203,Chemicals: specialty,Process industries
OPK,"Opko Health, Inc.",1.12,USD,-1.184210526315776,-1.7543859649122628,0.8928571428571237,845703280.7017545,USD,,1818673.9200000002,USD,15049435.520000001,USD,2026-07-30,-75.47429375819816,-16.338160996968675,Medical/Nursing services,Health services
CRSR,"Corsair Gaming, Inc.",7.91,USD,0.25380710659899064,0.38071065989848035,-2.528445006321115,845438291.3388324,USD,94.5041816009558,20688051.3,USD,99917237.42,USD,2026-07-30,-50.84724696524009,-18.84904602213549,Packaged software,Technology services
FCEL,"FuelCell Energy, Inc.",15.94,USD,-0.43795620437955274,16.35036496350365,4.4410288582183215,844467190.7883211,USD,,207708305.96,USD,1078036593.82,USD,2026-06-05,23.463238248292487,-44.505234840773596,Electronic equipment/Instruments,Electronic technology
KURA,"Kura Oncology, Inc.",9.51,USD,0.8492569002123149,0.9554140127388521,1.097791798107256,844133311.3248408,USD,,11238385.44,USD,70631996.78999999,USD,2026-05-12,-9.286793674780075,-16.45301204819277,Biotechnology,Health technology
AMPL,"Amplitude, Inc.",6.36,USD,-1.2519561815336475,-0.4694835680751074,0.02987421383647819,843205191.0234743,USD,,21681316.32,USD,150768907.08,USD,2026-08-12,-31.819211599456278,2.258632570247301,Packaged software,Technology services
VOR,Vor Biopharma Inc.,17.25,USD,0.6493506493506459,1.8299881936245495,1.9130434782608599,842619464.6103895,USD,,23962941,USD,106073148,USD,2026-05-11,,,Biotechnology,Health technology
CTMX,"CytomX Therapeutics, Inc.",3.86,USD,-1.758793969849242,-3.015075376884425,0,840333300.6834172,USD,,14078053.04,USD,86147819.67999999,USD,2026-08-06,31.16559788758959,1447.209653092006,Pharmaceuticals: major,Health technology
CSHR,CoinShares PLC,6.35,USD,-0.6397306397306439,6.902356902356889,0.3149606299212671,839834016.4225588,USD,33.63347457627118,2824734,USD,18421851.65,USD,,117.57679180887372,,Packaged software,Technology services
TMQ,Trilogy Metals Inc.,4.78,USD,-0.4654788418708272,6.45879732739421,0.41841004184099523,839108134.0584416,USD,,22059671.32,USD,101780836.36,USD,2026-07-09,79.44507436316965,,Other metals/Minerals,Non-energy minerals
WLKP,Westlake Chemical Partners LP,23.72,USD,-0.6872852233676982,1.8900343642611586,0,836032301.7216494,USD,14.433491541925276,1247980.3599999999,USD,7411551.199999999,USD,2026-08-04,-2.5448792901850195,-5.3781314908883795,Chemicals: specialty,Process industries
EVMN,"Evommune, Inc.",23.21,USD,0.0872600349040121,1.2652705061081986,0,835986406.7883942,USD,,15484853.23,USD,78450983.71000001,USD,2026-09-02,23.340289321967955,,Pharmaceuticals: major,Health technology
TSAT,Telesat Corporation,54.91,USD,,0.4757548032936835,0,835625413.5388517,USD,,7337568.39,USD,78249550.41,USD,2026-08-07,64.22323585093949,-8.60313163879992,Specialty telecommunications,Communications
KOP,Koppers Holdings Inc.,43.08,USD,,-2.0686519663559984,0,833047847.1488975,USD,11.305306250984097,10903849.559999999,USD,55240493.16,USD,2026-07-30,-76.0942760942761,5.223018257453201,Chemicals: specialty,Process industries
AZTA,"Azenta, Inc.",17.95,USD,-1.5608740894900999,-6.607700312174816,0,826804384.4901143,USD,,18739548.7,USD,260059169.2,USD,2026-08-11,-941.9777086573355,-2.5880975767279772,Medical/Nursing services,Health services
CTGO,Contango Silver & Gold Inc.,26.87,USD,-0.4781169547627898,-1.1769032732622298,0.6698920729438025,824100458.0812799,USD,,18109627.64,USD,71378542.8,USD,2026-05-20,-346.3280009375206,,Precious metals,Non-energy minerals
CCOI,"Cogent Communications Holdings, Inc.",16.4,USD,-0.953153153153151,-1.5015015015015016,0,821273661.4294295,USD,,17590279.2,USD,304976827.2,USD,2026-08-06,-28.46236314609662,-0.5533889355474435,Major telecommunications,Communications
SSII,SS Innovations International Inc.,4.08,USD,,5.426356589147286,0,816944646.5116278,USD,,148826.16,USD,1215109.68,USD,,33.52870011651538,13.440801598598712,Medical specialties,Health technology
ETON,"Eton Pharmaceuticals, Inc.",29.84,USD,-1.382799325463744,0.6408094435075928,0,814169188.1416527,USD,,6885460.64,USD,113384868.24,USD,2026-05-14,,-5.245113317600962,Pharmaceuticals: major,Health technology
AMPH,"Amphastar Pharmaceuticals, Inc.",18.45,USD,,-2.894736842105267,0,813514344.868421,USD,11.08241230177799,25084251,USD,98097579.89999999,USD,2026-08-10,-73.71975930246838,-6.517571884984026,Pharmaceuticals: major,Health technology
SPTX,"Seaport Therapeutics, Inc.",15.25,USD,,-4.984423676012465,0,808674209.25,USD,,6092115.75,USD,52389575.5,USD,,,,Pharmaceuticals: major,Health technology
BIOA,"BioAge Labs, Inc.",18.16,USD,5.058365758754865,0.9449694274597094,0,806264322.5703168,USD,,9251012.72,USD,44598907.92,USD,2026-08-12,14.223489958755733,-9.941520467836257,Biotechnology,Health technology
ESPR,"Esperion Therapeutics, Inc.",3.13,USD,0,-0.3184713375796252,0,805677291.1464968,USD,,61960969.809999995,USD,981590360.7199999,USD,2026-08-04,-140.74978570619916,-52.4452940408202,Pharmaceuticals: major,Health technology
LPTH,"LightPath Technologies, Inc.",12.815,USD,0,11.337966985230233,-0.8973858759266502,804646251.1837534,USD,,59164240.739999995,USD,302926313.85499996,USD,2026-09-10,56.341218122465484,17.11241163889739,Electronic components,Electronic technology
IDR,"Idaho Strategic Resources, Inc.",50.75,USD,0.12222448563861307,3.3815441026685606,-1.9901477832512275,802169783.9274801,USD,45.757821657199536,13171401.25,USD,83133879.5,USD,2026-05-18,214.82590018416184,31.480447371023836,Precious metals,Non-energy minerals
ISOU,IsoEnergy Ltd.,13.22,USD,,9.70954356846473,0,800552506.3846154,USD,,2298971.22,USD,11491643.64,USD,2026-07-30,67.97440738687514,,Other metals/Minerals,Non-energy minerals
ODD,ODDITY Tech Ltd.,14.1,USD,0.3380662609871583,-4.665314401622715,0.4255319148936206,798859242.1501014,USD,7.845974069333927,16587789.9,USD,119370036,USD,2026-05-12,-66.84136376444069,3.2616191802680152,Packaged software,Technology services
SGP,"SpyGlass Pharma, Inc.",23.76,USD,,1.495087569414786,0,794214970.56,USD,,607163.04,USD,13423330.8,USD,2026-06-03,-49.4800617101542,,Biotechnology,Health technology
CGNT,Cognyte Software Ltd.,10.86,USD,3.150315031503163,-2.25022502250225,0.9208103130755195,793631147.3681369,USD,,13243552.799999999,USD,53137360.98,USD,2026-06-17,,5.463678056090617,Packaged software,Technology services
IBTA,"Ibotta, Inc.",33.13,USD,,-6.676056338028162,0,790004382.7014085,USD,,7996422.45,USD,36015954.300000004,USD,2026-08-19,-929.1126620139582,-6.826243137609291,Packaged software,Technology services
CERT,"Certara, Inc.",5.13,USD,-16.79873217115689,-18.70047543581616,1.3645224171540018,786557618.2868464,USD,,41428453.86,USD,119682874.35,USD,2026-08-11,-486.55737704918033,-0.9252886747725014,Packaged software,Technology services
ANRO,"Alto Neuroscience, Inc.",24.53,USD,,1.1129431162407235,0,783623482.0399836,USD,,9552178.24,USD,55658619.06,USD,2026-05-20,-14.110429447852749,,Biotechnology,Health technology
ASPI,ASP Isotopes Inc.,6.22,USD,4.460966542750933,15.61338289962825,-0.014469453376200625,783119427.7843866,USD,,60828322.059999995,USD,169668960.95999998,USD,2026-06-03,-511.37871837416276,240.7185890820501,Pharmaceuticals: major,Health technology
RMIX,"Suncrete, Inc.",16.38,USD,,-1.2062726176115761,0,775741501.0799999,USD,,2491185.06,USD,22378192.2,USD,2026-05-15,-583.6720647900514,,Packaged software,Technology services
EFOR,"Everforth, Inc.",18.9,USD,1.5034448818897568,-6.988188976377961,0.4703703703703832,774899987.9084647,USD,8.3546989656087,21607538.4,USD,192587787,USD,2026-07-29,-78.17460317460318,-1.2039587797163556,Information technology services,Technology services
RLMD,"Relmada Therapeutics, Inc.",7.36,USD,0,0.5464480874316944,0.40760869565216523,771977386.273224,USD,,6583380.16,USD,41469441.6,USD,2026-05-12,-96.87626096269571,,Pharmaceuticals: major,Health technology
NABL,"N-able, Inc.",4.09,USD,-1.4925373134328417,-12.793176972281461,1.466992665036687,770467240.023454,USD,,7055303.17,USD,34392024.72,USD,2026-08-06,91.49495228875674,2.6106513962878353,Packaged software,Technology services
APOG,"Apogee Enterprises, Inc.",36.22,USD,,-1.173260572987721,0,768615073.3369714,USD,14.427404899422426,4752860.84,USD,44163263.32,USD,2026-06-26,0.4290289443471017,0.8007160828888896,Building products,Producer manufacturing
NFGC,New Found Gold Corp,2.22,USD,0,1.8348623853211024,3.400900900900896,766371879.3131315,USD,,3809064.9000000004,USD,27293790.000000004,USD,2026-05-18,-18.51931904053474,,Precious metals,Non-energy minerals
HIVE,HIVE Digital Technologies Ltd,3.01,USD,-1.7234042553191484,6.737588652482268,-0.4186046511627889,764521837.0673574,USD,,62101197.269999996,USD,312373868.94,USD,2026-06-25,-493.6784509549499,9.58404686870526,Information technology services,Technology services
MTUS,Metallus Inc.,18.31,USD,-0.7046070460704553,-0.7588075880758839,0,762205119.2260162,USD,327.54919499105546,4786911.47,USD,41834669.69,USD,2026-07-30,,15.33857089412645,Steel,Non-energy minerals
CBLL,"CeriBell, Inc.",20.06,USD,,-0.6930693069306959,0,759722253.6722772,USD,,6155471.18,USD,35445999.94,USD,2026-08-11,-0.4604530263646491,9.717118951702156,Medical specialties,Health technology
LYTS,LSI Industries Inc.,24.33,USD,,-0.9364820846905555,0,757470639.1050489,USD,32.20810166799047,9079372.08,USD,83505571.97999999,USD,2026-08-13,-67.06049149338375,2.3965660331151954,Building products,Producer manufacturing
SLDB,Solid Biosciences Inc.,7.68,USD,1.3755158184319194,5.639614855570842,0,755671462.9105915,USD,,7461465.6,USD,66551216.64,USD,2026-05-11,-8.762233484795527,,Biotechnology,Health technology
ALLO,"Allogene Therapeutics, Inc.",2.28,USD,0.4385964912280803,0,0.8771929824561412,755313587,USD,,10266199.319999998,USD,90915020.52,USD,2026-05-13,6.256038647342995,,Biotechnology,Health technology
SABR,Sabre Corporation,1.91,USD,-1.4563106796116625,-7.281553398058259,0.3664921465968648,755048369.6213592,USD,1.7672094744633604,6854883.04,USD,93537834.08,USD,2026-08-04,,14.073140542365254,Packaged software,Technology services
KRNT,Kornit Digital Ltd.,16.25,USD,0.6785934608266467,0.24676125848241298,-1.169230769230777,753032708.9759407,USD,,2701595,USD,15672767.5,USD,2026-05-13,,10.767117100295405,Chemicals: specialty,Process industries
GSM,Ferroglobe PLC,4,USD,-0.6134969325153461,-1.8404907975460165,0,747442042.6993866,USD,,6598804,USD,41742924,USD,2026-08-17,91.28753721295072,5.574985882652968,Other metals/Minerals,Non-energy minerals
SKYH,Sky Harbour Group Corporation,9.74,USD,,-1.9133937562940535,0,741810903.099698,USD,70.57971014492753,1251297.8,USD,7884383.9,USD,2026-05-14,,10.339632977266502,Real estate development,Finance
THM,"International Tower Hill Mines, Ltd.",2.83,USD,2.9527559055118178,11.41732283464567,1.413427561837457,740434070.9800571,USD,,5883669.05,USD,24861306.62,USD,2026-08-07,,,Precious metals,Non-energy minerals
SSYS,"Stratasys, Ltd.",8.54,USD,0,0.2347417840375537,0.7025761124121839,735913520.8685447,USD,,11708997.579999998,USD,66719407.57999999,USD,2026-07-30,-26.379164014428174,-5.216428571428571,Computer peripherals,Electronic technology
HZO,"MarineMax, Inc. (FL)",33.29,USD,-0.9324009324009332,-3.0011655011655045,0,733317252.2083334,USD,,15421226.31,USD,116992212.14999999,USD,2026-07-23,67.221801665405,4.401220955781934,Specialty stores,Retail trade
MRLN,"Merlin, Inc.",8.66,USD,-0.6075334143377972,5.224787363304978,1.0392609699769038,732155810.891859,USD,48.16462736373749,8723295.94,USD,82741952.68,USD,2026-06-03,1332.7084378808515,,Packaged software,Technology services
FOXF,Fox Factory Holding Corp.,17.4,USD,,-2.2471910112359668,0,729627109.9887639,USD,,15165909.6,USD,84404790,USD,2026-07-30,94.77482186100804,2.100689059245801,Auto parts: OEM,Producer manufacturing
NXDR,"Nextdoor Holdings, Inc.",1.93,USD,-3.4653465346534684,-4.455445544554459,-0.4715025906735692,728828874.3019801,USD,,8070057.609999999,USD,57336546.15,USD,2026-08-11,-183.08951152987848,-11.240806574648456,Internet software/Services,Technology services
MAKO,Mako Mining Corp,8.3,USD,0,2.216748768472925,-1.9277108433734955,726786617.0784491,USD,20.317232783103506,998456.8,USD,7348595.9,USD,2026-08-18,1127.9828623487895,87.6679121263215,Precious metals,Non-energy minerals
URG,Ur Energy Inc,1.82,USD,1.7241379310344844,4.5977011494252915,8.791208791208787,723143968.0459771,USD,,29096105.220000003,USD,97295458.26,USD,2026-08-12,-84.6800590463407,-62.379175040660364,Other metals/Minerals,Non-energy minerals
WOOF,"Petco Health and Wellness Company, Inc.",2.535,USD,-0.7117437722419936,-9.786476868327398,2.836291913214984,720842103.6565837,USD,84.21926910299004,7179525.600000001,USD,28537171.845000003,USD,2026-05-27,-127.59914255091105,3.463303676358618,Internet retail,Retail trade
TRNS,"Transcat, Inc.",76.51,USD,,0.34098360655738374,0,714005750.0368524,USD,90.54437869822486,11344061.190000001,USD,75938087.75,USD,2026-05-25,-186.7612293144208,1.9253208868144693,Electronic equipment/Instruments,Electronic technology
NTGR,"NETGEAR, Inc.",26.42,USD,,-3.822351656352374,0,709110216.6683655,USD,,10553997.4,USD,87050254.04,USD,2026-07-29,-1806.4327485380115,-12.914678310988872,Information technology services,Technology services
SLDP,"Solid Power, Inc.",3.15,USD,-3.7398373983739908,2.4390243902438935,0,708698628.8780487,USD,,25472251.349999998,USD,190603072.79999998,USD,2026-08-11,51.846239142487526,-15.367667309281192,Electrical products,Producer manufacturing
EHAB,"Enhabit, Inc.",13.78,USD,0,-0.07251631617113696,0.14513788098694738,705888834.9514141,USD,,8912518.16,USD,69488888.3,USD,2026-08-12,,-2.0710059171597637,Medical/Nursing services,Health services
LAES,SEALSQ Corp,3.06,USD,-2.3972602739725972,4.79452054794521,0.32679738562090804,704635405.1506851,USD,,40953822.12,USD,245002841.28,USD,2026-09-15,,,Semiconductors,Electronic technology
EVER,"EverQuote, Inc.",19.75,USD,-0.4878048780487874,-3.6585365853658534,0,698622223.1585367,USD,6.744757871730073,17168576.25,USD,331363702.75,USD,2026-08-10,-67.66860012120162,-2.2875281589186973,Internet software/Services,Technology services
CWH,"Camping World Holdings, Inc.",6.76,USD,,-9.746328437917228,-0.44378698224851126,696183904.2082776,USD,,24023552.8,USD,142322038.56,USD,2026-08-04,75.62744253087061,15.427089733025777,Specialty stores,Retail trade
WRN,Western Copper and Gold Corporation,3.08,USD,0.6493506493506499,0,2.9837662337662296,694936341.7333332,USD,,13127899.4,USD,49684089.84,USD,2026-07-31,-160.0904566010073,,Other metals/Minerals,Non-energy minerals
PKE,Park Aerospace Corp.,34.87,USD,,3.841572364502678,0,694812628.3469328,USD,80.43829296424451,7502838.419999999,USD,45794387.43,USD,2026-05-11,22.71214642262895,5.811611012758684,Aerospace & defense,Electronic technology
GAU,Galiano Gold Inc.,2.66,USD,0.7751937984496131,3.1007751937984525,0.3759398496240521,694324127.977208,USD,,6526251.48,USD,41150811.800000004,USD,2026-05-13,,43.58585597173736,Precious metals,Non-energy minerals
RSKD,Riskified Ltd.,4.68,USD,0,-2.296450939457209,0,693599943.2317327,USD,,4445588.16,USD,24770098.08,USD,2026-05-13,,21.33712833817402,Packaged software,Technology services
JBI,"Janus International Group, Inc.",5.08,USD,-0.38387715930901295,-2.4952015355086354,0,692873681.5892515,USD,13.201663201663203,7021413.44,USD,65718811.92,USD,2026-05-12,-53.289473684210535,3.191974464204286,Building products,Producer manufacturing
ACRS,"Aclaris Therapeutics, Inc.",4.95,USD,0,0.40567951318459355,0,691335197.525355,USD,,8980903.8,USD,40740074.1,USD,2026-08-12,-0.14650164182874464,54.13127413127413,Pharmaceuticals: major,Health technology
GYRE,"Gyre Therapeutics, Inc.",7.09,USD,0,-5.087014725568941,0,687687463.7965194,USD,,424790.26,USD,4427853.89,USD,2026-08-18,-404.41091120139293,-39.456916252184435,Pharmaceuticals: major,Health technology
IRWD,"Ironwood Pharmaceuticals, Inc.",4.17,USD,0.47393364928911047,-1.1848341232227448,1.4388489208633213,686437857.2488153,USD,6.981416373681566,9452385.03,USD,93739565.03999999,USD,2026-08-06,,123.24089794378419,Pharmaceuticals: major,Health technology
AXG,Solowin Holdings,3.64,USD,-2.1739130434782625,-1.0869565217391313,0,685061948.7173913,USD,,247308.88,USD,1914308.76,USD,2026-06-03,,,Investment banks/Brokers,Finance
SERV,Serve Robotics Inc.,8.85,USD,-2.166476624857463,0.912200684150514,-0.2971751412429277,684753729.2189281,USD,,50354641.5,USD,263340423,USD,2026-08-18,-42.98135558602982,238.3219954648526,Industrial machinery,Producer manufacturing
QDEL,QuidelOrtho Corporation,9.96,USD,1.3148148148148098,-7.777777777777777,0.5020080321285033,679182314.8111111,USD,,24661647.240000002,USD,191982944.16000003,USD,2026-07-30,29.76281560826319,-14.323240702336513,Medical specialties,Health technology
DJCO,Daily Journal Corp. (S.C.),491.9,USD,,-1.8104876539513444,0,677701466.1945825,USD,7.264709227022533,8611693.299999999,USD,94768962.1,USD,,-118.92481791653815,-31.238122052509325,Publishing: newspapers,Consumer services
MITK,"Mitek Systems, Inc.",14.98,USD,0.09609224855861992,-4.035874439461877,-0.8678237650200319,676479582.116592,USD,43.33236910616141,36868731.06,USD,159066657.96,USD,2026-07-23,244.011544011544,23.95127022873158,Information technology services,Technology services
UDMY,"Udemy, Inc.",4.63,USD,,-7.95228628230617,,675681528,USD,188.97959183673467,10985559.33,USD,33215249.599999998,USD,2026-05-11,-241.8392204628502,-0.866210139002453,Packaged software,Technology services
HSTM,"HealthStream, Inc.",23.12,USD,,-3.50584307178631,0,675455099.7796327,USD,34.64708526899446,7481192.720000001,USD,56842115.28,USD,2026-07-27,133.1360946745562,1.8755959251267125,Packaged software,Technology services
DSP,Viant Technology Inc.,10.59,USD,1.328903654485051,-12.04318936877076,12.37016052880076,670908015.8048173,USD,79.80406932931423,6096588.87,USD,18060503.7,USD,2026-08-12,728.9156626506024,28.676590871912317,Packaged software,Technology services
MVST,"Microvast Holdings, Inc.",2.02,USD,-1.8779342723004713,-5.164319248826286,-40.5940594059406,670706551.887324,USD,,25085561.9,USD,65559750.44,USD,2026-08-06,,-21.80927429493783,Electrical products,Producer manufacturing
NKLR,Terra Innovatum Global N.V.,6.06,USD,-2.7681660899654004,4.844290657439435,0.9900990099009984,669635526.3425605,USD,61.15035317860747,2532358.86,USD,18966466.799999997,USD,2026-06-03,-256.97671363180103,,Electrical products,Producer manufacturing
CYRX,"CryoPort, Inc.",13.17,USD,-0.6617647058823519,-3.1617647058823506,0,663798483.7080883,USD,,9495109.05,USD,92300338.26,USD,2026-08-11,-10.31578947368421,5.166116611661166,Air freight/Couriers,Transportation
QNC,Quantum eMotion Corp.,3.02,USD,-2.2058823529411784,11.029411764705875,-0.6622516556291397,662496422.5591397,USD,,4084145.32,USD,10849996.28,USD,,-139.92477062291164,,Semiconductors,Electronic technology
RDVT,"Red Violet, Inc.",46.9,USD,0.603621730382288,-5.633802816901417,-0.8528784648187604,661708407.4507041,USD,48.30072090628218,6216032.2,USD,54164434.8,USD,2026-08-12,55.879218472468914,10.422366621067033,Packaged software,Technology services
SPIR,"Spire Global, Inc.",18.66,USD,-0.1081665765278506,0.9194159004867589,0.37513397642015156,653792143.7036235,USD,11.827343601445142,42605650.26,USD,192049429.08,USD,2026-05-13,-26.95669851595853,24.90134175217048,Packaged software,Technology services
ADSE,ADS-TEC ENERGY PLC,10.87,USD,,-2.7728085867620798,,653531981.4096601,USD,,259336.46,USD,516042.37999999995,USD,2026-09-16,,,Electrical products,Producer manufacturing
HY,"Hyster-Yale, Inc.",36.41,USD,,-2.255033557046989,0,652354631.0319463,USD,,2858840.38,USD,24623209.159999996,USD,2026-08-04,41.904761904761905,-13.864818024263432,Industrial machinery,Producer manufacturing
STRO,"Sutro Biopharma, Inc.",39.31,USD,,-2.311133200795228,0,651258147.154324,USD,,7793561.29,USD,60906953.31,USD,2026-05-13,17.75506973635612,20.15887754049314,Pharmaceuticals: major,Health technology
HQ,Horizon Quantum Holdings Ltd.,12.57,USD,3.3300685602350617,23.114593535749258,-3.868735083532219,648337152.8256611,USD,,5023022.28,USD,19799270.97,USD,,-540.1225386222192,,Packaged software,Technology services
CADL,"Candel Therapeutics, Inc.",8.85,USD,1.796407185628747,5.9880239520958085,1.5819209039548088,648235386.1437125,USD,,34433447.25,USD,154285510.35,USD,2026-05-11,-161.7446091046233,,Biotechnology,Health technology
GRPN,"Groupon, Inc.",16.87,USD,-0.7311586051743676,-5.118110236220473,0.35566093657379205,640789802.9448819,USD,,54175491.370000005,USD,320011939.17,USD,2026-08-12,-275.1907356948229,-11.685806432166862,Internet retail,Retail trade
SWBI,"Smith & Wesson Brands, Inc.",14.4,USD,-0.057083906464913486,-0.9628610729023301,0,640709965.3370014,USD,53.75139977603583,6828710.4,USD,43713043.2,USD,2026-06-18,95.77464788732394,8.854576080853453,Aerospace & defense,Electronic technology
XNDU,Xanadu Quantum Technologies Limited,14.775,USD,-5.315085932527058,-5.951623169955445,0.7749576988155641,639527589.3380014,USD,123.53678929765887,115394094.525,USD,1661057212.5,USD,2026-06-03,-73.56466886837299,,Computer processing hardware,Electronic technology
UROY,Uranium Royalty Corp.,4.36,USD,0.49999999999998934,9.000000000000007,0.4403669724770565,638641844.4080145,USD,186.8196188022806,16505726.120000001,USD,77551398.48,USD,2026-07-29,-1.7820286936823682,41701.7942248388,Other metals/Minerals,Non-energy minerals
ZVRA,"Zevra Therapeutics, Inc.",10.8,USD,0.2695417789757355,-2.964959568733154,0,638442931.5363882,USD,5.0141603602767075,24128193.6,USD,136533740.4,USD,2026-08-18,206.99070160608622,6.13919413919414,Pharmaceuticals: major,Health technology
CLYM,"Climb Bio, Inc.",11.12,USD,3.6059806508355337,-2.198768689533861,1.3228417266187054,636737028.9533861,USD,,13885555.12,USD,100675075.67999999,USD,2026-08-18,21.66019639187029,,Biotechnology,Health technology
CLFD,"Clearfield, Inc.",46.73,USD,,16.708291708291704,1.6691632784078776,635035498.0114886,USD,,41065389.4,USD,142065975.85,USD,2026-07-23,-90.61371841155234,0.14559855566232782,Telecommunications equipment,Electronic technology
PAR,PAR Technology Corporation,15.39,USD,2.6388888888888817,6.875000000000002,-0.909681611436001,634779009.45,USD,,44051166.36,USD,196592013.9,USD,2026-08-12,22.614147602182445,3.223953172746272,Electronic equipment/Instruments,Electronic technology
MTC,"MMTec, Inc.",6.37,USD,0,-8.345323741007196,4.866562009419146,634374360.2402878,USD,,608678.98,USD,3580392.27,USD,,,,Information technology services,Technology services
SXC,"SunCoke Energy, Inc.",7.47,USD,0.40983606557376173,2.049180327868845,0,633853382.5696721,USD,,11106821.79,USD,78635718.89999999,USD,2026-08-04,94.85981308411215,-5.226988754685548,Steel,Non-energy minerals
AVR,Anteris Technologies Global Corp.,6.51,USD,1.5197568389057698,-1.063829787234047,-0.9216589861751093,632980675.180851,USD,,5345100.6,USD,30149964.81,USD,2026-05-19,-31.28034526164359,-27.73892773892774,Medical specialties,Health technology
BBOT,"BridgeBio Oncology Therapeutics, Inc.",7.89,USD,3.394255874673626,3.002610966057435,0,632089382.2245431,USD,,3693269.55,USD,15239061.6,USD,2026-06-03,13.316352749290614,,Biotechnology,Health technology
FEIM,"Frequency Electronics, Inc.",64.11,USD,-0.6540557871112556,2.773324783584477,-4.200592731243172,630965923.2590573,USD,85.25265957446808,12377781.81,USD,92738961.6,USD,2026-07-09,-12.992781787895613,-1.3837799964967594,Telecommunications equipment,Electronic technology
SWIM,"Latham Group, Inc.",5.37,USD,,-2.363636363636362,0,630500200.2218181,USD,78.3941605839416,4829181.93,USD,35205161.52,USD,2026-08-11,-21.72300670375125,17.37368684342171,Miscellaneous manufacturing,Producer manufacturing
IMSR,Terrestrial Energy Inc.,7.66,USD,-1.8970189701896976,3.794037940379407,-0.522193211488251,630380864.5691057,USD,,25720770.98,USD,192840109.34,USD,2026-05-14,-1720.2341585578463,,Engineering & construction,Industrial services
ELA,Envela Corporation,24.27,USD,6.701868399675055,-1.4216084484159277,2.4309847548413677,630133588.0320877,USD,30.09299442033478,6519407.399999999,USD,31654365.93,USD,2026-08-05,47.4686836454292,22.213365139162907,Specialty stores,Retail trade
GEMI,"Gemini Space Station, Inc.",5.22,USD,0.9999999999999963,4.399999999999995,0.5747126436781657,626323747.284,USD,,8944506.54,USD,60963654.419999994,USD,2026-06-03,11.717466805421468,-63.113640338485965,Investment banks/Brokers,Finance
KYTX,"Kyverna Therapeutics, Inc.",10.34,USD,-1.8181818181818175,10.58823529411765,-0.1934235976789127,625883250.0235294,USD,,13398613.36,USD,51220658.28,USD,2026-05-19,-2.7645635686519694,,Biotechnology,Health technology
BWMX,"Betterware de Mexico, S.A.P.I. de C.V.",16.74,USD,0.9540846750149083,-0.17889087656530195,0,624679020.547406,USD,9.85691573926868,2029440.42,USD,12410366.399999999,USD,2026-07-23,17.366720139758097,-4.376196984098599,Specialty stores,Retail trade
CABA,"Cabaletta Bio, Inc.",3.82,USD,-0.12886597938144057,-1.546391752577321,0.2643979057591623,622850214.3402061,USD,,20249797.08,USD,240421479.2,USD,2026-05-20,6.568448268176347,,Biotechnology,Health technology
RYAM,Rayonier Advanced Materials Inc.,9.23,USD,,0.7641921397379944,0,622457762.0873363,USD,,7638157.28,USD,68766499.75,USD,2026-08-11,-290.7238095238095,-23.48561151079137,Chemicals: specialty,Process industries
EVGO,EVgo Inc.,1.98,USD,-1.0152284263959401,0.5076142131979701,1.010101010101011,621441535.6142132,USD,,10925612.28,USD,67389606.9,USD,2026-08-11,-240.0999375390381,-7.545370135899383,Specialty stores,Retail trade
KE,"Kimball Electronics, Inc.",25.81,USD,,-1.262433052792662,0,620702749.8068095,USD,24.753044979380455,3664245.6999999997,USD,30706905.49,USD,2026-08-19,57.264722069345076,3.411275199249883,Electronic production equipment,Electronic technology
ARVN,"Arvinas, Inc.",9.66,USD,0.4945598417408577,-4.451038575667649,0.21532091097307957,617863188.338279,USD,,13731187.68,USD,80278956.66,USD,2026-05-12,-92.02279202279202,-77.32696897374701,Biotechnology,Health technology
RR,Richtech Robotics Inc.,2.75,USD,-2.651515151515162,4.166666666666662,1.8000000000000036,614888923.9583333,USD,,54905438.5,USD,229755501.25,USD,2026-06-03,-133.77851975514747,-20.56786703601108,Electronics/Appliances,Consumer durables
IIIV,"i3 Verticals, Inc.",20.17,USD,-2.270577105014193,-4.588457899716173,0,614697888.7753074,USD,121.94679564691658,12730194.65,USD,51526907.27,USD,2026-08-10,135.36977491961414,9.202407396859751,Packaged software,Technology services
ORN,"Orion Group Holdings, Inc.",15.15,USD,0.06711409395973011,1.6778523489932886,-0.6600660066006577,613261054.3791946,USD,70.49790600279199,9138389.1,USD,55060781.25,USD,2026-07-29,,-7.2557166317215716,Engineering & construction,Industrial services
MNTN,"MNTN, Inc.",8.28,USD,1.6355140186915746,-3.2710280373831906,4.350241545893729,611666062.401869,USD,27.29970326409495,7786520.279999999,USD,74729368.08,USD,2026-08-05,-74.58595585462773,-15.41367195572803,Packaged software,Technology services
CARS,Cars.com Inc.,10.93,USD,0,-6.421232876712329,0,611020096.9383562,USD,25.149562816382883,9356112.79,USD,71481926.75,USD,2026-07-30,-32.71154366044877,-2.001054903943927,Internet software/Services,Technology services
SSTK,"Shutterstock, Inc.",16.57,USD,,-2.8722157092614213,0.1207000603500276,608748876.594959,USD,,3972790.06,USD,28633987.34,USD,2026-07-28,-196.95361757912482,-9.559033879602763,Internet software/Services,Technology services
ASIX,AdvanSix Inc.,22.53,USD,,10.875984251968509,0,605446686.4709646,USD,60.14415376401495,15351896.940000001,USD,86353750.02000001,USD,2026-07-31,-457.00465782873516,12.28958707809761,Chemicals: specialty,Process industries
PSNL,"Personalis, Inc.",5.78,USD,-1.3377926421404693,-3.3444816053511732,0,605287958.9665551,USD,,9331307.14,USD,86286695.32000001,USD,2026-08-11,-26.1212833865278,-10.798501008936293,Medical/Nursing services,Health services
CRMD,CorMedix Inc.,7.66,USD,-0.12626262626262355,-3.28282828282828,0,600759197.6414142,USD,3.8618603478699267,8518325.98,USD,51443265.46,USD,2026-05-14,-87.0858371794879,23.341782346918276,Biotechnology,Health technology
ALT,"Altimmune, Inc.",3.09,USD,0,0,0,600557486,USD,,9073355.49,USD,84093537.33,USD,2026-05-13,-43.88345429683391,420,Biotechnology,Health technology
UMAC,"Unusual Machines, Inc.",15.34,USD,1.3315946348733174,14.307004470938898,-0.13037809647978862,597662071.4903129,USD,,81085245.8,USD,318235571.16,USD,2026-05-14,-758.9519571677586,129.4756646247426,Electronic equipment/Instruments,Electronic technology
BWMN,Bowman Consulting Group Ltd.,34.07,USD,,-2.013229795800986,0,596488515.8211101,USD,56.40728476821192,5147125.25,USD,36508662.46,USD,2026-08-12,-297.12460063897765,-1.9268943270990355,Engineering & construction,Industrial services
ITRG,Integra Resources Corp.,2.93,USD,1.0380622837370175,1.3840830449827002,-3.4027303754266325,592325327.5440806,USD,,6917645.03,USD,37628422.45,USD,2026-05-11,28.806851777605285,-19.86986919744306,Precious metals,Non-energy minerals
VTEX,VTEX,3.47,USD,,-7.219251336898395,0,591586827.3074865,USD,34700,6773554.510000001,USD,37083296.63,USD,2026-08-06,-58.59080248805566,-10.68075462821048,Information technology services,Technology services
IPI,"Intrepid Potash, Inc",43.75,USD,0.10579211848717043,15.71012959534514,0.6148571428571391,587695089.9233006,USD,41.382898221717745,17256312.5,USD,76175618.75,USD,2026-08-05,,30.06088881859877,Other metals/Minerals,Non-energy minerals
TDUP,ThredUp Inc.,4.55,USD,-0.4149377593361091,-5.601659751037354,0.4395604395604497,587137099.3983402,USD,,14890862.35,USD,134512623.7,USD,2026-08-11,-16.08968609865471,2.4678811602930844,Internet retail,Retail trade
PD,"PagerDuty, Inc.",6.9,USD,-1.508916323731143,-5.349794238683123,0.2898550724637619,586358440.2057614,USD,3.747352414055287,11492667.600000001,USD,93210996,USD,2026-05-28,-93.09391745792986,0.19270143321690955,Packaged software,Technology services
PRME,"Prime Medicine, Inc.",3.24,USD,-0.3115264797507722,0.9345794392523442,2.1604938271604888,585200534.4672898,USD,,10345038.120000001,USD,58370780.52,USD,2026-08-06,-6.603875952169101,2.1479713603818613,Biotechnology,Health technology
PHR,"Phreesia, Inc.",9.57,USD,-0.5899705014749312,-5.899705014749259,0,581502539.5309734,USD,276.5895953757226,9417425.49,USD,78736983.60000001,USD,2026-05-27,-69.67923202996957,5.596137385422121,Packaged software,Technology services
CSTL,"Castle Biosciences, Inc.",19.04,USD,-0.4034291477559168,-3.983862834089759,0,577482252.3207262,USD,,11941926.08,USD,88216489.75999999,USD,2026-08-10,-522.7272727272727,-3.8282955982071027,Medical specialties,Health technology
ACHV,"Achieve Life Sciences, Inc.",5.59,USD,0,7.293666026871399,-0.8944543828264727,573864136.1727448,USD,,12116414.44,USD,44987229.949999996,USD,2026-05-12,-1.530364933176373,,Pharmaceuticals: major,Health technology
GOGO,Gogo Inc.,4.21,USD,-3.71590909090909,-4.318181818181826,-0.4750593824227927,569354139.5386363,USD,41.80734856007945,6336298.39,USD,48568643.95,USD,2026-08-12,,-1.8398601671574983,Wireless telecommunications,Communications
MLAB,"Mesa Laboratories, Inc.",102.89,USD,,-1.681796464405165,0,568448035.673483,USD,159.37112763320943,14717488.49,USD,107020827.72,USD,2026-05-27,46.607431340872374,7.226237713420168,Medical specialties,Health technology
GDYN,"Grid Dynamics Holdings, Inc.",6.77,USD,-0.2537634408602094,-2.939068100358424,1.7075332348596837,566148370.3899641,USD,111.16584564860426,18300792.63,USD,174659081.06,USD,2026-07-30,-581.3725490196078,-1.9349247319931422,Information technology services,Technology services
MG,Mistras Group Inc,17.77,USD,-0.22675736961450763,0.73696145124716,-0.6752954417557738,565382400.3764172,USD,25.382088273103843,4674789.4399999995,USD,27401073.45,USD,2026-08-05,-38.737814263724985,-6.8452233336088835,Engineering & construction,Industrial services
FDMT,"4D Molecular Therapeutics, Inc.",10.79,USD,2.376725838264296,6.4102564102563955,1.9462465245597855,564044404.5897435,USD,,11019244.34,USD,55996539.3,USD,2026-08-06,-454.4878073928958,-96.41908567399224,Biotechnology,Health technology
NRDS,"NerdWallet, Inc.",8.42,USD,0.16420361247948076,-7.827038861521619,0,562336412.0350301,USD,9.039184111647879,26700880.919999998,USD,87915527.08,USD,2026-08-05,45.714285714285715,-1.419698314108252,Packaged software,Technology services
CCSI,"Consensus Cloud Solutions, Inc.",30.51,USD,-2.911764705882359,-10.264705882352937,0,561321430.2714705,USD,6.67834081208274,8562021.3,USD,43589301.39,USD,2026-08-11,20.397015070965224,1.604456184678994,Packaged software,Technology services
ALOY,REalloys Inc.,9.36,USD,-0.9100101112234564,-5.358948432760375,0.7745726495726474,560015405.9453993,USD,,15210702,USD,122256838.08,USD,2026-05-19,-123.02128622119963,-9.844833894073846,Other metals/Minerals,Non-energy minerals
INV,"Innventure, Inc.",6.99,USD,4.0000000000000036,-0.14285714285713982,1.8597997138769653,559684551.7928572,USD,,21044184.87,USD,117076383.75,USD,2026-05-14,-33.28038966539602,53.93258426966292,Miscellaneous,Miscellaneous
MEC,"Mayville Engineering Company, Inc.",27.26,USD,,0.22058823529412602,0,558666597.3463235,USD,,9602716.64,USD,54670284.38,USD,2026-08-04,-87.586048646168,7.827511730096075,Industrial machinery,Producer manufacturing
MAX,"MediaAlpha, Inc.",8.91,USD,0.8781558726673994,-2.1953896816684884,0,555542253.740944,USD,14.005029864822383,4950449.46,USD,41370617.97,USD,2026-08-05,-63.487868560147746,6.473871305661932,Information technology services,Technology services
DCBO,Docebo Inc.,19.13,USD,-6.367924528301877,-9.764150943396228,-3.2932566649241974,550264284.6366138,USD,16.423502334383222,7688327.869999999,USD,41668736.44,USD,2026-08-06,-105.85559973481942,1.1016015187419315,Packaged software,Technology services
MLR,"Miller Industries, Inc.",48.02,USD,,-0.10401497815684868,0,547222265.2178074,USD,35.897435897435905,3985756.04,USD,32792665.92,USD,2026-08-12,-83.71956585508947,5.203061924871159,Motor vehicles,Consumer durables
AVTX,"Avalo Therapeutics, Inc.",20.25,USD,0.1390820584144698,-6.119610570236441,0.3945679012345606,540965342.9415855,USD,,58346952.75,USD,782485596,USD,2026-05-11,55.2,,Pharmaceuticals: major,Health technology
IMMX,"Immix Biopharma, Inc.",9.92,USD,0.5128205128205201,1.7435897435897427,0.8064516129032264,539761351.5158974,USD,,6533153.28,USD,56510549.76,USD,2026-09-02,5.624556154055594,,Pharmaceuticals: major,Health technology
AQST,"Aquestive Therapeutics, Inc.",4.34,USD,-0.4629629629629736,0.46296296296295303,0.21198156682027364,539394917.8657407,USD,,6019419.42,USD,40276059.32,USD,2026-05-13,-106.26699469118219,1.6241118138517998,Pharmaceuticals: major,Health technology
ASTL,Algoma Steel Group Inc.,5.14,USD,,0,0,539359767.0454545,USD,,4542382.4799999995,USD,41384072.64,USD,2026-05-12,23.751602776608806,-11.917581923798307,Metal fabrication,Producer manufacturing
TCMD,"Tactile Systems Technology, Inc.",23.9,USD,-1.1812865497075917,-6.822612085769982,0,539094586.0467837,USD,26.962996389891696,14053367.299999999,USD,98434372.69999999,USD,2026-08-10,-116.5788978747414,-27.34424773635539,Medical specialties,Health technology
EIKN,"Eikon Therapeutics, Inc.",9.95,USD,8.634538152610435,-0.1004016064257185,-0.5025125628140596,538678612.3,USD,,6314120.75,USD,21842657.9,USD,2026-06-03,-22.689606308915025,,Pharmaceuticals: major,Health technology
STTK,"Shattuck Labs, Inc.",7.02,USD,0,2.4817518248175174,0,538297237.0773722,USD,,3166399.0799999996,USD,33246607.68,USD,2026-08-06,-17.263559120146112,,Biotechnology,Health technology
FPH,"Five Point Holdings, LLC",4.88,USD,,-1.4141414141414197,0,538262939.2161616,USD,8.01972062448644,889897.28,USD,5492942.64,USD,2026-08-05,-109.7448401985544,-82.10719085136097,Real estate development,Finance
CPS,Cooper-Standard Holdings Inc.,30.16,USD,,-2.0779220779220795,0,535499332.92987007,USD,,5938051.6,USD,50024431.6,USD,2026-07-30,-1100.691105769231,2.080399065396931,Auto parts: OEM,Producer manufacturing
PROK,ProKidney Corp.,1.77,USD,0,-4.8387096774193585,1.12994350282486,534471196.4838709,USD,,2350912.23,USD,8600139.72,USD,2026-05-11,-16.770902908494733,3.686635944700461,Biotechnology,Health technology
ELVA,Electrovaya Inc.,11.21,USD,-2.3696682464454977,6.255924170616114,4.727921498661903,532631095.55994457,USD,96.45440159035327,9307259.440000001,USD,31817242.110000003,USD,2026-05-14,-47.95319039673556,-22.108897080469344,Electrical products,Producer manufacturing
CTKB,"Cytek Biosciences, Inc.",4.12,USD,,-10.62906724511931,4.368932038834945,532067500.3817787,USD,,4586042.04,USD,23230784.8,USD,2026-08-12,57.19666031400309,-28.976038364364914,Medical specialties,Health technology
NPCE,"Neuropace, Inc.",15.67,USD,1.1444141689373148,-14.604904632152596,0,532003576.6915531,USD,,8179097.53,USD,31490980.45,USD,2026-05-12,21.939359267734552,-2.8003217079768956,Medical specialties,Health technology
DNA,"Ginkgo Bioworks Holdings, Inc.",8.67,USD,-1.679731243001124,-2.911534154535272,-0.48904267589389455,531892399.8645017,USD,,13998434.61,USD,117093274.56,USD,2026-08-06,-2.2736560537949995,-41.687627260749785,Medical/Nursing services,Health services
AMWD,American Woodmark Corporation,36.49,USD,,-5.417314670813884,0,531644524.2928979,USD,31.397349853725697,14333016.57,USD,102422357.89,USD,2026-05-21,-570.9693291782844,-17.82321475178455,Building products,Producer manufacturing
MDXG,"MiMedx Group, Inc",3.56,USD,,-1.111111111111112,0,530246819.5666667,USD,17.42535487028879,8730707.76,USD,50199948.04,USD,2026-08-04,-171.48969784740967,-50.04784283839282,Medical specialties,Health technology
OWLS,OBOOK Holdings Inc.,5.98,USD,1.005025125628149,0.16750418760470143,,528583040.12730324,USD,,176021.30000000002,USD,1369061.2000000002,USD,,,,Packaged software,Technology services
LZM,Lifezone Metals Limited,5.87,USD,-1.6778523489932826,-1.5100671140939574,-1.1669505962521334,527734329.96476513,USD,,3874980.71,USD,26379457.150000002,USD,2026-09-23,,,Other metals/Minerals,Non-energy minerals
TRC,Tejon Ranch Co,19.49,USD,0.39682539682538837,-3.3234126984127066,0,526312523.1349206,USD,291.3303437967115,1932589.42,USD,14753228.36,USD,2026-07-30,-90.44908285895004,-54.974888657253864,Real estate development,Finance
AURA,"Aura Biosciences, Inc.",8.19,USD,-0.1190476190476165,-2.50000000000001,0,525796138.7249999,USD,,2735173.3499999996,USD,87855587.82,USD,2026-08-06,2.1852277076157676,,Biotechnology,Health technology
CWCO,Consolidated Water Co. Ltd.,32.86,USD,1.2967800729039984,-0.18226002430134347,-2.312842361533774,525766238.60874844,USD,28.764005602240893,2925657.2399999998,USD,19512793.759999998,USD,2026-05-12,-47.27198814824235,-15.577191255281534,Water utilities,Utilities
IIIN,"Insteel Industries, Inc.",27,USD,,0.11123470522803537,0,524697645.38375974,USD,12.42693422929995,5261625,USD,42652764,USD,2026-07-16,-31.291979454760966,7.9594057177159145,Metal fabrication,Producer manufacturing
OOMA,"Ooma, Inc.",18.99,USD,0.15535991714138342,-1.6571724495080284,0,522411268.1993786,USD,82.17221981826049,5110550.819999999,USD,42544569.33,USD,2026-05-26,183.70423546302942,10.290573012939001,Major telecommunications,Communications
RGNX,REGENXBIO Inc.,10.08,USD,0.18957345971563577,-4.454976303317541,-0.396825396825406,520301720.91753554,USD,,15932710.08,USD,76268465.28,USD,2026-05-14,-8.408001162396474,2.03141290821646,Pharmaceuticals: major,Health technology
CINT,CI&T Inc,3.99,USD,0.5141388174807203,2.5706940874036013,-2.7568922305764487,514270131.7326478,USD,13.03069888961463,463745.73000000004,USD,3540283.1100000003,USD,2026-05-11,64.36872390843703,5.4708118638025205,Information technology services,Technology services
EBF,"Ennis, Inc.",20.32,USD,,-1.6932752781809453,0,513951033.9545234,USD,12.248342374924654,2631399.36,USD,28522980.8,USD,2026-06-22,-18.28761429758936,-3.7966595785038986,Commercial printing/Forms,Commercial services
SIBN,"SI-BONE, Inc.",11.61,USD,1.79299103504483,-5.378973105134476,11.972437553832908,513669531.10268945,USD,,20341892.61,USD,70071249.42,USD,2026-08-10,63.90713972842751,15.813054916146005,Medical specialties,Health technology
MFI,mF International Limited,10.2,USD,,-1.2584704743465709,,511799878.37366885,USD,,58425.6,USD,402175.8,USD,2026-09-02,,,Packaged software,Technology services
CBIO,"Crescent Biopharma, Inc.",18.52,USD,,-1.2793176972281555,0,510632254.3646055,USD,,10177721.56,USD,53838677.12,USD,2026-07-30,74.80112990681516,-90.41866469937293,Biotechnology,Health technology
CTNM,"Contineum Therapeutics, Inc.",13.65,USD,,-6.056434962147275,-0.2197802197802281,510324035.8947007,USD,,2041166.4000000001,USD,25048910.25,USD,2026-08-18,4.618632884666138,,Biotechnology,Health technology
FBRX,"Forte Biosciences, Inc.",26,USD,-2.539550374687758,8.24313072439634,0.5769230769230715,509485712.57285595,USD,,11334128,USD,43097938,USD,2026-08-17,-40.187761565433775,,Biotechnology,Health technology
PRTA,Prothena Corporation plc,9.67,USD,,-9.878844361602987,2.3784901758014523,506255781.9543337,USD,,9020466.1,USD,37946520.83,USD,2026-08-10,,243157.1428559665,Biotechnology,Health technology
CTEV,Claritev Corporation,29.65,USD,,9.81481481481481,0,505466932.86851853,USD,,6034041.85,USD,22602550.8,USD,2026-07-30,8.70050887427082,-0.7608880813128158,Data processing services,Technology services
NGS,"Natural Gas Services Group, Inc.",40.14,USD,,3.5870967741935496,3.3881415047334316,505371142.82787097,USD,25.501905972045744,3048512.58,USD,18086120.64,USD,2026-08-17,-29.080221300138305,6.331651344439068,Industrial machinery,Producer manufacturing
CERS,Cerus Corporation,2.52,USD,-2.2988505747126458,-3.44827586206896,0,504929791.17241377,USD,,5352263.28,USD,106071834.96,USD,2026-07-30,24.90842490842491,-7.0821284479922415,Medical specialties,Health technology
MNRO,"Monro, Inc.",16.78,USD,,-5.30474040632053,0,503729890.8227991,USD,,15510727.24,USD,93660707.86,USD,2026-05-14,96.62842012356575,1.5482115785320198,Specialty stores,Retail trade
XOMA,XOMA Royalty Corporation,41.5,USD,,-0.9310097875387934,0,503370301.11005014,USD,28.534103410341036,4953730.5,USD,58637383.5,USD,2026-05-11,-54.121171127645184,47.117955298898515,Pharmaceuticals: major,Health technology
PANL,Pangaea Logistics Solutions Ltd.,7.69,USD,,-1.913265306122442,3.3810143042912846,502300422.42346936,USD,25.658992325658993,3922792.04,USD,24267256.1,USD,2026-08-11,-2.656612764663597,9.017716932332037,Miscellaneous,Miscellaneous
OCGN,"Ocugen, Inc.",1.48,USD,1.986754966887419,-1.986754966887419,0,501003934.8344371,USD,,14224694.4,USD,134407524.6,USD,2026-07-31,-8.307918219812493,,Pharmaceuticals: major,Health technology
LTBR,Lightbridge Corporation,14.21,USD,-0.5212211466865249,5.807892777364119,-1.4053483462350456,499439793.702904,USD,,15472871.120000001,USD,87586986.97,USD,,11.750377278448882,,Chemicals: specialty,Process industries
OPTU,"Optimum Communications, Inc.",1.06,USD,-0.8849557522123707,-6.194690265486712,2.8301886792452855,498659504.37168145,USD,,8394536.440000001,USD,33089384,USD,2026-08-05,-3950.7753026770415,-5.38300001099469,Major telecommunications,Communications
UPB,"Upstream Bio, Inc.",9.11,USD,,0.22002200220021534,0,495766052.6765677,USD,,5638024.13,USD,25597906.59,USD,2026-05-12,-25.811899964442336,-2.1961932650073206,Biotechnology,Health technology
TOYO,"TOYO Co., Ltd",13.46,USD,4.444444444444445,19.644444444444453,1.9316493313521528,494144057.2035556,USD,12.37473568079434,5762656.720000001,USD,18733304.96,USD,2026-08-26,,,Semiconductors,Electronic technology
TWI,"Titan International, Inc. (DE)",7.67,USD,,-2.9113924050632964,0,493732966.2101266,USD,,6742068.06,USD,41024352.589999996,USD,2026-08-05,56.79003533316678,23.056775793723304,Auto parts: OEM,Producer manufacturing
HYLN,Hyliion Holdings Corp.,2.76,USD,1.2195121951219614,12.195121951219505,-3.985507246376807,492155351.95121956,USD,,6715391.88,USD,30379016.4,USD,2026-05-12,1.154682462322861,-6.192358366271409,Auto parts: OEM,Producer manufacturing
SRTA,"Strata Critical Medical, Inc.",5.66,USD,-0.5385996409335772,1.6157989228007157,-1.7667844522968292,489740418.8186714,USD,,8848481.76,USD,46446390.160000004,USD,2026-08-11,,0.8938865348046663,Medical/Nursing services,Health services
PRTH,"Priority Technology Holdings, Inc.",5.94,USD,7.651245551601418,5.693950177935949,-9.659932659932664,488775041.3594306,USD,8.609943470068126,5135403.24,USD,10415528.64,USD,2026-08-06,-67.57285776424531,2.3562887520243208,Packaged software,Technology services
KMDA,Kamada Ltd.,8.45,USD,-0.23391812865498654,-1.1695906432748704,0,487447168.5785886,USD,22.34658932218555,488452.24999999994,USD,2696530.1999999997,USD,2026-05-13,-32.341608473113425,-4.395308859368667,Biotechnology,Health technology
BMM,Blue Moon Metals Inc.,6.815,USD,1.6105417276720397,-0.21961932650072738,0,487352969.423077,USD,,1539569.8350000002,USD,7394397.670000001,USD,2026-05-28,-123.30189680879775,,Other metals/Minerals,Non-energy minerals
GLOO,"Gloo Holdings, Inc.",6,USD,,-8.536585365853654,0,485226737.1951219,USD,,368850,USD,2796966,USD,2026-07-01,-29.645982811637626,3.3208405013516837,Packaged software,Technology services
RIGL,"Rigel Pharmaceuticals, Inc.",26.2,USD,0.422427035330259,0.6144393241167441,0,484754537.0506912,USD,1.3994904145589735,9877897.799999999,USD,73194992.39999999,USD,2026-08-04,-96.77167851080894,-15.735938798315235,Pharmaceuticals: major,Health technology
ASMB,"Assembly Biosciences, Inc.",30.41,USD,,2.252858103564229,0,483294224.6997311,USD,,2655066.69,USD,45539583.2,USD,2026-08-12,-141.10004526935265,-80.66118816077609,Pharmaceuticals: major,Health technology
CRD.B,Crawford & Company,9.49,USD,,1.3888888888888973,0,483239416.02777785,USD,26.687289088863892,76147.76,USD,519178.92,USD,2026-08-10,,-0.019006194149831124,Insurance brokers/Services,Finance
OVID,Ovid Therapeutics Inc.,2.79,USD,0.3571428571428654,-0.35714285714284955,-1.659498207885305,482773569.7821429,USD,,10577757.69,USD,42377469.03,USD,2026-05-13,,443.93939393939394,Pharmaceuticals: major,Health technology
NGNE,Neurogene Inc.,30.89,USD,,0.3573749187784257,0,482371657.55977905,USD,,3603102.27,USD,36632172.99,USD,2026-05-11,-18.049921252697313,,Biotechnology,Health technology
MATV,"Mativ Holdings, Inc.",8.75,USD,3.14533622559652,-5.097613882863347,0,482277507.18546635,USD,6.487728924149181,4401057.5,USD,30889040,USD,2026-08-12,-111.82902584493041,3.5629453681710213,Industrial specialties,Process industries
NEGG,"Newegg Commerce, Inc.",24.8,USD,2.3520188161505207,-2.7832222657781296,2.7874999999999925,481030735.55468446,USD,,2623542.4,USD,18811172,USD,2026-06-03,,,Internet retail,Retail trade
YORW,The York Water Company,29.56,USD,,-0.2025658338960239,0,479148078.6239026,USD,20.071976641542744,4317681.399999999,USD,29762486,USD,2026-07-30,-6.831817302109541,3.091618734593262,Water utilities,Utilities
APPS,"Digital Turbine, Inc.",3.99,USD,-0.4950495049505065,-1.2376237623762332,-1.253132832080207,478400727.4158416,USD,,5815792.08,USD,43626025.59,USD,2026-06-02,,7.851713599806236,Packaged software,Technology services
CD,Chaince Digital Holdings Inc. - American,6.02,USD,4.769475357710649,-4.2925278219395935,0,478046978.77265495,USD,,455924.69999999995,USD,3270190.42,USD,,,,Information technology services,Technology services
CRD.A,Crawford & Company,9.94,USD,0,-0.5005005005005077,0,474234214.02602607,USD,27.952755905511808,1074732.68,USD,4163011.1599999997,USD,2026-08-10,,-0.019006194149831124,Insurance brokers/Services,Finance
OFIX,Orthofix Medical Inc.,11.67,USD,0.3433476394849712,0.1716738197424856,0,471720684.0489271,USD,,4381058.04,USD,36693385.83,USD,2026-08-11,-840.9540954049887,-10.551086576365465,Medical specialties,Health technology
SGMT,Sagimet Biosciences Inc. - Series A,7.69,USD,-1.3372243839169846,-0.25940337224383364,0,470507352.77691317,USD,,6897145.62,USD,62039521.02,USD,2026-05-20,25.875426092345833,,Pharmaceuticals: major,Health technology
CMCL,Caledonia Mining Corporation Plc,24.28,USD,2.4247491638795915,1.5050167224080242,0.49423393739702404,469455677.8428094,USD,8.472328843603881,7085195.36,USD,27702047.48,USD,2026-08-06,-29.246031745809585,4.45454946834284,Precious metals,Non-energy minerals
ADUR,Aduro Clean Technologies Inc.,13.86,USD,6.296296296296294,2.6666666666666625,1.0101010101010142,467460468.2931595,USD,,8986588.379999999,USD,36474114.6,USD,,74.17536473801985,-100,Chemicals: specialty,Process industries
REA,"Rare Earths Americas, Inc.",24.1,USD,6.316688006828854,2.8595817328211766,0.37344398340248897,467329317.8,USD,,16205876.3,USD,163843994.60000002,USD,,,,Other metals/Minerals,Non-energy minerals
BBW,"Build-A-Bear Workshop, Inc.",37.08,USD,,-3.3620015637216554,0,466484135.971853,USD,9.297660540106817,11815430.76,USD,87477726.96,USD,2026-05-21,101.85914799310514,25.94739115904107,Specialty stores,Retail trade
FULC,"Fulcrum Therapeutics, Inc.",7,USD,0,-0.1426533523537773,0,466433280.7417974,USD,,4437496,USD,30820916,USD,2026-08-05,7.09648863971673,,Pharmaceuticals: major,Health technology
YEXT,"Yext, Inc.",3.78,USD,-0.9950248756218805,-5.970149253731338,1.8518518518518594,466244563.5671642,USD,65.73913043478261,3926293.5599999996,USD,31656184.56,USD,2026-06-09,-31.32333767926988,0.006250111609135878,Data processing services,Technology services
TATT,TAT Technologies Ltd.,35.84,USD,-3.102690829214724,-1.5925315760571066,0,465315611.8352553,USD,26.23334797247841,7561128.960000001,USD,34281318.400000006,USD,2026-05-20,-2.3755422431457207,0.6466962260016924,Aerospace & defense,Electronic technology
RBBN,Ribbon Communications Inc.,2.63,USD,0.29496402877697786,-5.395683453237407,-0.7604562737642593,463245745.9640288,USD,15.407147041593438,2286124.87,USD,12155299.809999999,USD,2026-07-29,-138.72340425531914,-28.46918261680516,Packaged software,Technology services
EBS,Emergent BioSolutions Inc.,8.95,USD,0.2105263157894692,-5.789473684210534,0,461786868.9842105,USD,,5670156.149999999,USD,58348585.24999999,USD,2026-08-11,,4.976462676529926,Pharmaceuticals: major,Health technology
NVEC,NVE Corporation,95.34,USD,10.852455381886717,5.6867309610908,-0.25173064820642865,461175385.4506153,USD,30.35532348446256,35583080.82,USD,97527385.62,USD,,45.59581190566092,22.9731961439255,Semiconductors,Electronic technology
PUBM,"PubMatic, Inc.",9.88,USD,2.420856610800743,-8.007448789571688,-0.30364372469636774,461146565.877095,USD,,18062536.96,USD,65794872.00000001,USD,2026-08-11,-287.16337522441654,-21.836194188341704,Internet software/Services,Technology services
NPWR,NET Power Inc.,2.04,USD,1.4999999999999902,2.0000000000000018,-1.960784313725492,457808246.28000003,USD,,1651606.44,USD,11769502.56,USD,2026-05-11,95.22768032894449,,Electrical products,Producer manufacturing
EPRX,Eupraxia Pharmaceuticals Inc.,7.42,USD,,-0.4026845637583926,0,456353625.2512124,USD,,396932.9,USD,8604180.06,USD,2026-05-11,-169.76478007860123,,Biotechnology,Health technology
LXEO,"Lexeo Therapeutics, Inc.",6.12,USD,3.773584905660373,4.974271012006862,0,453412794.8130361,USD,,5905916.28,USD,26446998.6,USD,2026-08-19,-3.135630823842627,,Biotechnology,Health technology
ZURA,Zura Bio Limited,4.75,USD,0.2087682672233776,-0.835073068893529,0,451239124.5824635,USD,,5345208.25,USD,28169523.5,USD,2026-08-19,47.204725267521596,,Biotechnology,Health technology
FLGT,"Fulgent Genetics, Inc.",15.82,USD,-2.2556390977443685,-0.877192982456144,0,449297861.72807014,USD,,7781541.600000001,USD,93333744.42,USD,2026-07-31,-6.012469040908703,-14.637131611788423,Medical/Nursing services,Health services
ENTA,"Enanta Pharmaceuticals, Inc.",15.46,USD,,0.7822685788787549,-1.0349288486416566,448639067.3507171,USD,,4614593.5600000005,USD,25038706.8,USD,2026-08-10,36.160427807486634,23.074380165289256,Pharmaceuticals: major,Health technology
ERII,"Energy Recovery, Inc.",8.7,USD,0,-4.709748083242075,1.1494252873563382,448443745.9912376,USD,22.7808326787117,13822455.6,USD,82896558,USD,2026-08-05,-145.51906071189714,-85.48548698239895,Industrial machinery,Producer manufacturing
LYEL,"Lyell Immunopharma, Inc.",19.2,USD,,-0.6725297465080136,0,448014475.6544232,USD,,1865107.2,USD,7762617.6,USD,2026-08-12,82.83649438968754,-66.66666666666666,Biotechnology,Health technology
ANGO,"AngioDynamics, Inc.",10.84,USD,0,-3.214285714285709,0,447897003.7571429,USD,,4907669.08,USD,21680693.759999998,USD,2026-07-21,-27.307086614173226,-1.271511840167185,Medical specialties,Health technology
CRNC,Cerence Inc.,9.875,USD,1.0040526849037485,0.050658561296867084,0.25316455696202894,446229609.0425532,USD,,11527206,USD,91514439.375,USD,2026-08-11,,-44.217734366853215,Packaged software,Technology services
BGIN,Bgin Blockchain Limited,3.94,USD,-1.4669926650366654,-3.667481662591685,0,445755623.2518338,USD,,378602.48,USD,1122360.22,USD,,,,Computer processing hardware,Electronic technology
PKOH,Park-Ohio Holdings Corp.,30.77,USD,,-0.16223231667748444,-0.9099772505687396,443031642.5785205,USD,17.62515752090732,2678282.34,USD,20208997.52,USD,2026-08-04,446.6666666666666,6.582278481012659,Metal fabrication,Producer manufacturing
ADCT,ADC Therapeutics SA,3.48,USD,1.7142857142857157,-0.571428571428572,0.8620689655172358,442625217.9085714,USD,,3826475.76,USD,40895233.92,USD,2026-08-11,-414.4016227226534,-9.571515308411453,Pharmaceuticals: major,Health technology
ALIT,"Alight, Inc.",0.8281,USD,-0.14966859097711746,-11.471028437032292,0.2294408887815497,442621773.88550353,USD,,38106619.732999995,USD,161446506.0117,USD,2026-08-11,97.95918367346938,-18.223583460949463,Information technology services,Technology services
CATX,"Perspective Therapeutics, Inc.",3.88,USD,-0.6648936170212743,3.1914893617021307,1.546391752577321,442388912.30851066,USD,,4400684.36,USD,52041823.08,USD,2026-08-18,-44.36443451807925,-79.42583732057416,Medical specialties,Health technology
AIOT,"PowerFleet, Inc.",3.29,USD,0,-3.5190615835777157,-0.9118541033434726,441344555.25219935,USD,,4279737.28,USD,24675815.92,USD,2026-06-22,21.548507462686565,1.6189256708960504,Packaged software,Technology services
KIDS,OrthoPediatrics Corp.,17.18,USD,,-3.537338573834919,0.23282887077997177,441268179.4216733,USD,,4090832.88,USD,29001815.7,USD,2026-08-05,-5.7804612491339205,-3.64093823553283,Medical specialties,Health technology
PHOE,Phoenix Asia Holdings Limited,20.34,USD,-1.911886949293422,-15.461346633416456,4.228121927236969,439343998.309227,USD,5811.428571428572,1837820.7,USD,43145879.22,USD,,,,Engineering & construction,Industrial services
OSPN,OneSpan Inc.,11.84,USD,-1.3082583810302546,-3.1888798037612474,0,438942563.8462797,USD,6.514084507042253,6753843.84,USD,58634320.32,USD,2026-08-05,-73.44004776887215,4.819200508622745,Information technology services,Technology services
BBNX,"Beta Bionics, Inc.",9.85,USD,0,2.072538860103619,0,438932679.67357504,USD,,6908396,USD,41217216.65,USD,2026-08-04,-62.59468290509431,-13.993960337473938,Medical specialties,Health technology
MNPR,Monopar Therapeutics Inc.,65.52,USD,,3.0593786865906303,0,438469024.6518285,USD,,10912159.44,USD,70748561.52,USD,2026-05-11,-51.29140932877318,,Biotechnology,Health technology
ABAT,American Battery Technology Company,3.32,USD,0.9463722397476418,4.731861198738168,0.641566265060244,437274700.0504731,USD,,23627706.279999997,USD,118934149.47999999,USD,2026-09-30,9.88968855582218,407.6671121354159,Other metals/Minerals,Non-energy minerals
WEAV,"Weave Communications, Inc.",5.49,USD,,-7.575757575757579,0,436815343.6363636,USD,,6313516.470000001,USD,83530273.14,USD,2026-08-05,-212.22943722943722,3.307414475655726,Packaged software,Technology services
ELMT,The Elmet Group Co.,15.58,USD,-2.29153405474221,-0.8274984086569114,1.412066752246474,435749681.82,USD,,4437261.9,USD,44254008.46,USD,,,,Metal fabrication,Producer manufacturing
VELO,"Velo3D, Inc.",14.47,USD,-1.7087667161961397,7.5037147102525985,0.5528680027643406,431035978.5750371,USD,,38793983.18,USD,168202275.29000002,USD,2026-05-12,-85.1754756871036,-30.784457478005866,Industrial machinery,Producer manufacturing
AVIR,"Atea Pharmaceuticals, Inc.",5.41,USD,,-0.36832412523019475,1.8484288354898273,431025986.2762431,USD,,1941254.07,USD,9943060.64,USD,2026-05-12,-6.701705153511379,,Pharmaceuticals: major,Health technology
BLZE,"Backblaze, Inc.",7.15,USD,-4.278074866310163,-4.411764705882354,1.3986013986013937,429000000.9558824,USD,,14159402.4,USD,393332575.35,USD,2026-08-11,-13.55994827267689,2.393940998887771,Computer peripherals,Electronic technology
VSTM,"Verastem, Inc.",4.88,USD,-0.20449897750510812,-0.20449897750510812,0,428823360.60531694,USD,,15046562.56,USD,99393658.64,USD,2026-08-06,-11.164783084214376,6.478471628172228,Biotechnology,Health technology
GEVO,"Gevo, Inc.",1.76,USD,0,-3.8251366120218613,1.693181818181821,428403952.4371584,USD,,7392644.16,USD,49988579.52,USD,2026-08-06,-244.5061924420451,-5.292405398253506,Chemicals: specialty,Process industries
LSAK,"Lesaka Technologies, Inc.",4.99,USD,,2.674897119341561,0,427823794.06584364,USD,,754567.8400000001,USD,2881240.97,USD,2026-09-10,-84.8183881952321,2.415321091682412,Packaged software,Technology services
BMBL,Bumble Inc.,3.29,USD,-1.9337016574585715,-9.116022099447516,3.3434650455927013,427093760.2430939,USD,,14437997.21,USD,105704465.93,USD,2026-08-12,,-5.255949858363259,Packaged software,Technology services
IVVD,"Invivyd, Inc.",1.51,USD,-1.3333333333333344,0.6666666666666672,0.15894039735099058,427033833.6333334,USD,,4278000.63,USD,22380895.35,USD,2026-05-14,-5.730659025787966,31.061009977911493,Biotechnology,Health technology
RPD,"Rapid7, Inc.",6.37,USD,-1.4492753623188481,-7.681159420289858,-1.8838304552590284,425711054.01594204,USD,18.5282140779523,14300216.84,USD,114802611.56,USD,2026-08-11,-63.886225631192076,-3.540673818242037,Information technology services,Technology services
SWMR,"Swarmer, Inc",33.24,USD,1.9528371407516625,22.476050110537958,-0.7797833935018046,425424765.96000004,USD,,31706439.360000003,USD,115434110.28,USD,,,,Packaged software,Technology services
FRPH,"FRP Holdings, Inc.",22.17,USD,,4.872280037842957,0,424995252.5421003,USD,126.6857142857143,4173280.8000000003,USD,12091429.32,USD,,-42.59818731117825,1.2993039443155452,Real estate development,Finance
LRMR,"Larimar Therapeutics, Inc.",4.09,USD,0.7556675062972242,3.022670025188908,-0.24449877750610727,424881205.231738,USD,,7468307.279999999,USD,55562257.36,USD,2026-05-11,-30.990107310529847,,Biotechnology,Health technology
XFOR,"X4 Pharmaceuticals, Inc.",4.5,USD,,1.5801354401805936,1.7466666666666617,424438609.36794585,USD,,2022156,USD,12100891.5,USD,2026-08-06,15.398119122257054,5.451713395638629,Biotechnology,Health technology
GSIT,"GSI Technology, Inc.",11.72,USD,10.295857988165693,38.69822485207102,19.283276450511945,424102288.96568054,USD,,155187778.16,USD,249915721.24,USD,2026-07-23,-59.735099337748345,3.999341672152732,Semiconductors,Electronic technology
ASPN,"Aspen Aerogels, Inc.",5.12,USD,-0.9920634920634885,1.5873015873015885,0,424067066.9206349,USD,,11240596.48,USD,86875786.24,USD,2026-07-23,67.50785182340597,-8.357725150584194,Industrial specialties,Process industries
PERI,Perion Network Ltd,10.75,USD,0,-2.8028933092224277,-1.023255813953483,422800939.80560577,USD,,6946080.25,USD,23216054.75,USD,2026-05-20,,24.15513167567811,Internet software/Services,Technology services
NRC,NRC Health,18.71,USD,-0.1066666666666644,-0.2133333333333288,0,421661572.18133336,USD,47.94976934905177,1596917.21,USD,18205279.04,USD,2026-08-04,83.75966686496133,-1.108174921149092,Services to the health industry,Health services
OEC,Orion S.A.,7.44,USD,,-2.2339027595269374,0.8064516129032205,419531555.5111695,USD,,3364501.9200000004,USD,29617211.520000003,USD,2026-07-30,53.080568720606216,11.610395918818933,Chemicals: specialty,Process industries
TTGT,"TechTarget, Inc.",5.795,USD,,-4.999999999999996,-0.2502157031924065,418975283.3000001,USD,,4951694.215,USD,30347406.669999998,USD,2026-08-18,-646.7925722726313,-24.61489248267283,Data processing services,Technology services
LXFR,Luxfer Holdings PLC,15.51,USD,,-0.3853564547206198,0,418869390.51059735,USD,72.64637002341921,1692466.71,USD,13677167.79,USD,2026-07-28,,-7.497243659989304,Other metals/Minerals,Non-energy minerals
TRX,TRX Gold Corporation,1.28,USD,-1.1904761904761827,1.5873015873015885,0,417192546.23255813,USD,,6077384.96,USD,33189332.48,USD,2026-07-21,-393.596759092294,36.96542180534525,Precious metals,Non-energy minerals
NEXN,Nexxen International Ltd.,7.47,USD,,-2.8608582574772514,0,416234197.2639792,USD,17.54344762799436,1875731.94,USD,11011639.049999999,USD,2026-05-13,150.380228137377,6.245318648604334,Packaged software,Technology services
EOLS,"Evolus, Inc. Common Stock",6.32,USD,-0.3144654088050387,-0.6289308176100634,0,416202038.8805031,USD,,4041178.64,USD,65875300.24,USD,2026-08-05,-8310.76923076923,-19.006644518272424,Pharmaceuticals: major,Health technology
NOA,North American Construction Group Ltd.,14.58,USD,,-0.6811989100817415,0,415783177.45445496,USD,18.738392125145726,1154021.58,USD,9994400.46,USD,2026-05-13,-99.26702262941308,-2.3107941387857633,Other metals/Minerals,Non-energy minerals
BNTC,Benitec Biopharma Inc.,12.08,USD,,-1.6286644951140006,0,415000366.9967427,USD,,901240.48,USD,9165301.36,USD,2026-05-18,-32.0356943666562,,Biotechnology,Health technology
IPSC,"Century Therapeutics, Inc.",2.29,USD,0,0,0,412331167.99999994,USD,,1848027.71,USD,10215380.85,USD,2026-05-20,44.305967114054965,,Biotechnology,Health technology
ATNI,"ATN International, Inc.",26.79,USD,,0.9039548022598811,0,411698285.52203393,USD,,1982031.3599999999,USD,14291393.4,USD,2026-07-29,15.139563106796118,-1.084053502410214,Major telecommunications,Communications
VHI,"Valhi, Inc.",14.53,USD,,0.27605244996548756,0,411232321.7322291,USD,,148700.02,USD,1394327.8599999999,USD,2026-07-30,,13.26592517694641,Chemicals: specialty,Process industries
PACB,"Pacific Biosciences of California, Inc.",1.355,USD,0.7092198581560291,-3.900709219858152,1.1070110701107103,409207674.39716315,USD,,6322488.265,USD,57986295.47,USD,2026-08-05,79.502613261995,-16.72527718669504,Medical specialties,Health technology
VREX,Varex Imaging Corporation,9.705,USD,,-1.2716174974567651,0,408580482.2288912,USD,,10435126.56,USD,43903255.785000004,USD,2026-08-04,-452.17391304347825,3.0534351145038165,Medical specialties,Health technology
TOI,"The Oncology Institute, Inc.",4.01,USD,1.2499999999999956,0.24999999999999467,-0.24937655860348598,400931561.33,USD,,9411542.18,USD,51499912.71,USD,2026-08-11,67.4187023494632,3.863141655571758,Medical/Nursing services,Health services
MYGN,"Myriad Genetics, Inc.",4.21,USD,-0.46620046620047695,-1.8648018648018665,0.23752969121139636,397626967.1421912,USD,,4875537.85,USD,74686789.3,USD,2026-07-30,-331.6455696202531,-4.480457578646329,Medical specialties,Health technology
FVRR,Fiverr International Ltd.,11.05,USD,,-3.493449781659377,1.4479638009049787,397255511.00873375,USD,14.135857745938342,9146018.700000001,USD,61548488.95,USD,2026-07-30,-25.270506108269487,-1.5703435535620565,Data processing services,Technology services
MOBI,"Mobia Medical, Inc.",12,USD,-0.25531914893616475,2.127659574468085,-5.169166666666669,397024692,USD,,4450116,USD,34544580,USD,,,,Medical specialties,Health technology
CYH,"Community Health Systems, Inc.",2.81,USD,-0.3584229390681086,0.7168458781362014,0,395975971.3154122,USD,0.8207255096676208,5245719.24,USD,32572025.080000002,USD,2026-07-29,-152.72727272727275,-4.539600772698004,Hospital/Nursing management,Health services
OSS,"One Stop Systems, Inc.",15.92,USD,-1.1479591836734675,1.5306122448979604,0.31407035175879844,394322777.4846939,USD,63.375796178343954,33884717.04,USD,468513803.28,USD,2026-08-06,-104.09122861652997,-32.67168174243095,Computer processing hardware,Electronic technology
SPT,"Sprout Social, Inc",6.56,USD,0.6756756756756733,-11.35135135135136,-0.9146341463414575,394144785.83783776,USD,,14052622.08,USD,84193808.32,USD,2026-08-04,41.011079042919654,0.5046034726645545,Packaged software,Technology services
BBCP,"Concrete Pumping Holdings, Inc.",7.78,USD,,-2.138364779874213,0,392971754.58867925,USD,83.92664509169363,535310.68,USD,4989065.04,USD,2026-06-04,-145.92815497460973,-16.753840072802817,Engineering & construction,Industrial services
GRRR,Gorilla Technology Group Inc.,14.19,USD,-3.3112582781456954,-6.026490066225167,-0.3523608174770891,392408284.6768212,USD,,14920359.299999999,USD,114585896.03999999,USD,2026-06-24,-9618.18117455388,34.29334148718813,Packaged software,Technology services
RCKT,"Rocket Pharmaceuticals, Inc.",3.59,USD,0,-1.1019283746556485,-0.5571030640668528,392004856.8622589,USD,,8000609.38,USD,55277143.47,USD,2026-08-10,-11.885843246038835,,Biotechnology,Health technology
NATR,"Nature's Sunshine Products, Inc.",22.18,USD,-1.8159306644655437,-8.460586050350807,0,390032437.5625257,USD,20.318798094540128,3760108.86,USD,14927938.48,USD,2026-08-06,24.616508400292183,-0.7390535268603552,Pharmaceuticals: other,Health technology
CDZI,"Cadiz, Inc.",4.67,USD,,-1.6842105263157907,0,389591807.40842104,USD,,3187275,USD,23297915.49,USD,2026-05-11,-37.952488687782804,22.535550735116896,Real estate development,Finance
FUFU,BitFuFu Inc.,2.34,USD,0,1.2987012987012903,0,389568580.987013,USD,,499030.74,USD,3716512.0199999996,USD,2026-05-25,-732.4525686563285,-42.75672354722119,Data processing services,Technology services
TBRG,"TruBridge, Inc.",25.89,USD,,0.23228803716609475,0.03862495171880266,388327629.15563303,USD,85.50198150594451,8195272.38,USD,66542633.34,USD,2026-08-06,,-1.7336234096112446,Managed health care,Health services
XPER,Xperi Inc.,8.03,USD,,0,0,387619792.00000006,USD,,11324749.149999999,USD,44487444.65,USD,2026-08-12,54.19373719637108,-1.9749886272927806,Packaged software,Technology services
LAB,Standard BioTools Inc.,0.99,USD,0,-2.9411764705882377,0,386464445.2058824,USD,,2151721.44,USD,13412450.7,USD,2026-07-30,-334.51226468910437,-11.132590880437068,Medical specialties,Health technology
ECX,ECARX Holdings Inc.,1.08,USD,0.8771929824561412,-5.263157894736828,0.40740740740740367,385285819.26315796,USD,,1357693.9200000002,USD,10395046.440000001,USD,2026-05-19,550,38.56298317417008,Packaged software,Technology services
ALLT,Allot Ltd.,7.86,USD,-0.640204865556976,0.6402048655569874,0.5089058524173032,384535558.9551857,USD,107.67123287671234,4738589.640000001,USD,17664312.48,USD,2026-05-12,2.762039660259086,7.506154137686079,Computer communications,Electronic technology
NAUT,"Nautilus Biotechnology, Inc.",3.02,USD,8.208955223880587,12.686567164179099,-0.6622516556291397,383778136.01492536,USD,,3567384.06,USD,8115229.24,USD,2026-08-04,-6.646832595602642,,Biotechnology,Health technology
MSB,Mesabi Trust,29.15,USD,,0.13740982480247046,0,382448282.38749564,USD,27.57544224765869,6409123.05,USD,11220447.15,USD,,-1.4904986986275877,0.04411703268392541,Steel,Non-energy minerals
DCTH,"Delcath Systems, Inc.",11.06,USD,-0.8710801393728191,-3.658536585365853,-0.4520795660036231,381809416.2439025,USD,1843.3333333333335,7385425.600000001,USD,41275378.06,USD,2026-08-10,43.56540084388186,20.580856812041684,Medical specialties,Health technology
QUAD,"Quad Graphics, Inc",7.39,USD,1.8766756032171539,-0.9383378016085828,0,381024867.461126,USD,13.421721758082093,1668905.8699999999,USD,18464609.66,USD,2026-08-04,-44.14414414414414,-7.8655248969235645,Commercial printing/Forms,Commercial services
ISSC,"Innovative Solutions and Support, Inc.",21.37,USD,0.18726591760299227,0.04681647940075638,-0.8423022929340184,379923205.437266,USD,20.25016582962191,6616878.58,USD,46839813.13,USD,2026-05-14,-42.92103904314703,-1.9779239680256955,Aerospace & defense,Electronic technology
OPAL,OPAL Fuels Inc.,2.19,USD,-4.405286343612339,-3.524229074889871,0,379746339.5947136,USD,14.989733059548254,902109.1799999999,USD,2665100.79,USD,2026-08-12,20.137693631669535,19.757130686249806,Industrial specialties,Process industries
ALTO,"Alto Ingredients, Inc.",4.9,USD,4.260089686098664,9.865470852017946,0,378738393.9013454,USD,13.369713506139155,14671266.4,USD,96983710.60000001,USD,2026-08-10,-80.41364761992112,-3.1405599982756023,Chemicals: specialty,Process industries
GNE,Genie Energy Ltd.,14.33,USD,,-0.7617728531855916,0,378314725.08171743,USD,15.552420230084653,835138.07,USD,5131888.26,USD,2026-05-11,-28.59261456325078,-12.293600532084092,Electric utilities,Utilities
VNDA,Vanda Pharmaceuticals Inc.,6.27,USD,-0.4777070063694307,-0.15923566878981965,0,377049992.35031843,USD,,8135926.919999999,USD,63288821.97,USD,2026-08-05,65.60094059651385,-9.609200223713646,Pharmaceuticals: major,Health technology
YDES,YD Bio Limited,5.31,USD,,0,,374468430,USD,,18192.059999999998,USD,173695.40999999997,USD,,,,Medical specialties,Health technology
AUNA,Auna SA,5.05,USD,1.1834319526627142,-0.39447731755424975,0.7920792079207928,373765487.64299804,USD,,1322307.15,USD,7152587.7,USD,2026-05-19,-238.9319324032394,5.901137468119886,Medical/Nursing services,Health services
SES,SES AI Corporation,1.01,USD,-1.377529057253555,8.695652173913041,1.980198019801982,372976211.9565218,USD,,20449250.830000002,USD,93169731.59,USD,2026-08-11,28.989845630029066,47.10653222285452,Electrical products,Producer manufacturing
BLND,"Blend Labs, Inc.",1.44,USD,0.724637681159421,4.347826086956526,-2.7777777777777803,370244644.17391306,USD,,5261757.12,USD,30138140.16,USD,2026-08-06,-75.62182217946956,-4.711443400889779,Packaged software,Technology services
RLGT,"Radiant Logistics, Inc.",7.89,USD,0.48367593712213935,-4.5949214026602165,3.1685678073510886,369461436.09068924,USD,27.34835355285962,3147321,USD,10299195.719999999,USD,2026-09-10,310.2861562258314,2.415565507048157,Air freight/Couriers,Transportation
CLPT,ClearPoint Neuro Inc.,12.31,USD,-1.7145085803432225,-3.978159126365053,5.523964256701866,369127839.56084245,USD,,7233737.61,USD,43419093.4,USD,2026-05-13,-32.16771346121202,17.481096941654442,Medical specialties,Health technology
CLMB,"Climb Global Solutions, Inc.",19.76,USD,0.3976143141152997,-1.7892644135188838,0,367480657.2683897,USD,17.319659917608906,1759509.4400000002,USD,28603746.080000002,USD,2026-08-05,-51.45602795573675,-5.9165828368026006,Electronics distributors,Distribution services
QUIK,QuickLogic Corporation,20.69,USD,0.8547008547008454,4.022121669180496,-0.19333011116482696,366635811.43640023,USD,,21360418.07,USD,115565877.79,USD,2026-05-19,-48.88944347392066,83.98225726959093,Semiconductors,Electronic technology
DDD,3D Systems Corporation,2.51,USD,0.8097165991902842,1.61943319838055,5.577689243027894,366608070.6923077,USD,,12397409.569999998,USD,53389444.449999996,USD,2026-08-10,-8.092837755497701,16.467029775668774,Information technology services,Technology services
EGHT,8x8 Inc,2.63,USD,0.3649635036496272,-4.014598540145997,1.1406844106463974,366407246.10218966,USD,,3244026.1,USD,40502239.33,USD,2026-05-19,563.6245110821382,0.518753904234227,Packaged software,Technology services
IRD,"Opus Genetics, Inc.",5.12,USD,3.206412825651305,2.605210420841681,0,365580608.12825656,USD,,4328012.8,USD,30263592.96,USD,2026-05-11,5.334020854818379,25.527768756089642,Pharmaceuticals: major,Health technology
BKTI,BK Technologies Corporation,96.21,USD,4.5803152961227225,2.481891776736257,0,364203224.52737534,USD,28.025050975822897,5354663.76,USD,25466498.369999997,USD,2026-05-14,23.020954598370196,-11.888083241161771,Telecommunications equipment,Electronic technology
SVCO,"Silvaco Group, Inc.",11.13,USD,3.1331592689294987,-3.1331592689294987,0,363742194.8067885,USD,,5907759.48,USD,37616940.27,USD,2026-08-12,18.89273356401384,-2.7229892614508,Packaged software,Technology services
PBYI,Puma Biotechnology Inc,7.14,USD,0,-4.672897196261689,0,363422104.93457943,USD,14.956011730205278,2818686.36,USD,20696082.54,USD,2026-07-30,-127.92826313439501,-40.606735318675206,Pharmaceuticals: major,Health technology
CV,"CapsoVision, Inc.",7.27,USD,,2.1067415730337005,-0.13755158184318828,362328558.9648876,USD,,1099151.3,USD,5267849.27,USD,2026-05-14,6.653200353490721,10.740531373657433,Medical specialties,Health technology
BBBY,"Bed Bath & Beyond, Inc.",4.9,USD,-2.4528301886792434,-7.547169811320745,-0.17755102040816637,362298623.18867934,USD,,11498673.200000001,USD,96228199.2,USD,2026-07-23,21.44670658682635,-9.38997183922759,Internet retail,Retail trade
HNST,"The Honest Company, Inc.",3.29,USD,-3.2967032967032996,-9.615384615384617,0.31003039513677094,362158673.53846157,USD,,9186022.16,USD,54982660.95,USD,2026-08-07,99.82179982179981,-11.28843554414621,Specialty stores,Retail trade
BNED,"Barnes & Noble Education, Inc",10.41,USD,,-1.0456273764258501,0,357022582.0865019,USD,,1651640.19,USD,17039150.46,USD,2026-07-01,-73.32023733162283,-20.068154943871484,Specialty stores,Retail trade
AMCX,AMC Global Media Inc.,8.19,USD,-1.2500000000000135,-6.931818181818194,-1.473748473748466,349828333.8136363,USD,13.737001006373701,21264745.32,USD,43152987.15,USD,2026-07-31,65.97977175617935,-8.856041412030539,Cable/Satellite TV,Consumer services
AENT,Alliance Entertainment Holding Corporation,6.85,USD,,-3.385049365303247,0,349057996.7700986,USD,15.963644838033092,79966.9,USD,993092.45,USD,2026-05-14,92.37704918032786,45.17706536889603,Electronics distributors,Distribution services
XRX,Xerox Holdings Corporation,2.66,USD,-0.8992805755395652,-4.316546762589916,-0.38345864661654916,347873737.91366917,USD,,21863803.5,USD,255165288,USD,2026-07-28,-43.83561643835616,-8.974358974358974,Computer peripherals,Electronic technology
DMAC,DiaMedica Therapeutics Inc.,6.45,USD,0.818037974683535,2.056962025316454,0,347547569.738924,USD,,759364.9500000001,USD,9135476.85,USD,2026-08-12,-14.897025171666483,,Biotechnology,Health technology
HVT.A,"Haverty Furniture Companies, Inc.",22.19,USD,,-3.7518976360876097,,347328554.7202433,USD,18.23635765943458,19749.100000000002,USD,19749.100000000002,USD,2026-08-04,-50.07030700726506,-6.373347728544615,Specialty stores,Retail trade
NMRA,"Neumora Therapeutics, Inc.",1.87,USD,-0.5464480874316944,2.1857923497267775,-2.2192513368984006,346481566.4043716,USD,,2740011.89,USD,25269964.5,USD,2026-08-12,10.077545459133038,,Pharmaceuticals: major,Health technology
MTRX,Matrix Service Company,12.31,USD,-7.963875205254506,1.067323481116591,0,346327703.60673237,USD,,2887408.98,USD,33889799.300000004,USD,2026-09-14,,-1.8046820073346383,Engineering & construction,Industrial services
VMD,"Viemed Healthcare, Inc.",9.03,USD,,1.0067114093959717,0,346181284.8087248,USD,24.035134415757252,3243747.57,USD,21727796.369999997,USD,2026-08-12,-54.21173967015428,-1.0068127223323402,Hospital/Nursing management,Health services
VGZ,Vista Gold Corp,2.37,USD,0,5.3333333333333375,-1.6877637130801704,345952085.28000003,USD,,2540715.8400000003,USD,18451466.73,USD,2026-07-29,-83.70327102803739,,Precious metals,Non-energy minerals
HVT,"Haverty Furniture Companies, Inc.",21.26,USD,1.3743243243243222,-4.234234234234224,0,345063316.3801802,USD,17.472057856673242,2198432.8200000003,USD,16417779.88,USD,2026-08-04,-50.07030700726506,-6.373347728544615,Specialty stores,Retail trade
SOPH,SOPHiA GENETICS SA,4.79,USD,,-6.990291262135928,0,343293085.0912621,USD,,1294234.05,USD,4187758.09,USD,2026-08-11,-0.7456071754146687,-0.08752936751293892,Packaged software,Technology services
TSSI,"TSS, Inc.",12.2,USD,3.327787021630619,1.4975041597337746,-0.8196721311475381,342502270.1830283,USD,23.59767891682785,33144874.599999998,USD,200629622.2,USD,2026-08-17,-81.28289473684211,-9.13031342866994,Information technology services,Technology services
RMNI,"Rimini Street, Inc.",3.7,USD,-0.4975124378109347,-7.96019900497511,-0.2702702702702765,342471988.955224,USD,9.930220075147613,1257001,USD,17961838.7,USD,2026-08-05,87.98342541436463,-3.9320520994626103,Information technology services,Technology services
SRZN,"Surrozen, Inc.",29.28,USD,,1.1049723756906087,0,339951641.4861879,USD,,2795917.92,USD,20643073.44,USD,2026-08-06,30.38562123619369,846.9696969696969,Biotechnology,Health technology
GETY,"Getty Images Holdings, Inc.",0.8096,USD,-0.7414494140157969,-3.1810571633580564,-2.4209486166007843,339189415.7225544,USD,,1570742.2016,USD,6423601.9936,USD,2026-08-06,-506.1879638737369,17.598023695655797,Internet software/Services,Technology services
MEI,"Methode Electronics, Inc.",9.56,USD,-0.3115264797507906,-0.7268951194184868,0,338714855.30633426,USD,,3289882.8000000003,USD,33013117.8,USD,2026-06-18,-60.60606060606061,-5.34629404617254,Electronic components,Electronic technology
ORBS,Eightco Holdings Inc.,0.9006,USD,-0.24112986565621664,3.410265242852216,-1.5878303353319987,338423197.1560455,USD,,17931777.253799997,USD,86054393.2746,USD,,-799.4298028286249,92.20666171495778,Packaged software,Technology services
EVTL,Vertical Aerospace Ltd.,2.65,USD,-1.4234875444839872,-5.693950177935949,1.5094339622641524,337419220.74733096,USD,,9026583.7,USD,72084425.5,USD,2026-08-11,,,Aerospace & defense,Electronic technology
IMRX,Immuneering Corporation,5.2,USD,-1.9157088122605297,-0.38314176245209913,0,336195189.5785441,USD,,2899925.6,USD,24966167.2,USD,2026-05-12,22.61873219789674,,Pharmaceuticals: major,Health technology
RILY,"BRC Group Holdings, Inc.",9.05,USD,2.3227383863080626,10.635696821515905,3.1745856353591173,336031873.5757947,USD,0.6213397595655428,16425587.100000001,USD,69689235.4,USD,2026-07-23,145.6043576396886,46.75144922816388,Investment banks/Brokers,Finance
GLSI,"Greenwich LifeSciences, Inc.",24.13,USD,1.006124234470693,5.555555555555554,-0.5387484459179404,334310032.8888889,USD,,6383977.58,USD,21745931.869999997,USD,2026-05-25,-3.14430456728703,,Biotechnology,Health technology
ABEO,Abeona Therapeutics Inc.,5.86,USD,0.6779661016949159,-0.6779661016949159,0.4436860068259351,334307278.0576271,USD,5.8764540713999205,5893607.100000001,USD,52491746.96,USD,2026-05-13,-296.43479945746947,,Pharmaceuticals: major,Health technology
ARTNA,Artesian Resources Corporation,32.16,USD,,0.37453183520598454,0,333139750.7715356,USD,14.226940942269408,1373103.3599999999,USD,8484708.479999999,USD,2026-08-10,43.541364296081255,-0.8602534356594681,Water utilities,Utilities
TLS,Telos Corporation,4.25,USD,7.366071428571409,-5.13392857142858,0.7058823529411823,333092486.38392854,USD,,5971267,USD,20727097,USD,2026-08-06,-671.5704824976348,-9.072000622035612,Information technology services,Technology services
CUB,Lionheart Holdings,10.79,USD,,-0.18501387604071554,,330893349.6364477,USD,40.47261815453863,36664.42,USD,712841.35,USD,,-6.798650037539453,,Publishing: newspapers,Consumer services
CMPX,"Compass Therapeutics, Inc.",1.83,USD,-2.732240437158472,0,1.0765027322404277,329560902.99999994,USD,,10569435.84,USD,118176949.44,USD,2026-08-05,-16.55001272588445,,Pharmaceuticals: major,Health technology
ASYS,"Amtech Systems, Inc.",22.68,USD,1.3959981386691518,5.537459283387629,-0.7936507936507924,328839318.8794788,USD,135.80838323353294,14193779.04,USD,60239554.199999996,USD,2026-08-12,979.6296296296296,7.879618405101987,Industrial machinery,Producer manufacturing
NMG,Nouveau Monde Graphite Inc.,2.04,USD,0,0,0,328086131.1459075,USD,,1818239.76,USD,13213377.84,USD,2026-05-11,,,Other metals/Minerals,Non-energy minerals
SIGA,SIGA Technologies Inc.,4.55,USD,0,-5.208333333333334,-1.0131868131868138,326344624.6666666,USD,16.157670454545453,2268552.65,USD,16904323.8,USD,2026-07-30,36.38482201757006,64.53457540739741,Pharmaceuticals: major,Health technology
LCTX,"Lineage Cell Therapeutics, Inc.",1.31,USD,1.4598540145985253,-4.379562043795624,0.7633587786259549,326304658.46715325,USD,,2160027.56,USD,13670269.200000001,USD,2026-05-12,,79.51643575115457,Biotechnology,Health technology
HLLY,Holley Inc.,2.72,USD,0,-3.5460992907801296,1.8382352941176405,325986115.3475178,USD,13.927291346646186,3390344.0000000005,USD,21940110.240000002,USD,2026-08-12,15.172194889700046,-5.215008106230217,Auto parts: OEM,Producer manufacturing
TYGO,"Tigo Energy, Inc.",4.29,USD,0,0.46838407494146284,0,325657317.93442625,USD,128.82882882882882,3215578.08,USD,26004246.84,USD,2026-08-11,-114.93556371084748,-16.09111192513903,Electronic production equipment,Electronic technology
TG,Tredegar Corporation,9.36,USD,,-9.565217391304351,0,325325353.5999999,USD,11.428571428571429,2318780.88,USD,12050185.68,USD,,-65.02402196293754,1.3152747897516135,Aluminum,Non-energy minerals
PALI,"Palisade Bio, Inc.",1.94,USD,0,7.777777777777772,-1.546391752577321,324802957.7,USD,,5484731.14,USD,42679530.519999996,USD,2026-05-12,-210.28591352859135,,Pharmaceuticals: major,Health technology
ESOA,Energy Services of America Corporation,17.64,USD,1.0976314269208625,1.9064124783362328,5.158730158730159,324559025.4488735,USD,131.0549777117385,1406278.44,USD,12608525.16,USD,2026-08-17,-36.233031108965754,-12.27167521498426,Engineering & construction,Industrial services
EU,enCore Energy Corp.,1.67,USD,2.7190332326283944,0.9063444108761269,2.3952095808383254,324340975.29305136,USD,,7528505.29,USD,40952559.97,USD,,-352.0159596808064,39.420910319963944,Other metals/Minerals,Non-energy minerals
ARMP,"Armata Pharmaceuticals, Inc.",8.82,USD,0.9638554216867478,6.265060240963851,0,323101077.09397584,USD,,527109.66,USD,5284679.4,USD,2026-05-11,-365.97188378631677,-6.38481449525453,Biotechnology,Health technology
ELLO,Ellomay Capital Ltd,23.35,USD,,-4.693877551020402,2.7408993576017,321838438.7881119,USD,,2463728.5500000003,USD,2864134.35,USD,,-220.79672031302,-21.588483106523146,Electric utilities,Utilities
USNA,"USANA Health Sciences, Inc.",17.43,USD,,-8.069620253164562,0,321704376.4984176,USD,36.66386201093816,2302067.25,USD,13663010.97,USD,2026-07-28,,10.618037135278515,Pharmaceuticals: other,Health technology
RMAX,"RE/MAX Holdings, Inc.",9.8,USD,0.19267822736030416,-5.5876685934489405,1.9387755102040765,320480124.93256265,USD,529.7297297297298,6915036.800000001,USD,68336899.4,USD,2026-08-05,-776.4583333333334,-1.2778160450960823,Real estate development,Finance
CABO,"Cable One, Inc.",56.04,USD,,-10.177913127103706,0,317906678.8235294,USD,,10214466.84,USD,106865926.32,USD,2026-07-30,,-2.964213350781742,Cable/Satellite TV,Consumer services
NAGE,"Niagen Bioscience, Inc.",3.98,USD,-1.6786570743405345,-4.556354916067145,-0.17587939698492758,316984419.94244605,USD,18.231791113147047,7765310.34,USD,37002115.72,USD,2026-08-12,52.904162633107475,-6.98897721563876,Pharmaceuticals: other,Health technology
GDEV,GDEV Inc.,17.42,USD,,-3.1145717463848652,,316181491.03893214,USD,4.607856103689989,94015.74,USD,471907.80000000005,USD,2026-07-30,-41.66666666666626,-8.163265306121632,Packaged software,Technology services
LENZ,"LENZ Therapeutics, Inc.",9.99,USD,2.681908548707754,-0.695825049701792,-5.005005005005005,313230418.2644135,USD,,7394368.23,USD,58024687.230000004,USD,2026-08-19,-114.94610778443113,-87.29599999999999,Pharmaceuticals: major,Health technology
PDYN,Palladyne AI Corp.,6.59,USD,-0.9819967266775859,7.855973813420613,-0.6069802731411235,311339472.1407528,USD,,14592289.719999999,USD,77022246.14,USD,2026-08-12,-744.4742129939718,113.00421432871764,Industrial machinery,Producer manufacturing
NGEN,NervGen Pharma Corp.,3.83,USD,5.599999999999999,2.1333333333333355,-1.302872062663187,309965232.6106667,USD,,1141481.71,USD,4226788,USD,2026-05-14,-539.457815129112,,Pharmaceuticals: major,Health technology
CCCC,"C4 Therapeutics, Inc.",3.17,USD,0.3389830508474504,7.457627118644059,-1.135646687697162,309322805.8847457,USD,,9470086.53,USD,59228945.699999996,USD,2026-05-13,36.31163340172853,-1.9056099732858416,Biotechnology,Health technology
REPL,"Replimune Group, Inc.",3.74,USD,-1.4742014742014864,-8.10810810810811,0.2673796791443793,308821599.3513513,USD,,28504806.44,USD,188324479.86,USD,2026-05-14,14.645006016847173,,Biotechnology,Health technology
AKBA,"Akebia Therapeutics, Inc.",1.15,USD,-0.8620689655172422,-0.8620689655172422,1.1652173913043546,308496966.6810345,USD,,6372844.6,USD,39000053.5,USD,2026-07-30,26.053577262332574,-7.077158029919128,Pharmaceuticals: major,Health technology
NUCL,Eagle Nuclear Energy Corp.,10.42,USD,0.20661157024792948,7.644628099173556,5.563339731285996,308216454.5495868,USD,,3311767.76,USD,29379471.34,USD,,57.12091647405462,,Alternative power generation,Utilities
CXDO,"Crexendo, Inc.",9.47,USD,-2.350427350427338,1.1752136752136881,0.10982048574444407,306973588.09722227,USD,66.7371388301621,5242724.58,USD,56289206.50000001,USD,2026-08-11,-52.545155993431855,14.666961962239078,Internet software/Services,Technology services
AIRS,"AirSculpt Technologies, Inc.",4.35,USD,0.5181347150259072,12.69430051813471,-1.8390804597701167,306873687.9404145,USD,,13137635.1,USD,63423474.15,USD,2026-08-07,-286.82774746687454,17.783027330901263,Medical specialties,Health technology
SBMT,Silver Bow Mining Corp.,10.34,USD,,-1.3358778625954253,0,305221290,USD,,1686795.22,USD,21118033.419999998,USD,,-3.8702005039626766,,Precious metals,Non-energy minerals
MLP,"Maui Land & Pineapple Company, Inc.",15.35,USD,,-1.9795657726692242,0,304985626.16538954,USD,,101970.05,USD,1194414.2,USD,,-591.6666666666667,0,Real estate development,Finance
RDNW,"RideNow Group, Inc.",7.91,USD,,-1.8610421836228332,0,304927227.0657568,USD,,524195.7,USD,2527482.3,USD,2026-05-14,-56.097560975609774,-8.576512455516024,Specialty stores,Retail trade
TCI,"Transcontinental Realty Investors, Inc.",35.13,USD,,-1.5414798206277949,0,303499192.85902464,USD,32.44965823018659,116666.73000000001,USD,864689.8200000001,USD,,-97.9739507959479,2.3554781454756575,Real estate development,Finance
RZLT,"Rezolute, Inc.",3.17,USD,1.2461059190031165,-1.2461059190031165,1.5772870662460654,303361665.5482866,USD,,4187801.4099999997,USD,27800900,USD,2026-05-13,-25.47658402203857,,Pharmaceuticals: major,Health technology
PRLD,Prelude Therapeutics Incorporated,4.8,USD,0.8230452674897125,-1.234567901234578,2.7083333333333313,302410797.03703696,USD,,1649304,USD,20998267.2,USD,2026-05-12,16.567807351077313,-13.230769230769232,Biotechnology,Health technology
OPTX,"Syntec Optics Holdings, Inc.",7.58,USD,1.7759562841530039,3.5519125683060078,0,302072885.0655738,USD,,11682311.16,USD,49673475.82,USD,,75.94079767243497,7.9860493624662245,Electronic components,Electronic technology
MKTW,"MarketWise, Inc.",18.64,USD,,-9.864603481624755,0,301030003.2920697,USD,11.303135043356983,1321725.12,USD,4650419.04,USD,2026-08-06,-129.71991701244815,-7.6324435810729785,Data processing services,Technology services
CHRS,"Coherus Oncology, Inc.",1.95,USD,9.142857142857139,11.428571428571425,-7.179487179487174,300724331.1428572,USD,,7236570.899999999,USD,17062932.9,USD,2026-07-30,-6.177903101768777,10.171981678333765,Pharmaceuticals: major,Health technology
AVXL,Anavex Life Sciences Corp.,3.24,USD,,0.6211180124223608,1.8518518518518396,300256507.2298137,USD,,3444994.8000000003,USD,19172379.240000002,USD,2026-05-11,42.17811704834605,,Biotechnology,Health technology
VLN,Valens Semiconductor Ltd.,2.85,USD,0,2.1505376344086042,1.129824561403509,300084196.0215054,USD,,14033702.1,USD,85283961.45,USD,2026-05-13,-19.792378090424805,11.929622151716181,Semiconductors,Electronic technology
MASS,908 Devices Inc.,7.93,USD,2.8151774785801766,-2.9375764993880074,0,299862021.741738,USD,,1697955.74,USD,21587720.05,USD,2026-08-11,-379.5183539864391,-23.009205983889526,Medical specialties,Health technology
ORGO,Organogenesis Holdings Inc.,2.33,USD,-0.421940928270052,-1.6877637130801704,0,299811676.43037975,USD,,2974459.36,USD,30427656.400000002,USD,2026-08-06,-221.63844393592677,-83.49873895756781,Medical specialties,Health technology
EDIT,"Editas Medicine, Inc.",3.06,USD,-0.9646302250803797,-1.6077170418006375,-0.3267973856209226,299593208.14147913,USD,,3352346.2800000003,USD,24501643.38,USD,2026-08-05,-344.51957295373666,-88.55745523624753,Biotechnology,Health technology
ACH,"Accendra Health, Inc.",3.89,USD,11.452513966480451,8.659217877094974,0.2570694087403544,297343471.2039106,USD,,10890300.07,USD,26913171.17,USD,2026-07-31,62.51829966195533,1.6784173569838683,Medical specialties,Health technology
SLP,"Simulations Plus, Inc.",14.69,USD,1.498800959232614,-11.930455635491608,-0.6126616746085763,296818543.1211031,USD,,8709524.719999999,USD,59075717.48,USD,2026-07-08,570.8579881656805,31.865805330872377,Packaged software,Technology services
SIDU,"Sidus Space, Inc.",3.74,USD,3.8123167155425186,9.67741935483871,-1.6016042780748738,294080112.1935484,USD,,134226722.52,USD,445704936.82000005,USD,2026-05-20,-88.95866298042014,-54.83229562931703,Telecommunications equipment,Electronic technology
ZNTL,"Zentalis Pharmaceuticals, Inc.",4.14,USD,-0.5668934240362893,-6.122448979591847,0.2415458937198231,293654391.632653,USD,,2994714.5399999996,USD,21913665.84,USD,2026-05-13,-31.939605110336817,,Biotechnology,Health technology
USAU,U.S. Gold Corp.,17.78,USD,-0.8240141259564274,4.649793996468527,-1.2935883014623195,293390648.45085347,USD,,4577034.28,USD,21481155.92,USD,2026-07-01,-17.875714074418784,,Precious metals,Non-energy minerals
NVCT,"Nuvectis Pharma, Inc.",11.06,USD,,-5.064377682403432,0,293372392.65407723,USD,,1017663.78,USD,9227391.18,USD,2026-08-11,17.281925075198252,,Pharmaceuticals: major,Health technology
SHMD,SCHMID Group N.V.,5.99,USD,3.333333333333336,-0.16666666666666313,1.0016694490817963,291637690.7250001,USD,,8380567.07,USD,43254484.84,USD,,,,Electronic components,Electronic technology
ZIP,"ZipRecruiter, Inc.",3.45,USD,-1.657458563535913,-4.69613259668508,0,291227905.44198895,USD,,4611732.3,USD,25043308.5,USD,2026-08-12,-467.4251497005988,-3.6947158220877028,Internet software/Services,Technology services
OFLX,"Omega Flex, Inc.",28.83,USD,,-4.219269102990044,0,291019312.6465116,USD,21.821071752951863,790951.0499999999,USD,11953811.729999999,USD,,-39.1800878477306,-8.386559289086366,Miscellaneous manufacturing,Producer manufacturing
CIX,CompX International Inc.,23.55,USD,,-0.8421052631578918,0,290207973.75789475,USD,14.366764275256223,45592.8,USD,455221.5,USD,,25.256849315068493,7.618643393373478,Metal fabrication,Producer manufacturing
TARA,"Protara Therapeutics, Inc.",5.27,USD,-0.18975332068310793,0,0,290168840,USD,,4042342.9599999995,USD,25076451.799999997,USD,2026-05-11,-30.540051289787296,,Pharmaceuticals: major,Health technology
ELDN,"Eledon Pharmaceuticals, Inc.",3.82,USD,0.11340206185566906,-1.546391752577321,2.1492146596858657,289753559.9639175,USD,,3420282.84,USD,31537832.139999997,USD,2026-05-11,40.162666819405466,,Pharmaceuticals: major,Health technology
SGHT,"Sight Sciences, Inc.",5.31,USD,,-1.301115241635693,0,288916801.929368,USD,,1334806.5599999998,USD,9093247.559999999,USD,2026-08-06,-211.8692936088419,-3.3701250919793964,Medical specialties,Health technology
ACIU,AC Immune SA,2.83,USD,,-1.0489510489510423,0.7031802120141274,288019185.0909091,USD,,877747.14,USD,6016469.63,USD,2026-07-30,-5.021571991620983,237.63562786809916,Pharmaceuticals: major,Health technology
NL,"NL Industries, Inc.",5.81,USD,,-2.6800670016750443,0,283892484.55946404,USD,,180783.96,USD,1378637.47,USD,2026-08-05,,7.618643393373478,Metal fabrication,Producer manufacturing
FLWS,"1-800-FLOWERS.COM, Inc.",4.365,USD,-1.244813278008309,-9.439834024896268,0.5727376861397357,279647254.12966806,USD,,4677586.38,USD,41454496.665,USD,2026-08-27,-241.82812920782956,-58.270754323327814,Internet retail,Retail trade
TLSI,"TriSalus Life Sciences, Inc.",4.54,USD,,2.483069977426644,0.8810572687224677,278821166.93453723,USD,,352390.26,USD,2703629.02,USD,2026-05-12,9.786328739247063,14.170845581877916,Medical specialties,Health technology
PCYO,Pure Cycle Corporation,11.56,USD,,-0.5163511187607464,0,278641179.504303,USD,19.89330579934607,748995.52,USD,3924504.4000000004,USD,,-75.79408543263965,-43.41543513957307,Water utilities,Utilities
SMWB,Similarweb Ltd.,3.19,USD,0,-6.997084548104962,0,277409435.6705539,USD,,3792868.53,USD,16954065.259999998,USD,2026-05-13,-73.10090048521799,1.3497889650831525,Packaged software,Technology services
PPIH,"Perma-Pipe International Holdings, Inc.",33.76,USD,,-0.05920663114269724,0,274241683.5476613,USD,16.16161616161616,1567679.3599999999,USD,14704741.92,USD,2026-06-11,-22.137767220902614,-9.843330934781187,Industrial machinery,Producer manufacturing
ALXO,ALX Oncology Holdings Inc.,2.08,USD,-1.9230769230769247,0,1.9230769230769247,273745205,USD,,1854885.76,USD,12181160.16,USD,2026-08-06,21.537990196078432,,Biotechnology,Health technology
MPTI,"M-tron Industries, Inc.",76.58,USD,,-5.689655172413798,-0.07834943849569376,273146455.9810345,USD,27.760458203436524,5601520.68,USD,42556195.22,USD,2026-08-19,-30.27737226277372,3.182744326565025,Electronic production equipment,Electronic technology
SI,"Shoulder Innovations, Inc.",13.22,USD,,0.15151515151516176,0,272960286.5090909,USD,,781764.7000000001,USD,5636426.32,USD,2026-05-13,10.96345514950166,22.6267437904049,Medical specialties,Health technology
TRDA,"Entrada Therapeutics, Inc.",7,USD,2.192982456140356,2.3391812865497097,2.6928571428571475,271744329.9707603,USD,,5561276,USD,54635917,USD,2026-08-12,-1.4120110305382494,-32.640492686682066,Biotechnology,Health technology
CGEN,Compugen Ltd.,2.87,USD,-2.758620689655175,-1.0344827586206828,1.7421602787456383,271367648.3724138,USD,7.77145951800704,1274676.06,USD,8476966.89,USD,2026-05-18,,3460.6557377119493,Biotechnology,Health technology
RDCM,Radcom Ltd.,16.14,USD,3.7831474597273727,0,0.8054522924411339,270157388,USD,22.694038245219346,4014744.3000000003,USD,24810908.34,USD,2026-05-19,4.926534140224198,2.5505764631127725,Packaged software,Technology services
ATGL,Alpha Technology Group Limited,16.39,USD,-5.391884380211223,-8.893829905503047,,269820368.62256813,USD,,66723.69,USD,1436894.9100000001,USD,,,,Packaged software,Technology services
STRT,STRATTEC SECURITY CORPORATION,64.15,USD,-0.25620496397118286,2.7221777421937596,0,268132738.05284223,USD,10.584935236366636,18203717.200000003,USD,57925012.300000004,USD,2026-08-06,-34.50576106731352,0.07125510782788255,Auto parts: OEM,Producer manufacturing
IKT,"Inhibikase Therapeutics, Inc.",2.03,USD,-0.9708737864077678,-1.4563106796116625,0.9852216748768483,268026248.9514563,USD,,1024599.8699999999,USD,9683879.52,USD,2026-05-18,-6.742264221795298,,Pharmaceuticals: major,Health technology
PROF,Profound Medical Corp.,7.25,USD,,5.839416058394166,0,263447856.2898089,USD,,1059703.5,USD,5591910.5,USD,2026-07-30,16.20782413754623,-13.277599148869799,Medical specialties,Health technology
CIA,"Citizens, Inc.",5.21,USD,,-0.5725190839694704,0,263384047.20229003,USD,14.472222222222223,556594.72,USD,3070039.39,USD,2026-07-30,-69.09239574816026,-17.136117663382823,Life/Health insurance,Finance
CARL,"Carlsmed, Inc.",9.66,USD,,-1.4285714285714342,0,262606455.34285715,USD,,739559.9400000001,USD,9232351.8,USD,2026-08-27,-0.9636595843492395,6.271018793273986,Information technology services,Technology services
NERV,"Minerva Neurosciences, Inc",5.63,USD,,-4.2517006802721085,0,262294447.06632653,USD,,374603.31,USD,3631468.23,USD,2026-08-04,55.79184680683053,,Pharmaceuticals: major,Health technology
ARTV,"Artiva Biotherapeutics, Inc.",10.6,USD,5.601469237832869,-2.6629935720844893,0.09433962264150743,261996721.17539024,USD,,9161081.799999999,USD,75014037.6,USD,2026-08-27,-13.210090506450992,,Biotechnology,Health technology
AIRJ,AirJoule Technologies Corporation,3.82,USD,9.295774647887328,7.605633802816902,1.2356020942408412,261565863.571831,USD,,5408329.26,USD,16250795.7,USD,2026-05-25,-458.7991403132329,,Electrical products,Producer manufacturing
EAF,GrafTech International Ltd.,10.03,USD,0.10764262648010295,7.965554359526375,0,261259796.76426268,USD,,2740657.38,USD,26264297.22,USD,2026-07-31,33.53860802260581,7.422482117863245,Electrical products,Producer manufacturing
GLDG,GoldMining Inc.,1.22,USD,-0.8333333333333341,1.6666666666666683,-1.6393442622950833,261079903.13939396,USD,,2965695.56,USD,15584866.82,USD,2026-07-15,1.9097180213097167,,Precious metals,Non-energy minerals
HBB,Hamilton Beach Brands Holding Company,19.12,USD,,-8.604206500956026,0,259578411.81644362,USD,9.147450004784233,233072.80000000002,USD,2349867.12,USD,2026-08-05,-80.91566005176877,-42.721820683695654,Electronics/Appliances,Consumer durables
INSG,Inseego Corp.,15.76,USD,0.3109452736318452,-1.990049751243772,0.4441624365482252,255761915.65671647,USD,25.216,5354838.24,USD,49085055.839999996,USD,2026-08-12,-1067.1641791044776,-29.052253145726155,Telecommunications equipment,Electronic technology
ASUR,Asure Software Inc,8.88,USD,-7.934782608695638,-3.4782608695652013,0,254692895.63478264,USD,,564164.16,USD,4249000.08,USD,2026-08-10,-17.437252311756936,8.76599425097301,Packaged software,Technology services
FHTX,Foghorn Therapeutics Inc.,4.33,USD,3.6036036036035863,-2.4774774774774846,0.8083140877598186,254231279.64639637,USD,,532698.25,USD,3841948.38,USD,2026-08-11,8.257939438700147,-64.66962258029632,Biotechnology,Health technology
DUOT,"Duos Technologies Group, Inc.",8.66,USD,-1.798561151079141,3.836930455635495,0,253699974.91606715,USD,,4943725.54,USD,28355091.6,USD,2026-05-18,-207.33676582834576,37.52730547804998,Packaged software,Technology services
VUZI,Vuzix Corporation,3.05,USD,-0.32154340836012174,-1.9292604501607735,-2.2950819672131098,253632673.778135,USD,,3431570.25,USD,26901076.25,USD,2026-05-14,-17.143845884508565,93.20546071439954,Electronic equipment/Instruments,Electronic technology
FATE,"Fate Therapeutics, Inc.",2.18,USD,-3.347280334728036,-8.786610878661087,0.45871559633026543,253454349.7322176,USD,,7460570.4,USD,89436566.64,USD,2026-05-11,-0.38449612403101935,-21.367030442274555,Biotechnology,Health technology
RNAC,"Cartesian Therapeutics, Inc.",8.53,USD,-0.6936416184971156,-1.3872832369942312,0,250624299.52947974,USD,,2385252.4299999997,USD,14017076.04,USD,2026-08-06,57.67585551330798,-91.76346356916578,Biotechnology,Health technology
AIRO,"AIRO Group Holdings, Inc.",7.93,USD,1.362397820163495,8.038147138964575,1.008827238335436,249306383.43460488,USD,,6682476.1899999995,USD,23516613.25,USD,2026-05-14,99.4976146744744,668.3062759918851,Aerospace & defense,Electronic technology
VYGR,"Voyager Therapeutics, Inc.",4.12,USD,0.9876543209876552,1.7283950617284023,-0.7281553398058312,248935701.06666666,USD,,1852343.76,USD,14202653.52,USD,2026-07-30,-1.8631955079122002,-83.09207094418362,Biotechnology,Health technology
LTRX,"Lantronix, Inc.",6.25,USD,-0.16233766233765887,1.4610389610389587,-0.4800000000000039,248855799.51298702,USD,,5186112.5,USD,42558556.25,USD,2026-08-20,11.203007518796992,1.353529925438302,Computer peripherals,Electronic technology
HUHU,HUHUTECH International Group Inc.,9.76,USD,,-0.5603667855323455,0,248818966.93632197,USD,,41304.32,USD,1446588.16,USD,,,,Information technology services,Technology services
TII,Titan Mining Corporation,2.51,USD,-1.1857707509881346,-0.7905138339920956,4.027888446215147,246703128.73192772,USD,,750690.7999999999,USD,3424583.76,USD,2026-05-13,-1446.518153955221,58.37683076991203,Other metals/Minerals,Non-energy minerals
SILC,Silicom Ltd,43.18,USD,0.6017383552485027,-3.7664363717405793,0,245977677.13305107,USD,,8055056.28,USD,63369586.24,USD,2026-08-03,6.590370955095631,12.952448544966192,Computer communications,Electronic technology
ARCT,Arcturus Therapeutics Holdings Inc.,8.635,USD,-0.216919739696327,-6.3449023861171465,4.22698320787493,245433208.13882858,USD,,4305238.3,USD,28936549.895,USD,2026-08-10,7.273290003178339,-80.20123336580806,Pharmaceuticals: major,Health technology
FENC,Fennec Pharmaceuticals Inc.,7.1,USD,,2.4531024531024523,0,244773782.71284273,USD,,1010493.2999999999,USD,8191397.8,USD,,-727.9554953327593,13.52555226939983,Biotechnology,Health technology
SENS,"Senseonics Holdings, Inc.",5.77,USD,0.18091451292246735,14.711729622266386,-1.2131715771230398,241203108.10735583,USD,,13778829.239999998,USD,118160604.57,USD,2026-08-06,-55.275416606636895,-17.85213243546577,Electronic components,Electronic technology
AP,Ampco-Pittsburgh Corporation,11.86,USD,,-2.7868852459016384,0,241070973.7344262,USD,,1994270.8599999999,USD,12771168.219999999,USD,2026-05-11,-2508.0054274084127,0.7212361932801896,Steel,Non-energy minerals
CDXS,"Codexis, Inc.",2.65,USD,1.7543859649122744,-7.0175438596491295,0,240875897.9473684,USD,,3745735.25,USD,27348373.65,USD,2026-07-30,-190.65722320591604,-60.817165617371195,Chemicals: specialty,Process industries
LAW,"CS Disco, Inc.",3.74,USD,4.126213592233007,-9.223300970873783,1.871657754010691,239862675.9708738,USD,,3129553.46,USD,16395400.780000001,USD,2026-08-06,-13.126323218066338,1.7269437225231352,Packaged software,Technology services
CNCK,Coincheck Group N.V.,1.75,USD,2.7472527472527495,-3.8461538461538494,0,237872474.03846154,USD,,97118,USD,535818.5,USD,2026-05-12,,15.253781963272658,Investment banks/Brokers,Finance
SPCE,"Virgin Galactic Holdings, Inc.",2.92,USD,-4.081632653061228,-0.680272108843538,0.6849315068493157,237715299.02040818,USD,,31026673.16,USD,169486684.2,USD,2026-05-14,2.629740596426409,-14.520547945205479,Aerospace & defense,Electronic technology
KROS,"Keros Therapeutics, Inc.",12.01,USD,,-0.49710024855012835,0,237651927.7531069,USD,6.594190962499314,3152853.19,USD,25115684.31,USD,2026-05-11,-222.2664835164835,-97.30051886130977,Pharmaceuticals: major,Health technology
STRS,Stratus Properties Inc.,29.58,USD,,-0.8380824673147838,0,236123084.78980893,USD,19.538939163749255,929403.6,USD,7099200,USD,,,66.97524652847657,Real estate development,Finance
RXST,"RxSight, Inc.",5.7,USD,-0.3418803418803346,-2.564102564102555,0,235960674.5641026,USD,,3719660.4,USD,37541436.9,USD,2026-08-10,-73.5576923076923,-5.259445534838066,Electronic components,Electronic technology
CMRC,"Commerce.com, Inc. - Series 1",2.85,USD,0,-8.064516129032258,0,235159891.35483867,USD,,5953533.15,USD,27763807.95,USD,2026-07-30,,-2.98825921333378,Packaged software,Technology services
ARQQ,Arqit Quantum Inc.,15,USD,-2.406417112299473,0.2673796791443793,0.8666666666666718,234777889.37165773,USD,,7250115,USD,45235905,USD,2026-05-27,,,Packaged software,Technology services
TBCH,Turtle Beach Corporation,11.82,USD,-1.545972335231892,-3.824247355573628,-1.9458544839255534,234596522.86574453,USD,372.87066246056787,4481706.66,USD,24956937.12,USD,2026-08-10,-186.3535691975694,-64.49540743734163,Electronics/Appliances,Consumer durables
PLG,Platinum Group Metals Ltd.,1.84,USD,0,3.3707865168539355,2.211956521739128,233359627.46122447,USD,,3563982.48,USD,17523298.88,USD,2026-07-09,-9.35847447781201,,Other metals/Minerals,Non-energy minerals
CRNT,Ceragon Networks Ltd.,2.59,USD,0.7905138339920956,2.371541501976287,0,232815017.07905135,USD,,1341676.98,USD,11626652.45,USD,2026-05-19,360.7142857151945,-3.6895793362940097,Telecommunications equipment,Electronic technology
POWW,Outdoor Holding Company,1.97,USD,-2.970297029702973,-2.4752475247524774,1.52284263959391,231058775.08415842,USD,,924186.1,USD,5917801.2,USD,2026-06-15,58.75608971347383,11.766639291994519,Aerospace & defense,Electronic technology
EXOD,"Exodus Movement, Inc.",7.71,USD,-4.645476772616136,-5.7457212713936405,-6.225680933852134,229849887.55378973,USD,,881862.09,USD,4911855.96,USD,2026-05-11,-412.11783346047764,-3.1572356062353757,Packaged software,Technology services
UIS,Unisys Corporation New,3.15,USD,-1.9150943396226467,-0.9433962264151021,-0.31746031746031067,229651303.7264151,USD,,2164862.6999999997,USD,22430016,USD,2026-08-05,-291.4438502673797,-23.82941688424717,Information technology services,Technology services
OBIO,"Orchestra BioMed Holdings, Inc.",3.91,USD,0.7425742574257487,-3.2178217821782154,0,228816719.96782184,USD,,755877.29,USD,5923423.220000001,USD,2026-05-18,,3490.8246225319394,Medical specialties,Health technology
SLGL,Sol-Gel Technologies Ltd.,69.98,USD,,-1.2418854078464514,0,228763991.89839122,USD,,1122969.06,USD,8196687.420000001,USD,2026-05-11,49.73073039370753,74.0000000003432,Pharmaceuticals: major,Health technology
CAMP,CAMP4 Therapeutics Corporation,4.4,USD,,-1.345291479820619,0,228473522.95964125,USD,,357865.2,USD,1890002.4000000001,USD,2026-08-13,54.49558137225697,271.8390804597701,Biotechnology,Health technology
ALEC,"Alector, Inc.",2.05,USD,0,-2.380952380952394,0,227601618.02380946,USD,,797572.9999999999,USD,6326638.249999999,USD,2026-07-30,38.4710333539056,-83.2291165624499,Biotechnology,Health technology
SMRT,"SmartRent, Inc.",1.18,USD,12.499999999999991,5.357142857142842,0,227548909.53571424,USD,,2289303.84,USD,14882660.319999998,USD,2026-08-12,-37.11467324290999,6.062184689624918,Computer communications,Electronic technology
RNA,"Atrium Therapeutics, Inc.",13.25,USD,0.07651109410864412,1.3771996939556215,0,226765679.36113235,USD,,2251082.25,USD,18301178.25,USD,2026-06-03,-153.092425295344,-71.10662630339725,Biotechnology,Health technology
NKTX,"Nkarta, Inc.",3.18,USD,0.6269592476489034,-0.3134796238244447,0,226703760.0940439,USD,,1584380.9400000002,USD,21401342.76,USD,2026-05-11,-26.221505871517387,,Biotechnology,Health technology
LODE,Comstock Inc.,2.97,USD,0.680272108843538,1.0204081632653146,1.0101010101010035,225461869.622449,USD,,3887801.2800000003,USD,28497524.220000003,USD,2026-08-11,29.273745324288797,-16.267937471284018,Chemicals: specialty,Process industries
ARL,"American Realty Investors, Inc.",13.94,USD,,0.9413468501086097,0,225159477.57277334,USD,18.47581179589132,42196.38,USD,277670.86,USD,,-105.63279492946226,-5.149488894012758,Real estate development,Finance
MIST,Milestone Pharmaceuticals Inc.,1.9,USD,1.5625000000000013,-1.0416666666666676,1.0526315789473695,223567816.56250003,USD,,1833669.0999999999,USD,13293982.7,USD,2026-05-13,-46.0241570210928,,Pharmaceuticals: major,Health technology
MPAA,"Motorcar Parts of America, Inc.",11.6,USD,,-0.514579759862783,0,222847048.85077187,USD,124.73118279569893,487095.6,USD,3384044.8,USD,2026-06-16,,-24.280037928387593,Auto parts: OEM,Producer manufacturing
SPOK,"Spok Holdings, Inc.",10.66,USD,,-2.1120293847566614,0,222655539.42332414,USD,17.62857615346453,2286452.74,USD,14154262.72,USD,2026-07-29,-32.184300341296925,-1.8753137828179913,Wireless telecommunications,Communications
CMT,Core Molding Technologies Inc,24.17,USD,-6.6153846153846105,-7.038461538461532,0,222437594.86115384,USD,21.751259899208065,1558143.2200000002,USD,5913625.5600000005,USD,2026-08-11,-80.37625689263704,-21.551481714584142,Industrial machinery,Producer manufacturing
HUMA,"Humacyte, Inc.",1,USD,-3.7735849056603805,-5.660377358490571,-1.0000000000000009,222019092.45283017,USD,,8050630,USD,39605953,USD,2026-05-11,-41.65619645916619,-37.98140770252324,Biotechnology,Health technology
RELL,"Richardson Electronics, Ltd.",15.41,USD,1.6254876462938879,0.19505851755526243,0,221188226.54096228,USD,56.32309941520467,1271417.46,USD,9414739.5,USD,2026-07-29,,6.089351285189718,Electronic production equipment,Electronic technology
BZAI,"Blaize Holdings, Inc.",1.8,USD,-2.1390374331550817,-3.7433155080213933,0.555555555555556,221036271.01604277,USD,,13340284.200000001,USD,206809009.20000002,USD,2026-05-14,87.44763500647423,100.3539226426224,Semiconductors,Electronic technology
CNTX,Context Therapeutics Inc.,2.39,USD,0.20168067226890402,0.4201680672269005,0,219591252.8529412,USD,,1119583.55,USD,9485584.96,USD,2026-08-12,33.35763930233731,,Pharmaceuticals: major,Health technology
GPRO,"GoPro, Inc.",1.32,USD,-0.7299270072992706,-3.6496350364963535,12.121212121212114,219425630.10218975,USD,,19272323.400000002,USD,80026651.32000001,USD,2026-07-30,57.161678900809335,23.788040609386318,Electronics/Appliances,Consumer durables
INTT,inTest Corporation,17.55,USD,4.6376811594202945,1.7391304347826129,-0.05698005698006589,219296788.04347825,USD,375.8029978586724,7302256.65,USD,52510337.1,USD,2026-07-31,-36.52453740949316,3.2417281091950403,Electronic equipment/Instruments,Electronic technology
AUDC,AudioCodes Ltd.,8.63,USD,-0.9501187648456066,2.494061757719725,0,218761271.43467936,USD,35.01014198782962,767448.64,USD,13308521.490000002,USD,2026-08-04,2.735402419687279,-0.7379602269081881,Telecommunications equipment,Electronic technology
LPRO,Open Lending Corporation,1.85,USD,-2.105263157894727,-2.631578947368412,2.4972972972972984,218701594.10526317,USD,,1168419.3,USD,13509969.100000001,USD,2026-08-11,-127.34839476813318,5.92401137244766,Packaged software,Technology services
HITI,High Tide Inc.,2.48,USD,0.3984063745020013,-1.1952191235059684,0,217986689.50289017,USD,,1214607.28,USD,6650162.16,USD,2026-06-17,,11.840686548106225,Specialty stores,Retail trade
OSUR,"OraSure Technologies, Inc.",3.02,USD,,-1.3071895424836613,-0.993377483443702,217336127.7908497,USD,,2567779.16,USD,14642506.24,USD,2026-08-11,-16.027169967852327,4.341815192616672,Medical specialties,Health technology
ELTX,"Elicio Therapeutics, Inc.",11.61,USD,,17.15438950554994,5.943152454780373,217162720.97073665,USD,,3891776.4899999998,USD,11232802.709999999,USD,2026-08-07,23.455320837052465,,Biotechnology,Health technology
TNYA,"Tenaya Therapeutics, Inc.",0.9981,USD,2.0000000000000018,-0.19000000000000128,-0.8115419296663657,216586573.1451,USD,,15188318.2611,USD,45745177.7079,USD,2026-08-12,4.4758364312267656,,Pharmaceuticals: major,Health technology
IMMR,Immersion Corporation,6.53,USD,0.3368263473053887,-2.24550898203592,-1.071975497702914,216145949.25299403,USD,,4521202.22,USD,36502686.940000005,USD,2026-07-01,-185.60587106996914,-20.253962785346683,Computer peripherals,Electronic technology
GORO,Gold Resource Corporation,1.33,USD,2.2900763358778646,1.5267175572519098,0,215308555.64122137,USD,65.51724137931035,2470852.72,USD,15565263.98,USD,2026-07-29,-73.67368479528915,-9.034385095366641,Precious metals,Non-energy minerals
ELMD,"Electromed, Inc.",25.93,USD,0.259933160044561,-3.713330857779428,0,214578878.520609,USD,25.238466030757248,1240750.5,USD,6620706.9,USD,2026-05-12,29.260299625468168,11.902647006573105,Medical specialties,Health technology
KVHI,"KVH Industries, Inc.",11,USD,0.9100101112234564,11.223458038422644,0,214475270.57633972,USD,,2427095,USD,13142448,USD,2026-08-12,77.64350453172206,5.894688554670849,Telecommunications equipment,Electronic technology
SND,"Smart Sand, Inc.",4.9,USD,-1.8711018711018683,1.8711018711018867,0,213337122.95218298,USD,150.76923076923077,1571626,USD,9251195.100000001,USD,2026-05-12,-60.75949367088608,-7.259107566285837,Construction materials,Non-energy minerals
MINE,Mayfair Gold Corp.,3.17,USD,,0.3164556962025249,0,212645149.8591224,USD,,45112.27,USD,614951.47,USD,2026-05-20,-71.48323599658313,,Precious metals,Non-energy minerals
LFMD,"LifeMD, Inc.",4.39,USD,-1.255230125523023,-8.158995815899592,-0.9111617312072902,212311431.02301252,USD,,5335105.54,USD,38961250,USD,2026-08-06,-492.7709780865847,7.02918404614922,Medical/Nursing services,Health services
FF,FutureFuel Corp.,4.84,USD,2.0408163265306047,-1.2244897959183774,-2.892561983471068,212299374.57142854,USD,,1654946.04,USD,10693776.719999999,USD,,-28.776669883134986,-12.547930715324608,Chemicals: specialty,Process industries
LNZA,"LanzaTech Global, Inc.",21,USD,,-14.495114006514653,0,211872415.0651466,USD,,613473,USD,2540874,USD,2026-05-18,-102.93603635092626,201.7458777885548,Engineering & construction,Industrial services
MDWD,MediWound Ltd.,16.46,USD,1.6898008449004291,-0.6638503319251625,0,211439625.983102,USD,,1218665.48,USD,8934306.940000001,USD,2026-05-27,-170.85218702789382,-65.61060968880565,Pharmaceuticals: major,Health technology
ESP,Espey Mfg. & Electronics Corp.,70.83,USD,,-0.42176296921129924,0,209574841.13622943,USD,20.651952065778346,2246727.6,USD,14102394.66,USD,2026-05-18,29.277466131080875,33.4770539046172,Electronic components,Electronic technology
ANGI,Angi Inc.,5.12,USD,0.34305317324184514,-12.178387650085762,1.9531249999999931,207093845.186964,USD,12.490851427177361,9346293.76,USD,94174187.52,USD,2026-08-11,-224.28017718715392,-1.0873538011695907,Internet software/Services,Technology services
MNTK,"Montauk Renewables, Inc.",1.45,USD,1.5037593984962419,9.022556390977435,0,206394660.41353387,USD,94.15584415584415,433513.75,USD,3215453.3,USD,2026-08-12,-99.79951884522855,6.9917500115223294,Industrial specialties,Process industries
INSE,"Inspired Entertainment, Inc.",7.72,USD,,-3.015075376884425,0,205933748.55276382,USD,,679599.32,USD,5591734.96,USD,2026-08-06,93.05555555555556,-25.906735751295333,Packaged software,Technology services
SRI,"Stoneridge, Inc.",7.29,USD,,-4.581151832460729,0,205834930.5157068,USD,,1602968.94,USD,11020963.68,USD,2026-08-05,76.90517364677736,-21.596946683954492,Auto parts: OEM,Producer manufacturing
TENX,"Tenax Therapeutics, Inc.",11.95,USD,1.2006861063464884,2.487135506003423,0,205511469.63121778,USD,,16521556.149999999,USD,67555751.95,USD,2026-05-19,1.6704631738800304,,Pharmaceuticals: major,Health technology
AVNW,"Aviat Networks, Inc.",15.86,USD,-0.6325110689437042,0.3162555344718465,0,205219883.14990512,USD,22.780810112036768,3700280.7399999998,USD,45107283.26,USD,2026-08-26,-136.11402588317594,-10.288682359695708,Telecommunications equipment,Electronic technology
TKNO,"Alpha Teknova, Inc.",3.81,USD,,-0.522193211488251,0,204269446.44125327,USD,,246171.72,USD,3138681.81,USD,2026-08-12,4.266498528793611,10.947516025641026,Pharmaceuticals: major,Health technology
UTMD,"Utah Medical Products, Inc.",64,USD,,-2.065799540933427,0,203841593.3894415,USD,18.938833486224958,566784,USD,4260224,USD,,1.4809041309431021,-3.571033720287452,Medical specialties,Health technology
KINS,"Kingstone Companies, Inc",14.08,USD,0,-9.219858156028367,0,203833695.3191489,USD,6.545792654579266,5733601.28,USD,18287948.8,USD,2026-08-06,-139.35219108352152,12.934249016398605,Insurance brokers/Services,Finance
DTIL,"Precision BioSciences, Inc.",7.86,USD,,2.2106631989596868,-1.90839694656489,202805655.86996096,USD,,1472861.82,USD,12104557.200000001,USD,2026-08-06,-195.8073566084788,-68.31364752660507,Biotechnology,Health technology
KLTR,"Kaltura, Inc.",1.36,USD,0,-1.449275362318826,4.41176470588234,202280367.71014494,USD,,1017138.56,USD,3785799.3600000003,USD,2026-08-06,78.12024353120243,3.820726758765331,Packaged software,Technology services
DPRO,Draganfly Inc.,5.54,USD,-1.6423357664233713,1.0948905109488978,-2.47292418772564,202187491.72944298,USD,,11283899.7,USD,53879602.4,USD,2026-05-12,-88.80857376358688,-10.047715450965287,Motor vehicles,Consumer durables
SMHI,SEACOR Marine Holdings Inc.,7.44,USD,,0,0,201343341,USD,,256851.12000000002,USD,3673775.2800000003,USD,2026-08-05,-8.090548488578854,-15.377706434290738,Other transportation,Transportation
CRBU,"Caribou Biosciences, Inc.",2.03,USD,-1.546391752577321,4.639175257731951,0,201336583.46907216,USD,,3835490.1199999996,USD,17911146.75,USD,2026-08-11,5.296738145575355,-39.17787363613296,Biotechnology,Health technology
OZ,"Belpointe PREP, LLC",50.355,USD,,-0.18830525272548257,,201227897.42170465,USD,,52520.265,USD,1006243.965,USD,,3.8084246970571263,28.631402183039462,Real estate development,Finance
UNCY,"Unicycive Therapeutics, Inc.",7.95,USD,1.007556675062962,0.12594458438286885,0,200640364.81738034,USD,,3910636.8000000003,USD,36506519.25,USD,2026-05-19,-144.01929795375145,,Biotechnology,Health technology
TNXP,Tonix Pharmaceuticals Holding Corp.,14.11,USD,-0.993612491128464,0.14194464158977696,-5.740609496810763,200438216.03122783,USD,,3826293.36,USD,43689935.91,USD,2026-08-10,-46.54795376385437,63.82978723337841,Pharmaceuticals: major,Health technology
GWRS,"Global Water Resources, Inc.",6.96,USD,,-1.5558698727015603,0,200194909.00141442,USD,62.30975828111012,823862.16,USD,3704362.56,USD,2026-05-13,-156.08619685497962,-12.745666602229525,Water utilities,Utilities
WTF,Waton Financial Limited,4.2,USD,,7.6923076923077,,199841139.07692307,USD,,1124142.6,USD,2414244,USD,,,,Investment banks/Brokers,Finance
QSI,Quantum-Si Incorporated,0.9222,USD,-1.8310169865431225,1.7207147584381268,0.46627629581435376,199535269.64195898,USD,,5327276.4288,USD,39880784.3052,USD,2026-08-10,-23.053773209925616,-42.793791574279375,Packaged software,Technology services
EMBC,Embecta Corp.,3.36,USD,2.1978021978021998,-7.692307692307699,0.8928571428571502,199340993.53846154,USD,1.7674907943187794,19175321.759999998,USD,149468504.64,USD,2026-08-07,-109.297052154195,-15.084226646248085,Medical specialties,Health technology
PLBY,"Playboy, Inc.",1.73,USD,3.8888888888888924,-3.8888888888888924,-2.3121387283237014,198707320.40555555,USD,,2614609.55,USD,11403781.129999999,USD,2026-08-11,680,20.40767055252811,Specialty stores,Retail trade
KPTI,Karyopharm Therapeutics Inc.,8.81,USD,0.11574074074073826,1.9675925925925917,0,198606620.85300925,USD,,4109679.99,USD,16459308.930000002,USD,2026-05-14,-208.50363751622544,-22.625102170556715,Pharmaceuticals: major,Health technology
EGAN,eGain Corporation,7.24,USD,0.26809651474531454,-2.949061662198388,1.935082872928169,198275439.69973192,USD,5.5718023703247646,2046190.52,USD,11640059.32,USD,2026-05-14,-17.163120567375888,-2.250297770971584,Internet software/Services,Technology services
DMRC,Digimarc Corporation,8.95,USD,-0.4262820512820447,-4.3803418803418825,0.5586592178771029,197734906.8696581,USD,,1511735.5499999998,USD,11710690.149999999,USD,2026-05-12,48.39303238469086,16.795594598138194,Information technology services,Technology services
CRBP,"Corbus Pharmaceuticals Holdings, Inc.",11.04,USD,-1.186131386861321,0.7299270072992544,0,195810579.24087587,USD,,2892237.1199999996,USD,27182897.759999998,USD,2026-05-12,11.939850912518207,,Pharmaceuticals: major,Health technology
SLNH,"Soluna Holdings, Inc.",1.73,USD,2.1857923497267775,-5.464480874316944,1.1560693641618507,195804322.09289616,USD,,48775190.96,USD,361982603.27,USD,2026-05-19,39.40140257138086,9.411764705882353,Electronic equipment/Instruments,Electronic technology
DGXX,Digi Power X Inc.,7.43,USD,11.764705882352946,12.066365007541476,0.6729475100942222,194142645.6984,USD,,282951384.97999996,USD,1690735663.53,USD,2026-05-19,,-2.3792112529944562,Data processing services,Technology services
ANIK,Anika Therapeutics Inc.,14.54,USD,,-1.5572105619499015,0,193463779.37846985,USD,,1075509.26,USD,12686353.559999999,USD,2026-08-05,-1831.5068493150686,-3.276171811203658,Medical specialties,Health technology
ONEW,OneWater Marine Inc.,11.58,USD,,-3.9800995024875654,0.34542314335059715,192431124.33830845,USD,,1303224.78,USD,15703093.74,USD,2026-07-30,-67.30644533782908,16.22131537388224,Specialty stores,Retail trade
SABS,"SAB Biotherapeutics, Inc.",3.72,USD,3.9635036496350264,-9.489051094890513,3.215053763440852,189537854.86131385,USD,,9768448.440000001,USD,53221775.88,USD,2026-05-12,-153.30817876356048,,Biotechnology,Health technology
TONX,TON Strategy Company,3.33,USD,-1.0989010989010999,-8.516483516483518,1.8018018018018036,188246959.29395604,USD,,2027570.4000000001,USD,17898060.69,USD,2026-05-12,-370.1989660405995,59.10224438902743,Packaged software,Technology services
WHWK,"Whitehawk Therapeutics, Inc.",3.8,USD,0,-4.282115869017641,0,187919368.86649874,USD,,776435,USD,4118386.8,USD,2026-08-12,4.546041030493312,,Biotechnology,Health technology
MGNX,"MacroGenics, Inc.",2.95,USD,,-1.6666666666666607,26.7864406779661,187502195.68333334,USD,,2320903.6500000004,USD,14854586.350000001,USD,2026-05-13,-184.14576150279396,-43.399827015747064,Pharmaceuticals: major,Health technology
ORMP,Oramed Pharmaceuticals Inc.,4.62,USD,6.601466992665047,12.958435207823968,-0.47402597402598434,186861351.37408313,USD,3.110482730761462,2804908.2600000002,USD,6702732.96,USD,2026-06-03,-80.9877053414234,,Pharmaceuticals: major,Health technology
ABOS,"Acumen Pharmaceuticals, Inc.",2.57,USD,-3.2695312499999956,0.3906249999999917,0.007782101167314319,185624869.7578125,USD,,1106572.6099999999,USD,4996784.18,USD,2026-05-12,4.963895504895845,,Pharmaceuticals: major,Health technology
KRMD,"KORU Medical Systems, Inc.",4.02,USD,-0.9523809523809532,-4.2857142857143,0,184650646.59999996,USD,,422244.72,USD,4100395.9799999995,USD,2026-08-12,-65.77345251984158,7.978612484176704,Medical specialties,Health technology
RFIL,"RF Industries, Ltd.",16.95,USD,4.1106020942408374,10.929319371727749,5.380530973451322,183301809.27683246,USD,691.8367346938775,8901190.799999999,USD,23440358.4,USD,2026-06-11,-128.90173410404623,-16.38455435070087,Electronic components,Electronic technology
STXS,"Stereotaxis, Inc.",1.88,USD,0.5263157894736847,-1.0526315789473695,0,183257771.24210528,USD,,629211.5599999999,USD,3809804.96,USD,2026-05-12,14.420547733250814,15.782422293676312,Medical specialties,Health technology
CVRX,"CVRx, Inc.",6.92,USD,,1.3177159590043903,-0.28901734104045623,182901922.22547582,USD,,2500604.28,USD,11506008.56,USD,2026-08-04,7.2727272727272725,9.081007488087135,Medical specialties,Health technology
TLSA,Tiziana Life Sciences Ltd,1.53,USD,4.373417721518983,-3.1645569620253196,0,181843491.24683547,USD,,174413.88,USD,1514594.43,USD,2026-10-07,,,Pharmaceuticals: major,Health technology
CTW,CTW Cayman,2.91,USD,,3.9285714285714404,0,181584001.03928572,USD,,227241.90000000002,USD,912552.7200000001,USD,2026-05-13,,,Packaged software,Technology services
INGN,"Inogen, Inc",6.62,USD,-0.5698005698005577,-5.698005698005691,0,180888953.84615386,USD,,5399007.2,USD,19699498.1,USD,2026-08-12,-16.795285533885227,4.14581319367115,Medical specialties,Health technology
LUCD,Lucid Diagnostics Inc.,1.02,USD,1.9417475728155356,-0.9708737864077678,2.9411764705882377,180798480.87378642,USD,,644136.12,USD,4650682.86,USD,2026-05-14,-56.4489756660575,24.194880264244425,Medical specialties,Health technology
CNTN,"Canton Strategic Holdings, Inc.",3.19,USD,0.3211920529801338,5.629139072847679,1.2539184952978069,180733497.70860925,USD,,2479969.8,USD,10781064.36,USD,2026-06-03,-1299.610959550641,,Biotechnology,Health technology
IFRX,InflaRx N.V.,2.5,USD,0,-3.1007751937984525,0.8000000000000007,180732149.2248062,USD,,9976430,USD,106120067.5,USD,2026-08-06,54.33624095520499,-100,Biotechnology,Health technology
PDEX,"Pro-Dex, Inc.",56.51,USD,,-4.656655981103434,0,180422814.97047406,USD,15.587675502717016,2110422.46,USD,12365744.24,USD,2026-08-20,80.06401463191587,6.890639232706425,Medical specialties,Health technology
HRTX,"Heron Therapeutics, Inc.",0.9553,USD,-9.090909090909081,-21.0495867768595,0.5024599602219109,180206704.0633058,USD,,8147356.2952000005,USD,21830208.9487,USD,2026-08-11,83.11517576450414,6.215162379295005,Biotechnology,Health technology
USGO,U.S. GoldMining Inc.,13.5,USD,,-0.14792899408283708,-0.5925925925925931,179850965.12573966,USD,,717565.5,USD,6966378,USD,2026-05-11,29.659318494874803,,Precious metals,Non-energy minerals
TRAK,"ReposiTrak, Inc.",9.81,USD,-0.7820136852394923,-4.10557184750733,-0.6116207951070387,178575454.6891496,USD,26.463447531696794,1064031.84,USD,10646861.67,USD,2026-05-14,-7.336459050666409,-1.9200641986299178,Packaged software,Technology services
LEE,"Lee Enterprises, Incorporated",7.91,USD,,-0.877192982456144,0,175838814.29824558,USD,,540585.22,USD,2806262.34,USD,2026-07-30,61.71805382284797,-6.226261321523592,Publishing: newspapers,Consumer services
ATLX,Atlas Lithium Corporation,5.96,USD,0.0773993808049519,-7.739938080495357,0.33557046979866545,175765685.5789474,USD,,5221412.96,USD,47460898.48,USD,2026-09-02,-106.00438283665261,109.47312100479742,Other metals/Minerals,Non-energy minerals
OWLT,"Owlet, Inc.",6.12,USD,2.451219512195119,6.6202090592334475,0,175629266.1533101,USD,,1875688.2,USD,10001022.48,USD,2026-08-06,63.33333333333333,-15.413533834586465,Electronics/Appliances,Consumer durables
PERF,Perfect Corp.,1.7,USD,0.8875739644970487,0.5917159763313614,1.176470588235295,173142744.7337278,USD,30.685920577617328,287449.6,USD,1282843.8,USD,2026-07-29,3634.920634918749,-1.0918716224169467,Packaged software,Technology services
PYXS,"Pyxis Oncology, Inc.",2.75,USD,-2.9197080291970825,0.3649635036496272,-3.625454545454542,172785925.45620435,USD,,2078428,USD,18423240,USD,2026-05-11,17.711221197109488,,Pharmaceuticals: major,Health technology
HYPR,"Hyperfine, Inc.",1.75,USD,3.4911242603550394,3.550295857988169,0,172410342.7514793,USD,,869184.75,USD,10006412.5,USD,2026-05-12,46.347218440874855,54.00058190282223,Medical specialties,Health technology
INVZ,Innoviz Technologies Ltd.,0.8014,USD,7.614490772385504,9.555707450444286,-0.062390816071881204,171919187.40396446,USD,,3114458.3808,USD,12059153.0512,USD,2026-05-14,-37.849406576301966,-17.044115721953133,Electrical products,Producer manufacturing
WSHP,WeShop Holdings Limited,7.31,USD,-4.421326397919385,-4.941482444733429,0.2735978112175166,171373321.52275681,USD,,633930.51,USD,6254669.92,USD,,,,Internet software/Services,Technology services
DKI,DarkIris Inc.,5.61,USD,-0.6991966676584406,4.3216304671228825,3.3868092691622014,171065294,USD,,388060.53,USD,1665024.8587500001,USD,,,,Packaged software,Technology services
ANTX,"AN2 Therapeutics, Inc.",4.72,USD,0.22421524663676654,5.829596412556049,1.3220338983050897,169898989.6502242,USD,,1008607.36,USD,7257792.96,USD,2026-08-06,6.874799529562707,,Pharmaceuticals: major,Health technology
SHIM,Shimmick Corporation,4.68,USD,0.34722222222223026,-18.750000000000004,0,169888359.0625,USD,,4085223.48,USD,8949858.84,USD,2026-05-14,34.1901728844404,-29.24746335963923,Engineering & construction,Industrial services
VATE,INNOVATE Corp.,12.45,USD,,6.138107416879786,0,169881828.27365726,USD,,778710.1499999999,USD,5154698.399999999,USD,2026-05-12,16.853932584269664,10.256410256410255,Engineering & construction,Industrial services
PRQR,ProQR Therapeutics N.V.,1.61,USD,0.6329113924050638,1.8987341772151913,-0.5341614906832399,169631312.9177215,USD,,927527.4400000001,USD,6084206.100000001,USD,2026-05-11,19.27887234169807,62.011372387218444,Pharmaceuticals: major,Health technology
LFCR,"Lifecore Biomedical, Inc.",4.5,USD,,-6.05427974947808,1.999999999999997,168792330.0626305,USD,,1098837,USD,6033609,USD,2026-07-31,-87.95483061480553,-47.77762766819779,Pharmaceuticals: major,Health technology
BDTX,"Black Diamond Therapeutics, Inc.",2.94,USD,1.3377926421404545,-1.6722408026755942,-0.3401360544217614,168467213.33779263,USD,,3637520.88,USD,24274665.66,USD,2026-08-06,40.22228102672665,,Biotechnology,Health technology
SMID,Smith-Midland Corporation,31.6,USD,,-9.195402298850563,0,167687112.57471266,USD,13.40459828624756,487809.2,USD,1866675.2000000002,USD,,-25.929787973583597,7.738566966574985,Construction materials,Non-energy minerals
DOMO,"Domo, Inc.",3.67,USD,-1.5625000000000013,-4.427083333333331,0.27247956403270385,165687280.35416666,USD,,1918444.79,USD,16075638.61,USD,2026-05-21,23.27685791297651,0.2795864136115764,Packaged software,Technology services
KRRO,"Korro Bio, Inc.",11.46,USD,,-4.896265560165974,0,165282667.8921162,USD,,1484723.2200000002,USD,9287218.38,USD,2026-08-18,60.782942328444115,-100,Pharmaceuticals: major,Health technology
SMTI,Sanara MedTech Inc.,18.02,USD,0.543478260869573,-2.0652173913043423,10.543840177580478,165148913.50108695,USD,,655387.4,USD,4458148,USD,2026-08-17,94.70617243614538,4.602431572875928,Medical specialties,Health technology
TAYD,"Taylor Devices, Inc.",51.13,USD,,-1.5973826020015365,0,164593201.95246345,USD,16.162478267741427,1497290.9200000002,USD,11100220.74,USD,2026-08-14,24.37071348345931,-3.708122879083088,Industrial machinery,Producer manufacturing
NRDY,Nerdy Inc.,0.8736,USD,1.7161410018552785,1.2987012987012971,0,164192959.94805196,USD,,496677.41760000004,USD,2601296.0064000003,USD,2026-08-06,55.8982683982684,-0.765612591883692,Packaged software,Technology services
APYX,Apyx Medical Corporation,3.92,USD,5.163487738419625,6.811989100817439,1.785714285714293,164145890.9427793,USD,,1640955.1199999999,USD,11852907.92,USD,2026-08-06,-62.278675904541956,-34.82571488207055,Medical specialties,Health technology
DOUG,Douglas Elliman Inc.,1.86,USD,0,-11.004784688995205,0,164084441.4258373,USD,,1423314.78,USD,7048726.680000001,USD,2026-07-30,-123.73702018434255,-12.67681953000228,Real estate development,Finance
IMUX,"Immunic, Inc.",12,USD,-1.8916595012897732,3.1814273430782394,-0.8333333333333304,163457807.05073085,USD,,2860164,USD,24950244,USD,2026-05-11,24.547480354978692,,Pharmaceuticals: major,Health technology
TCX,Tucows Inc.,14.66,USD,,-3.9947609692206907,0,163446877.4184676,USD,,330128.54,USD,2411819.22,USD,2026-08-06,17.807535179300952,-2.040133779264214,Data processing services,Technology services
AMTX,"Aemetis, Inc",2.32,USD,-1.1583011583011509,-10.424710424710426,1.2931034482758728,163250223.56756756,USD,,4145306.4,USD,39314998.4,USD,2026-07-30,-307.3733583489681,1.783384890611606,Chemicals: specialty,Process industries
BDSX,"Biodesix, Inc.",16.11,USD,-0.8485639686684124,5.156657963446469,5.294847920546254,162849214.75652742,USD,,1755941.67,USD,15520180.68,USD,2026-08-12,-95.80402010050251,-11.12849939141019,Medical/Nursing services,Health services
ZJK,"ZJK Industrial Co., Ltd.",2.92,USD,4.729729729729734,-1.3513513513513526,-3.424657534246579,161540972.95945945,USD,18.193146417445483,88332.92,USD,1610587.32,USD,,,,Metal fabrication,Producer manufacturing
KORE,"KORE Group Holdings, Inc.",9.16,USD,,0.10928961748633645,0,161096318.3431694,USD,,75991.36,USD,1682334.76,USD,2026-05-20,-45.455260879830014,7.524893728527339,Information technology services,Technology services
BRR,"ProCap Financial, Inc.",1.93,USD,1.0309278350515474,-0.5154639175257737,-1.5544041450777215,161005961.2216495,USD,,3321690.19,USD,11036415.5,USD,,,,Internet software/Services,Technology services
SKYX,SKYX Platforms Corp.,1.205,USD,-2.2058823529411784,-11.397058823529413,6.224066390041489,160603760.94117647,USD,,3865097.75,USD,26930102.765,USD,2026-08-06,-4.000761036806293,4.400227578493589,Electrical products,Producer manufacturing
IMDX,Insight Molecular Diagnostics Inc.,4.91,USD,-2.602794411177642,-1.9960079840319291,0,157944789.83632734,USD,,1112232.84,USD,20784521,USD,2026-05-13,-111.48885203611572,338.0769230769231,Biotechnology,Health technology
MENS,Jyong Biotech Ltd.,2.07,USD,,0.9756097560975618,0,157377261.2487805,USD,,136108.71,USD,999106.2,USD,,,,Pharmaceuticals: major,Health technology
MX,Magnachip Semiconductor Corporation,4.3,USD,1.3245033112582694,-5.077262693156742,0.4651162790697782,156695692.4944812,USD,,7640777.5,USD,64818307.5,USD,2026-07-30,42.480505012996666,13.229126024190402,Semiconductors,Electronic technology
CHPT,"ChargePoint Holdings, Inc.",6.41,USD,2.0833333333333313,2.724358974358973,1.248049921996881,156508073.1298077,USD,,3251113.54,USD,19303150.92,USD,2026-05-28,15.36042988624021,3.4502337377216725,Specialty stores,Retail trade
PLX,"Protalix BioTherapeutics, Inc. (DE)",1.94,USD,0.5154639175257737,0,0,156308986,USD,,1171827.9,USD,13677618.86,USD,2026-05-13,-333.7154989384289,-48.899221332138254,Pharmaceuticals: major,Health technology
THRY,"Thryv Holdings, Inc.",3.5,USD,0,-8.136482939632547,1.6257142857142908,155224244.88188976,USD,10.927255697783329,4387537,USD,29324834,USD,2026-07-29,,-12.490932527567725,Packaged software,Technology services
KULR,"KULR Technology Group, Inc.",3.33,USD,1.7301038062283676,15.224913494809686,0.30030030030029387,153975997.89965397,USD,,12772488.06,USD,37330152.480000004,USD,2026-05-18,-534.6701673306887,-58.40192364673689,Industrial machinery,Producer manufacturing
HURA,"TuHURA Biosciences, Inc.",2.4,USD,-2.521008403361347,0.8403361344537823,1.6666666666666683,152838068.57142857,USD,,1101573.5999999999,USD,11095080,USD,2026-05-12,4.80311385288608,,Biotechnology,Health technology
FRD,Friedman Industries Inc.,21.43,USD,,-1.016166281755191,0,152414060.95288685,USD,9.64186088364978,321042.83,USD,2986527.66,USD,,35.203619909502265,10.231456264806441,Steel,Non-energy minerals
SPRB,"Spruce Biosciences, Inc.",56.4,USD,-2.3893805309734537,-0.1769911504424804,0,152395228.6938053,USD,,2577423.6,USD,13844226,USD,2026-05-13,-78.34875791524598,,Biotechnology,Health technology
MSLE,Satellos Bioscience Inc.,7.3,USD,,-5.071521456436938,0,152067690.98440546,USD,,818724.2,USD,1983388.0999999999,USD,2026-06-02,-28.83397695521533,,Pharmaceuticals: major,Health technology
RENT,"Rent the Runway, Inc.",4.54,USD,-2.9535864978903072,-4.2194092827004255,0,151724134.42616034,USD,2.476408661975672,224657.36000000002,USD,1531269.36,USD,2026-06-04,-101.83006535947712,4.680365296803653,Internet retail,Retail trade
SRG,Seritage Growth Properties,2.66,USD,,-1.4814814814814827,0,149823449.7925926,USD,,332374.98000000004,USD,2961471.1,USD,2026-05-11,59.0645628723233,-11.98276408339142,Real estate development,Finance
DIBS,"1stdibs.com, Inc.",4.11,USD,,-3.9719626168224282,0,149530152.51869163,USD,,1067913.6300000001,USD,5934539.970000001,USD,2026-08-12,-108.83765609990394,-2.525252525252525,Internet retail,Retail trade
CRDL,Cardiol Therapeutics Inc.,1.335,USD,,1.136363636363629,1.123595505617987,149349230.50833333,USD,,495439.86,USD,3966537.315,USD,2026-05-19,26.587460957923742,,Biotechnology,Health technology
IDN,"Intellicheck, Inc.",7.35,USD,1.084010840108402,-0.40650406504065373,1.068027210884354,148757103.15040648,USD,118.54838709677419,2801739.15,USD,19219162.2,USD,2026-05-12,435.17241379310343,10.325906218822748,Packaged software,Technology services
SPRO,"Spero Therapeutics, Inc.",2.55,USD,0,-0.390625000000009,0,147623298.10546875,USD,21.428571428571427,1073993.7,USD,8739798.6,USD,2026-05-13,,1201.1154855643044,Biotechnology,Health technology
EMPD,Empery Digital Inc.,5.32,USD,-0.9920634920634885,5.55555555555556,0,147190578.55555555,USD,,1596122.36,USD,10528056.56,USD,2026-08-18,-147.1503518374793,13.817882915366035,Motor vehicles,Consumer durables
MBOT,Microbot Medical Inc.,2.19,USD,-0.4694835680751074,2.8169014084507067,-0.4566210045662003,147076138.23943663,USD,,4357760.55,USD,18236528.58,USD,2026-05-12,3.159071847917249,,Biotechnology,Health technology
VWAV,"VisionWave Holdings, Inc.",6.13,USD,-0.3322259136212554,1.8272425249169488,1.1419249592169702,146182952.1112957,USD,,4497482.92,USD,24090256.349999998,USD,,-1522.569099224498,,Packaged software,Technology services
GRO,Brazil Potash Corp.,2.69,USD,0.7575757575757582,1.8939393939393872,4.037174721189593,145918826.85227272,USD,,1637456.8,USD,24920213.8,USD,2026-05-11,40.733270264356555,,Other metals/Minerals,Non-energy minerals
GALT,Galectin Therapeutics Inc.,2.21,USD,0.7142857142857202,5.238095238095232,-0.9049773755656116,145478648.7142857,USD,,1445554.3699999999,USD,5585173.88,USD,2026-05-18,32.79569892473118,,Biotechnology,Health technology
NYXH,Nyxoah SA,3.33,USD,0.3067484662576758,2.14723926380369,0,145395802.97802198,USD,,99507.06,USD,702100.53,USD,2026-05-12,0.19321330058359365,186.46787400204994,Medical specialties,Health technology
SPWR,SunPower Inc.,1.14,USD,5.5045871559632875,4.587155963302736,0.8771929824561412,144384154.3486238,USD,,2364292.7399999998,USD,17441528.04,USD,2026-05-12,16.262423095125413,13.893293336190272,Engineering & construction,Industrial services
ASRT,"Assertio Holdings, Inc.",22.36,USD,0,-0.6222222222222248,0,144113807.41333333,USD,,5987918.56,USD,111230244.84,USD,2026-07-30,-58.08182427900738,-26.650420912715994,Pharmaceuticals: major,Health technology
MRDN,Meridian Holdings Inc.,11.37,USD,,-15.401785714285717,1.1433597185576148,144051965.43526787,USD,,1332859.6199999999,USD,10444243.229999999,USD,2026-09-02,,1.0593795183628887,Packaged software,Technology services
CAAS,"China Automotive Systems, Inc.",4.75,USD,,5.555555555555555,0,143310834.5,USD,3.3453060074653145,520467,USD,1716673.75,USD,2026-05-11,90.58653149870014,18.6285927235825,Auto parts: OEM,Producer manufacturing
QMCO,Quantum Corporation,9.78,USD,0.20790020790022196,1.6632016632016646,-0.3067484662576622,143159922.62370062,USD,,9116642.16,USD,59218936.68,USD,2026-06-16,40.065868779059755,18.928486008132026,Computer peripherals,Electronic technology
EQ,"Equillium, Inc.",2.25,USD,6.6350710900474,6.6350710900474,-1.7777777777777795,142259741.2322275,USD,,274974.75,USD,2517457.5,USD,2026-05-11,10.756501182033098,,Biotechnology,Health technology
DH,Definitive Healthcare Corp.,0.9884,USD,0.7662433084916525,3.7472446730345284,0,142082071.52387947,USD,,405717.4436,USD,2449872.9499999997,USD,2026-08-12,-1388.148148148148,-9.108785386940554,Packaged software,Technology services
WATT,Energous Corporation,25.69,USD,4.637681159420281,-6.920289855072465,1.3623978201634794,141323238.5224638,USD,,12392573.41,USD,91166565.42,USD,2026-05-13,37.24562233790819,138.99371069182388,Semiconductors,Electronic technology
RDZN,"Roadzen, Inc.",1.75,USD,1.111111111111112,-2.77777777777778,2.0857142857142845,139467420.55555558,USD,,1417636.5,USD,19540668,USD,2026-07-06,-333.9651649064752,4.944767873892658,Packaged software,Technology services
NTHI,"NeOnc Technologies Holdings, Inc.",5.5,USD,5.5045871559633,0.9174311926605472,3.999999999999995,139070410.45871556,USD,,659554.5,USD,7019133,USD,2026-06-03,-80.17929600089137,,Biotechnology,Health technology
OKUR,"OnKure Therapeutics, Inc.",3.44,USD,1.7902813299232694,-12.02046035805627,-1.7441860465116297,138960458.41432226,USD,,1038783.6799999999,USD,3669028.32,USD,2026-08-18,-12.249129823002296,,Pharmaceuticals: major,Health technology
SANG,Sangoma Technologies Corporation,4.18,USD,,-0.47619047619048716,,138846981.625,USD,,14696.88,USD,128815.06,USD,2026-05-13,12.294155150617335,3.966762895297843,Telecommunications equipment,Electronic technology
ALPS,ALPS Group Inc,0.83,USD,,1.0839118255997937,,138112272.92656192,USD,,27467.19,USD,137902.00999999998,USD,,7.328816775105828,,Miscellaneous,Miscellaneous
BNAI,Brand Engagement Network Inc.,23.56,USD,8.670260557053009,5.840071877807714,1.3582342954159605,138013420.54088047,USD,,16612085.319999998,USD,66385035.559999995,USD,2026-05-19,-38.531210024275026,232.66799733865602,Packaged software,Technology services
SNWV,"SANUWAVE Health, Inc.",16,USD,2.6974951830443157,2.7617212588310838,0,137507336.67308927,USD,,1298960,USD,10993072,USD,2026-05-13,-40.832929782082324,14.348091869705703,Medical specialties,Health technology
LUD,Luda Technology Group Limited,6.04,USD,,-2.106969205834682,0,137047604.89465156,USD,,82717.8,USD,763582.84,USD,,,,Steel,Non-energy minerals
DERM,Journey Medical Corporation,5,USD,0.1972386587771161,-1.3806706114398477,0,136653485.20710057,USD,,1668665,USD,6759060,USD,2026-05-13,46.13390928725702,-8.802677102830241,Pharmaceuticals: major,Health technology
CODA,"Coda Octopus Group, Inc.",12.1,USD,3.137902559867884,-0.08257638315441608,0,136441442.47729146,USD,32.94309828478083,1400054.7,USD,8359769,USD,2026-06-17,-9.216178570592493,-7.716034738350444,Aerospace & defense,Electronic technology
NNBR,"NN, Inc.",2.58,USD,-2.142857142857129,-7.857142857142849,-0.3875968992248151,136155653.0357143,USD,,2913746.22,USD,26586719.400000002,USD,2026-07-30,45.54155367682246,13.118464403380607,Metal fabrication,Producer manufacturing
EDSA,"Edesa Biotech, Inc.",15.28,USD,2.760736196319014,-6.25766871165645,0.9816753926701595,135773769.72760734,USD,,4165022.4,USD,46054515.92,USD,2026-05-11,-0.8666022249147651,,Pharmaceuticals: major,Health technology
AMWL,American Well Corporation,8.15,USD,-0.8782936010037566,2.258469259723973,-1.5950920245398867,134897227.2647428,USD,,581086.85,USD,5244590.2,USD,2026-08-05,56.319717518658216,-0.7684240977797064,Packaged software,Technology services
RCEL,"Avita Medical, Inc.",4.37,USD,0,6.326034063260335,0,134494137.53284672,USD,,1895290.85,USD,6787204.32,USD,2026-05-14,11.875331766351303,3.2411206186640604,Medical specialties,Health technology
EML,Eastern Company (The),21.97,USD,,-0.9467989179440975,0,132619497.0166817,USD,26.22970391595033,158755.22,USD,1847786.8499999999,USD,2026-05-12,102.09349565409649,3.968709450327607,Tools & hardware,Consumer durables
RANI,"Rani Therapeutics Holdings, Inc.",1.07,USD,3.5732780942516804,10.823407560849304,-1.7850467289719734,132447675.34955981,USD,,2492709.45,USD,6363935.21,USD,2026-05-13,-90.42867701404288,,Biotechnology,Health technology
CNTB,Connect Biopharma Holdings Limited,2.34,USD,,-0.8474576271186449,0,132259794.40677966,USD,,269259.12,USD,1998130.68,USD,2026-05-14,12.156976744284835,-100,Pharmaceuticals: major,Health technology
QTRX,Quanterix Corporation,2.8,USD,-0.8849557522124019,-0.8849557522124019,0,131896746.47787608,USD,,8846829.6,USD,37176370,USD,2026-08-10,24.12077691742008,-16.96499828981872,Medical specialties,Health technology
AXR,AMREP Corporation,24.85,USD,,-4.202004626060138,0,131834201.7983809,USD,10.325341754269333,353764.60000000003,USD,1671386.1500000001,USD,2026-07-28,162.25,55.06490742711215,Real estate development,Finance
TGEN,Tecogen Inc.,4.37,USD,-19.438444924406046,-5.615550755939521,0,130685847.64362852,USD,,2548461.64,USD,13159857.33,USD,2026-05-11,-87.41808219538075,-25.9653707629316,Electrical products,Producer manufacturing
GNLX,Genelux Corporation,2.9,USD,0.32154340836013606,-6.7524115755627,1.7241379310344922,130037201.9614148,USD,,609185.6,USD,3812122.5,USD,2026-08-18,3.4497674921596193,-100,Pharmaceuticals: major,Health technology
PZG,Paramount Gold Nevada Corp.,1.55,USD,2.7777777777777803,7.638888888888896,1.3483870967741884,129910526.73611113,USD,,1387290.3,USD,6748348.15,USD,2026-05-13,-2.3725943716702993,,Precious metals,Non-energy minerals
HSDT,Solana Company,2.23,USD,1.8018018018017834,0.4504504504504408,-2.6547085201793785,129424814.33333333,USD,,626502.89,USD,2478062.97,USD,2026-05-11,,650.0717360114778,Medical specialties,Health technology
TRT,Trio-Tech International,12.8,USD,1.0543390105433965,3.8118410381184153,-0.3125000000000072,128198925.28791566,USD,,12356134.4,USD,68924083.2,USD,,63.63636363636363,0.870181771303339,Industrial machinery,Producer manufacturing
VTVT,vTv Therapeutics Inc.,30.46,USD,,-0.717079530638849,0,127312260.12516297,USD,,649955.48,USD,5458736.600000001,USD,2026-05-11,17.935157507472983,,Pharmaceuticals: major,Health technology
VRCA,Verrica Pharmaceuticals Inc.,7.4,USD,,-7.384230287859824,0,127123007.93491861,USD,,317363.8,USD,6333926.4,USD,2026-05-12,-2846.715328467153,-64.50083658672617,Pharmaceuticals: major,Health technology
TTEC,"TTEC Holdings, Inc.",2.595,USD,-0.3690036900368925,-4.243542435424346,-1.734104046242789,126268503.95202951,USD,,1574158.1400000001,USD,9904066.620000001,USD,2026-08-06,95.58878092897062,-12.961867982826291,Information technology services,Technology services
TMCI,"Treace Medical Concepts, Inc.",1.94,USD,0,-3.4825870646766095,0,125681811.28358209,USD,,708047.62,USD,4943496.359999999,USD,2026-08-11,-91.19650840962316,-24.50615013036037,Medical specialties,Health technology
NEOV,NeoVolta Inc.,2.94,USD,0.7878787878787852,11.363636363636356,-1.360544217687076,125571226.45454544,USD,,1980419.28,USD,9222253.74,USD,2026-05-14,-345.48387304334676,-30.14531165557787,Electrical products,Producer manufacturing
AREN,"The Arena Group Holdings, Inc.",2.63,USD,-1.1278195488721898,-1.1278195488721898,-2.661596958174899,125195344.2255639,USD,1.0033955209644805,202922.91,USD,1561933.3299999998,USD,2026-08-19,-22.301529497450836,-5.104166666666667,Internet software/Services,Technology services
AGEN,Agenus Inc.,3.26,USD,-5.23560209424083,-14.659685863874348,2.4539877300613524,125178630.38743453,USD,,6533946.279999999,USD,24019415.939999998,USD,2026-08-11,-116.55036455236724,13.127170497767487,Biotechnology,Health technology
JYNT,The Joint Corp.,8.72,USD,,0.34522439585732034,0,124894465.79516686,USD,39.439167797376754,548095.6000000001,USD,3450155.2,USD,2026-08-06,31.080509778558508,-2.286628372681907,Medical/Nursing services,Health services
AARD,"Aardvark Therapeutics, Inc.",5.72,USD,-2.2058823529411784,5.1470588235294,0,124789724.93382351,USD,,873100.7999999999,USD,4477221.319999999,USD,2026-08-19,-22.673031026252982,,Pharmaceuticals: major,Health technology
AMCI,AMC Robotics Corporation,5.5,USD,-4.347826086956533,-8.026755852842816,0,124274500.41806018,USD,,472835,USD,1863917,USD,,-11446.071550838753,,Packaged software,Technology services
ATLN,Atlantic International Corp.,1.56,USD,1.3333333333333344,4.0000000000000036,-1.2820512820512833,123798911.60000001,USD,,473782.92000000004,USD,13980726.24,USD,2026-05-11,-150.89979579207466,9.00642505194652,Pharmaceuticals: major,Health technology
RYDE,Ryde Group Ltd.,1.01,USD,0,-1.9417475728155356,0,122858235.65048543,USD,,200407.23,USD,2224445.21,USD,2026-09-02,,,Internet software/Services,Technology services
ACNT,Ascent Industries Co.,13.53,USD,,-2.2398843930635874,0,122287046.40823697,USD,129.4736842105263,1204345.89,USD,9435551.4,USD,2026-08-11,-96.62363455809337,3.496988112372728,Chemicals: specialty,Process industries
SIF,"SIFCO Industries, Inc.",19.44,USD,-1.762336354481359,-2.1148036253776343,0.30864197530863535,120822091.17824776,USD,16.13278008298755,4036171.68,USD,17937618.48,USD,,48.10055865921788,10.307429191173403,Aerospace & defense,Electronic technology
AKA,a.k.a. Brands Holding Corp.,11.06,USD,,-2.8119507908611623,0,119654990.13532513,USD,,32361.56,USD,207297.58000000002,USD,2026-05-13,-192.31854838709677,11.472222033356678,Internet retail,Retail trade
RPID,"Rapid Micro Biosystems, Inc.",2.58,USD,,-1.9011406844106398,0,118078973.79467683,USD,,203381.4,USD,1497945.42,USD,2026-05-13,-8.63102998696219,43.93978055626435,Industrial machinery,Producer manufacturing
PEPG,PepGen Inc.,1.7,USD,0,-3.4090909090909123,0,117495988.75,USD,,1034021.6,USD,12551997.6,USD,2026-05-11,-1.7419283257516922,,Biotechnology,Health technology
ARQ,"Arq, Inc.",2.73,USD,2.2727272727272747,3.4090909090909034,1.831501831501825,117188689.38636363,USD,,1076676.51,USD,8579715.69,USD,2026-08-17,98.31690886921064,-1.284360028541334,Chemicals: major diversified,Process industries
INO,"Inovio Pharmaceuticals, Inc.",1.43,USD,11.643835616438352,-2.054794520547947,-2.0979020979020997,117171097.0958904,USD,,11476776.74,USD,64726436.059999995,USD,2026-05-13,,,Pharmaceuticals: major,Health technology
GOAI,Eva Live Inc.,3.72,USD,0.41958041958041065,4.055944055944057,0,117125644.2965035,USD,14.346317007327421,273397.68,USD,1701725.1600000001,USD,,-7.7899881380199485,-12.405873179794185,Packaged software,Technology services
DLTH,Duluth Holdings Inc.,3.06,USD,-1.2269938650306624,-6.134969325153366,0,116673808.8588957,USD,,348582.96,USD,1226824.3800000001,USD,2026-05-28,,87.94386746872578,Internet retail,Retail trade
BYRN,"Byrna Technologies, Inc.",5.14,USD,-0.9380863039399591,-3.564727954971865,1.9455252918288042,116604257.87617259,USD,13.978787054664126,1991210.2999999998,USD,16221855.419999998,USD,2026-07-14,-76.18906064209274,-17.582136980082847,Aerospace & defense,Electronic technology
OPRX,OptimizeRx Corporation,6.21,USD,0,-3.5714285714285783,-0.1610305958132011,116513283.21428569,USD,23.829623944742902,1854697.23,USD,14899118.94,USD,2026-05-11,544.415917843389,23.677446579966993,Packaged software,Technology services
GCTS,"GCT Semiconductor Holding, Inc.",1.6,USD,7.064705882352946,-5.882352941176463,5.624999999999991,115990592,USD,,22683056,USD,72122236.8,USD,2026-05-20,34.890605819914796,76.27906976744187,Semiconductors,Electronic technology
NXTT,Next Technology Holding Inc.,1.52,USD,0,2.7027027027027053,-3.2894736842105288,115921850,USD,0.33664068036853295,181103.44,USD,900317.28,USD,,30.34134276550105,-95.26561005485993,Packaged software,Technology services
INVE,"Identiv, Inc.",4.82,USD,-1.3618677042801441,-6.225680933852129,3.1120331950207354,115693832.64980546,USD,,778376.9800000001,USD,7777151.94,USD,2026-05-13,-7.823819182845552,23.09842283889,Semiconductors,Electronic technology
TTRX,Turn Therapeutics Inc.,3.88,USD,-3.691390274149712,2.377371434602498,-2.5773195876288684,115577590.28998128,USD,,37535.119999999995,USD,508664.12,USD,2026-09-02,,,Pharmaceuticals: major,Health technology
ROC,Rank One Computing Corporation,5.9625,USD,0.8620689655172384,2.801724137931044,,113765263.2,USD,,274853.3625,USD,1160236.9125,USD,,-3627.351075290269,31.946472921657982,Packaged software,Technology services
BMEA,"Biomea Fusion, Inc.",1.57,USD,-1.9480519480519498,1.9480519480519498,3.7388535031847114,113510115.0909091,USD,,2445105.44,USD,16474956.71,USD,2026-08-03,,,Pharmaceuticals: major,Health technology
COOK,"Traeger, Inc.",41.34,USD,,-5.6810403832990986,0,113479591.22655718,USD,,334233.9,USD,2250590.9400000004,USD,2026-08-12,80.85037686903662,15.9191680755367,Electronics/Appliances,Consumer durables
NNOX,NANO-X IMAGING LTD,1.63,USD,-1.7341040462427761,-5.780346820809254,1.840490797546014,113432068.39884394,USD,,3068074.02,USD,14382764.659999998,USD,2026-05-27,-143.88336743690326,7.890919640479785,Medical specialties,Health technology
ALOT,"AstroNova, Inc.",14.57,USD,,0.34435261707989473,0,112084676.99380165,USD,,674401.59,USD,6465845.46,USD,2026-06-04,-400,-4.169113329418673,Computer peripherals,Electronic technology
CMTL,Comtech Telecommunications Corp.,3.76,USD,-0.5089058524173032,-4.325699745547083,0,111800290.6259542,USD,,1390887.92,USD,5116239.52,USD,2026-06-04,14.131872284148875,-3.846638806830463,Telecommunications equipment,Electronic technology
VTIX,Virtuix Holdings Inc.,4.08,USD,0,0.7407407407407469,-1.4705882352941297,111585743.76,USD,,459138.72000000003,USD,10383228.72,USD,2026-06-03,-47.2839813116471,-2.1318789779165974,Computer peripherals,Electronic technology
CRDF,"Cardiff Oncology, Inc.",1.63,USD,0.3719512195121948,-0.6097560975609762,1.840490797546014,111434908.25609756,USD,,944135.12,USD,7669321.149999999,USD,2026-05-11,35.90335761236454,102.49999999999999,Medical specialties,Health technology
BMHL,Bluemount Holdings Limited,3.95,USD,,6.756756756756756,,110718494.66216215,USD,36.67595171773445,39199.8,USD,86757.8,USD,,,,Investment banks/Brokers,Finance
ARBE,Arbe Robotics Ltd.,0.896,USD,2.3720349563046073,11.860174781523092,1.5625000000000013,109894168.44943818,USD,,2614940.16,USD,6909791.616,USD,2026-05-27,7.920253738106026,80.31496062992126,Electrical products,Producer manufacturing
CRGO,Freightos Limited,2.11,USD,,2.926829268292686,0,109052170.59024389,USD,,272700.62,USD,2425624.3499999996,USD,2026-05-26,23.88149939525489,-3.480187695325702,Internet software/Services,Technology services
HURC,"Hurco Companies, Inc.",16.8,USD,,1.6949152542372952,0,108300431.18644069,USD,,199382.4,USD,1310635.2,USD,2026-05-29,-14.041433738901677,-5.716233751951965,Industrial machinery,Producer manufacturing
SCOR,"comScore, Inc.",7.19,USD,,-2.309782608695651,0,108019066.59782608,USD,2.0257515566449724,122654.21,USD,479673.66000000003,USD,2026-05-12,568.4326710816778,5.1278878815827955,Packaged software,Technology services
LPA,Logistic Properties of the Americas,3.41,USD,,0.2941176470588303,0,107816752.15882355,USD,10.305228165608945,127728.37000000001,USD,565609.88,USD,,62.764152033601206,6.43494874002252,Real estate development,Finance
DWSN,Dawson Geophysical Company,3.47,USD,0,10.50955414012739,1.7291066282420635,107753356.34713376,USD,,225244.64,USD,1924291.9700000002,USD,2026-05-18,,18.482370526686008,Data processing services,Technology services
NEXM,NexMetals Mining Corp.,3.02,USD,2.4390243902439046,-7.9268292682926775,,107248066.54587154,USD,,97120.18000000001,USD,813110.84,USD,2026-06-01,19.109344250088917,,Other metals/Minerals,Non-energy minerals
ALDX,"Aldeyra Therapeutics, Inc.",1.76,USD,0,1.7341040462427761,-0.09659090909091107,106165080.04624277,USD,,1255305.92,USD,10425958.4,USD,2026-07-31,46.56635054330205,,Biotechnology,Health technology
SMX,SMX (Security Matters) Public Limited Company,14.49,USD,5.090090090090086,-34.729729729729726,1.3802622498274624,105659422,USD,,5787987.03,USD,55500835.446,USD,,,,Packaged software,Technology services
CGTX,"Cognition Therapeutics, Inc.",1.18,USD,0,-2.4793388429752086,1.6949152542372898,105437457.66942148,USD,,1125856.88,USD,6867640.119999999,USD,2026-08-11,-36.703559676936884,,Biotechnology,Health technology
CBUS,"Cibus, Inc.",1.38,USD,,-4.1666666666666705,0,105357116.79166667,USD,,328090.86,USD,3252297.0599999996,USD,2026-05-14,-32.90004672698696,71.869918699187,Information technology services,Technology services
KEQU,Kewaunee Scientific Corporation,36.67,USD,,-0.9186706295595686,0,105110297.47527695,USD,9.855937214427781,47377.64,USD,578505.92,USD,2026-07-01,-71.69734151329243,-0.9943506048847296,Medical specialties,Health technology
ONCY,Oncolytics Biotech Inc.,0.9036,USD,-1.101247331160808,1.5394988200921378,-0.2324037184594943,104933413.9215642,USD,,746500.1039999999,USD,6981649.135199999,USD,2026-05-11,84.74387527834851,,Biotechnology,Health technology
STIM,"Neuronetics, Inc.",1.505,USD,0.3021148036253712,-9.063444108761336,-0.3255813953488309,104729704.47432025,USD,,3154744.88,USD,31829321.755,USD,2026-08-04,-50.740430287789884,-17.528783780549105,Medical specialties,Health technology
CRMT,"America's Car-Mart, Inc.",12.5,USD,,-3.4749034749034693,0,103780625.4826255,USD,,1129212.5,USD,7133300,USD,2026-05-25,-241.32698469206125,-18.10435418284827,Specialty stores,Retail trade
ANPA,Rich Sparkle Holdings Limited,6.87,USD,-2.506963788300832,-4.3175487465181,-2.4745269286753993,103749055.03203343,USD,5284.615384615385,308552.31,USD,4321745.25,USD,,,,Commercial printing/Forms,Commercial services
SEER,"Seer, Inc.",1.83,USD,,-2.1390374331550817,0,103250014.09090908,USD,,243970.11000000002,USD,5976348.12,USD,2026-05-13,12.284742788197873,-1.1647658335355495,Biotechnology,Health technology
PODC,"PodcastOne, Inc.",3.72,USD,-1.9607843137254857,4.2016806722689175,0,102255226.62184875,USD,,668893.2000000001,USD,7609207.920000001,USD,2026-05-28,84.2051282051282,4.618632884666138,Internet software/Services,Technology services
MDXH,MDxHealth SA,1.99,USD,,-0.5000000000000004,1.5075376884422125,102215396.79,USD,,275396.1,USD,2294012.3,USD,2026-05-13,-11.460674156989096,7.698756971226893,Medical specialties,Health technology
ULBI,Ultralife Corporation,6.125,USD,,2.596314907872701,3.1020408163265367,102021080.96733668,USD,,935440.625,USD,2674775.25,USD,2026-07-23,93.92347076259769,-2.1369196179946783,Electrical products,Producer manufacturing
CUE,"Cue Biopharma, Inc.",31.32,USD,-7.085714285714277,-10.514285714285714,-1.2059386973180102,101957878.77942857,USD,,7042395.96,USD,716636333.88,USD,2026-05-12,,921.0330386226152,Biotechnology,Health technology
UPXI,"Upexi, Inc.",1.47,USD,2.173913043478263,6.521739130434789,-2.040816326530614,101936197.69565217,USD,,8428850.64,USD,42514209.57,USD,2026-05-12,-368.05987140731844,-12.85430496187936,Pharmaceuticals: other,Health technology
ANIX,"Anixa Biosciences, Inc.",3.03,USD,-0.6666666666666672,0.9999999999999934,0,101589411.75999999,USD,,381392.16,USD,2530189.38,USD,2026-06-05,4.823747680890538,,Biotechnology,Health technology
VANI,"Vivani Medical, Inc.",1.2,USD,0,0.8403361344537823,1.6666666666666683,101577370.08403362,USD,,166857.6,USD,1322998.8,USD,2026-05-18,-1.5773353751914243,,Medical specialties,Health technology
HCAT,"Health Catalyst, Inc",1.38,USD,,-9.210526315789481,13.768115942028999,101548929.67105263,USD,,390005.93999999994,USD,5224954.619999999,USD,2026-08-12,-309.48760628008455,-2.1540033803702685,Packaged software,Technology services
HOVR,New Horizon Aircraft Ltd.,2.24,USD,2.493723849372389,-6.276150627615058,0.8928571428571237,101389903.53138076,USD,,7220245.760000001,USD,45481443.84,USD,2026-08-21,19.073539331908165,,Aerospace & defense,Electronic technology
OCC,Optical Cable Corporation,11.36,USD,2.5145067698259167,9.864603481624755,2.5272887323943714,100326947.43520309,USD,,3909339.52,USD,23407518.56,USD,2026-06-15,-911.2836734693877,-17.136744162590144,Telecommunications equipment,Electronic technology
SKBL,Skyline Builders Group Holding Limited,3.31,USD,0.6042296072507558,0,0,100044747,USD,1439.1304347826087,1169873.16,USD,11523576.33,USD,,,,Engineering & construction,Industrial services
SKLZ,Skillz Inc.,6.38,USD,-2.248875562218896,-4.347826086956522,-1.2539184952978069,99531542.95652173,USD,,2505955.54,USD,35879027.36,USD,2026-05-11,-2.6373122348354547,9.633228611090816,Data processing services,Technology services
KLRS,"Kalaris Therapeutics, Inc.",4.73,USD,,-6.889763779527552,1.9027484143763183,99157601.74212599,USD,,734696.7100000001,USD,3105533.5300000003,USD,2026-05-20,15.940810492685387,,Biotechnology,Health technology
CYPH,Cypherpunk Technologies Inc.,1.1,USD,-2.51260504201681,-7.563025210084022,0.00909090909090809,98977580.33613446,USD,16.224188790560472,3643189.0000000005,USD,49035764.800000004,USD,2026-05-18,,,Biotechnology,Health technology
SPAI,Safe Pro Group Inc.,4.72,USD,3.864734299516912,14.009661835748796,-0.6355932203389696,98575244.73429953,USD,,2978480.48,USD,6457285.68,USD,2026-06-03,31.485035600250523,124.51144722052415,Aerospace & defense,Electronic technology
EXFY,"Expensify, Inc.",0.974,USD,-0.48780487804877015,-4.975609756097555,-1.4373716632443545,98176396.7804878,USD,,573288.608,USD,3980937.67,USD,2026-08-06,67.16313053252775,-3.4916756633899655,Packaged software,Technology services
COYA,"Coya Therapeutics, Inc.",4.18,USD,,1.7031630170316152,0,98051031.92700729,USD,,602417.4199999999,USD,3734921.96,USD,2026-05-11,-169.80141608663453,11.103164925956456,Biotechnology,Health technology
TEAD,Teads Holding Co.,1.01,USD,0,-4.7169811320754755,0,97961341.63207546,USD,,453286.99,USD,3644923.35,USD,2026-08-06,90.94259079360334,-24.487275576602052,Packaged software,Technology services
LIDR,"AEye, Inc.",2.13,USD,1.0050251256281304,7.035175879396981,0.9389671361502356,96586803.39195982,USD,,3526553.67,USD,18623908.47,USD,2026-05-13,21.307609860664524,94,Packaged software,Technology services
LGO,Largo Inc.,1.15,USD,0.8771929824561412,0.8771929824561412,1.7391304347826104,96225107.32484074,USD,,1527327.65,USD,6995699.55,USD,2026-05-13,51.4573298332848,-31.246951775618875,Other metals/Minerals,Non-energy minerals
XGN,Exagen Inc.,3.98,USD,13.898305084745752,34.91525423728813,0,95731174.75254236,USD,,24758194.96,USD,31180358.78,USD,2026-08-10,34.06236771553549,-3.5548596613314776,Medical/Nursing services,Health services
ZENA,"ZenaTech, Inc.",1.99,USD,-0.7317073170731552,-2.9268292682926753,1.5075376884422125,95680959.93658538,USD,,4405690.85,USD,31703953.65,USD,2026-08-18,-78.7803919877035,17.960376343971948,Information technology services,Technology services
AEYE,"AudioEye, Inc.",7.69,USD,3.1806615776081313,-2.1628498727735357,0,95644736.01908398,USD,,785718.06,USD,7061534.75,USD,2026-05-12,-89.89169675090253,2.610736286300968,Internet software/Services,Technology services
CCLD,"CareCloud, Inc.",2.25,USD,-0.8474576271186449,-4.661016949152538,0.8888888888888897,95609134.63983053,USD,22.123893805309734,2833539.75,USD,19084331.25,USD,2026-07-30,-68.07479224376732,-9.15957354094646,Packaged software,Technology services
TZOO,Travelzoo,8.73,USD,-0.6718924972004535,-2.2396416573348183,0,95439303.56438969,USD,24.102705687465487,2016036.36,USD,8817361.110000001,USD,2026-07-29,,8.004805553083564,Commercial printing/Forms,Commercial services
AEC,Anfield Energy Inc.,5.24,USD,,7.157464212678947,0,95289276.52430044,USD,,567230,USD,2445340.3200000003,USD,,-164.88543394418505,,Other metals/Minerals,Non-energy minerals
GNSS,Genasys Inc.,2.1,USD,0.9708737864077678,1.9417475728155356,0,94945850.38834952,USD,,199189.2,USD,986145.3,USD,2026-05-14,41.97443181818182,0.22317495742056734,Computer communications,Electronic technology
SRL,Scully Royalty Ltd.,6.21,USD,-1.2618296529968467,-2.050473186119872,0,94555640.35646689,USD,,80978.4,USD,719931.51,USD,,,,Steel,Non-energy minerals
SEV,Aptera Motors Corp.,2.57,USD,1.3124999999999942,0.3906249999999917,0,94054571.09374997,USD,,395780,USD,3532799.0999999996,USD,2026-06-03,-182.01858261978504,,Motor vehicles,Consumer durables
LONA,"LeonaBio, Inc.",10.01,USD,,-0.2988047808764877,0,94029071.59063746,USD,,236165.93,USD,2483220.7399999998,USD,2026-08-17,60.250455428343926,,Biotechnology,Health technology
NRXS,"Neuraxis, Inc.",8.15,USD,1.8292682926829311,-0.6097560975609627,2.453987730061341,93769175.98170733,USD,,2183914.75,USD,14695566.55,USD,2026-05-12,19.50912852671665,19.3135686591555,Medical specialties,Health technology
NRXP,"NRX Pharmaceuticals, Inc.",2.82,USD,-0.32467532467533217,-8.441558441558449,0.35460992907802236,93250716.23376623,USD,,3800189.6999999997,USD,20466389.7,USD,2026-05-19,,306.198347107438,Pharmaceuticals: major,Health technology
ATYR,"aTyr Pharma, Inc.",0.9502,USD,0.3909965127337975,0.4121314593680666,-14.775836665965066,93168261.72714783,USD,,1032167.1026000001,USD,9985809.533200001,USD,2026-05-13,45.76211932877563,-100,Pharmaceuticals: major,Health technology
STEX,Streamex Corp.,0.949,USD,2.569639386741517,2.4616713452817893,-0.9378292939936679,92737885.57438998,USD,,1097985.408,USD,11973123.980999999,USD,2026-05-18,-2620.7905544147843,,Investment banks/Brokers,Finance
PEW,GrabAGun Digital Holdings Inc.,3.14,USD,11.262798634812274,7.167235494880544,0,92660450.4982935,USD,,5152680.34,USD,8793161.8,USD,2026-05-13,99.96925914540424,33.039924552027664,Specialty stores,Retail trade
BEEP,Mobile Infrastructure Corporation,2.22,USD,,22.651933701657466,-1.3648648648648645,91447272.72928178,USD,,399779.82,USD,778749.3600000001,USD,2026-05-12,-29.191797346200243,-3.565925599823905,Real estate development,Finance
CSPI,CSP Inc.,9.06,USD,,-1.199563794983636,0,91250933.82988004,USD,,115605.6,USD,810136.14,USD,,196.51162790697674,33.03423064140911,Information technology services,Technology services
FRMM,"Forum Markets, Incorporated",4.49,USD,-3.904555314533635,-2.6030368763557505,1.336302895322931,91205876.46420825,USD,,1693740.25,USD,12780030.68,USD,2026-05-14,-10.069509670403834,-40.71214589959683,Pharmaceuticals: major,Health technology
MCRP,Micropolis AI Robotics,2.61,USD,0.7518796992481209,-1.8796992481203108,0,91058849.59398495,USD,,132971.66999999998,USD,3109178.1599999997,USD,2026-09-02,,,Industrial machinery,Producer manufacturing
AURE,Aurelion Inc.,2.35,USD,,0,,90932389.99999999,USD,,62949.450000000004,USD,539766.8,USD,,-8.792402631550742,,Information technology services,Technology services
BRLT,"Brilliant Earth Group, Inc.",1.385,USD,-1.3986013986014,-3.146853146853142,-1.3718411552346501,90549715.48251748,USD,,64747.365,USD,498033.535,USD,2026-08-06,47.82458563535912,-20.0199339286719,Specialty stores,Retail trade
PTHS,Pelthos Therapeutics Inc.,26.85,USD,,5.314767601490489,,90096329.77642676,USD,,2181911.5500000003,USD,4294120.5,USD,2026-05-14,-33.41544525187831,26.775587361598703,Pharmaceuticals: major,Health technology
NAMM,Namib Minerals,1.65,USD,-2.5157232704402537,3.7735849056603668,-2.424242424242413,89896382.35849054,USD,,1327690.65,USD,6911241.149999999,USD,,,,Precious metals,Non-energy minerals
FTLF,"FitLife Brands, Inc.",9.55,USD,,0,0,89684742,USD,15.05122143420016,183522.35,USD,2030330.0000000002,USD,2026-05-14,78.06731813246472,10.325739833936556,Pharmaceuticals: other,Health technology
AIRG,"Airgain, Inc.",7.05,USD,0,-1.1220196353436196,0.7092198581560258,89364252.55960728,USD,,1448852.55,USD,6064381.8,USD,2026-08-11,22.285948381810734,-5.063917525773196,Semiconductors,Electronic technology
SSTI,"SoundThinking, Inc.",6.86,USD,,-1.9999999999999956,0,88864004.88,USD,,1274594.86,USD,5357996.140000001,USD,2026-05-14,-35.61643835616438,-1.2390438247011952,Packaged software,Technology services
WYY,WidePoint Corporation,8.92,USD,7.430730478589408,12.342569269521404,0,88064142.47858943,USD,,706811.88,USD,14664034,USD,2026-05-14,-51.90053381260227,17.154251877366406,Data processing services,Technology services
ZTEK,Zentek Ltd.,0.818,USD,2.00026493575308,8.358723009670147,5.110024449877758,87970628.35445543,USD,,196754.35799999998,USD,1006881.1079999999,USD,2026-07-01,-5.533186661375032,967.1724056184438,Other metals/Minerals,Non-energy minerals
QTTB,Q32 Bio Inc.,5.18,USD,1.675977653631282,-3.538175046554942,1.9305019305019409,87834218.5586592,USD,1.9451746150957567,915419.96,USD,7936221.02,USD,2026-08-06,-113.18032218950287,-100,Biotechnology,Health technology
MXCT,"MaxCyte, Inc.",0.8169,USD,3.391438396774571,-3.130558520099619,0,87295098.37068659,USD,,272824.1775,USD,2205981.267,USD,2026-05-12,22.712628865979383,6.897056670083468,Biotechnology,Health technology
BTMD,Biote Corp.,2.21,USD,,1.3761467889908165,0,86844673.9770642,USD,4.9111111111111105,488869.68,USD,3189567.03,USD,2026-08-06,16.53019447287615,-3.174021720393036,Hospital/Nursing management,Health services
DTCX,"Datacentrex, Inc.",2.39,USD,2.9787234042553123,1.7021276595744694,0.41841004184099523,86538073.96595745,USD,,1307055.1500000001,USD,4816191.7700000005,USD,,-775.9851329154236,2466.666666666667,Packaged software,Technology services
MAYS,"J. W. Mays, Inc.",42.54,USD,,0.09411764705882153,,85751282.00000001,USD,,113496.72,USD,219123.54,USD,2026-06-11,-52.370916123546884,-0.7604047214712075,Real estate development,Finance
DOMH,Dominari Holdings Inc.,3.77,USD,4.670329670329668,3.5714285714285685,1.8567639257294388,85253956.60714285,USD,,4116692.97,USD,7755496.97,USD,2026-05-13,-205.23680217235042,-40.33659277727999,Investment banks/Brokers,Finance
OKYO,OKYO Pharma Limited,1.65,USD,,1.2269938650306762,0,84760818.86503066,USD,,16401,USD,675100.7999999999,USD,2026-06-03,,,Biotechnology,Health technology
HIT,"Health In Tech, Inc.",1.48,USD,,-5.128205128205133,1.3513513513513526,84476924.74358973,USD,65.77777777777779,81407.4,USD,717637.2,USD,2026-05-13,-166.91133540922118,-11.560627192187411,Information technology services,Technology services
AISP,"Airship AI Holdings, Inc",2.44,USD,-0.7843137254901967,-4.313725490196074,0.8032786885245927,83868073.27058825,USD,26.72508214676889,2688372.48,USD,9463078.84,USD,2026-08-19,-103.13844316313595,-2.1663598954170022,Packaged software,Technology services
HOUR,"Hour Loop, Inc.",2.38,USD,7.916666666666665,-0.8333333333333341,0,83737664.15000002,USD,49.072164948453604,140498.54,USD,8021392.54,USD,2026-05-18,-223.8731904612027,67.76614888694748,Internet retail,Retail trade
CSBR,"Champions Oncology, Inc.",6.01,USD,,-0.1661129568106277,,83459826.7358804,USD,,107723.23999999999,USD,512671.02999999997,USD,2026-07-16,-204.1044776119403,10.136348520119732,Biotechnology,Health technology
ROLR,"High Roller Technologies, Inc.",7.65,USD,1.3986013986013937,6.9930069930069925,1.9594771241830025,83309247.88111888,USD,21.38663684651943,1594237.05,USD,18785883.150000002,USD,2026-05-14,0.4635942187073902,-92.59672026747333,Packaged software,Technology services
EXOZ,eXoZymes Inc.,9.8,USD,,1.8711018711018867,,83094121.60000001,USD,,14513.800000000001,USD,207613.00000000003,USD,,-16.092979814962106,,Chemicals: specialty,Process industries
MOB,Mobilicom Limited,6.57,USD,-2.6856240126382294,3.7914691943127994,-3.34855403348555,83001249.09952606,USD,,670448.79,USD,7604262.54,USD,2026-08-24,,,Aerospace & defense,Electronic technology
PYPD,PolyPid Ltd.,4.34,USD,,-0.9132420091324209,0,82821249.51141553,USD,,215342.12,USD,911378.2999999999,USD,2026-05-13,-13.716279694137834,,Pharmaceuticals: major,Health technology
ANVS,"Annovis Bio, Inc.",2.39,USD,0.4385964912280803,4.8245614035087865,2.0920502092050137,82532421.32456142,USD,,2057080.1700000002,USD,18373772.69,USD,2026-05-19,-35.41064442246902,,Pharmaceuticals: major,Health technology
JFB,JFB Construction Holdings,5.79,USD,1.2455516014234926,3.0249110320284682,-0.518134715025911,82263739.9697509,USD,,1322627.07,USD,12402220.53,USD,,-76.04882602247834,220.20860103036438,Engineering & construction,Industrial services
STEM,"Stem, Inc.",9.13,USD,-1.9650655021834031,-0.3275109170305607,-0.876232201533407,81776980.41157207,USD,,1736772.5100000002,USD,15330420.38,USD,2026-08-12,-18.436698166343326,-38.48503489383365,Electrical products,Producer manufacturing
WRAP,"Wrap Technologies, Inc.",1.47,USD,1.342281879194632,-1.342281879194632,-2.0204081632653104,81585078.9261745,USD,,178237.5,USD,1401605.31,USD,2026-05-13,-42.228633249188604,-5.8350100603621735,Medical specialties,Health technology
PARK,"Park Dental Partners, Inc.",18.03,USD,,2.8522532800912717,0,81406431.21049629,USD,,1059550.98,USD,2040130.56,USD,2026-06-03,-559.2326139088728,-0.07020293546227817,Medical/Nursing services,Health services
STSS,Sharps Technology Inc.,2.09,USD,0,4.499999999999993,0,80808951.3,USD,0.06612103629696887,683622.2799999999,USD,5124027.92,USD,2026-05-14,-72.38483657773806,96.47328907907008,Medical specialties,Health technology
FLNT,"Fluent, Inc.",2.7,USD,,-2.8776978417266053,0,80502421.07913668,USD,,67205.70000000001,USD,348640.2,USD,2026-05-13,45.48703017469561,31.44868060133109,Data processing services,Technology services
CTOR,"Citius Oncology, Inc.",0.904,USD,,-0.30877812086458145,-1.9911504424778779,79800778.44728716,USD,,257370.608,USD,764717.104,USD,2026-05-20,-10.755453247007484,,Pharmaceuticals: major,Health technology
MAIA,"MAIA Biotechnology, Inc.",1.31,USD,-1.5151515151515165,-0.7575757575757582,-1.2290076335877864,79479660.0378788,USD,,820536.8400000001,USD,5254947.100000001,USD,2026-05-11,59.24199744608365,,Biotechnology,Health technology
XPL,Solitario Resources Corp.,0.853,USD,,1.571802810192902,2.520515826494733,79386783.18290068,USD,,108747.264,USD,856613.308,USD,2026-08-12,2.9469548133595285,,Other metals/Minerals,Non-energy minerals
ACET,"Adicet Bio, Inc.",8.17,USD,-1.9883040935672507,-4.444444444444453,0,78402646.28888887,USD,,1623566.91,USD,6105130.54,USD,2026-05-12,-13.628239499553171,,Pharmaceuticals: major,Health technology
CPSH,CPS Technologies Corp.,4.32,USD,0,8.81612090680101,0,77790084.39294711,USD,771.4285714285714,2030287.6800000002,USD,17923127.040000003,USD,2026-07-30,-2435.8662855327934,-14.367533008180637,Metal fabrication,Producer manufacturing
ODYS,Odysight.ai Inc.,4.75,USD,119.73094170403589,6.502242152466368,-5.6694736842105335,77707194.7309417,USD,,186113778,USD,186400820.5,USD,2026-05-20,3.102355072463768,194.63087248322148,Electronics/Appliances,Consumer durables
GANX,"Gain Therapeutics, Inc.",1.82,USD,1.0989010989010999,0,1.4780219780219739,77630350,USD,,975545.48,USD,5656933.100000001,USD,2026-08-06,14.132083408949367,,Biotechnology,Health technology
TCRX,"TScan Therapeutics, Inc.",1.18,USD,3.174603174603177,-6.349206349206354,1.6949152542372898,77113964.6031746,USD,,1282154.96,USD,7437600.18,USD,2026-08-19,-24.759542150846496,-61.745227892481495,Biotechnology,Health technology
FSI,Flexible Solutions International Inc.,6.05,USD,,-2.261712439418426,0,77061865.22617126,USD,110.20036429872496,196032.1,USD,993845.6,USD,2026-05-15,8.429785560177844,-13.62550539768182,Chemicals: major diversified,Process industries
CLNN,Clene Inc.,6.5,USD,-1.373626373626381,-10.714285714285717,1.3846153846153824,76558997.32142857,USD,,2469857,USD,163318473.5,USD,2026-05-13,-5.11564315831007,413.333333333604,Pharmaceuticals: major,Health technology
ICCC,ImmuCell Corporation,8.45,USD,,4.968944099378864,0,76445450.55279502,USD,,128355.49999999999,USD,1617135.65,USD,2026-05-14,-1938.669605289521,38.500381938504084,Biotechnology,Health technology
NTIC,Northern Technologies International Corporation,7.97,USD,,0.1256281407035149,0,75651245.0062814,USD,,607752.35,USD,1719121.03,USD,2026-07-09,-114.85289232567627,-5.629167697925953,Industrial specialties,Process industries
SYPR,"Sypris Solutions, Inc.",3.28,USD,5.167173252279634,-0.30395136778116205,0,75538301.30091186,USD,,158650.31999999998,USD,1916389.2,USD,2026-05-20,-879.441117764471,5.611746651785714,Auto parts: OEM,Producer manufacturing
MCRB,"Seres Therapeutics, Inc.",7.84,USD,,1.818181818181814,0,75515752.58181818,USD,,269319.68,USD,3153624.32,USD,2026-08-05,-29.8532768177372,-18.2648401826484,Biotechnology,Health technology
SOTK,Sono-Tek Corporation,4.8,USD,3.1120331950207354,-0.4149377593361091,1.8749999999999971,75409870.20746888,USD,47.952047952047955,170222.4,USD,1101086.4,USD,2026-05-21,-19.762894359831293,-3.066731025805122,Industrial machinery,Producer manufacturing
XBIT,XBiotech Inc.,2.47,USD,,0.40650406504065983,0,75304694.30487804,USD,,99170.50000000001,USD,430269.06000000006,USD,,-347.60319573901467,,Biotechnology,Health technology
VGAS,"Verde Clean Fuels, Inc.",1.69,USD,,-5.056179775280904,0,75288859.12921348,USD,,47101.99,USD,179518.56,USD,,-185.36796536796535,,Industrial specialties,Process industries
ZSQR,Z Squared Inc.,12.05,USD,,-3.329322101885272,-2.9045643153527085,74989817.14400321,USD,,1822586.6,USD,14222072.75,USD,2026-06-03,42.40099028876,263.05819129804877,Data processing services,Technology services
ATRA,"Atara Biotherapeutics, Inc.",8.78,USD,6.115107913669062,5.275779376498795,6.719817767653757,74737757.1294964,USD,3.0125235889517925,8142466.64,USD,714019601.26,USD,2026-05-11,20.84592145015106,-53.80828265276571,Pharmaceuticals: major,Health technology
FLD,"Fold Holdings, Inc.",1.47,USD,-0.7299270072992706,7.29927007299269,-1.360544217687076,74700840.85401459,USD,,177312.87,USD,1385004.5999999999,USD,2026-05-12,-6359.19219402355,23.409194210142832,Packaged software,Technology services
PLRX,"Pliant Therapeutics, Inc.",1.2,USD,-1.6229508196721345,-1.6393442622950833,2.500000000000002,74297599.67213115,USD,,222744,USD,3070936.8,USD,2026-08-10,10.357020645602828,,Biotechnology,Health technology
MDAI,"Spectral AI, Inc.",2.33,USD,-0.8658008658008665,0.8658008658008665,-3.0042918454935745,74149881.67099567,USD,,1578803.34,USD,8132795.100000001,USD,2026-05-12,,1.5031645569620253,Medical specialties,Health technology
PMVP,"PMV Pharmaceuticals, Inc.",1.39,USD,-0.07801418439715453,-1.4184397163120581,0.7194244604316554,74127852.19858156,USD,,360831.49,USD,2668684.63,USD,2026-05-11,14.350159076879244,,Biotechnology,Health technology
RLYB,Rallybio Corporation,14,USD,-2.364394993045908,-2.6425591098748313,-1.2142857142857137,74055447.56606397,USD,,2475494,USD,166250798,USD,2026-05-12,-136.53846153846158,4.716981132075472,Biotechnology,Health technology
ACRV,"Acrivon Therapeutics, Inc.",1.91,USD,0.5050505050505055,-3.5353535353535386,0.5235602094240842,74001891.78282829,USD,,1048908.97,USD,8610826.26,USD,2026-05-20,-4.118679390150269,,Pharmaceuticals: major,Health technology
CPBI,"Central Plains Bancshares, Inc.",17.51,USD,,0.20028612303290497,,73634016.92875537,USD,17.22408026755853,37348.83,USD,401661.89,USD,,33.21995464852608,5.506430868167202,Investment banks/Brokers,Finance
AEI,Alset Inc.,1.88,USD,,2.73224043715846,,73124158.44808744,USD,,51143.52,USD,245366.31999999998,USD,,-2240.4252491518623,30.63129988346342,Real estate development,Finance
PDSB,PDS Biotechnology Corporation,1.3,USD,2.400000000000002,4.0000000000000036,0.7692307692307698,72560346.56,USD,,1359012.2,USD,6008727.4,USD,2026-05-13,16.055344794459927,,Pharmaceuticals: major,Health technology
OPXS,"Optex Systems Holdings, Inc.",10.42,USD,,2.1568627450980458,0.7677543186180429,72287267.70392157,USD,15.85273086870531,241764.84,USD,1954802.42,USD,2026-05-19,-76.39024390243902,-19.06363394990707,Electronic components,Electronic technology
FBIO,"Fortress Biotech, Inc.",2.24,USD,,-6.276150627615058,0.8928571428571237,72133747.14644353,USD,,1017098.8800000001,USD,4349661.12,USD,2026-05-12,-167.2991452991453,-8.802677102830241,Pharmaceuticals: major,Health technology
SIEB,Siebert Financial Corp.,1.76,USD,,-0.56497175141243,0,72056048.63276835,USD,13.76075058639562,12960.64,USD,264436.48,USD,,-127.49691738594329,-12.236004022795843,Investment banks/Brokers,Finance
OSTX,OS Therapies Incorporated,1.71,USD,0,3.012048192771087,-0.5847953216374274,71885490.93975903,USD,,819054.09,USD,5295160.35,USD,2026-05-15,-95.66500909219089,,Biotechnology,Health technology
XTIA,"XTI Aerospace, Inc.",1.85,USD,-1.0971428571428632,5.71428571428572,-1.621621621621623,71173574.22857143,USD,,2901797.15,USD,17355619.6,USD,2026-05-25,-60.53101294065149,805.3945249597424,Information technology services,Technology services
PN,Skycorp Solar Group Limited,4.96,USD,1.0327022375215231,-14.629948364888119,0,70986278.71944924,USD,,1132258.88,USD,431521398.71999997,USD,,,,Electric utilities,Utilities
FTCI,"FTC Solar, Inc.",4.41,USD,1.1389521640091278,0.4555808656036552,-2.056689342403628,70583347.88610479,USD,,468527.22000000003,USD,13076046.9,USD,2026-08-12,,-47.46051550470162,Packaged software,Technology services
ACTU,"Actuate Therapeutics, Inc.",2.975,USD,-4.545454545454543,-9.84848484848484,0.5042016806722731,70537081.41666667,USD,,2045833.125,USD,3572460.325,USD,2026-06-03,15.784035787530954,,Pharmaceuticals: major,Health technology
LNSR,"LENSAR, Inc.",5.78,USD,-0.7092198581560291,2.4822695035461093,0,69963014.89716314,USD,,496160.98000000004,USD,2904149.44,USD,2026-08-06,,-16.205928237129474,Medical specialties,Health technology
RFL,"Rafael Holdings, Inc.",1.34,USD,,4.687500000000004,0,69711394.73437501,USD,,70813.64,USD,848017.66,USD,,34.627139364303176,-12.083333333333334,Real estate development,Finance
IPWR,Ideal Power Inc.,5.75,USD,6.378132118451031,30.979498861047844,4.000000000000008,69513983.20045558,USD,,5168169,USD,16903786.75,USD,2026-05-14,35.45709281961471,-100,Semiconductors,Electronic technology
SFWL,Shengfeng Development Limited,0.8415,USD,0,-4.364132287759971,,69421654.61813842,USD,5.819502074688796,14642.1,USD,41026.491,USD,,,,Air freight/Couriers,Transportation
MNOV,"MediciNova, Inc.",1.41,USD,,0.714285714285715,0,69401954.44285713,USD,,20703.03,USD,184724.09999999998,USD,2026-05-13,8.133234853573645,23.045921553045353,Pharmaceuticals: major,Health technology
POAS,Phaos Technology Holdings (Cayman) Limited,2.34,USD,-2.092050209205032,-2.092050209205032,0,68909677.39,USD,,1629056.5199999998,USD,23584478.58,USD,,,,Electronic components,Electronic technology
BDMD,Baird Medical Investment Holdings Ltd,1.68,USD,,-4.0000000000000036,2.976190476190479,68845361.28,USD,,528702.72,USD,3166277.52,USD,,,,Medical specialties,Health technology
CPIX,Cumberland Pharmaceuticals Inc.,4.57,USD,-4.914529914529905,-2.350427350427338,0,68351782.10897437,USD,,356176.66000000003,USD,6394142.920000001,USD,2026-08-11,-133.02809678031753,-33.24402384416417,Pharmaceuticals: major,Health technology
SLND,"Southland Holdings, Inc.",1.26,USD,-0.9708737864077678,22.33009708737864,-1.5873015873015885,68182420.36893204,USD,,184748.76,USD,752537.52,USD,2026-05-12,-187.51943030995497,-51.27236422099624,Engineering & construction,Industrial services
LOOP,"Loop Industries, Inc.",1.41,USD,-0.7310344827586168,-2.758620689655175,0,68155954.73793103,USD,,67464.26999999999,USD,614988.4199999999,USD,2026-05-27,8.114856429463172,,Chemicals: specialty,Process industries
SKIL,Skillsoft Corp.,7.73,USD,,-9.801633605600932,0,68119177.31621936,USD,,787996.2000000001,USD,8174992.91,USD,2026-06-10,11.073427166355774,1.282965627374068,Packaged software,Technology services
LVO,"LiveOne, Inc.",5.04,USD,,-4.364326375711566,0.7936507936507943,67895064.13662238,USD,,228962.16,USD,1337137.2,USD,2026-06-30,26.61494045470949,7.962903741605372,Commercial printing/Forms,Commercial services
AMPG,"Amplitech Group, Inc.",2.68,USD,-0.454545454545465,21.818181818181813,2.5858208955223767,67887882.7818182,USD,,4769542.4,USD,14475149,USD,2026-05-20,-1602.2800507503728,-26.53108914062613,Electronic production equipment,Electronic technology
APT,"Alpha Pro Tech, Ltd.",6.64,USD,11.024844720496892,3.1055900621117902,0,67840424.27329192,USD,19.12442396313364,3289084.1599999997,USD,16370926.639999999,USD,2026-08-12,0.5730659026149342,5.208107913187495,Industrial specialties,Process industries
FORA,Forian Inc.,2.17,USD,0,0.9302325581395358,0,67792718.68372093,USD,,140694.12,USD,805901.11,USD,2026-05-19,-1104.7030816029626,2.580420997546695,Packaged software,Technology services
SERA,"Sera Prognostics, Inc.",1.73,USD,,-7.978723404255315,15.606936416184972,67744590.56914894,USD,,239783.19,USD,669982.29,USD,2026-08-12,-6.572769953051644,40,Medical/Nursing services,Health services
FEAM,"5E Advanced Materials, Inc.",1.63,USD,-0.5875000000000047,1.8749999999999878,1.840490797546014,67664369.49375,USD,,324544.41,USD,1809767.8099999998,USD,2026-05-12,-1.9176800748362957,,Chemicals: specialty,Process industries
OM,"Outset Medical, Inc.",3.65,USD,2.029769959404606,-1.2178619756427584,0,67584279.16102841,USD,,865064.6,USD,5446504.45,USD,2026-08-05,2.631983992611975,-3.501419962596107,Medical specialties,Health technology
YIBO,Planet Image International Limited,1.14,USD,-0.9620826259196364,7.5268817204300955,0,67527011.82795699,USD,,42490.079999999994,USD,96495.29999999999,USD,,,,Electronics/Appliances,Consumer durables
UAVS,"AgEagle Aerial Systems, Inc.",1.13,USD,-2.5641025641025665,-3.4188034188034218,0.02654867256638841,65762744.24786325,USD,,2647682.6599999997,USD,16517925.29,USD,,-222.89448114706425,51.958599316113165,Aerospace & defense,Electronic technology
SCYX,"SCYNEXIS, Inc.",0.8241,USD,-1.7145353281642393,-10.003276182155718,-2.924402378352143,65468676.52091297,USD,,390763.49700000003,USD,1907728.0443000002,USD,2026-08-17,,5482.634730538922,Pharmaceuticals: major,Health technology
LFVN,Lifevantage Corporation,5.14,USD,-0.7490636704119857,-3.745318352059929,0,64845326.543071166,USD,11.553158013036636,902460.6399999999,USD,12275080.719999999,USD,2026-08-25,393.47826086956525,-10.657865157057898,Pharmaceuticals: other,Health technology
VRM,"Vroom, Inc.",12.45,USD,,0.9732360097323537,,64815611.78832117,USD,,116980.2,USD,624952.6499999999,USD,,57.98762066170511,,Specialty stores,Retail trade
DDC,DDC Enterprise Limited,1.4,USD,-3.35570469798658,-6.040268456375844,0,64435665.23489933,USD,,123107.59999999999,USD,1135289.4,USD,,,,Internet software/Services,Technology services
IXHL,Incannex Healthcare Inc.,4.53,USD,-5.0218340611353804,-1.091703056768555,-0.8830022075055195,63300693.844978176,USD,,1493115.1800000002,USD,9639137.85,USD,2026-05-14,-1.7793038861225434,,Biotechnology,Health technology
HLP,Hongli Group Inc.,0.86,USD,3.43065693430657,4.622871046228714,-3.672790697674419,63157327.61557177,USD,,19239.92,USD,523959.3,USD,,,,Metal fabrication,Producer manufacturing
IMA,"ImageneBio, Inc.",5.61,USD,-0.7580340264650246,6.0491493383742965,0,62747836.21361059,USD,,379830.66000000003,USD,2565643.74,USD,2026-08-07,-53.72032426172554,,Biotechnology,Health technology
BYSI,"BeyondSpring, Inc.",1.52,USD,,2.0134228187919483,0,62502126.604026854,USD,,26648.64,USD,158786.8,USD,2026-06-17,-38.76623376607796,,Pharmaceuticals: major,Health technology
FLNA,"Filana Therapeutics, Inc.",1.28,USD,-0.7692307692307698,-1.5384615384615397,1.5625000000000013,61834104.123076916,USD,,302723.84,USD,4570337.28,USD,2026-08-05,17.60905973363107,,Biotechnology,Health technology
HYFT,MindWalk Holdings Corp.,1.32,USD,1.5748031496063006,3.9370078740157513,1.1818181818181692,61659665.38582677,USD,,482922,USD,1592085,USD,2026-07-23,-23.034342593640517,0.8487439522030485,Biotechnology,Health technology
SNT,Senstar Technologies Corporation,2.63,USD,-0.12878787878788142,-0.3787878787878875,0,61362246.47348484,USD,,33671.89,USD,243561.66999999998,USD,,,,Aerospace & defense,Electronic technology
OTH,Off The Hook YS Inc.,2.5176,USD,,3.1507354447494467,,61228031.99999999,USD,,142214.1888,USD,779192.1647999999,USD,,-3873.1587315873157,55.274210805968416,Specialty stores,Retail trade
GMM,Global Mofy AI Limited,1.23,USD,0,5.128205128205133,0,60968703.07692308,USD,25.678496868475992,81770.4,USD,6914868.12,USD,,,,Packaged software,Technology services
CING,Cingulate Inc.,4.96,USD,-1.707779886148005,-5.882352941176464,0.8064516129032264,60762800,USD,,2850323.52,USD,13383379.52,USD,2026-05-13,14.55037431913802,,Pharmaceuticals: major,Health technology
INLF,INLIF LIMITED,4.355,USD,,1.5151515151515242,,60126216.212121226,USD,,25380.940000000002,USD,1495162.955,USD,,,,Industrial machinery,Producer manufacturing
IBIO,"iBio, Inc.",1.66,USD,-0.5847953216374274,-2.9239766081871372,1.572289156626507,59998314.84210526,USD,,1100040.5,USD,14005436.6,USD,2026-05-18,-57.22027972027972,-100,Pharmaceuticals: other,Health technology
LIXT,"Lixte Biotechnology Holdings, Inc.",5.15,USD,-1.9379844961240413,-0.19379844961239895,1.359223300970862,59832413.556201555,USD,,494961.35000000003,USD,3664497.95,USD,,-28.45367446341594,,Biotechnology,Health technology
SPRU,Spruce Power Holding Corporation,3.24,USD,0.9090909090909167,-1.8181818181818064,1.2345679012345552,59372204.727272734,USD,,110496.96,USD,845397,USD,2026-05-13,-733.0498177399757,-21.80167279591239,Electric utilities,Utilities
GGR,Gogoro Inc.,4,USD,,-0.4975124378109347,,59094050.74626867,USD,,74548,USD,312664,USD,2026-05-21,-39.02422701110962,-4.183033471995055,Motor vehicles,Consumer durables
PSIG,PS International Group Ltd.,6.84,USD,,2.0895522388059655,0,58982011.14626866,USD,,366001.56,USD,23562117.36,USD,,,,Air freight/Couriers,Transportation
VHC,VirnetX Holding Corp,14,USD,,6.382978723404255,,58601927.65957447,USD,,562394,USD,1377628,USD,2026-05-14,-51.264949402023916,-3.4482758620689653,Packaged software,Technology services
SCLX,Scilex Holding Company,6.9,USD,2.3017902813299194,-11.76470588235294,2.028985507246372,58589738.823529415,USD,,977067.6000000001,USD,7213611.9,USD,2026-06-03,87.1276736356933,-54.61174242429612,Pharmaceuticals: other,Health technology
NSPR,InspireMD Inc.,1.25,USD,5.2173913043478315,8.695652173913052,-0.039999999999995595,58548702.17391305,USD,,852263.75,USD,15951998.75,USD,2026-08-11,-16.39316384661168,7.907272149888854,Medical specialties,Health technology
AIOS,AIOS Tech Inc.,17.93,USD,-0.05260389268806713,-5.681220410310372,-4.350250976017853,58259141.631246716,USD,,495011.44,USD,191689737.57999998,USD,,,,Industrial machinery,Producer manufacturing
DRIO,DarioHealth Corp.,7.98,USD,,2.1766965428937364,,58257239.00128041,USD,,15760.5,USD,223878.90000000002,USD,2026-05-13,-616.7650735379092,4.473736768524066,Medical specialties,Health technology
ELWT,"Elauwit Connection, Inc.",8.8,USD,,8.241082410824106,0,58254204.280442804,USD,,223132.80000000002,USD,1488405.6,USD,2026-06-03,-258.3724569640063,27.067196985555785,Information technology services,Technology services
EHTH,"eHealth, Inc.",1.83,USD,1.005291005291012,-3.174603174603166,1.6393442622950833,58086062.920634925,USD,,704354.1900000001,USD,4964777.19,USD,2026-08-12,-105.40701742312149,-73.02031032559051,Insurance brokers/Services,Finance
MNY,MoneyHero Limited,1.32,USD,,-4.34782608695651,0,57801200.69565219,USD,,43098,USD,257928,USD,2026-06-29,,-5.480112668015711,Internet software/Services,Technology services
FIEE,"FiEE, Inc",6.9,USD,,5.828220858895718,0,57467326.24233129,USD,,58346.4,USD,334581,USD,2026-05-13,,117.00772656637494,Computer communications,Electronic technology
AIRT,"Air T, Inc.",21.26,USD,,0.37771482530690204,,57458102.529122815,USD,,19920.620000000003,USD,415718.04000000004,USD,,-156.2801377726751,10.88230709275135,Air freight/Couriers,Transportation
GMHS,Gamehaus Holdings Inc.,0.99,USD,-29.969999999999995,-1.0000000000000009,,56746021.86,USD,,3542.22,USD,40541.49,USD,,-48.72660590439187,-5.176085603743707,Packaged software,Technology services
DWTX,"Dogwood Therapeutics, Inc.",1.69,USD,-1.8181818181818064,2.4242424242424265,0,56448625.13333334,USD,,153827.18,USD,1332024.2,USD,2026-05-11,75.98894123553093,,Pharmaceuticals: major,Health technology
BRAG,Bragg Gaming Group Inc.,2.2,USD,,2.32558139534885,,56263424.829931974,USD,,17281,USD,340876.80000000005,USD,2026-05-14,40.49733266994342,5.642626823880934,Packaged software,Technology services
SRTS,"Sensus Healthcare, Inc.",3.41,USD,6.168831168831167,10.714285714285717,-1.4662756598240547,56135620.39285715,USD,,463108.69,USD,4058138.7,USD,2026-07-30,17.08241237764446,-31.281635958696093,Medical specialties,Health technology
BTM,Bitcoin Depot Inc.,4.9,USD,-0.9823182711198394,-3.732809430255393,-0.6122448979591887,55607936.8762279,USD,5.051025667456964,1354536.4000000001,USD,9805311.600000001,USD,2026-05-20,-496.6269841269841,-28.585935672874534,Investment banks/Brokers,Finance
TIL,"Instil Bio, Inc.",8.13,USD,-0.12254901960784054,-0.36764705882352156,0,55137465.71691176,USD,,208079.22000000003,USD,1910436.1800000002,USD,2026-05-11,39.71443291381467,,Biotechnology,Health technology
LUNG,Pulmonx Corporation,1.3,USD,1.5873015873015885,3.174603174603177,0,54908362.06349206,USD,,1154309,USD,6492341.7,USD,2026-08-05,-30.973621103117505,-8.903442782547128,Medical specialties,Health technology
ECOR,"electroCore, Inc.",6.61,USD,,3.1201248049922023,0,54834620.310452424,USD,,407413.96,USD,2736685.42,USD,2026-08-12,-73.67380560131795,3.689278372822677,Medical specialties,Health technology
ENTX,Entera Bio Ltd.,1.17,USD,,-10.000000000000009,0,54548016.3,USD,,150187.05,USD,1315818.27,USD,2026-08-07,-16.213527851354577,,Pharmaceuticals: major,Health technology
INKT,"MiNK Therapeutics, Inc.",10.95,USD,,-0.8152173913043466,0.4566210045662165,54376144.782608695,USD,,497140.94999999995,USD,1523166.9,USD,2026-05-13,9.890401006472604,,Biotechnology,Health technology
VIVO,VivoPower PLC,3.22,USD,-0.993377483443702,6.622516556291397,-0.931677018633548,54064589.00662251,USD,,4335974.720000001,USD,19848286.080000002,USD,2026-08-31,,,Electric utilities,Utilities
SPWH,"Sportsman's Warehouse Holdings, Inc.",1.39,USD,-5.405405405405411,-6.081081081081086,0,53938171.41216217,USD,,311838.16,USD,3578509.13,USD,2026-06-02,-271750,1.0666328627955197,Specialty stores,Retail trade
KZR,"Kezar Life Sciences, Inc.",7.29,USD,,-0.951086956521743,,53856340,USD,,4490749.35,USD,8196008.49,USD,2026-05-11,-29.562661441168615,,Biotechnology,Health technology
ONMD,OneMedNet Corp,0.98,USD,-3.0196078431372597,-3.921568627450984,0,53834977,USD,,178923.5,USD,2334809.82,USD,,-323.7516869095816,403.3898305084746,Packaged software,Technology services
ESLA,"Estrella Immunopharma, Inc.",1.26,USD,,0,0,53758184,USD,,23245.74,USD,366581.88,USD,2026-06-03,87.22859882082393,,Biotechnology,Health technology
DSWL,"Deswell Industries, Inc.",3.37,USD,0.8082292432035356,-0.9551800146950699,,53701753.748714186,USD,4.305608790085602,41063.450000000004,USD,246397.55000000002,USD,,,,Industrial machinery,Producer manufacturing
ZEO,Zeo Energy Corporation,0.9248,USD,-4.802245929253219,3.8517686692869173,0,53614114.26389669,USD,,156691.6384,USD,689712.1407999999,USD,,37.77920757080576,-22.29864036697002,Electric utilities,Utilities
ELTK,Eltek Ltd.,7.96,USD,,-1.4241486068111373,,53489822.895356044,USD,65.78512396694215,59206.48,USD,227862.96,USD,2026-05-19,-34.199134199398934,-0.21858747247983196,Electronic components,Electronic technology
UEIC,Universal Electronics Inc.,4.23,USD,,-1.627906976744172,-1.4184397163120683,53359789.47906978,USD,,192752.64,USD,1315166.2200000002,USD,2026-07-30,86.98523232080682,-3.0998763141620285,Electronics/Appliances,Consumer durables
DUO,Fangdd Network Group Ltd.,1.38,USD,-0.6849315068493157,-5.479452054794526,0,53196813.73972603,USD,,92025.29999999999,USD,719305.6799999999,USD,,,,Internet software/Services,Technology services
LINK,"Interlink Electronics, Inc.",3.34,USD,-5.64044943820225,-6.179775280898882,-5.808383233532933,52605021.57865168,USD,,15379534.34,USD,16507208.52,USD,2026-05-11,-70.83333333333334,-3.582291314633322,Semiconductors,Electronic technology
ABLV,Able View Global Inc.,1.05,USD,-9.681008902077142,29.821958456973306,-3.809523809523813,51859415.61572701,USD,,201802.65,USD,741104.7000000001,USD,,,,Specialty stores,Retail trade
FNGR,"FingerMotion, Inc.",0.8435,USD,-0.24393218685205537,2.8783998048542583,0,51690780.798877925,USD,,434660.61100000003,USD,1715716.114,USD,2026-06-03,-8.38326811636524,-32.969833747537294,Packaged software,Technology services
CVV,CVD Equipment Corporation,7.42,USD,0,4.654442877291961,1.078167115902966,51475048.56699577,USD,,1759289.42,USD,14275263.8,USD,,-430.2083333333333,-33.18034557235421,Electronic production equipment,Electronic technology
CHRN,ChronoScale Corporation,14.425,USD,2.7617212588310838,-7.3538856775850965,0.5199306759098737,51401772.6204239,USD,,7676826.325,USD,39685930.175000004,USD,2026-08-03,-55.348737697903296,-31.81528662420382,Packaged software,Technology services
JAGU,Jaguar Uranium Corp.,2.54,USD,-1.255230125523023,6.276150627615058,0,51292195.67364016,USD,,262105.14,USD,1418173.44,USD,,-45.58427437349626,,Other metals/Minerals,Non-energy minerals
MLGO,"MicroAlgo, Inc.",4.12,USD,0.2409638554216816,-0.7228915662650661,0,51242339.17108433,USD,1.6645119586296058,314232.4,USD,2738691.72,USD,,,,Packaged software,Technology services
NTWK,NETSOL Technologies Inc.,4.31,USD,,0,0,50929195,USD,26.703841387856258,466527.32999999996,USD,2288179,USD,2026-05-14,,25.290264278600418,Information technology services,Technology services
CVU,"CPI Aerostructures, Inc.",3.85,USD,,-3.0226700251889196,0,50857226.68765743,USD,,283544.8,USD,1078881.6500000001,USD,2026-05-20,-37.879593280727526,0.7483690729334456,Aerospace & defense,Electronic technology
MGX,"Metagenomi Therapeutics, Inc.",1.35,USD,-1.4184397163120581,-4.255319148936159,-0.5999999999999996,50787718.08510639,USD,,305565.75,USD,1470388.9500000002,USD,2026-08-19,-10.469278674054824,-54.83312160757593,Pharmaceuticals: major,Health technology
PRPO,"Precipio, Inc.",28.465,USD,,-4.511908755451187,0,50772506.77406911,USD,,952495.83,USD,6635248.43,USD,2026-05-18,,-1.0048766070636914,Medical/Nursing services,Health services