timestamp,symbol,sec_type,expiry,right,strike,what_to_show,open,high,low,close,volume,bar_count,wap,contract_con_id,local_symbol
2026-05-15T13:30:00+00:00,LWLG,STK,,,0.0,TRADES,14.12,14.15,13.9,14.0221,334132.0,598,14.10821,49462420,LWLG
2026-05-15T13:30:10+00:00,LWLG,STK,,,0.0,TRADES,14.04,14.35,14.02,14.2788,65218.0,178,14.18253,49462420,LWLG
2026-05-15T13:30:20+00:00,LWLG,STK,,,0.0,TRADES,14.2708,14.35,14.22,14.225,12276.0,50,14.31408,49462420,LWLG
2026-05-15T13:30:30+00:00,LWLG,STK,,,0.0,TRADES,14.225,14.245,14.16,14.23,4139.0,22,14.18234,49462420,LWLG
2026-05-15T13:30:40+00:00,LWLG,STK,,,0.0,TRADES,14.23,14.23,14.08,14.09,4431.0,20,14.12732,49462420,LWLG
2026-05-15T13:30:50+00:00,LWLG,STK,,,0.0,TRADES,14.07,14.12,14.04,14.08,3514.0,12,14.09787,49462420,LWLG
2026-05-15T13:31:00+00:00,LWLG,STK,,,0.0,TRADES,14.04,14.04,13.92,14.005,22462.0,85,13.98636,49462420,LWLG
2026-05-15T13:31:10+00:00,LWLG,STK,,,0.0,TRADES,14.0877,14.11,13.92,14.0,4113.0,13,14.00199,49462420,LWLG
2026-05-15T13:31:20+00:00,LWLG,STK,,,0.0,TRADES,13.92,13.92,13.78,13.7901,33248.0,139,13.8412,49462420,LWLG
2026-05-15T13:31:30+00:00,LWLG,STK,,,0.0,TRADES,13.7901,13.9999,13.76,13.8485,11784.0,33,13.79716,49462420,LWLG
2026-05-15T13:31:40+00:00,LWLG,STK,,,0.0,TRADES,13.7501,13.9,13.7501,13.7712,3932.0,12,13.81786,49462420,LWLG
2026-05-15T13:31:50+00:00,LWLG,STK,,,0.0,TRADES,13.8587,13.89,13.7801,13.8582,27494.0,17,13.79998,49462420,LWLG
2026-05-15T13:32:00+00:00,LWLG,STK,,,0.0,TRADES,13.81,13.905,13.81,13.838,1050.0,3,13.86324,49462420,LWLG
2026-05-15T13:32:10+00:00,LWLG,STK,,,0.0,TRADES,13.86,14.0,13.86,13.9994,2630.0,18,13.92872,49462420,LWLG
2026-05-15T13:32:20+00:00,LWLG,STK,,,0.0,TRADES,13.95,13.9989,13.9001,13.925,6418.0,21,13.93305,49462420,LWLG
2026-05-15T13:32:30+00:00,LWLG,STK,,,0.0,TRADES,13.9,13.95,13.8615,13.905,4439.0,16,13.89506,49462420,LWLG
2026-05-15T13:32:40+00:00,LWLG,STK,,,0.0,TRADES,13.905,13.905,13.8,13.85,33776.0,61,13.81958,49462420,LWLG
2026-05-15T13:32:50+00:00,LWLG,STK,,,0.0,TRADES,13.8225,13.9,13.8,13.87,21199.0,59,13.85404,49462420,LWLG
2026-05-15T13:33:00+00:00,LWLG,STK,,,0.0,TRADES,13.876,13.9,13.81,13.8441,10326.0,12,13.82245,49462420,LWLG
2026-05-15T13:33:10+00:00,LWLG,STK,,,0.0,TRADES,13.86,13.881,13.83,13.845,8727.0,24,13.86133,49462420,LWLG
2026-05-15T13:33:20+00:00,LWLG,STK,,,0.0,TRADES,13.88,13.95,13.86,13.92,11111.0,23,13.92875,49462420,LWLG
2026-05-15T13:33:30+00:00,LWLG,STK,,,0.0,TRADES,13.9,13.9899,13.89,13.94,3841.0,16,13.92043,49462420,LWLG
2026-05-15T13:33:40+00:00,LWLG,STK,,,0.0,TRADES,13.93,13.945,13.915,13.945,4714.0,16,13.92949,49462420,LWLG
2026-05-15T13:33:50+00:00,LWLG,STK,,,0.0,TRADES,13.9742,13.99,13.9,13.955,3128.0,13,13.96945,49462420,LWLG
2026-05-15T13:34:00+00:00,LWLG,STK,,,0.0,TRADES,13.975,14.0,13.955,13.985,11765.0,24,13.98882,49462420,LWLG
2026-05-15T13:34:10+00:00,LWLG,STK,,,0.0,TRADES,14.0,14.0199,13.98,14.0199,15031.0,31,13.99892,49462420,LWLG
2026-05-15T13:34:20+00:00,LWLG,STK,,,0.0,TRADES,14.01,14.1,14.01,14.085,1798.0,11,14.04191,49462420,LWLG
2026-05-15T13:34:30+00:00,LWLG,STK,,,0.0,TRADES,14.09,14.145,14.09,14.145,2970.0,7,14.12906,49462420,LWLG
2026-05-15T13:34:40+00:00,LWLG,STK,,,0.0,TRADES,14.16,14.16,14.142,14.16,5354.0,25,14.15408,49462420,LWLG
2026-05-15T13:34:50+00:00,LWLG,STK,,,0.0,TRADES,14.1598,14.1598,14.13,14.1498,5053.0,40,14.13949,49462420,LWLG
2026-05-15T13:35:00+00:00,LWLG,STK,,,0.0,TRADES,14.14,14.235,14.04,14.04,13932.0,80,14.12326,49462420,LWLG
2026-05-15T13:35:10+00:00,LWLG,STK,,,0.0,TRADES,14.06,14.2656,14.06,14.1236,4503.0,12,14.12374,49462420,LWLG
2026-05-15T13:35:20+00:00,LWLG,STK,,,0.0,TRADES,14.1,14.2,14.1,14.2,900.0,4,14.16778,49462420,LWLG
2026-05-15T13:35:30+00:00,LWLG,STK,,,0.0,TRADES,14.18,14.3,14.1501,14.3,2905.0,12,14.19853,49462420,LWLG
2026-05-15T13:35:40+00:00,LWLG,STK,,,0.0,TRADES,14.225,14.299,14.225,14.2638,1500.0,7,14.27511,49462420,LWLG
2026-05-15T13:35:50+00:00,LWLG,STK,,,0.0,TRADES,14.235,14.2999,14.235,14.235,1900.0,4,14.25692,49462420,LWLG
2026-05-15T13:36:00+00:00,LWLG,STK,,,0.0,TRADES,14.235,14.2799,14.17,14.22,4150.0,13,14.24386,49462420,LWLG
2026-05-15T13:36:10+00:00,LWLG,STK,,,0.0,TRADES,14.23,14.27,14.17,14.196,2110.0,14,14.21398,49462420,LWLG
2026-05-15T13:36:20+00:00,LWLG,STK,,,0.0,TRADES,14.2,14.21,14.1656,14.21,4800.0,19,14.19376,49462420,LWLG
2026-05-15T13:36:30+00:00,LWLG,STK,,,0.0,TRADES,14.17,14.21,14.14,14.1888,4783.0,24,14.16974,49462420,LWLG
2026-05-15T13:36:40+00:00,LWLG,STK,,,0.0,TRADES,14.21,14.23,14.195,14.2,3598.0,20,14.20767,49462420,LWLG
2026-05-15T13:36:50+00:00,LWLG,STK,,,0.0,TRADES,14.215,14.215,14.1422,14.15,4182.0,19,14.16174,49462420,LWLG
2026-05-15T13:37:00+00:00,LWLG,STK,,,0.0,TRADES,14.15,14.2,14.15,14.17,3159.0,14,14.16535,49462420,LWLG
2026-05-15T13:37:10+00:00,LWLG,STK,,,0.0,TRADES,14.15,14.2,14.15,14.15,7975.0,50,14.15823,49462420,LWLG
2026-05-15T13:37:20+00:00,LWLG,STK,,,0.0,TRADES,14.16,14.225,14.15,14.2,6926.0,31,14.19625,49462420,LWLG
2026-05-15T13:37:30+00:00,LWLG,STK,,,0.0,TRADES,14.2122,14.22,14.14,14.15,24843.0,60,14.15489,49462420,LWLG
2026-05-15T13:37:40+00:00,LWLG,STK,,,0.0,TRADES,14.15,14.24,14.15,14.24,12910.0,32,14.19858,49462420,LWLG
2026-05-15T13:37:50+00:00,LWLG,STK,,,0.0,TRADES,14.1889,14.2699,14.1889,14.215,1506.0,4,14.2241,49462420,LWLG
2026-05-15T13:38:00+00:00,LWLG,STK,,,0.0,TRADES,14.2,14.21,14.17,14.17,3200.0,5,14.19844,49462420,LWLG
2026-05-15T13:38:10+00:00,LWLG,STK,,,0.0,TRADES,14.22,14.22,14.1,14.15,29040.0,97,14.13795,49462420,LWLG
2026-05-15T13:38:20+00:00,LWLG,STK,,,0.0,TRADES,14.15,14.16,14.08,14.08,18791.0,62,14.12197,49462420,LWLG
2026-05-15T13:38:30+00:00,LWLG,STK,,,0.0,TRADES,14.096,14.0999,14.05,14.05,2160.0,15,14.06621,49462420,LWLG
2026-05-15T13:38:40+00:00,LWLG,STK,,,0.0,TRADES,14.0101,14.06,14.0101,14.06,2894.0,14,14.02991,49462420,LWLG
2026-05-15T13:38:50+00:00,LWLG,STK,,,0.0,TRADES,14.03,14.06,14.0,14.0,10069.0,16,14.02231,49462420,LWLG
2026-05-15T13:39:00+00:00,LWLG,STK,,,0.0,TRADES,14.02,14.084,14.02,14.084,5156.0,13,14.05185,49462420,LWLG
2026-05-15T13:39:10+00:00,LWLG,STK,,,0.0,TRADES,14.05,14.08,14.05,14.08,2365.0,14,14.06235,49462420,LWLG
2026-05-15T13:39:20+00:00,LWLG,STK,,,0.0,TRADES,14.0802,14.09,14.08,14.09,2173.0,6,14.086,49462420,LWLG
2026-05-15T13:39:30+00:00,LWLG,STK,,,0.0,TRADES,14.085,14.085,14.03,14.03,8141.0,12,14.07399,49462420,LWLG
2026-05-15T13:39:40+00:00,LWLG,STK,,,0.0,TRADES,14.05,14.074,14.0378,14.0378,775.0,4,14.05058,49462420,LWLG
2026-05-15T13:39:50+00:00,LWLG,STK,,,0.0,TRADES,14.025,14.025,14.0,14.02,2202.0,6,14.01955,49462420,LWLG
2026-05-15T13:40:00+00:00,LWLG,STK,,,0.0,TRADES,14.01,14.04,14.01,14.025,14615.0,28,14.03128,49462420,LWLG
2026-05-15T13:40:10+00:00,LWLG,STK,,,0.0,TRADES,14.04,14.09,14.01,14.09,5457.0,34,14.04167,49462420,LWLG
2026-05-15T13:40:20+00:00,LWLG,STK,,,0.0,TRADES,14.08,14.12,14.07,14.1,3444.0,14,14.0878,49462420,LWLG
2026-05-15T13:40:30+00:00,LWLG,STK,,,0.0,TRADES,14.11,14.1799,14.11,14.1799,4059.0,14,14.15413,49462420,LWLG
2026-05-15T13:40:40+00:00,LWLG,STK,,,0.0,TRADES,14.1942,14.25,14.1942,14.25,5411.0,16,14.22473,49462420,LWLG
2026-05-15T13:40:50+00:00,LWLG,STK,,,0.0,TRADES,14.27,14.27,14.27,14.27,600.0,6,14.27,49462420,LWLG
2026-05-15T13:41:00+00:00,LWLG,STK,,,0.0,TRADES,14.23,14.265,14.19,14.2446,4778.0,33,14.23061,49462420,LWLG
2026-05-15T13:41:10+00:00,LWLG,STK,,,0.0,TRADES,14.24,14.25,14.15,14.17,7436.0,30,14.20692,49462420,LWLG
2026-05-15T13:41:20+00:00,LWLG,STK,,,0.0,TRADES,14.2099,14.2099,14.13,14.1499,5100.0,7,14.16221,49462420,LWLG
2026-05-15T13:41:30+00:00,LWLG,STK,,,0.0,TRADES,14.12,14.135,14.11,14.135,1511.0,10,14.12165,49462420,LWLG
2026-05-15T13:41:40+00:00,LWLG,STK,,,0.0,TRADES,14.1101,14.1567,14.06,14.13,8235.0,40,14.10373,49462420,LWLG
2026-05-15T13:41:50+00:00,LWLG,STK,,,0.0,TRADES,14.14,14.1799,14.1,14.1542,7567.0,35,14.14535,49462420,LWLG
2026-05-15T13:42:00+00:00,LWLG,STK,,,0.0,TRADES,14.165,14.165,14.165,14.165,400.0,2,14.165,49462420,LWLG
2026-05-15T13:42:10+00:00,LWLG,STK,,,0.0,TRADES,14.15,14.16,14.1,14.16,7231.0,42,14.14483,49462420,LWLG
2026-05-15T13:42:20+00:00,LWLG,STK,,,0.0,TRADES,14.15,14.15,14.132,14.132,1441.0,3,14.14574,49462420,LWLG
2026-05-15T13:42:30+00:00,LWLG,STK,,,0.0,TRADES,14.15,14.1799,14.1,14.1393,7390.0,16,14.11452,49462420,LWLG
2026-05-15T13:42:40+00:00,LWLG,STK,,,0.0,TRADES,14.105,14.12,14.09,14.11,2900.0,20,14.10616,49462420,LWLG
2026-05-15T13:42:50+00:00,LWLG,STK,,,0.0,TRADES,14.11,14.11,14.0997,14.1,1699.0,4,14.1085,49462420,LWLG
2026-05-15T13:43:00+00:00,LWLG,STK,,,0.0,TRADES,14.13,14.15,14.1243,14.15,2877.0,17,14.13471,49462420,LWLG
2026-05-15T13:43:10+00:00,LWLG,STK,,,0.0,TRADES,14.18,14.1999,14.09,14.19,2050.0,13,14.15544,49462420,LWLG
2026-05-15T13:43:20+00:00,LWLG,STK,,,0.0,TRADES,14.19,14.19,14.14,14.17,3434.0,15,14.17057,49462420,LWLG
2026-05-15T13:43:30+00:00,LWLG,STK,,,0.0,TRADES,14.17,14.2,14.1088,14.1088,3348.0,15,14.16293,49462420,LWLG
2026-05-15T13:43:40+00:00,LWLG,STK,,,0.0,TRADES,14.145,14.2,14.145,14.15,3317.0,10,14.15569,49462420,LWLG
2026-05-15T13:43:50+00:00,LWLG,STK,,,0.0,TRADES,14.1101,14.19,14.1101,14.12,6193.0,10,14.12882,49462420,LWLG
2026-05-15T13:44:00+00:00,LWLG,STK,,,0.0,TRADES,14.14,14.155,14.11,14.11,2289.0,9,14.13905,49462420,LWLG
2026-05-15T13:44:10+00:00,LWLG,STK,,,0.0,TRADES,14.13,14.13,14.05,14.05,2000.0,6,14.1065,49462420,LWLG
2026-05-15T13:44:20+00:00,LWLG,STK,,,0.0,TRADES,14.05,14.05,14.02,14.02,8384.0,37,14.04015,49462420,LWLG
2026-05-15T13:44:30+00:00,LWLG,STK,,,0.0,TRADES,14.025,14.04,14.01,14.0325,35499.0,48,14.01694,49462420,LWLG
2026-05-15T13:44:40+00:00,LWLG,STK,,,0.0,TRADES,14.04,14.04,14.01,14.015,8578.0,18,14.0155,49462420,LWLG
2026-05-15T13:44:50+00:00,LWLG,STK,,,0.0,TRADES,14.02,14.082,14.02,14.07,12766.0,20,14.02887,49462420,LWLG
2026-05-15T13:45:00+00:00,LWLG,STK,,,0.0,TRADES,14.03,14.08,13.94,13.96,46427.0,87,14.00246,49462420,LWLG
2026-05-15T13:45:10+00:00,LWLG,STK,,,0.0,TRADES,13.985,14.0,13.945,13.97,3490.0,17,13.98325,49462420,LWLG
2026-05-15T13:45:20+00:00,LWLG,STK,,,0.0,TRADES,13.94,13.9456,13.91,13.93,3922.0,18,13.92743,49462420,LWLG
2026-05-15T13:45:30+00:00,LWLG,STK,,,0.0,TRADES,13.935,13.98,13.91,13.95,6472.0,32,13.94549,49462420,LWLG
2026-05-15T13:45:40+00:00,LWLG,STK,,,0.0,TRADES,13.92,13.96,13.88,13.88,12333.0,37,13.9025,49462420,LWLG
2026-05-15T13:45:50+00:00,LWLG,STK,,,0.0,TRADES,13.86,13.86,13.82,13.84,30575.0,51,13.84193,49462420,LWLG
2026-05-15T13:46:00+00:00,LWLG,STK,,,0.0,TRADES,13.84,13.875,13.8201,13.875,6990.0,29,13.85111,49462420,LWLG
2026-05-15T13:46:10+00:00,LWLG,STK,,,0.0,TRADES,13.88,13.88,13.8201,13.8201,4824.0,9,13.8534,49462420,LWLG
2026-05-15T13:46:20+00:00,LWLG,STK,,,0.0,TRADES,13.83,13.85,13.8,13.8,19867.0,19,13.80676,49462420,LWLG
2026-05-15T13:46:30+00:00,LWLG,STK,,,0.0,TRADES,13.84,13.84,13.8,13.82,3451.0,6,13.82956,49462420,LWLG
2026-05-15T13:46:40+00:00,LWLG,STK,,,0.0,TRADES,13.82,13.82,13.79,13.81,15839.0,43,13.79983,49462420,LWLG
2026-05-15T13:46:50+00:00,LWLG,STK,,,0.0,TRADES,13.78,13.796,13.7601,13.765,8653.0,30,13.77052,49462420,LWLG
2026-05-15T13:47:00+00:00,LWLG,STK,,,0.0,TRADES,13.765,13.78,13.76,13.76,6145.0,20,13.76929,49462420,LWLG
2026-05-15T13:47:10+00:00,LWLG,STK,,,0.0,TRADES,13.78,13.78,13.76,13.77,7729.0,10,13.77551,49462420,LWLG
2026-05-15T13:47:20+00:00,LWLG,STK,,,0.0,TRADES,13.77,13.8474,13.76,13.815,20021.0,52,13.80193,49462420,LWLG
2026-05-15T13:47:30+00:00,LWLG,STK,,,0.0,TRADES,13.825,13.8499,13.802,13.825,1700.0,6,13.81188,49462420,LWLG
2026-05-15T13:47:40+00:00,LWLG,STK,,,0.0,TRADES,13.81,13.82,13.7978,13.81,5346.0,30,13.81507,49462420,LWLG
2026-05-15T13:47:50+00:00,LWLG,STK,,,0.0,TRADES,13.8,13.81,13.79,13.81,2526.0,13,13.80278,49462420,LWLG
2026-05-15T13:48:00+00:00,LWLG,STK,,,0.0,TRADES,13.805,13.86,13.7975,13.85,11869.0,61,13.82575,49462420,LWLG
2026-05-15T13:48:10+00:00,LWLG,STK,,,0.0,TRADES,13.85,13.9,13.85,13.87,3130.0,16,13.86475,49462420,LWLG
2026-05-15T13:48:20+00:00,LWLG,STK,,,0.0,TRADES,13.9,13.9063,13.86,13.86,12545.0,16,13.87599,49462420,LWLG
2026-05-15T13:48:30+00:00,LWLG,STK,,,0.0,TRADES,13.86,13.885,13.86,13.885,2576.0,14,13.87383,49462420,LWLG
2026-05-15T13:48:40+00:00,LWLG,STK,,,0.0,TRADES,13.885,13.97,13.885,13.96,12608.0,17,13.89923,49462420,LWLG
2026-05-15T13:48:50+00:00,LWLG,STK,,,0.0,TRADES,13.945,13.9899,13.94,13.94,1540.0,8,13.9449,49462420,LWLG
2026-05-15T13:49:00+00:00,LWLG,STK,,,0.0,TRADES,13.945,13.945,13.9,13.93,3729.0,16,13.90708,49462420,LWLG
2026-05-15T13:49:10+00:00,LWLG,STK,,,0.0,TRADES,13.93,13.99,13.93,13.985,1818.0,17,13.97045,49462420,LWLG
2026-05-15T13:49:20+00:00,LWLG,STK,,,0.0,TRADES,13.985,14.0,13.97,14.0,1889.0,15,13.98961,49462420,LWLG
2026-05-15T13:49:30+00:00,LWLG,STK,,,0.0,TRADES,14.015,14.065,14.0,14.05,2300.0,15,14.0287,49462420,LWLG
2026-05-15T13:49:40+00:00,LWLG,STK,,,0.0,TRADES,14.05,14.08,14.05,14.06,3143.0,17,14.06332,49462420,LWLG
2026-05-15T13:49:50+00:00,LWLG,STK,,,0.0,TRADES,14.06,14.12,14.041,14.045,7067.0,14,14.05827,49462420,LWLG
2026-05-15T13:50:00+00:00,LWLG,STK,,,0.0,TRADES,14.09,14.09,14.07,14.09,422.0,3,14.08526,49462420,LWLG
2026-05-15T13:50:10+00:00,LWLG,STK,,,0.0,TRADES,14.09,14.09,14.04,14.04,3349.0,16,14.05474,49462420,LWLG
2026-05-15T13:50:20+00:00,LWLG,STK,,,0.0,TRADES,14.05,14.05,13.97,13.97,20461.0,49,14.01337,49462420,LWLG
2026-05-15T13:50:30+00:00,LWLG,STK,,,0.0,TRADES,13.9986,13.9986,13.93,13.935,1400.0,12,13.96659,49462420,LWLG
2026-05-15T13:50:40+00:00,LWLG,STK,,,0.0,TRADES,13.91,13.91,13.9,13.9,5809.0,13,13.90104,49462420,LWLG
2026-05-15T13:50:50+00:00,LWLG,STK,,,0.0,TRADES,13.9,13.9442,13.89,13.9442,14113.0,43,13.89899,49462420,LWLG
2026-05-15T13:51:00+00:00,LWLG,STK,,,0.0,TRADES,13.925,13.925,13.8601,13.88,14146.0,41,13.87476,49462420,LWLG
2026-05-15T13:51:10+00:00,LWLG,STK,,,0.0,TRADES,13.87,13.89,13.8601,13.88,4181.0,17,13.87315,49462420,LWLG
2026-05-15T13:51:20+00:00,LWLG,STK,,,0.0,TRADES,13.88,13.9,13.8799,13.88,8610.0,40,13.88025,49462420,LWLG
2026-05-15T13:51:30+00:00,LWLG,STK,,,0.0,TRADES,13.88,13.92,13.875,13.92,14973.0,89,13.8819,49462420,LWLG
2026-05-15T13:51:40+00:00,LWLG,STK,,,0.0,TRADES,13.92,13.9261,13.9,13.9,890.0,5,13.92125,49462420,LWLG
2026-05-15T13:51:50+00:00,LWLG,STK,,,0.0,TRADES,13.9,13.92,13.9,13.91,10523.0,66,13.90987,49462420,LWLG
2026-05-15T13:52:00+00:00,LWLG,STK,,,0.0,TRADES,13.9,13.94,13.88,13.94,27720.0,78,13.89061,49462420,LWLG
2026-05-15T13:52:10+00:00,LWLG,STK,,,0.0,TRADES,13.91,13.96,13.91,13.96,300.0,3,13.935,49462420,LWLG
2026-05-15T13:52:20+00:00,LWLG,STK,,,0.0,TRADES,13.94,13.9599,13.9,13.9599,2668.0,7,13.93599,49462420,LWLG
2026-05-15T13:52:30+00:00,LWLG,STK,,,0.0,TRADES,13.9354,13.978,13.91,13.96,4700.0,18,13.95694,49462420,LWLG
2026-05-15T13:52:40+00:00,LWLG,STK,,,0.0,TRADES,13.95,13.98,13.92,13.98,1913.0,8,13.94147,49462420,LWLG
2026-05-15T13:52:50+00:00,LWLG,STK,,,0.0,TRADES,13.96,13.96,13.923,13.923,1000.0,10,13.9513,49462420,LWLG
2026-05-15T13:53:00+00:00,LWLG,STK,,,0.0,TRADES,13.9686,13.9686,13.925,13.93,3018.0,14,13.94115,49462420,LWLG
2026-05-15T13:53:10+00:00,LWLG,STK,,,0.0,TRADES,13.925,13.98,13.925,13.94,2632.0,16,13.95035,49462420,LWLG
2026-05-15T13:53:20+00:00,LWLG,STK,,,0.0,TRADES,13.96,13.97,13.93,13.93,4496.0,19,13.94253,49462420,LWLG
2026-05-15T13:53:30+00:00,LWLG,STK,,,0.0,TRADES,13.96,13.96,13.9121,13.96,4300.0,9,13.95175,49462420,LWLG
2026-05-15T13:53:40+00:00,LWLG,STK,,,0.0,TRADES,13.96,13.99,13.96,13.99,1600.0,7,13.97922,49462420,LWLG
2026-05-15T13:53:50+00:00,LWLG,STK,,,0.0,TRADES,13.9501,14.0,13.9501,14.0,642.0,2,13.96114,49462420,LWLG
2026-05-15T13:54:00+00:00,LWLG,STK,,,0.0,TRADES,13.98,14.02,13.9628,14.0175,4503.0,15,13.98376,49462420,LWLG
2026-05-15T13:54:10+00:00,LWLG,STK,,,0.0,TRADES,14.04,14.06,14.03,14.03,1691.0,8,14.04549,49462420,LWLG
2026-05-15T13:54:20+00:00,LWLG,STK,,,0.0,TRADES,14.05,14.05,14.02,14.05,7337.0,3,14.04959,49462420,LWLG
2026-05-15T13:54:30+00:00,LWLG,STK,,,0.0,TRADES,14.07,14.1242,14.065,14.1,11710.0,30,14.09412,49462420,LWLG
2026-05-15T13:54:40+00:00,LWLG,STK,,,0.0,TRADES,14.1,14.1,14.06,14.06,7248.0,13,14.07698,49462420,LWLG
2026-05-15T13:54:50+00:00,LWLG,STK,,,0.0,TRADES,14.06,14.09,14.06,14.09,1533.0,6,14.06916,49462420,LWLG
2026-05-15T13:55:00+00:00,LWLG,STK,,,0.0,TRADES,14.07,14.09,14.0675,14.09,2077.0,13,14.08603,49462420,LWLG
2026-05-15T13:55:10+00:00,LWLG,STK,,,0.0,TRADES,14.1118,14.1118,14.07,14.095,6489.0,5,14.07721,49462420,LWLG
2026-05-15T13:55:20+00:00,LWLG,STK,,,0.0,TRADES,14.095,14.12,14.07,14.095,517.0,5,14.09099,49462420,LWLG
2026-05-15T13:55:30+00:00,LWLG,STK,,,0.0,TRADES,14.1,14.1,14.09,14.09,950.0,8,14.09526,49462420,LWLG
2026-05-15T13:55:40+00:00,LWLG,STK,,,0.0,TRADES,14.11,14.11,14.06,14.07,3212.0,10,14.08839,49462420,LWLG
2026-05-15T13:55:50+00:00,LWLG,STK,,,0.0,TRADES,14.08,14.11,14.06,14.06,17295.0,72,14.07234,49462420,LWLG
2026-05-15T13:56:00+00:00,LWLG,STK,,,0.0,TRADES,14.07,14.09,14.03,14.04,8986.0,21,14.05306,49462420,LWLG
2026-05-15T13:56:10+00:00,LWLG,STK,,,0.0,TRADES,14.05,14.085,14.04,14.085,3673.0,15,14.05488,49462420,LWLG
2026-05-15T13:56:20+00:00,LWLG,STK,,,0.0,TRADES,14.06,14.13,14.04,14.13,17059.0,33,14.11672,49462420,LWLG
2026-05-15T13:56:30+00:00,LWLG,STK,,,0.0,TRADES,14.075,14.075,14.04,14.04,5340.0,11,14.05321,49462420,LWLG
2026-05-15T13:56:40+00:00,LWLG,STK,,,0.0,TRADES,14.02,14.025,14.0,14.01,1531.0,10,14.0108,49462420,LWLG
2026-05-15T13:56:50+00:00,LWLG,STK,,,0.0,TRADES,14.0,14.02,14.0,14.02,3502.0,5,14.01059,49462420,LWLG
2026-05-15T13:57:00+00:00,LWLG,STK,,,0.0,TRADES,14.0075,14.03,13.98,13.98,5751.0,34,13.99799,49462420,LWLG
2026-05-15T13:57:10+00:00,LWLG,STK,,,0.0,TRADES,13.9873,13.9873,13.9099,13.9099,2932.0,7,13.94925,49462420,LWLG
2026-05-15T13:57:20+00:00,LWLG,STK,,,0.0,TRADES,13.9,13.9,13.885,13.8867,4551.0,24,13.89562,49462420,LWLG
2026-05-15T13:57:30+00:00,LWLG,STK,,,0.0,TRADES,13.91,13.92,13.8814,13.9,2400.0,12,13.90467,49462420,LWLG
2026-05-15T13:57:40+00:00,LWLG,STK,,,0.0,TRADES,13.92,13.9386,13.915,13.9177,1403.0,13,13.92327,49462420,LWLG
2026-05-15T13:57:50+00:00,LWLG,STK,,,0.0,TRADES,13.9,13.9,13.84,13.84,18112.0,120,13.87452,49462420,LWLG
2026-05-15T13:58:00+00:00,LWLG,STK,,,0.0,TRADES,13.8472,13.8472,13.76,13.7948,20797.0,82,13.78746,49462420,LWLG
2026-05-15T13:58:10+00:00,LWLG,STK,,,0.0,TRADES,13.8,13.83,13.78,13.81,2640.0,13,13.81,49462420,LWLG
2026-05-15T13:58:20+00:00,LWLG,STK,,,0.0,TRADES,13.7801,13.81,13.76,13.76,3795.0,22,13.77204,49462420,LWLG
2026-05-15T13:58:30+00:00,LWLG,STK,,,0.0,TRADES,13.76,13.7797,13.75,13.7502,20699.0,29,13.76666,49462420,LWLG
2026-05-15T13:58:40+00:00,LWLG,STK,,,0.0,TRADES,13.76,13.765,13.67,13.675,44254.0,100,13.71476,49462420,LWLG
2026-05-15T13:58:50+00:00,LWLG,STK,,,0.0,TRADES,13.675,13.71,13.62,13.6804,51635.0,162,13.64717,49462420,LWLG
2026-05-15T13:59:00+00:00,LWLG,STK,,,0.0,TRADES,13.67,13.685,13.6553,13.6683,7637.0,14,13.67651,49462420,LWLG
2026-05-15T13:59:10+00:00,LWLG,STK,,,0.0,TRADES,13.66,13.69,13.62,13.6201,15912.0,17,13.63173,49462420,LWLG
2026-05-15T13:59:20+00:00,LWLG,STK,,,0.0,TRADES,13.645,13.67,13.62,13.645,6560.0,12,13.64088,49462420,LWLG
2026-05-15T13:59:30+00:00,LWLG,STK,,,0.0,TRADES,13.62,13.6695,13.62,13.65,3800.0,10,13.65059,49462420,LWLG
2026-05-15T13:59:40+00:00,LWLG,STK,,,0.0,TRADES,13.645,13.6765,13.62,13.6765,13273.0,28,13.6646,49462420,LWLG
2026-05-15T13:59:50+00:00,LWLG,STK,,,0.0,TRADES,13.6609,13.67,13.65,13.67,3375.0,10,13.66002,49462420,LWLG
2026-05-15T14:00:00+00:00,LWLG,STK,,,0.0,TRADES,13.67,13.67,13.65,13.65,5312.0,8,13.65166,49462420,LWLG
2026-05-15T14:00:10+00:00,LWLG,STK,,,0.0,TRADES,13.6605,13.6605,13.63,13.63,5737.0,12,13.64681,49462420,LWLG
2026-05-15T14:00:20+00:00,LWLG,STK,,,0.0,TRADES,13.6499,13.6499,13.63,13.63,6640.0,13,13.63568,49462420,LWLG
2026-05-15T14:00:30+00:00,LWLG,STK,,,0.0,TRADES,13.6399,13.64,13.57,13.58,17961.0,70,13.59729,49462420,LWLG
2026-05-15T14:00:40+00:00,LWLG,STK,,,0.0,TRADES,13.58,13.6,13.55,13.6,11075.0,31,13.56778,49462420,LWLG
2026-05-15T14:00:50+00:00,LWLG,STK,,,0.0,TRADES,13.63,13.65,13.6,13.65,5185.0,29,13.63789,49462420,LWLG
2026-05-15T14:01:00+00:00,LWLG,STK,,,0.0,TRADES,13.6351,13.68,13.6351,13.68,7015.0,17,13.66612,49462420,LWLG
2026-05-15T14:01:10+00:00,LWLG,STK,,,0.0,TRADES,13.68,13.69,13.6709,13.68,1354.0,7,13.68007,49462420,LWLG
2026-05-15T14:01:20+00:00,LWLG,STK,,,0.0,TRADES,13.68,13.6954,13.6641,13.67,2543.0,16,13.67738,49462420,LWLG
2026-05-15T14:01:30+00:00,LWLG,STK,,,0.0,TRADES,13.67,13.71,13.65,13.71,2248.0,16,13.69153,49462420,LWLG
2026-05-15T14:01:40+00:00,LWLG,STK,,,0.0,TRADES,13.71,13.7399,13.7,13.71,1549.0,8,13.7185,49462420,LWLG
2026-05-15T14:01:50+00:00,LWLG,STK,,,0.0,TRADES,13.715,13.7193,13.705,13.718,1842.0,14,13.71265,49462420,LWLG
2026-05-15T14:02:00+00:00,LWLG,STK,,,0.0,TRADES,13.72,13.74,13.72,13.7386,10164.0,17,13.73625,49462420,LWLG
2026-05-15T14:02:10+00:00,LWLG,STK,,,0.0,TRADES,13.73,13.75,13.73,13.75,1695.0,10,13.74138,49462420,LWLG
2026-05-15T14:02:20+00:00,LWLG,STK,,,0.0,TRADES,13.7314,13.745,13.725,13.745,11398.0,12,13.73914,49462420,LWLG
2026-05-15T14:02:30+00:00,LWLG,STK,,,0.0,TRADES,13.745,13.8,13.7201,13.8,4983.0,11,13.76172,49462420,LWLG
2026-05-15T14:02:40+00:00,LWLG,STK,,,0.0,TRADES,13.79,13.8292,13.79,13.8,5323.0,13,13.80822,49462420,LWLG
2026-05-15T14:02:50+00:00,LWLG,STK,,,0.0,TRADES,13.8,13.8,13.7601,13.7601,4050.0,10,13.7666,49462420,LWLG
2026-05-15T14:03:00+00:00,LWLG,STK,,,0.0,TRADES,13.77,13.778,13.76,13.765,870.0,7,13.76494,49462420,LWLG
2026-05-15T14:03:10+00:00,LWLG,STK,,,0.0,TRADES,13.765,13.8,13.765,13.7717,1550.0,12,13.78303,49462420,LWLG
2026-05-15T14:03:20+00:00,LWLG,STK,,,0.0,TRADES,13.795,13.82,13.7499,13.75,21842.0,57,13.79155,49462420,LWLG
2026-05-15T14:03:30+00:00,LWLG,STK,,,0.0,TRADES,13.75,13.75,13.7301,13.75,6111.0,18,13.73987,49462420,LWLG
2026-05-15T14:03:40+00:00,LWLG,STK,,,0.0,TRADES,13.75,13.77,13.75,13.77,1300.0,12,13.76228,49462420,LWLG
2026-05-15T14:03:50+00:00,LWLG,STK,,,0.0,TRADES,13.7509,13.77,13.7509,13.77,2656.0,24,13.76608,49462420,LWLG
2026-05-15T14:04:00+00:00,LWLG,STK,,,0.0,TRADES,13.765,13.767,13.75,13.75,2638.0,17,13.75416,49462420,LWLG
2026-05-15T14:04:10+00:00,LWLG,STK,,,0.0,TRADES,13.7478,13.76,13.73,13.73,3351.0,16,13.7406,49462420,LWLG
2026-05-15T14:04:20+00:00,LWLG,STK,,,0.0,TRADES,13.73,13.76,13.73,13.76,3308.0,13,13.73564,49462420,LWLG
2026-05-15T14:04:30+00:00,LWLG,STK,,,0.0,TRADES,13.74,13.74,13.71,13.71,900.0,7,13.72196,49462420,LWLG
2026-05-15T14:04:40+00:00,LWLG,STK,,,0.0,TRADES,13.7,13.76,13.695,13.76,4123.0,19,13.70606,49462420,LWLG
2026-05-15T14:04:50+00:00,LWLG,STK,,,0.0,TRADES,13.695,13.753,13.695,13.715,7003.0,5,13.75097,49462420,LWLG
2026-05-15T14:05:00+00:00,LWLG,STK,,,0.0,TRADES,13.69,13.76,13.69,13.7301,2417.0,10,13.72077,49462420,LWLG
2026-05-15T14:05:10+00:00,LWLG,STK,,,0.0,TRADES,13.74,13.79,13.74,13.775,1155.0,9,13.77593,49462420,LWLG
2026-05-15T14:05:20+00:00,LWLG,STK,,,0.0,TRADES,13.775,13.775,13.73,13.73,2232.0,16,13.7459,49462420,LWLG
2026-05-15T14:05:30+00:00,LWLG,STK,,,0.0,TRADES,13.738,13.7391,13.73,13.7391,300.0,3,13.7357,49462420,LWLG
2026-05-15T14:05:40+00:00,LWLG,STK,,,0.0,TRADES,13.72,13.74,13.72,13.74,1147.0,8,13.73538,49462420,LWLG
2026-05-15T14:05:50+00:00,LWLG,STK,,,0.0,TRADES,13.75,13.775,13.75,13.775,800.0,6,13.76375,49462420,LWLG
2026-05-15T14:06:00+00:00,LWLG,STK,,,0.0,TRADES,13.77,13.79,13.77,13.78,2229.0,10,13.7787,49462420,LWLG
2026-05-15T14:06:10+00:00,LWLG,STK,,,0.0,TRADES,13.76,13.77,13.76,13.76,800.0,4,13.76125,49462420,LWLG
2026-05-15T14:06:20+00:00,LWLG,STK,,,0.0,TRADES,13.7593,13.78,13.7593,13.7601,2135.0,12,13.76687,49462420,LWLG
2026-05-15T14:06:30+00:00,LWLG,STK,,,0.0,TRADES,13.7515,13.765,13.75,13.75,850.0,4,13.76076,49462420,LWLG
2026-05-15T14:06:40+00:00,LWLG,STK,,,0.0,TRADES,13.755,13.78,13.7414,13.78,6036.0,23,13.75622,49462420,LWLG
2026-05-15T14:06:50+00:00,LWLG,STK,,,0.0,TRADES,13.76,13.76,13.74,13.74,2186.0,13,13.75405,49462420,LWLG
2026-05-15T14:07:00+00:00,LWLG,STK,,,0.0,TRADES,13.75,13.76,13.73,13.75,3068.0,24,13.74473,49462420,LWLG
2026-05-15T14:07:10+00:00,LWLG,STK,,,0.0,TRADES,13.75,13.75,13.74,13.75,2369.0,21,13.74233,49462420,LWLG
2026-05-15T14:07:20+00:00,LWLG,STK,,,0.0,TRADES,13.7377,13.74,13.72,13.72,3421.0,12,13.73403,49462420,LWLG
2026-05-15T14:07:30+00:00,LWLG,STK,,,0.0,TRADES,13.72,13.76,13.72,13.745,5507.0,24,13.73705,49462420,LWLG
2026-05-15T14:07:40+00:00,LWLG,STK,,,0.0,TRADES,13.74,13.74,13.73,13.73,200.0,2,13.735,49462420,LWLG
2026-05-15T14:07:50+00:00,LWLG,STK,,,0.0,TRADES,13.75,13.75,13.73,13.7496,3450.0,7,13.74811,49462420,LWLG
2026-05-15T14:08:00+00:00,LWLG,STK,,,0.0,TRADES,13.725,13.7493,13.725,13.7484,931.0,6,13.73404,49462420,LWLG
2026-05-15T14:08:10+00:00,LWLG,STK,,,0.0,TRADES,13.725,13.7899,13.725,13.7899,1931.0,17,13.76346,49462420,LWLG
2026-05-15T14:08:20+00:00,LWLG,STK,,,0.0,TRADES,13.7515,13.77,13.7515,13.76,1315.0,11,13.76554,49462420,LWLG
2026-05-15T14:08:30+00:00,LWLG,STK,,,0.0,TRADES,13.79,13.84,13.79,13.82,1880.0,18,13.8141,49462420,LWLG
2026-05-15T14:08:40+00:00,LWLG,STK,,,0.0,TRADES,13.83,13.83,13.83,13.83,920.0,3,13.83,49462420,LWLG
2026-05-15T14:08:50+00:00,LWLG,STK,,,0.0,TRADES,13.805,13.833,13.805,13.833,1320.0,3,13.80967,49462420,LWLG
2026-05-15T14:09:00+00:00,LWLG,STK,,,0.0,TRADES,13.84,13.88,13.84,13.88,1476.0,10,13.8561,49462420,LWLG
2026-05-15T14:09:10+00:00,LWLG,STK,,,0.0,TRADES,13.88,13.9299,13.88,13.9001,5962.0,6,13.92268,49462420,LWLG
2026-05-15T14:09:20+00:00,LWLG,STK,,,0.0,TRADES,13.93,13.935,13.89,13.89,9439.0,20,13.90878,49462420,LWLG
2026-05-15T14:09:30+00:00,LWLG,STK,,,0.0,TRADES,13.9,13.92,13.9,13.92,17441.0,5,13.90487,49462420,LWLG
2026-05-15T14:09:40+00:00,LWLG,STK,,,0.0,TRADES,13.9,13.944,13.8901,13.944,3691.0,4,13.90128,49462420,LWLG
2026-05-15T14:09:50+00:00,LWLG,STK,,,0.0,TRADES,13.915,13.9207,13.915,13.92,610.0,4,13.91849,49462420,LWLG
2026-05-15T14:10:00+00:00,LWLG,STK,,,0.0,TRADES,13.93,13.9499,13.93,13.9499,2375.0,6,13.94518,49462420,LWLG
2026-05-15T14:10:10+00:00,LWLG,STK,,,0.0,TRADES,13.91,13.935,13.9,13.925,6713.0,45,13.90982,49462420,LWLG
2026-05-15T14:10:20+00:00,LWLG,STK,,,0.0,TRADES,13.925,13.925,13.915,13.915,3234.0,20,13.91997,49462420,LWLG
2026-05-15T14:10:30+00:00,LWLG,STK,,,0.0,TRADES,13.91,13.93,13.91,13.93,1990.0,15,13.91613,49462420,LWLG
2026-05-15T14:10:40+00:00,LWLG,STK,,,0.0,TRADES,13.93,13.93,13.93,13.93,0.0,0,13.93,49462420,LWLG
2026-05-15T14:10:50+00:00,LWLG,STK,,,0.0,TRADES,13.9322,13.95,13.9322,13.94,1090.0,4,13.94396,49462420,LWLG
2026-05-15T14:11:00+00:00,LWLG,STK,,,0.0,TRADES,13.9322,13.95,13.91,13.91,11730.0,21,13.92262,49462420,LWLG
2026-05-15T14:11:10+00:00,LWLG,STK,,,0.0,TRADES,13.9191,13.9191,13.84,13.84,21550.0,28,13.90247,49462420,LWLG
2026-05-15T14:11:20+00:00,LWLG,STK,,,0.0,TRADES,13.83,13.835,13.82,13.83,2678.0,16,13.82701,49462420,LWLG
2026-05-15T14:11:30+00:00,LWLG,STK,,,0.0,TRADES,13.83,13.85,13.81,13.83,2137.0,6,13.8359,49462420,LWLG
2026-05-15T14:11:40+00:00,LWLG,STK,,,0.0,TRADES,13.85,13.875,13.85,13.875,5342.0,20,13.86213,49462420,LWLG
2026-05-15T14:11:50+00:00,LWLG,STK,,,0.0,TRADES,13.89,13.89,13.875,13.89,2228.0,18,13.88029,49462420,LWLG
2026-05-15T14:12:00+00:00,LWLG,STK,,,0.0,TRADES,13.89,13.9,13.87,13.87,6135.0,14,13.87553,49462420,LWLG
2026-05-15T14:12:10+00:00,LWLG,STK,,,0.0,TRADES,13.89,13.89,13.88,13.89,300.0,3,13.88667,49462420,LWLG
2026-05-15T14:12:20+00:00,LWLG,STK,,,0.0,TRADES,13.89,13.9,13.87,13.9,11700.0,14,13.88632,49462420,LWLG
2026-05-15T14:12:30+00:00,LWLG,STK,,,0.0,TRADES,13.9,13.92,13.9,13.92,2325.0,8,13.91215,49462420,LWLG
2026-05-15T14:12:40+00:00,LWLG,STK,,,0.0,TRADES,13.915,13.97,13.915,13.97,14894.0,39,13.95101,49462420,LWLG
2026-05-15T14:12:50+00:00,LWLG,STK,,,0.0,TRADES,13.94,13.9799,13.9357,13.9799,700.0,5,13.95294,49462420,LWLG
2026-05-15T14:13:00+00:00,LWLG,STK,,,0.0,TRADES,13.94,14.02,13.94,13.985,5691.0,33,13.99434,49462420,LWLG
2026-05-15T14:13:10+00:00,LWLG,STK,,,0.0,TRADES,14.01,14.02,14.0,14.0199,2788.0,10,14.00999,49462420,LWLG
2026-05-15T14:13:20+00:00,LWLG,STK,,,0.0,TRADES,14.02,14.03,14.015,14.03,1614.0,10,14.02113,49462420,LWLG
2026-05-15T14:13:30+00:00,LWLG,STK,,,0.0,TRADES,14.048,14.075,14.048,14.075,500.0,5,14.0616,49462420,LWLG
2026-05-15T14:13:40+00:00,LWLG,STK,,,0.0,TRADES,14.06,14.075,14.055,14.055,5371.0,21,14.06294,49462420,LWLG
2026-05-15T14:13:50+00:00,LWLG,STK,,,0.0,TRADES,14.06,14.065,14.06,14.065,2689.0,4,14.0611,49462420,LWLG
2026-05-15T14:14:00+00:00,LWLG,STK,,,0.0,TRADES,14.075,14.12,14.065,14.105,7033.0,18,14.10049,49462420,LWLG
2026-05-15T14:14:10+00:00,LWLG,STK,,,0.0,TRADES,14.105,14.12,14.1002,14.115,8262.0,17,14.10334,49462420,LWLG
2026-05-15T14:14:20+00:00,LWLG,STK,,,0.0,TRADES,14.12,14.13,14.115,14.12,2945.0,14,14.12255,49462420,LWLG
2026-05-15T14:14:30+00:00,LWLG,STK,,,0.0,TRADES,14.12,14.12,14.1,14.1067,1768.0,12,14.10744,49462420,LWLG
2026-05-15T14:14:40+00:00,LWLG,STK,,,0.0,TRADES,14.08,14.085,14.025,14.035,5647.0,22,14.05222,49462420,LWLG
2026-05-15T14:14:50+00:00,LWLG,STK,,,0.0,TRADES,14.0589,14.065,14.05,14.06,2393.0,9,14.05583,49462420,LWLG
2026-05-15T14:15:00+00:00,LWLG,STK,,,0.0,TRADES,14.065,14.1,14.055,14.08,6657.0,21,14.0798,49462420,LWLG
2026-05-15T14:15:10+00:00,LWLG,STK,,,0.0,TRADES,14.075,14.075,14.03,14.04,16583.0,20,14.04222,49462420,LWLG
2026-05-15T14:15:20+00:00,LWLG,STK,,,0.0,TRADES,14.035,14.05,13.98,13.98,6275.0,26,14.01536,49462420,LWLG
2026-05-15T14:15:30+00:00,LWLG,STK,,,0.0,TRADES,13.955,14.06,13.955,14.06,6246.0,24,14.01461,49462420,LWLG
2026-05-15T14:15:40+00:00,LWLG,STK,,,0.0,TRADES,14.055,14.085,14.0101,14.085,2123.0,12,14.04395,49462420,LWLG
2026-05-15T14:15:50+00:00,LWLG,STK,,,0.0,TRADES,14.1,14.12,14.09,14.115,2327.0,10,14.11058,49462420,LWLG
2026-05-15T14:16:00+00:00,LWLG,STK,,,0.0,TRADES,14.14,14.16,14.115,14.115,10405.0,28,14.14968,49462420,LWLG
2026-05-15T14:16:10+00:00,LWLG,STK,,,0.0,TRADES,14.1625,14.1799,14.145,14.15,902.0,4,14.16819,49462420,LWLG
2026-05-15T14:16:20+00:00,LWLG,STK,,,0.0,TRADES,14.11,14.12,14.1,14.1127,2149.0,8,14.10829,49462420,LWLG
2026-05-15T14:16:30+00:00,LWLG,STK,,,0.0,TRADES,14.07,14.1199,14.06,14.085,1870.0,7,14.08441,49462420,LWLG
2026-05-15T14:16:40+00:00,LWLG,STK,,,0.0,TRADES,14.08,14.085,14.08,14.08,864.0,5,14.08245,49462420,LWLG
2026-05-15T14:16:50+00:00,LWLG,STK,,,0.0,TRADES,14.085,14.1,14.08,14.09,2150.0,11,14.09012,49462420,LWLG
2026-05-15T14:17:00+00:00,LWLG,STK,,,0.0,TRADES,14.085,14.1,14.08,14.085,7548.0,12,14.08207,49462420,LWLG
2026-05-15T14:17:10+00:00,LWLG,STK,,,0.0,TRADES,14.09,14.09,14.015,14.04,12585.0,23,14.0653,49462420,LWLG
2026-05-15T14:17:20+00:00,LWLG,STK,,,0.0,TRADES,14.03,14.04,14.005,14.005,693.0,4,14.01943,49462420,LWLG
2026-05-15T14:17:30+00:00,LWLG,STK,,,0.0,TRADES,14.02,14.04,14.02,14.04,3456.0,17,14.02931,49462420,LWLG
2026-05-15T14:17:40+00:00,LWLG,STK,,,0.0,TRADES,14.045,14.0517,14.03,14.04,1445.0,4,14.04825,49462420,LWLG
2026-05-15T14:17:50+00:00,LWLG,STK,,,0.0,TRADES,14.04,14.05,14.02,14.025,12728.0,34,14.0432,49462420,LWLG
2026-05-15T14:18:00+00:00,LWLG,STK,,,0.0,TRADES,14.05,14.08,14.05,14.06,3658.0,10,14.07083,49462420,LWLG
2026-05-15T14:18:10+00:00,LWLG,STK,,,0.0,TRADES,14.065,14.09,14.055,14.075,1139.0,6,14.06849,49462420,LWLG
2026-05-15T14:18:20+00:00,LWLG,STK,,,0.0,TRADES,14.075,14.12,14.065,14.075,7602.0,20,14.09609,49462420,LWLG
2026-05-15T14:18:30+00:00,LWLG,STK,,,0.0,TRADES,14.1228,14.1228,14.09,14.0901,1471.0,7,14.10197,49462420,LWLG
2026-05-15T14:18:40+00:00,LWLG,STK,,,0.0,TRADES,14.12,14.12,14.11,14.11,1600.0,3,14.11063,49462420,LWLG
2026-05-15T14:18:50+00:00,LWLG,STK,,,0.0,TRADES,14.11,14.13,14.095,14.13,1506.0,9,14.11382,49462420,LWLG
2026-05-15T14:19:00+00:00,LWLG,STK,,,0.0,TRADES,14.14,14.14,14.125,14.13,10774.0,24,14.13807,49462420,LWLG
2026-05-15T14:19:10+00:00,LWLG,STK,,,0.0,TRADES,14.13,14.14,14.09,14.09,3091.0,17,14.11112,49462420,LWLG
2026-05-15T14:19:20+00:00,LWLG,STK,,,0.0,TRADES,14.088,14.107,14.08,14.107,4200.0,9,14.088,49462420,LWLG
2026-05-15T14:19:30+00:00,LWLG,STK,,,0.0,TRADES,14.11,14.1322,14.11,14.13,1200.0,10,14.1181,49462420,LWLG
2026-05-15T14:19:40+00:00,LWLG,STK,,,0.0,TRADES,14.13,14.13,14.12,14.12,913.0,5,14.1252,49462420,LWLG
2026-05-15T14:19:50+00:00,LWLG,STK,,,0.0,TRADES,14.12,14.13,14.11,14.13,800.0,3,14.1225,49462420,LWLG
2026-05-15T14:20:00+00:00,LWLG,STK,,,0.0,TRADES,14.11,14.11,14.1,14.1,905.0,6,14.10221,49462420,LWLG
2026-05-15T14:20:10+00:00,LWLG,STK,,,0.0,TRADES,14.08,14.115,14.065,14.115,16231.0,26,14.07853,49462420,LWLG
2026-05-15T14:20:20+00:00,LWLG,STK,,,0.0,TRADES,14.09,14.1,14.09,14.095,1800.0,11,14.09611,49462420,LWLG
2026-05-15T14:20:30+00:00,LWLG,STK,,,0.0,TRADES,14.08,14.08,14.02,14.02,1202.0,10,14.05709,49462420,LWLG
2026-05-15T14:20:40+00:00,LWLG,STK,,,0.0,TRADES,14.0,14.0,13.99,13.991,8998.0,25,13.99809,49462420,LWLG
2026-05-15T14:20:50+00:00,LWLG,STK,,,0.0,TRADES,14.0,14.02,13.9901,14.015,5000.0,13,14.00974,49462420,LWLG
2026-05-15T14:21:00+00:00,LWLG,STK,,,0.0,TRADES,14.01,14.026,14.01,14.02,8871.0,4,14.02274,49462420,LWLG
2026-05-15T14:21:10+00:00,LWLG,STK,,,0.0,TRADES,14.02,14.02,14.02,14.02,200.0,2,14.02,49462420,LWLG
2026-05-15T14:21:20+00:00,LWLG,STK,,,0.0,TRADES,14.02,14.02,13.99,14.0091,6651.0,9,13.99878,49462420,LWLG
2026-05-15T14:21:30+00:00,LWLG,STK,,,0.0,TRADES,13.99,14.01,13.99,13.9929,4062.0,16,13.9982,49462420,LWLG
2026-05-15T14:21:40+00:00,LWLG,STK,,,0.0,TRADES,13.99,14.01,13.97,14.01,7774.0,15,13.99427,49462420,LWLG
2026-05-15T14:21:50+00:00,LWLG,STK,,,0.0,TRADES,14.015,14.0201,14.015,14.02,550.0,4,14.01914,49462420,LWLG
2026-05-15T14:22:00+00:00,LWLG,STK,,,0.0,TRADES,14.04,14.06,14.04,14.045,1565.0,10,14.04898,49462420,LWLG
2026-05-15T14:22:10+00:00,LWLG,STK,,,0.0,TRADES,14.03,14.03,13.98,13.988,5059.0,16,13.9941,49462420,LWLG
2026-05-15T14:22:20+00:00,LWLG,STK,,,0.0,TRADES,13.97,13.9794,13.97,13.9791,2663.0,5,13.97105,49462420,LWLG
2026-05-15T14:22:30+00:00,LWLG,STK,,,0.0,TRADES,13.97,13.97,13.9601,13.97,3503.0,7,13.96293,49462420,LWLG
2026-05-15T14:22:40+00:00,LWLG,STK,,,0.0,TRADES,13.98,13.99,13.98,13.99,1494.0,8,13.98933,49462420,LWLG
2026-05-15T14:22:50+00:00,LWLG,STK,,,0.0,TRADES,14.01,14.01,14.01,14.01,100.0,1,14.01,49462420,LWLG
2026-05-15T14:23:00+00:00,LWLG,STK,,,0.0,TRADES,14.01,14.0288,14.0,14.0288,1900.0,7,14.00819,49462420,LWLG
2026-05-15T14:23:10+00:00,LWLG,STK,,,0.0,TRADES,14.0,14.0,13.95,13.95,1576.0,8,13.97062,49462420,LWLG
2026-05-15T14:23:20+00:00,LWLG,STK,,,0.0,TRADES,13.95,13.95,13.94,13.95,1773.0,15,13.94887,49462420,LWLG
2026-05-15T14:23:30+00:00,LWLG,STK,,,0.0,TRADES,13.97,13.99,13.97,13.99,1225.0,6,13.9795,49462420,LWLG
2026-05-15T14:23:40+00:00,LWLG,STK,,,0.0,TRADES,13.99,13.99,13.99,13.99,0.0,0,13.99,49462420,LWLG
2026-05-15T14:23:50+00:00,LWLG,STK,,,0.0,TRADES,14.0,14.0,13.9714,13.9714,750.0,3,13.99419,49462420,LWLG
2026-05-15T14:24:00+00:00,LWLG,STK,,,0.0,TRADES,14.0,14.0175,14.0,14.0175,400.0,4,14.01063,49462420,LWLG
2026-05-15T14:24:10+00:00,LWLG,STK,,,0.0,TRADES,14.0013,14.0013,14.0013,14.0013,100.0,1,14.0013,49462420,LWLG
2026-05-15T14:24:20+00:00,LWLG,STK,,,0.0,TRADES,14.0,14.0,13.93,13.98,10654.0,44,13.95972,49462420,LWLG
2026-05-15T14:24:30+00:00,LWLG,STK,,,0.0,TRADES,13.965,14.02,13.965,14.02,1869.0,13,13.99793,49462420,LWLG
2026-05-15T14:24:40+00:00,LWLG,STK,,,0.0,TRADES,13.99,14.0,13.99,13.99,320.0,3,13.99375,49462420,LWLG
2026-05-15T14:24:50+00:00,LWLG,STK,,,0.0,TRADES,13.99,13.99,13.97,13.99,800.0,5,13.98453,49462420,LWLG
2026-05-15T14:25:00+00:00,LWLG,STK,,,0.0,TRADES,13.985,13.985,13.976,13.976,1505.0,4,13.98374,49462420,LWLG
2026-05-15T14:25:10+00:00,LWLG,STK,,,0.0,TRADES,13.98,14.0,13.975,13.975,1930.0,9,13.98495,49462420,LWLG
2026-05-15T14:25:20+00:00,LWLG,STK,,,0.0,TRADES,13.97,13.98,13.965,13.98,1113.0,7,13.97333,49462420,LWLG
2026-05-15T14:25:30+00:00,LWLG,STK,,,0.0,TRADES,13.97,13.99,13.9501,13.9601,3650.0,6,13.95693,49462420,LWLG
2026-05-15T14:25:40+00:00,LWLG,STK,,,0.0,TRADES,14.01,14.01,14.01,14.01,200.0,1,14.01,49462420,LWLG
2026-05-15T14:25:50+00:00,LWLG,STK,,,0.0,TRADES,13.97,13.98,13.97,13.98,200.0,2,13.975,49462420,LWLG
2026-05-15T14:26:00+00:00,LWLG,STK,,,0.0,TRADES,13.99,13.99,13.97,13.98,972.0,5,13.98074,49462420,LWLG
2026-05-15T14:26:10+00:00,LWLG,STK,,,0.0,TRADES,14.0,14.0,13.97,13.97,2514.0,9,13.97216,49462420,LWLG
2026-05-15T14:26:20+00:00,LWLG,STK,,,0.0,TRADES,13.96,13.96,13.935,13.935,1985.0,8,13.94804,49462420,LWLG
2026-05-15T14:26:30+00:00,LWLG,STK,,,0.0,TRADES,13.91,13.95,13.91,13.9298,1867.0,15,13.94393,49462420,LWLG
2026-05-15T14:26:40+00:00,LWLG,STK,,,0.0,TRADES,13.96,13.96,13.95,13.95,1626.0,9,13.95871,49462420,LWLG
2026-05-15T14:26:50+00:00,LWLG,STK,,,0.0,TRADES,13.9405,13.95,13.93,13.93,700.0,5,13.93764,49462420,LWLG
2026-05-15T14:27:00+00:00,LWLG,STK,,,0.0,TRADES,13.92,13.94,13.91,13.94,4850.0,10,13.93549,49462420,LWLG
2026-05-15T14:27:10+00:00,LWLG,STK,,,0.0,TRADES,13.988,13.988,13.988,13.988,288.0,1,13.988,49462420,LWLG
2026-05-15T14:27:20+00:00,LWLG,STK,,,0.0,TRADES,13.96,13.98,13.94,13.94,5032.0,37,13.96779,49462420,LWLG
2026-05-15T14:27:30+00:00,LWLG,STK,,,0.0,TRADES,13.965,13.965,13.95,13.95,750.0,5,13.96033,49462420,LWLG
2026-05-15T14:27:40+00:00,LWLG,STK,,,0.0,TRADES,13.9899,13.9899,13.95,13.97,300.0,3,13.96997,49462420,LWLG
2026-05-15T14:27:50+00:00,LWLG,STK,,,0.0,TRADES,13.97,13.97,13.97,13.97,0.0,0,13.97,49462420,LWLG
2026-05-15T14:28:00+00:00,LWLG,STK,,,0.0,TRADES,13.96,13.98,13.96,13.97,400.0,3,13.97,49462420,LWLG
2026-05-15T14:28:10+00:00,LWLG,STK,,,0.0,TRADES,13.965,13.97,13.96,13.97,300.0,3,13.965,49462420,LWLG
2026-05-15T14:28:20+00:00,LWLG,STK,,,0.0,TRADES,13.95,13.95,13.95,13.95,248.0,2,13.95,49462420,LWLG
2026-05-15T14:28:30+00:00,LWLG,STK,,,0.0,TRADES,13.95,14.0,13.95,14.0,2636.0,15,13.9737,49462420,LWLG
2026-05-15T14:28:40+00:00,LWLG,STK,,,0.0,TRADES,13.975,13.9788,13.975,13.977,1800.0,3,13.97553,49462420,LWLG
2026-05-15T14:28:50+00:00,LWLG,STK,,,0.0,TRADES,13.97,13.98,13.95,13.98,1190.0,6,13.9679,49462420,LWLG
2026-05-15T14:29:00+00:00,LWLG,STK,,,0.0,TRADES,13.965,13.965,13.95,13.95,2501.0,16,13.95414,49462420,LWLG
2026-05-15T14:29:10+00:00,LWLG,STK,,,0.0,TRADES,13.94,13.94,13.93,13.935,4372.0,21,13.93366,49462420,LWLG
2026-05-15T14:29:20+00:00,LWLG,STK,,,0.0,TRADES,13.9219,13.9219,13.905,13.905,1308.0,7,13.91066,49462420,LWLG
2026-05-15T14:29:30+00:00,LWLG,STK,,,0.0,TRADES,13.91,13.9483,13.91,13.925,3144.0,13,13.92358,49462420,LWLG
2026-05-15T14:29:40+00:00,LWLG,STK,,,0.0,TRADES,13.92,13.94,13.9001,13.91,1502.0,8,13.92056,49462420,LWLG
2026-05-15T14:29:50+00:00,LWLG,STK,,,0.0,TRADES,13.92,13.92,13.92,13.92,1000.0,1,13.92,49462420,LWLG
2026-05-15T14:30:00+00:00,LWLG,STK,,,0.0,TRADES,13.95,13.985,13.93,13.93,7930.0,30,13.96153,49462420,LWLG
2026-05-15T14:30:10+00:00,LWLG,STK,,,0.0,TRADES,13.945,13.95,13.92,13.95,746.0,5,13.94231,49462420,LWLG
2026-05-15T14:30:20+00:00,LWLG,STK,,,0.0,TRADES,13.945,13.945,13.9133,13.9133,1987.0,5,13.9434,49462420,LWLG
2026-05-15T14:30:30+00:00,LWLG,STK,,,0.0,TRADES,13.94,13.96,13.94,13.945,596.0,4,13.95133,49462420,LWLG
2026-05-15T14:30:40+00:00,LWLG,STK,,,0.0,TRADES,13.92,13.925,13.92,13.925,503.0,3,13.92301,49462420,LWLG
2026-05-15T14:30:50+00:00,LWLG,STK,,,0.0,TRADES,13.91,13.92,13.91,13.92,670.0,4,13.91448,49462420,LWLG
2026-05-15T14:31:00+00:00,LWLG,STK,,,0.0,TRADES,13.92,13.98,13.92,13.98,3800.0,10,13.94358,49462420,LWLG
2026-05-15T14:31:10+00:00,LWLG,STK,,,0.0,TRADES,13.9401,13.97,13.9401,13.95,1420.0,4,13.9517,49462420,LWLG
2026-05-15T14:31:20+00:00,LWLG,STK,,,0.0,TRADES,13.945,13.97,13.945,13.97,1140.0,6,13.96781,49462420,LWLG
2026-05-15T14:31:30+00:00,LWLG,STK,,,0.0,TRADES,13.97,13.97,13.95,13.9514,2362.0,5,13.95449,49462420,LWLG
2026-05-15T14:31:40+00:00,LWLG,STK,,,0.0,TRADES,13.95,13.95,13.9457,13.9457,1200.0,2,13.94642,49462420,LWLG
2026-05-15T14:31:50+00:00,LWLG,STK,,,0.0,TRADES,13.955,13.9613,13.94,13.9613,11158.0,11,13.9501,49462420,LWLG
2026-05-15T14:32:00+00:00,LWLG,STK,,,0.0,TRADES,13.96,13.98,13.96,13.97,713.0,6,13.97047,49462420,LWLG
2026-05-15T14:32:10+00:00,LWLG,STK,,,0.0,TRADES,13.97,13.97,13.97,13.97,820.0,8,13.97,49462420,LWLG
2026-05-15T14:32:20+00:00,LWLG,STK,,,0.0,TRADES,13.97,13.97,13.97,13.97,150.0,1,13.97,49462420,LWLG
2026-05-15T14:32:30+00:00,LWLG,STK,,,0.0,TRADES,13.9557,13.96,13.9557,13.96,312.0,2,13.95846,49462420,LWLG
2026-05-15T14:32:40+00:00,LWLG,STK,,,0.0,TRADES,13.9665,13.9665,13.94,13.94,1100.0,7,13.95659,49462420,LWLG
2026-05-15T14:32:50+00:00,LWLG,STK,,,0.0,TRADES,13.94,13.95,13.94,13.95,1800.0,6,13.94599,49462420,LWLG
2026-05-15T14:33:00+00:00,LWLG,STK,,,0.0,TRADES,13.95,13.95,13.95,13.95,750.0,1,13.95,49462420,LWLG
2026-05-15T14:33:10+00:00,LWLG,STK,,,0.0,TRADES,13.95,13.9699,13.945,13.95,1382.0,8,13.94944,49462420,LWLG
2026-05-15T14:33:20+00:00,LWLG,STK,,,0.0,TRADES,13.94,13.94,13.935,13.935,200.0,2,13.9375,49462420,LWLG
2026-05-15T14:33:30+00:00,LWLG,STK,,,0.0,TRADES,13.94,13.9595,13.91,13.91,2700.0,27,13.93017,49462420,LWLG
2026-05-15T14:33:40+00:00,LWLG,STK,,,0.0,TRADES,13.9196,13.9196,13.9196,13.9196,200.0,1,13.9196,49462420,LWLG
2026-05-15T14:33:50+00:00,LWLG,STK,,,0.0,TRADES,13.91,14.005,13.91,13.95,154450.0,100,13.99598,49462420,LWLG
2026-05-15T14:34:00+00:00,LWLG,STK,,,0.0,TRADES,13.955,13.955,13.91,13.925,2828.0,20,13.9352,49462420,LWLG
2026-05-15T14:34:10+00:00,LWLG,STK,,,0.0,TRADES,13.91,13.91,13.88,13.88,13495.0,17,13.88693,49462420,LWLG
2026-05-15T14:34:20+00:00,LWLG,STK,,,0.0,TRADES,13.88,13.88,13.88,13.88,1300.0,6,13.88,49462420,LWLG
2026-05-15T14:34:30+00:00,LWLG,STK,,,0.0,TRADES,13.89,13.89,13.89,13.89,100.0,1,13.89,49462420,LWLG
2026-05-15T14:34:40+00:00,LWLG,STK,,,0.0,TRADES,13.87,13.87,13.8,13.865,17030.0,88,13.83491,49462420,LWLG
2026-05-15T14:34:50+00:00,LWLG,STK,,,0.0,TRADES,13.865,13.89,13.865,13.89,2325.0,4,13.86751,49462420,LWLG
2026-05-15T14:35:00+00:00,LWLG,STK,,,0.0,TRADES,13.89,13.93,13.89,13.92,2019.0,15,13.91362,49462420,LWLG
2026-05-15T14:35:10+00:00,LWLG,STK,,,0.0,TRADES,13.915,13.915,13.885,13.885,655.0,4,13.89504,49462420,LWLG
2026-05-15T14:35:20+00:00,LWLG,STK,,,0.0,TRADES,13.9184,13.92,13.9184,13.92,1965.0,13,13.91949,49462420,LWLG
2026-05-15T14:35:30+00:00,LWLG,STK,,,0.0,TRADES,13.92,13.92,13.885,13.885,1800.0,9,13.91639,49462420,LWLG
2026-05-15T14:35:40+00:00,LWLG,STK,,,0.0,TRADES,13.9098,13.9098,13.88,13.88,400.0,3,13.8949,49462420,LWLG
2026-05-15T14:35:50+00:00,LWLG,STK,,,0.0,TRADES,13.885,13.89,13.885,13.89,200.0,2,13.8875,49462420,LWLG
2026-05-15T14:36:00+00:00,LWLG,STK,,,0.0,TRADES,13.89,13.89,13.89,13.89,300.0,3,13.89,49462420,LWLG
2026-05-15T14:36:10+00:00,LWLG,STK,,,0.0,TRADES,13.9,13.9,13.87,13.88,2648.0,14,13.8769,49462420,LWLG
2026-05-15T14:36:20+00:00,LWLG,STK,,,0.0,TRADES,13.875,13.89,13.875,13.89,3285.0,29,13.87805,49462420,LWLG
2026-05-15T14:36:30+00:00,LWLG,STK,,,0.0,TRADES,13.89,13.9,13.87,13.87,2644.0,22,13.88772,49462420,LWLG
2026-05-15T14:36:40+00:00,LWLG,STK,,,0.0,TRADES,13.865,13.87,13.865,13.87,200.0,2,13.8675,49462420,LWLG
2026-05-15T14:36:50+00:00,LWLG,STK,,,0.0,TRADES,13.88,13.88,13.86,13.8669,5082.0,25,13.8629,49462420,LWLG
2026-05-15T14:37:00+00:00,LWLG,STK,,,0.0,TRADES,13.875,13.875,13.875,13.875,100.0,1,13.875,49462420,LWLG
2026-05-15T14:37:10+00:00,LWLG,STK,,,0.0,TRADES,13.87,13.87,13.87,13.87,1358.0,6,13.87,49462420,LWLG
2026-05-15T14:37:20+00:00,LWLG,STK,,,0.0,TRADES,13.86,13.89,13.86,13.875,4141.0,33,13.87985,49462420,LWLG
2026-05-15T14:37:30+00:00,LWLG,STK,,,0.0,TRADES,13.875,13.91,13.875,13.8914,800.0,6,13.89595,49462420,LWLG
2026-05-15T14:37:40+00:00,LWLG,STK,,,0.0,TRADES,13.905,13.905,13.87,13.89,4800.0,8,13.87219,49462420,LWLG
2026-05-15T14:37:50+00:00,LWLG,STK,,,0.0,TRADES,13.88,13.8999,13.88,13.88,2538.0,12,13.89285,49462420,LWLG
2026-05-15T14:38:00+00:00,LWLG,STK,,,0.0,TRADES,13.88,13.89,13.87,13.87,1200.0,12,13.87958,49462420,LWLG
2026-05-15T14:38:10+00:00,LWLG,STK,,,0.0,TRADES,13.875,13.9,13.87,13.89,2574.0,18,13.8864,49462420,LWLG
2026-05-15T14:38:20+00:00,LWLG,STK,,,0.0,TRADES,13.88,13.89,13.86,13.865,2000.0,17,13.86725,49462420,LWLG
2026-05-15T14:38:30+00:00,LWLG,STK,,,0.0,TRADES,13.865,13.87,13.86,13.86,3626.0,15,13.86489,49462420,LWLG
2026-05-15T14:38:40+00:00,LWLG,STK,,,0.0,TRADES,13.86,13.88,13.8557,13.8557,4127.0,13,13.86843,49462420,LWLG
2026-05-15T14:38:50+00:00,LWLG,STK,,,0.0,TRADES,13.875,13.885,13.87,13.88,4134.0,17,13.88019,49462420,LWLG
2026-05-15T14:39:00+00:00,LWLG,STK,,,0.0,TRADES,13.87,13.89,13.87,13.89,2244.0,3,13.87185,49462420,LWLG
2026-05-15T14:39:10+00:00,LWLG,STK,,,0.0,TRADES,13.8999,13.9,13.875,13.885,5016.0,27,13.88956,49462420,LWLG
2026-05-15T14:39:20+00:00,LWLG,STK,,,0.0,TRADES,13.8899,13.8899,13.8899,13.8899,100.0,1,13.8899,49462420,LWLG
2026-05-15T14:39:30+00:00,LWLG,STK,,,0.0,TRADES,13.885,13.89,13.87,13.877,7950.0,13,13.87772,49462420,LWLG
2026-05-15T14:39:40+00:00,LWLG,STK,,,0.0,TRADES,13.875,13.8811,13.875,13.8811,350.0,2,13.87936,49462420,LWLG
2026-05-15T14:39:50+00:00,LWLG,STK,,,0.0,TRADES,13.875,13.875,13.875,13.875,100.0,1,13.875,49462420,LWLG
2026-05-15T14:40:00+00:00,LWLG,STK,,,0.0,TRADES,13.885,13.885,13.875,13.875,400.0,2,13.8775,49462420,LWLG
2026-05-15T14:40:10+00:00,LWLG,STK,,,0.0,TRADES,13.89,13.89,13.885,13.885,1990.0,7,13.887,49462420,LWLG
2026-05-15T14:40:20+00:00,LWLG,STK,,,0.0,TRADES,13.89,13.92,13.88,13.915,4036.0,21,13.90256,49462420,LWLG
2026-05-15T14:40:30+00:00,LWLG,STK,,,0.0,TRADES,13.9237,13.93,13.915,13.915,2117.0,11,13.92739,49462420,LWLG
2026-05-15T14:40:40+00:00,LWLG,STK,,,0.0,TRADES,13.92,13.92,13.915,13.915,200.0,2,13.9175,49462420,LWLG
2026-05-15T14:40:50+00:00,LWLG,STK,,,0.0,TRADES,13.93,14.0,13.92,14.0,2500.0,14,13.9638,49462420,LWLG
2026-05-15T14:41:00+00:00,LWLG,STK,,,0.0,TRADES,13.99,14.0,13.975,13.99,20852.0,19,13.99832,49462420,LWLG
2026-05-15T14:41:10+00:00,LWLG,STK,,,0.0,TRADES,13.975,14.0,13.975,13.99,740.0,4,13.99353,49462420,LWLG
2026-05-15T14:41:20+00:00,LWLG,STK,,,0.0,TRADES,13.99,13.99,13.99,13.99,0.0,0,13.99,49462420,LWLG
2026-05-15T14:41:30+00:00,LWLG,STK,,,0.0,TRADES,13.97,13.97,13.965,13.965,531.0,4,13.9684,49462420,LWLG
2026-05-15T14:41:40+00:00,LWLG,STK,,,0.0,TRADES,13.95,13.95,13.95,13.95,500.0,1,13.95,49462420,LWLG
2026-05-15T14:41:50+00:00,LWLG,STK,,,0.0,TRADES,13.942,13.95,13.93,13.935,5000.0,13,13.94038,49462420,LWLG
2026-05-15T14:42:00+00:00,LWLG,STK,,,0.0,TRADES,13.93,13.93,13.92,13.92,11711.0,9,13.92018,49462420,LWLG
2026-05-15T14:42:10+00:00,LWLG,STK,,,0.0,TRADES,13.93,13.945,13.93,13.945,3743.0,13,13.93134,49462420,LWLG
2026-05-15T14:42:20+00:00,LWLG,STK,,,0.0,TRADES,13.945,13.945,13.945,13.945,0.0,0,13.945,49462420,LWLG
2026-05-15T14:42:30+00:00,LWLG,STK,,,0.0,TRADES,13.94,13.97,13.94,13.97,1150.0,2,13.96609,49462420,LWLG
2026-05-15T14:42:40+00:00,LWLG,STK,,,0.0,TRADES,13.97,13.97,13.97,13.97,0.0,0,13.97,49462420,LWLG
2026-05-15T14:42:50+00:00,LWLG,STK,,,0.0,TRADES,13.97,13.97,13.97,13.97,0.0,0,13.97,49462420,LWLG
2026-05-15T14:43:00+00:00,LWLG,STK,,,0.0,TRADES,13.962,13.962,13.93,13.93,11017.0,8,13.96038,49462420,LWLG
2026-05-15T14:43:10+00:00,LWLG,STK,,,0.0,TRADES,13.92,13.92,13.9,13.91,13315.0,26,13.91657,49462420,LWLG
2026-05-15T14:43:20+00:00,LWLG,STK,,,0.0,TRADES,13.92,13.95,13.92,13.95,3248.0,12,13.93831,49462420,LWLG
2026-05-15T14:43:30+00:00,LWLG,STK,,,0.0,TRADES,13.95,13.95,13.95,13.95,0.0,0,13.95,49462420,LWLG
2026-05-15T14:43:40+00:00,LWLG,STK,,,0.0,TRADES,13.93,13.93,13.93,13.93,200.0,1,13.93,49462420,LWLG
2026-05-15T14:43:50+00:00,LWLG,STK,,,0.0,TRADES,13.95,13.96,13.95,13.96,1636.0,3,13.95878,49462420,LWLG
2026-05-15T14:44:00+00:00,LWLG,STK,,,0.0,TRADES,13.95,13.95,13.95,13.95,200.0,2,13.95,49462420,LWLG
2026-05-15T14:44:10+00:00,LWLG,STK,,,0.0,TRADES,13.95,13.97,13.95,13.97,700.0,6,13.95571,49462420,LWLG
2026-05-15T14:44:20+00:00,LWLG,STK,,,0.0,TRADES,13.95,13.95,13.95,13.95,200.0,2,13.95,49462420,LWLG
2026-05-15T14:44:30+00:00,LWLG,STK,,,0.0,TRADES,13.93,13.93,13.93,13.93,100.0,1,13.93,49462420,LWLG
2026-05-15T14:44:40+00:00,LWLG,STK,,,0.0,TRADES,13.945,13.955,13.94,13.95,1320.0,12,13.94879,49462420,LWLG
2026-05-15T14:44:50+00:00,LWLG,STK,,,0.0,TRADES,13.94,13.98,13.94,13.955,2048.0,12,13.96433,49462420,LWLG
2026-05-15T14:45:00+00:00,LWLG,STK,,,0.0,TRADES,13.9795,13.99,13.955,13.99,1132.0,7,13.97965,49462420,LWLG
2026-05-15T14:45:10+00:00,LWLG,STK,,,0.0,TRADES,13.99,13.99,13.99,13.99,206.0,1,13.99,49462420,LWLG
2026-05-15T14:45:20+00:00,LWLG,STK,,,0.0,TRADES,13.97,13.97,13.93,13.93,576.0,5,13.95882,49462420,LWLG
2026-05-15T14:45:30+00:00,LWLG,STK,,,0.0,TRADES,13.9301,13.95,13.9301,13.95,200.0,2,13.94005,49462420,LWLG
2026-05-15T14:45:40+00:00,LWLG,STK,,,0.0,TRADES,13.94,13.9475,13.94,13.9475,200.0,2,13.94375,49462420,LWLG
2026-05-15T14:45:50+00:00,LWLG,STK,,,0.0,TRADES,13.92,13.94,13.92,13.94,300.0,3,13.93333,49462420,LWLG
2026-05-15T14:46:00+00:00,LWLG,STK,,,0.0,TRADES,13.94,13.94,13.91,13.92,1400.0,9,13.92214,49462420,LWLG
2026-05-15T14:46:10+00:00,LWLG,STK,,,0.0,TRADES,13.94,13.94,13.94,13.94,200.0,2,13.94,49462420,LWLG
2026-05-15T14:46:20+00:00,LWLG,STK,,,0.0,TRADES,13.91,13.91,13.9,13.91,1660.0,5,13.9094,49462420,LWLG
2026-05-15T14:46:30+00:00,LWLG,STK,,,0.0,TRADES,13.91,13.91,13.9001,13.9001,880.0,7,13.90401,49462420,LWLG
2026-05-15T14:46:40+00:00,LWLG,STK,,,0.0,TRADES,13.9,13.9,13.88,13.885,2311.0,11,13.89575,49462420,LWLG
2026-05-15T14:46:50+00:00,LWLG,STK,,,0.0,TRADES,13.885,13.885,13.8824,13.8824,525.0,3,13.88376,49462420,LWLG
2026-05-15T14:47:00+00:00,LWLG,STK,,,0.0,TRADES,13.88,13.88,13.8625,13.8625,7367.0,15,13.87625,49462420,LWLG
2026-05-15T14:47:10+00:00,LWLG,STK,,,0.0,TRADES,13.865,13.89,13.86,13.88,2500.0,22,13.87348,49462420,LWLG
2026-05-15T14:47:20+00:00,LWLG,STK,,,0.0,TRADES,13.88,13.88,13.86,13.87,1941.0,9,13.86553,49462420,LWLG
2026-05-15T14:47:30+00:00,LWLG,STK,,,0.0,TRADES,13.87,13.87,13.87,13.87,100.0,1,13.87,49462420,LWLG
2026-05-15T14:47:40+00:00,LWLG,STK,,,0.0,TRADES,13.855,13.855,13.855,13.855,1000.0,1,13.855,49462420,LWLG
2026-05-15T14:47:50+00:00,LWLG,STK,,,0.0,TRADES,13.855,13.8609,13.855,13.8609,1600.0,7,13.86025,49462420,LWLG
2026-05-15T14:48:00+00:00,LWLG,STK,,,0.0,TRADES,13.86,13.86,13.85,13.85,6415.0,4,13.85057,49462420,LWLG
2026-05-15T14:48:10+00:00,LWLG,STK,,,0.0,TRADES,13.85,13.85,13.82,13.82,13139.0,11,13.84924,49462420,LWLG
2026-05-15T14:48:20+00:00,LWLG,STK,,,0.0,TRADES,13.81,13.82,13.79,13.805,9769.0,43,13.80203,49462420,LWLG
2026-05-15T14:48:30+00:00,LWLG,STK,,,0.0,TRADES,13.82,13.82,13.82,13.82,100.0,1,13.82,49462420,LWLG
2026-05-15T14:48:40+00:00,LWLG,STK,,,0.0,TRADES,13.83,13.83,13.81,13.82,1900.0,9,13.81737,49462420,LWLG
2026-05-15T14:48:50+00:00,LWLG,STK,,,0.0,TRADES,13.8001,13.8001,13.8001,13.8001,600.0,1,13.8001,49462420,LWLG
2026-05-15T14:49:00+00:00,LWLG,STK,,,0.0,TRADES,13.805,13.81,13.805,13.8051,924.0,3,13.80562,49462420,LWLG
2026-05-15T14:49:10+00:00,LWLG,STK,,,0.0,TRADES,13.81,13.83,13.81,13.83,1025.0,6,13.82024,49462420,LWLG
2026-05-15T14:49:20+00:00,LWLG,STK,,,0.0,TRADES,13.8286,13.8286,13.82,13.82,1100.0,2,13.82782,49462420,LWLG
2026-05-15T14:49:30+00:00,LWLG,STK,,,0.0,TRADES,13.82,13.82,13.82,13.82,0.0,0,13.82,49462420,LWLG
2026-05-15T14:49:40+00:00,LWLG,STK,,,0.0,TRADES,13.81,13.81,13.81,13.81,200.0,2,13.81,49462420,LWLG
2026-05-15T14:49:50+00:00,LWLG,STK,,,0.0,TRADES,13.79,13.8,13.79,13.8,700.0,7,13.79714,49462420,LWLG
2026-05-15T14:50:00+00:00,LWLG,STK,,,0.0,TRADES,13.8,13.8,13.77,13.77,8948.0,24,13.78213,49462420,LWLG
2026-05-15T14:50:10+00:00,LWLG,STK,,,0.0,TRADES,13.7601,13.765,13.7371,13.74,16287.0,28,13.75741,49462420,LWLG
2026-05-15T14:50:20+00:00,LWLG,STK,,,0.0,TRADES,13.745,13.76,13.7303,13.7303,885.0,5,13.75099,49462420,LWLG
2026-05-15T14:50:30+00:00,LWLG,STK,,,0.0,TRADES,13.7301,13.745,13.7301,13.745,1600.0,2,13.73103,49462420,LWLG
2026-05-15T14:50:40+00:00,LWLG,STK,,,0.0,TRADES,13.76,13.76,13.74,13.74,7600.0,3,13.74138,49462420,LWLG
2026-05-15T14:50:50+00:00,LWLG,STK,,,0.0,TRADES,13.74,13.75,13.735,13.75,1597.0,9,13.7429,49462420,LWLG
2026-05-15T14:51:00+00:00,LWLG,STK,,,0.0,TRADES,13.74,13.7574,13.7384,13.74,4698.0,21,13.74578,49462420,LWLG
2026-05-15T14:51:10+00:00,LWLG,STK,,,0.0,TRADES,13.74,13.7499,13.73,13.73,4160.0,7,13.73976,49462420,LWLG
2026-05-15T14:51:20+00:00,LWLG,STK,,,0.0,TRADES,13.725,13.73,13.72,13.72,3427.0,5,13.72399,49462420,LWLG
2026-05-15T14:51:30+00:00,LWLG,STK,,,0.0,TRADES,13.72,13.72,13.71,13.7101,4374.0,22,13.7129,49462420,LWLG
2026-05-15T14:51:40+00:00,LWLG,STK,,,0.0,TRADES,13.7099,13.72,13.7018,13.72,11835.0,8,13.7081,49462420,LWLG
2026-05-15T14:51:50+00:00,LWLG,STK,,,0.0,TRADES,13.73,13.73,13.712,13.725,4420.0,13,13.71572,49462420,LWLG
2026-05-15T14:52:00+00:00,LWLG,STK,,,0.0,TRADES,13.71,13.711,13.7,13.702,17067.0,21,13.7015,49462420,LWLG
2026-05-15T14:52:10+00:00,LWLG,STK,,,0.0,TRADES,13.7192,13.725,13.71,13.725,2250.0,10,13.71988,49462420,LWLG
2026-05-15T14:52:20+00:00,LWLG,STK,,,0.0,TRADES,13.71,13.7572,13.71,13.7572,400.0,2,13.7218,49462420,LWLG
2026-05-15T14:52:30+00:00,LWLG,STK,,,0.0,TRADES,13.735,13.735,13.735,13.735,1500.0,15,13.735,49462420,LWLG
2026-05-15T14:52:40+00:00,LWLG,STK,,,0.0,TRADES,13.75,13.76,13.75,13.76,200.0,2,13.755,49462420,LWLG
2026-05-15T14:52:50+00:00,LWLG,STK,,,0.0,TRADES,13.75,13.76,13.75,13.7525,2000.0,5,13.75338,49462420,LWLG
2026-05-15T14:53:00+00:00,LWLG,STK,,,0.0,TRADES,13.77,13.77,13.7601,13.7601,300.0,2,13.7667,49462420,LWLG
2026-05-15T14:53:10+00:00,LWLG,STK,,,0.0,TRADES,13.8063,13.8063,13.8063,13.8063,100.0,1,13.8063,49462420,LWLG
2026-05-15T14:53:20+00:00,LWLG,STK,,,0.0,TRADES,13.79,13.795,13.78,13.78,551.0,5,13.78998,49462420,LWLG
2026-05-15T14:53:30+00:00,LWLG,STK,,,0.0,TRADES,13.775,13.79,13.775,13.79,756.0,6,13.78161,49462420,LWLG
2026-05-15T14:53:40+00:00,LWLG,STK,,,0.0,TRADES,13.79,13.79,13.7401,13.76,3660.0,25,13.7619,49462420,LWLG
2026-05-15T14:53:50+00:00,LWLG,STK,,,0.0,TRADES,13.785,13.785,13.77,13.77,1113.0,4,13.77586,49462420,LWLG
2026-05-15T14:54:00+00:00,LWLG,STK,,,0.0,TRADES,13.77,13.78,13.77,13.78,200.0,2,13.775,49462420,LWLG
2026-05-15T14:54:10+00:00,LWLG,STK,,,0.0,TRADES,13.78,13.81,13.78,13.785,6500.0,16,13.79731,49462420,LWLG
2026-05-15T14:54:20+00:00,LWLG,STK,,,0.0,TRADES,13.79,13.8,13.79,13.795,800.0,8,13.7975,49462420,LWLG
2026-05-15T14:54:30+00:00,LWLG,STK,,,0.0,TRADES,13.795,13.795,13.795,13.795,300.0,1,13.795,49462420,LWLG
2026-05-15T14:54:40+00:00,LWLG,STK,,,0.0,TRADES,13.78,13.795,13.77,13.77,743.0,5,13.78388,49462420,LWLG
2026-05-15T14:54:50+00:00,LWLG,STK,,,0.0,TRADES,13.78,13.78,13.78,13.78,100.0,1,13.78,49462420,LWLG
2026-05-15T14:55:00+00:00,LWLG,STK,,,0.0,TRADES,13.8,13.83,13.8,13.83,2945.0,25,13.82525,49462420,LWLG
2026-05-15T14:55:10+00:00,LWLG,STK,,,0.0,TRADES,13.8055,13.8055,13.785,13.785,635.0,2,13.80114,49462420,LWLG
2026-05-15T14:55:20+00:00,LWLG,STK,,,0.0,TRADES,13.8,13.82,13.8,13.82,1757.0,7,13.81696,49462420,LWLG
2026-05-15T14:55:30+00:00,LWLG,STK,,,0.0,TRADES,13.8,13.802,13.79,13.79,635.0,6,13.79718,49462420,LWLG
2026-05-15T14:55:40+00:00,LWLG,STK,,,0.0,TRADES,13.83,13.83,13.83,13.83,100.0,1,13.83,49462420,LWLG
2026-05-15T14:55:50+00:00,LWLG,STK,,,0.0,TRADES,13.8,13.82,13.8,13.82,531.0,4,13.80836,49462420,LWLG
2026-05-15T14:56:00+00:00,LWLG,STK,,,0.0,TRADES,13.815,13.85,13.815,13.85,1844.0,7,13.82671,49462420,LWLG
2026-05-15T14:56:10+00:00,LWLG,STK,,,0.0,TRADES,13.84,13.84,13.84,13.84,100.0,1,13.84,49462420,LWLG
2026-05-15T14:56:20+00:00,LWLG,STK,,,0.0,TRADES,13.84,13.87,13.83,13.83,2160.0,4,13.84231,49462420,LWLG
2026-05-15T14:56:30+00:00,LWLG,STK,,,0.0,TRADES,13.835,13.835,13.835,13.835,600.0,5,13.835,49462420,LWLG
2026-05-15T14:56:40+00:00,LWLG,STK,,,0.0,TRADES,13.8,13.8,13.78,13.78,1000.0,8,13.792,49462420,LWLG
2026-05-15T14:56:50+00:00,LWLG,STK,,,0.0,TRADES,13.79,13.7999,13.78,13.78,2210.0,12,13.79059,49462420,LWLG
2026-05-15T14:57:00+00:00,LWLG,STK,,,0.0,TRADES,13.78,13.8,13.775,13.775,417.0,3,13.78923,49462420,LWLG
2026-05-15T14:57:10+00:00,LWLG,STK,,,0.0,TRADES,13.785,13.785,13.785,13.785,100.0,1,13.785,49462420,LWLG
2026-05-15T14:57:20+00:00,LWLG,STK,,,0.0,TRADES,13.785,13.805,13.785,13.805,400.0,4,13.7975,49462420,LWLG
2026-05-15T14:57:30+00:00,LWLG,STK,,,0.0,TRADES,13.805,13.83,13.805,13.815,900.0,8,13.81389,49462420,LWLG
2026-05-15T14:57:40+00:00,LWLG,STK,,,0.0,TRADES,13.815,13.815,13.815,13.815,0.0,0,13.815,49462420,LWLG
2026-05-15T14:57:50+00:00,LWLG,STK,,,0.0,TRADES,13.8273,13.84,13.82,13.82,2300.0,3,13.82722,49462420,LWLG
2026-05-15T14:58:00+00:00,LWLG,STK,,,0.0,TRADES,13.82,13.82,13.82,13.82,100.0,1,13.82,49462420,LWLG
2026-05-15T14:58:10+00:00,LWLG,STK,,,0.0,TRADES,13.82,13.82,13.8,13.8,220.0,2,13.80909,49462420,LWLG
2026-05-15T14:58:20+00:00,LWLG,STK,,,0.0,TRADES,13.78,13.78,13.75,13.76,2829.0,12,13.76042,49462420,LWLG
2026-05-15T14:58:30+00:00,LWLG,STK,,,0.0,TRADES,13.76,13.78,13.75,13.78,900.0,8,13.76222,49462420,LWLG
2026-05-15T14:58:40+00:00,LWLG,STK,,,0.0,TRADES,13.78,13.78,13.78,13.78,0.0,0,13.78,49462420,LWLG
2026-05-15T14:58:50+00:00,LWLG,STK,,,0.0,TRADES,13.74,13.775,13.74,13.775,35479.0,34,13.74193,49462420,LWLG
2026-05-15T14:59:00+00:00,LWLG,STK,,,0.0,TRADES,13.775,13.775,13.775,13.775,0.0,0,13.775,49462420,LWLG
2026-05-15T14:59:10+00:00,LWLG,STK,,,0.0,TRADES,13.74,13.74,13.685,13.685,39798.0,40,13.73698,49462420,LWLG
2026-05-15T14:59:20+00:00,LWLG,STK,,,0.0,TRADES,13.69,13.69,13.67,13.67,2895.0,13,13.68112,49462420,LWLG
2026-05-15T14:59:30+00:00,LWLG,STK,,,0.0,TRADES,13.67,13.67,13.665,13.665,1529.0,4,13.66967,49462420,LWLG
2026-05-15T14:59:40+00:00,LWLG,STK,,,0.0,TRADES,13.66,13.66,13.66,13.66,900.0,6,13.66,49462420,LWLG
2026-05-15T14:59:50+00:00,LWLG,STK,,,0.0,TRADES,13.66,13.67,13.66,13.6602,14017.0,28,13.66111,49462420,LWLG
2026-05-15T15:00:00+00:00,LWLG,STK,,,0.0,TRADES,13.6604,13.6604,13.65,13.6508,2624.0,7,13.65518,49462420,LWLG
2026-05-15T15:00:10+00:00,LWLG,STK,,,0.0,TRADES,13.655,13.67,13.65,13.665,3674.0,18,13.6535,49462420,LWLG
2026-05-15T15:00:20+00:00,LWLG,STK,,,0.0,TRADES,13.68,13.68,13.65,13.66,2702.0,15,13.66614,49462420,LWLG
2026-05-15T15:00:30+00:00,LWLG,STK,,,0.0,TRADES,13.66,13.69,13.66,13.67,1081.0,10,13.67945,49462420,LWLG
2026-05-15T15:00:40+00:00,LWLG,STK,,,0.0,TRADES,13.66,13.66,13.66,13.66,1231.0,2,13.66,49462420,LWLG
2026-05-15T15:00:50+00:00,LWLG,STK,,,0.0,TRADES,13.66,13.66,13.66,13.66,100.0,1,13.66,49462420,LWLG
2026-05-15T15:01:00+00:00,LWLG,STK,,,0.0,TRADES,13.65,13.67,13.6401,13.665,9905.0,60,13.65259,49462420,LWLG
2026-05-15T15:01:10+00:00,LWLG,STK,,,0.0,TRADES,13.68,13.69,13.68,13.69,400.0,3,13.6825,49462420,LWLG
2026-05-15T15:01:20+00:00,LWLG,STK,,,0.0,TRADES,13.69,13.7,13.67,13.675,2825.0,8,13.68851,49462420,LWLG
2026-05-15T15:01:30+00:00,LWLG,STK,,,0.0,TRADES,13.675,13.675,13.675,13.675,1000.0,1,13.675,49462420,LWLG
2026-05-15T15:01:40+00:00,LWLG,STK,,,0.0,TRADES,13.68,13.68,13.68,13.68,300.0,3,13.68,49462420,LWLG
2026-05-15T15:01:50+00:00,LWLG,STK,,,0.0,TRADES,13.66,13.67,13.6071,13.6071,5133.0,28,13.63585,49462420,LWLG
2026-05-15T15:02:00+00:00,LWLG,STK,,,0.0,TRADES,13.615,13.65,13.615,13.64,1000.0,8,13.625,49462420,LWLG
2026-05-15T15:02:10+00:00,LWLG,STK,,,0.0,TRADES,13.63,13.65,13.62,13.62,1800.0,17,13.62861,49462420,LWLG
2026-05-15T15:02:20+00:00,LWLG,STK,,,0.0,TRADES,13.62,13.64,13.62,13.64,850.0,5,13.62971,49462420,LWLG
2026-05-15T15:02:30+00:00,LWLG,STK,,,0.0,TRADES,13.63,13.64,13.615,13.615,700.0,6,13.62571,49462420,LWLG
2026-05-15T15:02:40+00:00,LWLG,STK,,,0.0,TRADES,13.61,13.64,13.61,13.64,3389.0,23,13.61964,49462420,LWLG
2026-05-15T15:02:50+00:00,LWLG,STK,,,0.0,TRADES,13.6059,13.64,13.6059,13.64,700.0,4,13.61766,49462420,LWLG
2026-05-15T15:03:00+00:00,LWLG,STK,,,0.0,TRADES,13.62,13.64,13.6025,13.62,707.0,5,13.61714,49462420,LWLG
2026-05-15T15:03:10+00:00,LWLG,STK,,,0.0,TRADES,13.63,13.65,13.63,13.64,2800.0,15,13.63494,49462420,LWLG
2026-05-15T15:03:20+00:00,LWLG,STK,,,0.0,TRADES,13.66,13.66,13.63,13.66,565.0,4,13.65124,49462420,LWLG
2026-05-15T15:03:30+00:00,LWLG,STK,,,0.0,TRADES,13.66,13.66,13.66,13.66,600.0,4,13.66,49462420,LWLG
2026-05-15T15:03:40+00:00,LWLG,STK,,,0.0,TRADES,13.66,13.66,13.66,13.66,0.0,0,13.66,49462420,LWLG
2026-05-15T15:03:50+00:00,LWLG,STK,,,0.0,TRADES,13.655,13.68,13.655,13.675,4468.0,16,13.66879,49462420,LWLG
2026-05-15T15:04:00+00:00,LWLG,STK,,,0.0,TRADES,13.675,13.675,13.65,13.66,9909.0,28,13.66295,49462420,LWLG
2026-05-15T15:04:10+00:00,LWLG,STK,,,0.0,TRADES,13.66,13.66,13.65,13.65,2101.0,13,13.65568,49462420,LWLG
2026-05-15T15:04:20+00:00,LWLG,STK,,,0.0,TRADES,13.64,13.69,13.64,13.69,6041.0,38,13.67134,49462420,LWLG
2026-05-15T15:04:30+00:00,LWLG,STK,,,0.0,TRADES,13.7,13.7,13.67,13.67,1273.0,7,13.68414,49462420,LWLG
2026-05-15T15:04:40+00:00,LWLG,STK,,,0.0,TRADES,13.68,13.73,13.68,13.71,4000.0,11,13.70036,49462420,LWLG
2026-05-15T15:04:50+00:00,LWLG,STK,,,0.0,TRADES,13.7599,13.7599,13.735,13.735,1338.0,9,13.74166,49462420,LWLG
2026-05-15T15:05:00+00:00,LWLG,STK,,,0.0,TRADES,13.72,13.7599,13.72,13.735,1200.0,7,13.74453,49462420,LWLG
2026-05-15T15:05:10+00:00,LWLG,STK,,,0.0,TRADES,13.73,13.76,13.705,13.72,11466.0,34,13.74236,49462420,LWLG
2026-05-15T15:05:20+00:00,LWLG,STK,,,0.0,TRADES,13.715,13.735,13.715,13.735,498.0,4,13.72259,49462420,LWLG
2026-05-15T15:05:30+00:00,LWLG,STK,,,0.0,TRADES,13.72,13.72,13.72,13.72,300.0,2,13.72,49462420,LWLG
2026-05-15T15:05:40+00:00,LWLG,STK,,,0.0,TRADES,13.7,13.7,13.6882,13.69,2400.0,17,13.69512,49462420,LWLG
2026-05-15T15:05:50+00:00,LWLG,STK,,,0.0,TRADES,13.69,13.72,13.69,13.72,900.0,9,13.70944,49462420,LWLG
2026-05-15T15:06:00+00:00,LWLG,STK,,,0.0,TRADES,13.72,13.72,13.72,13.72,200.0,2,13.72,49462420,LWLG
2026-05-15T15:06:10+00:00,LWLG,STK,,,0.0,TRADES,13.72,13.72,13.7,13.7092,1162.0,5,13.71009,49462420,LWLG
2026-05-15T15:06:20+00:00,LWLG,STK,,,0.0,TRADES,13.7,13.7,13.685,13.685,300.0,3,13.695,49462420,LWLG
2026-05-15T15:06:30+00:00,LWLG,STK,,,0.0,TRADES,13.685,13.69,13.685,13.69,300.0,2,13.68667,49462420,LWLG
2026-05-15T15:06:40+00:00,LWLG,STK,,,0.0,TRADES,13.685,13.69,13.6803,13.69,2500.0,13,13.68532,49462420,LWLG
2026-05-15T15:06:50+00:00,LWLG,STK,,,0.0,TRADES,13.7,13.71,13.7,13.71,1600.0,10,13.70313,49462420,LWLG
2026-05-15T15:07:00+00:00,LWLG,STK,,,0.0,TRADES,13.69,13.7,13.68,13.7,2301.0,16,13.68869,49462420,LWLG
2026-05-15T15:07:10+00:00,LWLG,STK,,,0.0,TRADES,13.7,13.7,13.7,13.7,800.0,8,13.7,49462420,LWLG
2026-05-15T15:07:20+00:00,LWLG,STK,,,0.0,TRADES,13.7,13.7,13.695,13.7,3201.0,18,13.69938,49462420,LWLG
2026-05-15T15:07:30+00:00,LWLG,STK,,,0.0,TRADES,13.69,13.705,13.69,13.69,3112.0,24,13.70064,49462420,LWLG
2026-05-15T15:07:40+00:00,LWLG,STK,,,0.0,TRADES,13.695,13.695,13.6605,13.67,2960.0,12,13.68275,49462420,LWLG
2026-05-15T15:07:50+00:00,LWLG,STK,,,0.0,TRADES,13.67,13.68,13.6625,13.6625,420.0,4,13.67024,49462420,LWLG
2026-05-15T15:08:00+00:00,LWLG,STK,,,0.0,TRADES,13.67,13.67,13.67,13.67,200.0,2,13.67,49462420,LWLG
2026-05-15T15:08:10+00:00,LWLG,STK,,,0.0,TRADES,13.68,13.68,13.67,13.67,200.0,2,13.675,49462420,LWLG
2026-05-15T15:08:20+00:00,LWLG,STK,,,0.0,TRADES,13.67,13.67,13.67,13.67,235.0,1,13.67,49462420,LWLG
2026-05-15T15:08:30+00:00,LWLG,STK,,,0.0,TRADES,13.68,13.69,13.68,13.68,2544.0,16,13.681,49462420,LWLG
2026-05-15T15:08:40+00:00,LWLG,STK,,,0.0,TRADES,13.6701,13.6999,13.67,13.6999,800.0,3,13.68871,49462420,LWLG
2026-05-15T15:08:50+00:00,LWLG,STK,,,0.0,TRADES,13.69,13.6999,13.69,13.6999,250.0,2,13.69594,49462420,LWLG
2026-05-15T15:09:00+00:00,LWLG,STK,,,0.0,TRADES,13.69,13.71,13.69,13.71,1759.0,10,13.70045,49462420,LWLG
2026-05-15T15:09:10+00:00,LWLG,STK,,,0.0,TRADES,13.7001,13.72,13.7001,13.72,666.0,4,13.70906,49462420,LWLG
2026-05-15T15:09:20+00:00,LWLG,STK,,,0.0,TRADES,13.705,13.74,13.705,13.74,406.0,3,13.72645,49462420,LWLG
2026-05-15T15:09:30+00:00,LWLG,STK,,,0.0,TRADES,13.73,13.73,13.72,13.72,300.0,3,13.72667,49462420,LWLG
2026-05-15T15:09:40+00:00,LWLG,STK,,,0.0,TRADES,13.74,13.74,13.735,13.74,2737.0,5,13.73982,49462420,LWLG
2026-05-15T15:09:50+00:00,LWLG,STK,,,0.0,TRADES,13.755,13.755,13.755,13.755,400.0,2,13.755,49462420,LWLG
2026-05-15T15:10:00+00:00,LWLG,STK,,,0.0,TRADES,13.7503,13.76,13.75,13.75,300.0,3,13.75343,49462420,LWLG
2026-05-15T15:10:10+00:00,LWLG,STK,,,0.0,TRADES,13.75,13.79,13.75,13.775,7964.0,16,13.77704,49462420,LWLG
2026-05-15T15:10:20+00:00,LWLG,STK,,,0.0,TRADES,13.788,13.79,13.77,13.78,1040.0,7,13.78262,49462420,LWLG
2026-05-15T15:10:30+00:00,LWLG,STK,,,0.0,TRADES,13.77,13.7981,13.74,13.77,4220.0,6,13.79159,49462420,LWLG
2026-05-15T15:10:40+00:00,LWLG,STK,,,0.0,TRADES,13.77,13.805,13.77,13.805,2542.0,5,13.77492,49462420,LWLG
2026-05-15T15:10:50+00:00,LWLG,STK,,,0.0,TRADES,13.82,13.8283,13.82,13.82,900.0,3,13.82553,49462420,LWLG
2026-05-15T15:11:00+00:00,LWLG,STK,,,0.0,TRADES,13.805,13.805,13.805,13.805,2100.0,15,13.805,49462420,LWLG
2026-05-15T15:11:10+00:00,LWLG,STK,,,0.0,TRADES,13.77,13.79,13.7501,13.7501,3110.0,12,13.76996,49462420,LWLG
2026-05-15T15:11:20+00:00,LWLG,STK,,,0.0,TRADES,13.75,13.75,13.71,13.71,1985.0,15,13.72534,49462420,LWLG
2026-05-15T15:11:30+00:00,LWLG,STK,,,0.0,TRADES,13.72,13.75,13.72,13.75,1833.0,11,13.73418,49462420,LWLG
2026-05-15T15:11:40+00:00,LWLG,STK,,,0.0,TRADES,13.765,13.7697,13.7536,13.7536,1513.0,3,13.75824,49462420,LWLG
2026-05-15T15:11:50+00:00,LWLG,STK,,,0.0,TRADES,13.765,13.775,13.7645,13.775,2337.0,6,13.7655,49462420,LWLG
2026-05-15T15:12:00+00:00,LWLG,STK,,,0.0,TRADES,13.775,13.775,13.755,13.755,1445.0,13,13.76884,49462420,LWLG
2026-05-15T15:12:10+00:00,LWLG,STK,,,0.0,TRADES,13.75,13.75,13.735,13.735,723.0,3,13.74378,49462420,LWLG
2026-05-15T15:12:20+00:00,LWLG,STK,,,0.0,TRADES,13.735,13.735,13.735,13.735,0.0,0,13.735,49462420,LWLG
2026-05-15T15:12:30+00:00,LWLG,STK,,,0.0,TRADES,13.716,13.716,13.71,13.71,600.0,2,13.715,49462420,LWLG
2026-05-15T15:12:40+00:00,LWLG,STK,,,0.0,TRADES,13.725,13.7342,13.725,13.7342,247.0,2,13.73048,49462420,LWLG
2026-05-15T15:12:50+00:00,LWLG,STK,,,0.0,TRADES,13.725,13.725,13.71,13.71,200.0,2,13.7175,49462420,LWLG
2026-05-15T15:13:00+00:00,LWLG,STK,,,0.0,TRADES,13.74,13.76,13.74,13.75,404.0,4,13.7501,49462420,LWLG
2026-05-15T15:13:10+00:00,LWLG,STK,,,0.0,TRADES,13.7627,13.7627,13.7627,13.7627,200.0,1,13.7627,49462420,LWLG
2026-05-15T15:13:20+00:00,LWLG,STK,,,0.0,TRADES,13.74,13.74,13.74,13.74,100.0,1,13.74,49462420,LWLG
2026-05-15T15:13:30+00:00,LWLG,STK,,,0.0,TRADES,13.7647,13.78,13.76,13.775,3886.0,9,13.76524,49462420,LWLG
2026-05-15T15:13:40+00:00,LWLG,STK,,,0.0,TRADES,13.77,13.77,13.77,13.77,200.0,2,13.77,49462420,LWLG
2026-05-15T15:13:50+00:00,LWLG,STK,,,0.0,TRADES,13.77,13.77,13.77,13.77,0.0,0,13.77,49462420,LWLG
2026-05-15T15:14:00+00:00,LWLG,STK,,,0.0,TRADES,13.79,13.79,13.79,13.79,120.0,1,13.79,49462420,LWLG
2026-05-15T15:14:10+00:00,LWLG,STK,,,0.0,TRADES,13.76,13.76,13.76,13.76,109.0,1,13.76,49462420,LWLG
2026-05-15T15:14:20+00:00,LWLG,STK,,,0.0,TRADES,13.755,13.755,13.74,13.74,1295.0,5,13.75384,49462420,LWLG
2026-05-15T15:14:30+00:00,LWLG,STK,,,0.0,TRADES,13.73,13.73,13.72,13.72,915.0,7,13.72697,49462420,LWLG
2026-05-15T15:14:40+00:00,LWLG,STK,,,0.0,TRADES,13.73,13.735,13.73,13.735,481.0,3,13.73292,49462420,LWLG
2026-05-15T15:14:50+00:00,LWLG,STK,,,0.0,TRADES,13.74,13.74,13.74,13.74,100.0,1,13.74,49462420,LWLG
2026-05-15T15:15:00+00:00,LWLG,STK,,,0.0,TRADES,13.75,13.75,13.75,13.75,700.0,3,13.75,49462420,LWLG
2026-05-15T15:15:10+00:00,LWLG,STK,,,0.0,TRADES,13.73,13.73,13.715,13.715,2955.0,10,13.72719,49462420,LWLG
2026-05-15T15:15:20+00:00,LWLG,STK,,,0.0,TRADES,13.715,13.715,13.715,13.715,200.0,1,13.715,49462420,LWLG
2026-05-15T15:15:30+00:00,LWLG,STK,,,0.0,TRADES,13.715,13.75,13.715,13.75,2200.0,11,13.72568,49462420,LWLG
2026-05-15T15:15:40+00:00,LWLG,STK,,,0.0,TRADES,13.74,13.74,13.735,13.735,820.0,4,13.73939,49462420,LWLG
2026-05-15T15:15:50+00:00,LWLG,STK,,,0.0,TRADES,13.74,13.74,13.695,13.695,2449.0,13,13.70745,49462420,LWLG
2026-05-15T15:16:00+00:00,LWLG,STK,,,0.0,TRADES,13.7,13.71,13.7,13.71,200.0,2,13.705,49462420,LWLG
2026-05-15T15:16:10+00:00,LWLG,STK,,,0.0,TRADES,13.71,13.71,13.71,13.71,0.0,0,13.71,49462420,LWLG
2026-05-15T15:16:20+00:00,LWLG,STK,,,0.0,TRADES,13.705,13.7199,13.705,13.7199,600.0,2,13.71742,49462420,LWLG
2026-05-15T15:16:30+00:00,LWLG,STK,,,0.0,TRADES,13.7199,13.7199,13.7199,13.7199,0.0,0,13.7199,49462420,LWLG
2026-05-15T15:16:40+00:00,LWLG,STK,,,0.0,TRADES,13.7,13.7,13.6701,13.6701,1687.0,12,13.6811,49462420,LWLG
2026-05-15T15:16:50+00:00,LWLG,STK,,,0.0,TRADES,13.6701,13.6701,13.6701,13.6701,0.0,0,13.6701,49462420,LWLG
2026-05-15T15:17:00+00:00,LWLG,STK,,,0.0,TRADES,13.665,13.67,13.66,13.665,1214.0,9,13.66747,49462420,LWLG
2026-05-15T15:17:10+00:00,LWLG,STK,,,0.0,TRADES,13.665,13.7,13.665,13.69,1649.0,4,13.67605,49462420,LWLG
2026-05-15T15:17:20+00:00,LWLG,STK,,,0.0,TRADES,13.7,13.72,13.7,13.72,9046.0,16,13.703,49462420,LWLG
2026-05-15T15:17:30+00:00,LWLG,STK,,,0.0,TRADES,13.72,13.72,13.685,13.69,2247.0,9,13.70044,49462420,LWLG
2026-05-15T15:17:40+00:00,LWLG,STK,,,0.0,TRADES,13.71,13.71,13.685,13.685,852.0,5,13.7012,49462420,LWLG
2026-05-15T15:17:50+00:00,LWLG,STK,,,0.0,TRADES,13.7,13.71,13.7,13.71,600.0,5,13.70833,49462420,LWLG
2026-05-15T15:18:00+00:00,LWLG,STK,,,0.0,TRADES,13.7117,13.72,13.705,13.705,9090.0,3,13.70531,49462420,LWLG
2026-05-15T15:18:10+00:00,LWLG,STK,,,0.0,TRADES,13.705,13.74,13.705,13.72,754.0,7,13.72077,49462420,LWLG
2026-05-15T15:18:20+00:00,LWLG,STK,,,0.0,TRADES,13.72,13.72,13.72,13.72,0.0,0,13.72,49462420,LWLG
2026-05-15T15:18:30+00:00,LWLG,STK,,,0.0,TRADES,13.71,13.71,13.71,13.71,128.0,1,13.71,49462420,LWLG
2026-05-15T15:18:40+00:00,LWLG,STK,,,0.0,TRADES,13.71,13.72,13.71,13.72,1054.0,4,13.71353,49462420,LWLG
2026-05-15T15:18:50+00:00,LWLG,STK,,,0.0,TRADES,13.71,13.72,13.7002,13.72,2799.0,12,13.70721,49462420,LWLG
2026-05-15T15:19:00+00:00,LWLG,STK,,,0.0,TRADES,13.71,13.72,13.7,13.7,598.0,3,13.71164,49462420,LWLG
2026-05-15T15:19:10+00:00,LWLG,STK,,,0.0,TRADES,13.72,13.72,13.72,13.72,100.0,1,13.72,49462420,LWLG
2026-05-15T15:19:20+00:00,LWLG,STK,,,0.0,TRADES,13.71,13.71,13.7,13.71,3190.0,18,13.70404,49462420,LWLG
2026-05-15T15:19:30+00:00,LWLG,STK,,,0.0,TRADES,13.705,13.71,13.705,13.71,400.0,4,13.70625,49462420,LWLG
2026-05-15T15:19:40+00:00,LWLG,STK,,,0.0,TRADES,13.71,13.71,13.69,13.7,1733.0,7,13.69903,49462420,LWLG
2026-05-15T15:19:50+00:00,LWLG,STK,,,0.0,TRADES,13.69,13.69,13.68,13.68,200.0,2,13.685,49462420,LWLG
2026-05-15T15:20:00+00:00,LWLG,STK,,,0.0,TRADES,13.7,13.7,13.684,13.684,2527.0,3,13.69289,49462420,LWLG
2026-05-15T15:20:10+00:00,LWLG,STK,,,0.0,TRADES,13.69,13.735,13.69,13.735,3449.0,24,13.71503,49462420,LWLG
2026-05-15T15:20:20+00:00,LWLG,STK,,,0.0,TRADES,13.73,13.735,13.73,13.735,1058.0,5,13.73264,49462420,LWLG
2026-05-15T15:20:30+00:00,LWLG,STK,,,0.0,TRADES,13.735,13.735,13.735,13.735,0.0,0,13.735,49462420,LWLG
2026-05-15T15:20:40+00:00,LWLG,STK,,,0.0,TRADES,13.74,13.74,13.74,13.74,147.0,1,13.74,49462420,LWLG
2026-05-15T15:20:50+00:00,LWLG,STK,,,0.0,TRADES,13.74,13.77,13.74,13.76,1490.0,13,13.75646,49462420,LWLG
2026-05-15T15:21:00+00:00,LWLG,STK,,,0.0,TRADES,13.76,13.76,13.76,13.76,100.0,1,13.76,49462420,LWLG
2026-05-15T15:21:10+00:00,LWLG,STK,,,0.0,TRADES,13.755,13.7696,13.755,13.755,1800.0,4,13.75581,49462420,LWLG
2026-05-15T15:21:20+00:00,LWLG,STK,,,0.0,TRADES,13.755,13.755,13.755,13.755,0.0,0,13.755,49462420,LWLG
2026-05-15T15:21:30+00:00,LWLG,STK,,,0.0,TRADES,13.77,13.79,13.77,13.79,2564.0,9,13.78702,49462420,LWLG
2026-05-15T15:21:40+00:00,LWLG,STK,,,0.0,TRADES,13.79,13.8,13.79,13.79,2546.0,5,13.7911,49462420,LWLG
2026-05-15T15:21:50+00:00,LWLG,STK,,,0.0,TRADES,13.79,13.79,13.79,13.79,0.0,0,13.79,49462420,LWLG
2026-05-15T15:22:00+00:00,LWLG,STK,,,0.0,TRADES,13.7999,13.8299,13.795,13.825,4371.0,18,13.81336,49462420,LWLG
2026-05-15T15:22:10+00:00,LWLG,STK,,,0.0,TRADES,13.85,13.85,13.83,13.83,268.0,2,13.84254,49462420,LWLG
2026-05-15T15:22:20+00:00,LWLG,STK,,,0.0,TRADES,13.81,13.83,13.81,13.83,2609.0,5,13.82762,49462420,LWLG
2026-05-15T15:22:30+00:00,LWLG,STK,,,0.0,TRADES,13.82,13.82,13.82,13.82,500.0,4,13.82,49462420,LWLG
2026-05-15T15:22:40+00:00,LWLG,STK,,,0.0,TRADES,13.815,13.82,13.81,13.82,1032.0,7,13.81474,49462420,LWLG
2026-05-15T15:22:50+00:00,LWLG,STK,,,0.0,TRADES,13.81,13.81,13.81,13.81,400.0,2,13.81,49462420,LWLG
2026-05-15T15:23:00+00:00,LWLG,STK,,,0.0,TRADES,13.81,13.81,13.79,13.79,500.0,5,13.796,49462420,LWLG
2026-05-15T15:23:10+00:00,LWLG,STK,,,0.0,TRADES,13.785,13.8,13.78,13.78,726.0,4,13.79134,49462420,LWLG
2026-05-15T15:23:20+00:00,LWLG,STK,,,0.0,TRADES,13.775,13.775,13.74,13.74,5264.0,15,13.76048,49462420,LWLG
2026-05-15T15:23:30+00:00,LWLG,STK,,,0.0,TRADES,13.72,13.75,13.715,13.735,4682.0,20,13.72879,49462420,LWLG
2026-05-15T15:23:40+00:00,LWLG,STK,,,0.0,TRADES,13.75,13.75,13.725,13.725,3197.0,6,13.72839,49462420,LWLG
2026-05-15T15:23:50+00:00,LWLG,STK,,,0.0,TRADES,13.725,13.725,13.725,13.725,241.0,2,13.725,49462420,LWLG
2026-05-15T15:24:00+00:00,LWLG,STK,,,0.0,TRADES,13.72,13.72,13.715,13.715,426.0,3,13.71735,49462420,LWLG
2026-05-15T15:24:10+00:00,LWLG,STK,,,0.0,TRADES,13.73,13.74,13.73,13.74,1400.0,10,13.73416,49462420,LWLG
2026-05-15T15:24:20+00:00,LWLG,STK,,,0.0,TRADES,13.74,13.74,13.74,13.74,0.0,0,13.74,49462420,LWLG
2026-05-15T15:24:30+00:00,LWLG,STK,,,0.0,TRADES,13.725,13.7492,13.725,13.73,741.0,3,13.72922,49462420,LWLG
2026-05-15T15:24:40+00:00,LWLG,STK,,,0.0,TRADES,13.73,13.73,13.73,13.73,0.0,0,13.73,49462420,LWLG
2026-05-15T15:24:50+00:00,LWLG,STK,,,0.0,TRADES,13.7462,13.7462,13.745,13.745,750.0,2,13.74516,49462420,LWLG
2026-05-15T15:25:00+00:00,LWLG,STK,,,0.0,TRADES,13.75,13.75,13.75,13.75,582.0,3,13.75,49462420,LWLG
2026-05-15T15:25:10+00:00,LWLG,STK,,,0.0,TRADES,13.75,13.75,13.745,13.75,2300.0,4,13.74978,49462420,LWLG
2026-05-15T15:25:20+00:00,LWLG,STK,,,0.0,TRADES,13.745,13.745,13.745,13.745,371.0,1,13.745,49462420,LWLG
2026-05-15T15:25:30+00:00,LWLG,STK,,,0.0,TRADES,13.75,13.75,13.75,13.75,500.0,1,13.75,49462420,LWLG
2026-05-15T15:25:40+00:00,LWLG,STK,,,0.0,TRADES,13.755,13.755,13.74,13.74,300.0,3,13.75,49462420,LWLG
2026-05-15T15:25:50+00:00,LWLG,STK,,,0.0,TRADES,13.7353,13.7353,13.7353,13.7353,100.0,1,13.7353,49462420,LWLG
2026-05-15T15:26:00+00:00,LWLG,STK,,,0.0,TRADES,13.735,13.755,13.735,13.755,1300.0,10,13.75077,49462420,LWLG
2026-05-15T15:26:10+00:00,LWLG,STK,,,0.0,TRADES,13.77,13.77,13.77,13.77,553.0,2,13.77,49462420,LWLG
2026-05-15T15:26:20+00:00,LWLG,STK,,,0.0,TRADES,13.775,13.81,13.7616,13.775,4910.0,33,13.78933,49462420,LWLG
2026-05-15T15:26:30+00:00,LWLG,STK,,,0.0,TRADES,13.775,13.81,13.775,13.8,2798.0,6,13.79072,49462420,LWLG
2026-05-15T15:26:40+00:00,LWLG,STK,,,0.0,TRADES,13.8099,13.81,13.8,13.8,2593.0,5,13.80661,49462420,LWLG
2026-05-15T15:26:50+00:00,LWLG,STK,,,0.0,TRADES,13.8,13.8,13.8,13.8,0.0,0,13.8,49462420,LWLG
2026-05-15T15:27:00+00:00,LWLG,STK,,,0.0,TRADES,13.805,13.805,13.805,13.805,200.0,2,13.805,49462420,LWLG
2026-05-15T15:27:10+00:00,LWLG,STK,,,0.0,TRADES,13.8,13.8,13.79,13.79,1230.0,9,13.79675,49462420,LWLG
2026-05-15T15:27:20+00:00,LWLG,STK,,,0.0,TRADES,13.7842,13.79,13.76,13.76,2282.0,11,13.7742,49462420,LWLG
2026-05-15T15:27:30+00:00,LWLG,STK,,,0.0,TRADES,13.765,13.77,13.765,13.77,200.0,2,13.7675,49462420,LWLG
2026-05-15T15:27:40+00:00,LWLG,STK,,,0.0,TRADES,13.765,13.765,13.765,13.765,333.0,1,13.765,49462420,LWLG
2026-05-15T15:27:50+00:00,LWLG,STK,,,0.0,TRADES,13.78,13.79,13.76,13.77,3045.0,7,13.76817,49462420,LWLG
2026-05-15T15:28:00+00:00,LWLG,STK,,,0.0,TRADES,13.77,13.77,13.77,13.77,1044.0,2,13.77,49462420,LWLG
2026-05-15T15:28:10+00:00,LWLG,STK,,,0.0,TRADES,13.76,13.76,13.72,13.735,10355.0,12,13.72573,49462420,LWLG
2026-05-15T15:28:20+00:00,LWLG,STK,,,0.0,TRADES,13.722,13.74,13.7201,13.74,4378.0,7,13.73179,49462420,LWLG
2026-05-15T15:28:30+00:00,LWLG,STK,,,0.0,TRADES,13.75,13.77,13.735,13.77,5034.0,14,13.75104,49462420,LWLG
2026-05-15T15:28:40+00:00,LWLG,STK,,,0.0,TRADES,13.77,13.78,13.755,13.755,1499.0,8,13.76569,49462420,LWLG
2026-05-15T15:28:50+00:00,LWLG,STK,,,0.0,TRADES,13.78,13.8,13.78,13.795,2663.0,12,13.7923,49462420,LWLG
2026-05-15T15:29:00+00:00,LWLG,STK,,,0.0,TRADES,13.79,13.795,13.7801,13.795,7100.0,3,13.78087,49462420,LWLG
2026-05-15T15:29:10+00:00,LWLG,STK,,,0.0,TRADES,13.81,13.8199,13.81,13.8199,961.0,5,13.81656,49462420,LWLG
2026-05-15T15:29:20+00:00,LWLG,STK,,,0.0,TRADES,13.81,13.81,13.7988,13.7988,2100.0,4,13.80745,49462420,LWLG
2026-05-15T15:29:30+00:00,LWLG,STK,,,0.0,TRADES,13.7901,13.8,13.7901,13.8,650.0,5,13.79848,49462420,LWLG
2026-05-15T15:29:40+00:00,LWLG,STK,,,0.0,TRADES,13.81,13.83,13.8,13.805,2058.0,16,13.81111,49462420,LWLG
2026-05-15T15:29:50+00:00,LWLG,STK,,,0.0,TRADES,13.83,13.83,13.83,13.83,3400.0,2,13.83,49462420,LWLG
2026-05-15T15:30:00+00:00,LWLG,STK,,,0.0,TRADES,13.84,13.87,13.84,13.85,1400.0,14,13.85454,49462420,LWLG
2026-05-15T15:30:10+00:00,LWLG,STK,,,0.0,TRADES,13.84,13.84,13.84,13.84,1390.0,3,13.84,49462420,LWLG
2026-05-15T15:30:20+00:00,LWLG,STK,,,0.0,TRADES,13.83,13.83,13.82,13.82,255.0,2,13.82392,49462420,LWLG
2026-05-15T15:30:30+00:00,LWLG,STK,,,0.0,TRADES,13.81,13.81,13.8051,13.8051,610.0,3,13.80912,49462420,LWLG
2026-05-15T15:30:40+00:00,LWLG,STK,,,0.0,TRADES,13.805,13.805,13.805,13.805,100.0,1,13.805,49462420,LWLG
2026-05-15T15:30:50+00:00,LWLG,STK,,,0.0,TRADES,13.805,13.805,13.805,13.805,0.0,0,13.805,49462420,LWLG
2026-05-15T15:31:00+00:00,LWLG,STK,,,0.0,TRADES,13.805,13.82,13.805,13.82,500.0,4,13.811,49462420,LWLG
2026-05-15T15:31:10+00:00,LWLG,STK,,,0.0,TRADES,13.82,13.82,13.82,13.82,0.0,0,13.82,49462420,LWLG
2026-05-15T15:31:20+00:00,LWLG,STK,,,0.0,TRADES,13.815,13.82,13.815,13.82,313.0,3,13.81681,49462420,LWLG
2026-05-15T15:31:30+00:00,LWLG,STK,,,0.0,TRADES,13.83,13.83,13.83,13.83,100.0,1,13.83,49462420,LWLG
2026-05-15T15:31:40+00:00,LWLG,STK,,,0.0,TRADES,13.835,13.835,13.83,13.83,500.0,5,13.833,49462420,LWLG
2026-05-15T15:31:50+00:00,LWLG,STK,,,0.0,TRADES,13.83,13.83,13.825,13.83,2500.0,9,13.828,49462420,LWLG
2026-05-15T15:32:00+00:00,LWLG,STK,,,0.0,TRADES,13.83,13.83,13.83,13.83,0.0,0,13.83,49462420,LWLG
2026-05-15T15:32:10+00:00,LWLG,STK,,,0.0,TRADES,13.83,13.8395,13.83,13.8395,200.0,2,13.83475,49462420,LWLG
2026-05-15T15:32:20+00:00,LWLG,STK,,,0.0,TRADES,13.8395,13.8395,13.8395,13.8395,0.0,0,13.8395,49462420,LWLG
2026-05-15T15:32:30+00:00,LWLG,STK,,,0.0,TRADES,13.8393,13.84,13.8393,13.84,200.0,2,13.83965,49462420,LWLG
2026-05-15T15:32:40+00:00,LWLG,STK,,,0.0,TRADES,13.85,13.85,13.84,13.845,900.0,7,13.84389,49462420,LWLG
2026-05-15T15:32:50+00:00,LWLG,STK,,,0.0,TRADES,13.845,13.845,13.845,13.845,0.0,0,13.845,49462420,LWLG
2026-05-15T15:33:00+00:00,LWLG,STK,,,0.0,TRADES,13.8486,13.86,13.84,13.85,2134.0,7,13.85385,49462420,LWLG
2026-05-15T15:33:10+00:00,LWLG,STK,,,0.0,TRADES,13.84,13.84,13.81,13.82,2781.0,22,13.82435,49462420,LWLG
2026-05-15T15:33:20+00:00,LWLG,STK,,,0.0,TRADES,13.81,13.81,13.8,13.8,816.0,5,13.80123,49462420,LWLG
2026-05-15T15:33:30+00:00,LWLG,STK,,,0.0,TRADES,13.785,13.785,13.785,13.785,193.0,1,13.785,49462420,LWLG
2026-05-15T15:33:40+00:00,LWLG,STK,,,0.0,TRADES,13.8,13.81,13.8,13.81,300.0,3,13.80333,49462420,LWLG
2026-05-15T15:33:50+00:00,LWLG,STK,,,0.0,TRADES,13.81,13.81,13.81,13.81,0.0,0,13.81,49462420,LWLG
2026-05-15T15:34:00+00:00,LWLG,STK,,,0.0,TRADES,13.8187,13.82,13.8,13.82,300.0,3,13.8129,49462420,LWLG
2026-05-15T15:34:10+00:00,LWLG,STK,,,0.0,TRADES,13.8,13.8,13.8,13.8,109.0,1,13.8,49462420,LWLG
2026-05-15T15:34:20+00:00,LWLG,STK,,,0.0,TRADES,13.8,13.82,13.8,13.82,2465.0,9,13.81739,49462420,LWLG
2026-05-15T15:34:30+00:00,LWLG,STK,,,0.0,TRADES,13.8,13.805,13.78,13.805,828.0,4,13.79218,49462420,LWLG
2026-05-15T15:34:40+00:00,LWLG,STK,,,0.0,TRADES,13.795,13.7951,13.795,13.795,505.0,4,13.79502,49462420,LWLG
2026-05-15T15:34:50+00:00,LWLG,STK,,,0.0,TRADES,13.7993,13.7993,13.78,13.78,649.0,5,13.78443,49462420,LWLG
2026-05-15T15:35:00+00:00,LWLG,STK,,,0.0,TRADES,13.7856,13.8,13.775,13.8,980.0,4,13.785,49462420,LWLG
2026-05-15T15:35:10+00:00,LWLG,STK,,,0.0,TRADES,13.775,13.775,13.775,13.775,1400.0,5,13.775,49462420,LWLG
2026-05-15T15:35:20+00:00,LWLG,STK,,,0.0,TRADES,13.7751,13.79,13.7751,13.7752,1820.0,4,13.7773,49462420,LWLG
2026-05-15T15:35:30+00:00,LWLG,STK,,,0.0,TRADES,13.775,13.8,13.775,13.8,1700.0,9,13.78967,49462420,LWLG
2026-05-15T15:35:40+00:00,LWLG,STK,,,0.0,TRADES,13.8,13.8,13.8,13.8,0.0,0,13.8,49462420,LWLG
2026-05-15T15:35:50+00:00,LWLG,STK,,,0.0,TRADES,13.83,13.83,13.83,13.83,137.0,1,13.83,49462420,LWLG
2026-05-15T15:36:00+00:00,LWLG,STK,,,0.0,TRADES,13.83,13.83,13.83,13.83,0.0,0,13.83,49462420,LWLG
2026-05-15T15:36:10+00:00,LWLG,STK,,,0.0,TRADES,13.81,13.82,13.81,13.82,500.0,2,13.818,49462420,LWLG
2026-05-15T15:36:20+00:00,LWLG,STK,,,0.0,TRADES,13.836,13.849,13.824,13.824,1410.0,5,13.83673,49462420,LWLG
2026-05-15T15:36:30+00:00,LWLG,STK,,,0.0,TRADES,13.84,13.84,13.835,13.835,2000.0,9,13.83625,49462420,LWLG
2026-05-15T15:36:40+00:00,LWLG,STK,,,0.0,TRADES,13.83,13.835,13.83,13.83,3373.0,5,13.8305,49462420,LWLG
2026-05-15T15:36:50+00:00,LWLG,STK,,,0.0,TRADES,13.83,13.83,13.825,13.825,267.0,2,13.82708,49462420,LWLG
2026-05-15T15:37:00+00:00,LWLG,STK,,,0.0,TRADES,13.825,13.825,13.825,13.825,400.0,4,13.825,49462420,LWLG
2026-05-15T15:37:10+00:00,LWLG,STK,,,0.0,TRADES,13.84,13.855,13.84,13.84,3253.0,15,13.84184,49462420,LWLG
2026-05-15T15:37:20+00:00,LWLG,STK,,,0.0,TRADES,13.84,13.84,13.84,13.84,0.0,0,13.84,49462420,LWLG
2026-05-15T15:37:30+00:00,LWLG,STK,,,0.0,TRADES,13.865,13.878,13.865,13.87,2703.0,7,13.86905,49462420,LWLG
2026-05-15T15:37:40+00:00,LWLG,STK,,,0.0,TRADES,13.8799,13.8799,13.8799,13.8799,1350.0,1,13.8799,49462420,LWLG
2026-05-15T15:37:50+00:00,LWLG,STK,,,0.0,TRADES,13.865,13.89,13.865,13.89,1950.0,7,13.87115,49462420,LWLG
2026-05-15T15:38:00+00:00,LWLG,STK,,,0.0,TRADES,13.89,13.89,13.89,13.89,0.0,0,13.89,49462420,LWLG
2026-05-15T15:38:10+00:00,LWLG,STK,,,0.0,TRADES,13.88,13.8891,13.88,13.8801,800.0,3,13.88116,49462420,LWLG
2026-05-15T15:38:20+00:00,LWLG,STK,,,0.0,TRADES,13.88,13.89,13.88,13.89,2376.0,6,13.88452,49462420,LWLG
2026-05-15T15:38:30+00:00,LWLG,STK,,,0.0,TRADES,13.89,13.9,13.89,13.89,800.0,6,13.89569,49462420,LWLG
2026-05-15T15:38:40+00:00,LWLG,STK,,,0.0,TRADES,13.8787,13.9,13.8787,13.9,1000.0,3,13.88509,49462420,LWLG
2026-05-15T15:38:50+00:00,LWLG,STK,,,0.0,TRADES,13.9,13.9,13.9,13.9,0.0,0,13.9,49462420,LWLG
2026-05-15T15:39:00+00:00,LWLG,STK,,,0.0,TRADES,13.898,13.898,13.88,13.88,3205.0,5,13.88994,49462420,LWLG
2026-05-15T15:39:10+00:00,LWLG,STK,,,0.0,TRADES,13.89,13.8999,13.89,13.8983,1600.0,5,13.89581,49462420,LWLG
2026-05-15T15:39:20+00:00,LWLG,STK,,,0.0,TRADES,13.88,13.88,13.86,13.86,2062.0,14,13.87213,49462420,LWLG
2026-05-15T15:39:30+00:00,LWLG,STK,,,0.0,TRADES,13.85,13.87,13.84,13.87,1600.0,11,13.86031,49462420,LWLG
2026-05-15T15:39:40+00:00,LWLG,STK,,,0.0,TRADES,13.88,13.9,13.88,13.9,1500.0,9,13.88933,49462420,LWLG
2026-05-15T15:39:50+00:00,LWLG,STK,,,0.0,TRADES,13.895,13.895,13.87,13.87,700.0,3,13.89143,49462420,LWLG
2026-05-15T15:40:00+00:00,LWLG,STK,,,0.0,TRADES,13.87,13.87,13.87,13.87,0.0,0,13.87,49462420,LWLG
2026-05-15T15:40:10+00:00,LWLG,STK,,,0.0,TRADES,13.885,13.885,13.885,13.885,150.0,1,13.885,49462420,LWLG
2026-05-15T15:40:20+00:00,LWLG,STK,,,0.0,TRADES,13.84,13.84,13.84,13.84,100.0,1,13.84,49462420,LWLG
2026-05-15T15:40:30+00:00,LWLG,STK,,,0.0,TRADES,13.825,13.85,13.82,13.85,2000.0,9,13.832,49462420,LWLG
2026-05-15T15:40:40+00:00,LWLG,STK,,,0.0,TRADES,13.84,13.84,13.83,13.83,212.0,2,13.83472,49462420,LWLG
2026-05-15T15:40:50+00:00,LWLG,STK,,,0.0,TRADES,13.8499,13.85,13.8499,13.85,445.0,4,13.84998,49462420,LWLG
2026-05-15T15:41:00+00:00,LWLG,STK,,,0.0,TRADES,13.8678,13.8678,13.8678,13.8678,140.0,1,13.8678,49462420,LWLG
2026-05-15T15:41:10+00:00,LWLG,STK,,,0.0,TRADES,13.8678,13.8678,13.8678,13.8678,0.0,0,13.8678,49462420,LWLG
2026-05-15T15:41:20+00:00,LWLG,STK,,,0.0,TRADES,13.85,13.85,13.82,13.82,962.0,4,13.82936,49462420,LWLG
2026-05-15T15:41:30+00:00,LWLG,STK,,,0.0,TRADES,13.82,13.82,13.82,13.82,0.0,0,13.82,49462420,LWLG
2026-05-15T15:41:40+00:00,LWLG,STK,,,0.0,TRADES,13.8596,13.8596,13.83,13.845,520.0,3,13.8426,49462420,LWLG
2026-05-15T15:41:50+00:00,LWLG,STK,,,0.0,TRADES,13.8302,13.8302,13.83,13.83,2100.0,2,13.83019,49462420,LWLG
2026-05-15T15:42:00+00:00,LWLG,STK,,,0.0,TRADES,13.83,13.83,13.83,13.83,0.0,0,13.83,49462420,LWLG
2026-05-15T15:42:10+00:00,LWLG,STK,,,0.0,TRADES,13.87,13.87,13.87,13.87,587.0,1,13.87,49462420,LWLG
2026-05-15T15:42:20+00:00,LWLG,STK,,,0.0,TRADES,13.87,13.88,13.87,13.8747,10783.0,8,13.87558,49462420,LWLG
2026-05-15T15:42:30+00:00,LWLG,STK,,,0.0,TRADES,13.8747,13.8747,13.8747,13.8747,0.0,0,13.8747,49462420,LWLG
2026-05-15T15:42:40+00:00,LWLG,STK,,,0.0,TRADES,13.896,13.896,13.86,13.86,1937.0,7,13.87859,49462420,LWLG
2026-05-15T15:42:50+00:00,LWLG,STK,,,0.0,TRADES,13.86,13.86,13.86,13.86,100.0,1,13.86,49462420,LWLG
2026-05-15T15:43:00+00:00,LWLG,STK,,,0.0,TRADES,13.88,13.8823,13.88,13.8823,325.0,2,13.88089,49462420,LWLG
2026-05-15T15:43:10+00:00,LWLG,STK,,,0.0,TRADES,13.8823,13.8823,13.8823,13.8823,0.0,0,13.8823,49462420,LWLG
2026-05-15T15:43:20+00:00,LWLG,STK,,,0.0,TRADES,13.875,13.9,13.875,13.9,6530.0,40,13.88143,49462420,LWLG
2026-05-15T15:43:30+00:00,LWLG,STK,,,0.0,TRADES,13.886,13.886,13.87,13.87,400.0,4,13.874,49462420,LWLG
2026-05-15T15:43:40+00:00,LWLG,STK,,,0.0,TRADES,13.8817,13.8817,13.87,13.87,200.0,2,13.87585,49462420,LWLG
2026-05-15T15:43:50+00:00,LWLG,STK,,,0.0,TRADES,13.87,13.87,13.87,13.87,0.0,0,13.87,49462420,LWLG
2026-05-15T15:44:00+00:00,LWLG,STK,,,0.0,TRADES,13.87,13.87,13.87,13.87,100.0,1,13.87,49462420,LWLG
2026-05-15T15:44:10+00:00,LWLG,STK,,,0.0,TRADES,13.89,13.89,13.89,13.89,1318.0,1,13.89,49462420,LWLG
2026-05-15T15:44:20+00:00,LWLG,STK,,,0.0,TRADES,13.875,13.875,13.86,13.86,601.0,6,13.87248,49462420,LWLG
2026-05-15T15:44:30+00:00,LWLG,STK,,,0.0,TRADES,13.86,13.86,13.86,13.86,200.0,1,13.86,49462420,LWLG
2026-05-15T15:44:40+00:00,LWLG,STK,,,0.0,TRADES,13.86,13.86,13.86,13.86,100.0,1,13.86,49462420,LWLG
2026-05-15T15:44:50+00:00,LWLG,STK,,,0.0,TRADES,13.86,13.86,13.86,13.86,0.0,0,13.86,49462420,LWLG
2026-05-15T15:45:00+00:00,LWLG,STK,,,0.0,TRADES,13.89,13.9,13.88,13.89,1000.0,8,13.891,49462420,LWLG
2026-05-15T15:45:10+00:00,LWLG,STK,,,0.0,TRADES,13.89,13.89,13.89,13.89,0.0,0,13.89,49462420,LWLG
2026-05-15T15:45:20+00:00,LWLG,STK,,,0.0,TRADES,13.88,13.88,13.88,13.88,264.0,1,13.88,49462420,LWLG
2026-05-15T15:45:30+00:00,LWLG,STK,,,0.0,TRADES,13.88,13.88,13.88,13.88,0.0,0,13.88,49462420,LWLG
2026-05-15T15:45:40+00:00,LWLG,STK,,,0.0,TRADES,13.8882,13.89,13.8882,13.89,2000.0,8,13.88892,49462420,LWLG
2026-05-15T15:45:50+00:00,LWLG,STK,,,0.0,TRADES,13.8999,13.8999,13.899,13.899,800.0,2,13.89945,49462420,LWLG
2026-05-15T15:46:00+00:00,LWLG,STK,,,0.0,TRADES,13.895,13.895,13.89,13.89,1900.0,4,13.89057,49462420,LWLG
2026-05-15T15:46:10+00:00,LWLG,STK,,,0.0,TRADES,13.89,13.89,13.89,13.89,0.0,0,13.89,49462420,LWLG
2026-05-15T15:46:20+00:00,LWLG,STK,,,0.0,TRADES,13.89,13.89,13.89,13.89,600.0,1,13.89,49462420,LWLG
2026-05-15T15:46:30+00:00,LWLG,STK,,,0.0,TRADES,13.88,13.88,13.88,13.88,500.0,5,13.88,49462420,LWLG
2026-05-15T15:46:40+00:00,LWLG,STK,,,0.0,TRADES,13.88,13.88,13.88,13.88,0.0,0,13.88,49462420,LWLG
2026-05-15T15:46:50+00:00,LWLG,STK,,,0.0,TRADES,13.87,13.89,13.87,13.89,300.0,3,13.87667,49462420,LWLG
2026-05-15T15:47:00+00:00,LWLG,STK,,,0.0,TRADES,13.89,13.89,13.89,13.89,0.0,0,13.89,49462420,LWLG
2026-05-15T15:47:10+00:00,LWLG,STK,,,0.0,TRADES,13.86,13.86,13.86,13.86,100.0,1,13.86,49462420,LWLG
2026-05-15T15:47:20+00:00,LWLG,STK,,,0.0,TRADES,13.875,13.875,13.875,13.875,723.0,1,13.875,49462420,LWLG
2026-05-15T15:47:30+00:00,LWLG,STK,,,0.0,TRADES,13.86,13.86,13.86,13.86,100.0,1,13.86,49462420,LWLG
2026-05-15T15:47:40+00:00,LWLG,STK,,,0.0,TRADES,13.86,13.87,13.835,13.835,3317.0,23,13.85146,49462420,LWLG
2026-05-15T15:47:50+00:00,LWLG,STK,,,0.0,TRADES,13.835,13.835,13.8219,13.835,300.0,3,13.83063,49462420,LWLG
2026-05-15T15:48:00+00:00,LWLG,STK,,,0.0,TRADES,13.84,13.88,13.84,13.88,2230.0,19,13.85919,49462420,LWLG
2026-05-15T15:48:10+00:00,LWLG,STK,,,0.0,TRADES,13.88,13.88,13.88,13.88,0.0,0,13.88,49462420,LWLG
2026-05-15T15:48:20+00:00,LWLG,STK,,,0.0,TRADES,13.875,13.89,13.875,13.89,550.0,5,13.88045,49462420,LWLG
2026-05-15T15:48:30+00:00,LWLG,STK,,,0.0,TRADES,13.875,13.875,13.875,13.875,100.0,1,13.875,49462420,LWLG
2026-05-15T15:48:40+00:00,LWLG,STK,,,0.0,TRADES,13.9,13.9,13.9,13.9,100.0,1,13.9,49462420,LWLG
2026-05-15T15:48:50+00:00,LWLG,STK,,,0.0,TRADES,13.9,13.9,13.9,13.9,600.0,2,13.9,49462420,LWLG
2026-05-15T15:49:00+00:00,LWLG,STK,,,0.0,TRADES,13.885,13.885,13.885,13.885,201.0,1,13.885,49462420,LWLG
2026-05-15T15:49:10+00:00,LWLG,STK,,,0.0,TRADES,13.885,13.885,13.885,13.885,0.0,0,13.885,49462420,LWLG
2026-05-15T15:49:20+00:00,LWLG,STK,,,0.0,TRADES,13.87,13.87,13.87,13.87,180.0,1,13.87,49462420,LWLG
2026-05-15T15:49:30+00:00,LWLG,STK,,,0.0,TRADES,13.86,13.86,13.83,13.83,550.0,4,13.84091,49462420,LWLG
2026-05-15T15:49:40+00:00,LWLG,STK,,,0.0,TRADES,13.83,13.84,13.83,13.84,620.0,5,13.83645,49462420,LWLG
2026-05-15T15:49:50+00:00,LWLG,STK,,,0.0,TRADES,13.845,13.845,13.845,13.845,1000.0,1,13.845,49462420,LWLG
2026-05-15T15:50:00+00:00,LWLG,STK,,,0.0,TRADES,13.8593,13.8593,13.82,13.82,850.0,6,13.84148,49462420,LWLG
2026-05-15T15:50:10+00:00,LWLG,STK,,,0.0,TRADES,13.81,13.81,13.8,13.8,2445.0,11,13.80123,49462420,LWLG
2026-05-15T15:50:20+00:00,LWLG,STK,,,0.0,TRADES,13.7899,13.7899,13.7899,13.7899,200.0,1,13.7899,49462420,LWLG
2026-05-15T15:50:30+00:00,LWLG,STK,,,0.0,TRADES,13.7867,13.7867,13.7867,13.7867,280.0,1,13.7867,49462420,LWLG
2026-05-15T15:50:40+00:00,LWLG,STK,,,0.0,TRADES,13.775,13.775,13.77,13.77,700.0,3,13.77357,49462420,LWLG
2026-05-15T15:50:50+00:00,LWLG,STK,,,0.0,TRADES,13.77,13.815,13.77,13.815,2746.0,17,13.78366,49462420,LWLG
2026-05-15T15:51:00+00:00,LWLG,STK,,,0.0,TRADES,13.815,13.815,13.79,13.79,5957.0,55,13.80256,49462420,LWLG
2026-05-15T15:51:10+00:00,LWLG,STK,,,0.0,TRADES,13.79,13.79,13.79,13.79,0.0,0,13.79,49462420,LWLG
2026-05-15T15:51:20+00:00,LWLG,STK,,,0.0,TRADES,13.79,13.79,13.79,13.79,0.0,0,13.79,49462420,LWLG
2026-05-15T15:51:30+00:00,LWLG,STK,,,0.0,TRADES,13.78,13.78,13.78,13.78,200.0,2,13.78,49462420,LWLG
2026-05-15T15:51:40+00:00,LWLG,STK,,,0.0,TRADES,13.76,13.76,13.76,13.76,100.0,1,13.76,49462420,LWLG
2026-05-15T15:51:50+00:00,LWLG,STK,,,0.0,TRADES,13.76,13.76,13.76,13.76,1803.0,2,13.76,49462420,LWLG
2026-05-15T15:52:00+00:00,LWLG,STK,,,0.0,TRADES,13.76,13.775,13.76,13.775,700.0,7,13.76643,49462420,LWLG
2026-05-15T15:52:10+00:00,LWLG,STK,,,0.0,TRADES,13.7899,13.7899,13.76,13.765,1300.0,5,13.76307,49462420,LWLG
2026-05-15T15:52:20+00:00,LWLG,STK,,,0.0,TRADES,13.75,13.75,13.72,13.72,7141.0,21,13.74374,49462420,LWLG
2026-05-15T15:52:30+00:00,LWLG,STK,,,0.0,TRADES,13.71,13.715,13.7,13.7,2153.0,3,13.7133,49462420,LWLG
2026-05-15T15:52:40+00:00,LWLG,STK,,,0.0,TRADES,13.703,13.71,13.703,13.71,250.0,2,13.7058,49462420,LWLG
2026-05-15T15:52:50+00:00,LWLG,STK,,,0.0,TRADES,13.715,13.715,13.715,13.715,500.0,1,13.715,49462420,LWLG
2026-05-15T15:53:00+00:00,LWLG,STK,,,0.0,TRADES,13.715,13.7288,13.715,13.7288,400.0,4,13.71845,49462420,LWLG
2026-05-15T15:53:10+00:00,LWLG,STK,,,0.0,TRADES,13.72,13.72,13.71,13.71,400.0,3,13.7175,49462420,LWLG
2026-05-15T15:53:20+00:00,LWLG,STK,,,0.0,TRADES,13.7,13.7099,13.7,13.7099,11701.0,16,13.70055,49462420,LWLG
2026-05-15T15:53:30+00:00,LWLG,STK,,,0.0,TRADES,13.71,13.75,13.71,13.75,1111.0,10,13.72431,49462420,LWLG
2026-05-15T15:53:40+00:00,LWLG,STK,,,0.0,TRADES,13.74,13.74,13.74,13.74,600.0,2,13.74,49462420,LWLG
2026-05-15T15:53:50+00:00,LWLG,STK,,,0.0,TRADES,13.74,13.74,13.74,13.74,0.0,0,13.74,49462420,LWLG
2026-05-15T15:54:00+00:00,LWLG,STK,,,0.0,TRADES,13.72,13.72,13.7014,13.71,1000.0,3,13.71156,49462420,LWLG
2026-05-15T15:54:10+00:00,LWLG,STK,,,0.0,TRADES,13.71,13.71,13.71,13.71,0.0,0,13.71,49462420,LWLG
2026-05-15T15:54:20+00:00,LWLG,STK,,,0.0,TRADES,13.71,13.7306,13.71,13.7306,620.0,3,13.71332,49462420,LWLG
2026-05-15T15:54:30+00:00,LWLG,STK,,,0.0,TRADES,13.7306,13.7306,13.7306,13.7306,0.0,0,13.7306,49462420,LWLG
2026-05-15T15:54:40+00:00,LWLG,STK,,,0.0,TRADES,13.71,13.7268,13.71,13.7268,300.0,2,13.7212,49462420,LWLG
2026-05-15T15:54:50+00:00,LWLG,STK,,,0.0,TRADES,13.71,13.71,13.69,13.7,14028.0,28,13.69938,49462420,LWLG
2026-05-15T15:55:00+00:00,LWLG,STK,,,0.0,TRADES,13.68,13.68,13.63,13.63,7606.0,21,13.65315,49462420,LWLG
2026-05-15T15:55:10+00:00,LWLG,STK,,,0.0,TRADES,13.64,13.64,13.635,13.635,1750.0,8,13.63929,49462420,LWLG
2026-05-15T15:55:20+00:00,LWLG,STK,,,0.0,TRADES,13.66,13.66,13.64,13.6528,977.0,6,13.65064,49462420,LWLG
2026-05-15T15:55:30+00:00,LWLG,STK,,,0.0,TRADES,13.635,13.635,13.635,13.635,100.0,1,13.635,49462420,LWLG
2026-05-15T15:55:40+00:00,LWLG,STK,,,0.0,TRADES,13.62,13.66,13.62,13.64,901.0,8,13.65112,49462420,LWLG
2026-05-15T15:55:50+00:00,LWLG,STK,,,0.0,TRADES,13.67,13.69,13.67,13.67,800.0,7,13.6775,49462420,LWLG
2026-05-15T15:56:00+00:00,LWLG,STK,,,0.0,TRADES,13.67,13.67,13.67,13.67,200.0,1,13.67,49462420,LWLG
2026-05-15T15:56:10+00:00,LWLG,STK,,,0.0,TRADES,13.67,13.69,13.67,13.675,1083.0,8,13.68307,49462420,LWLG
2026-05-15T15:56:20+00:00,LWLG,STK,,,0.0,TRADES,13.675,13.7,13.67,13.67,400.0,3,13.68625,49462420,LWLG
2026-05-15T15:56:30+00:00,LWLG,STK,,,0.0,TRADES,13.7,13.71,13.7,13.71,400.0,3,13.7025,49462420,LWLG
2026-05-15T15:56:40+00:00,LWLG,STK,,,0.0,TRADES,13.7,13.71,13.69,13.705,3683.0,25,13.70231,49462420,LWLG
2026-05-15T15:56:50+00:00,LWLG,STK,,,0.0,TRADES,13.7099,13.71,13.69,13.71,2380.0,10,13.70324,49462420,LWLG
2026-05-15T15:57:00+00:00,LWLG,STK,,,0.0,TRADES,13.7,13.7,13.7,13.7,100.0,1,13.7,49462420,LWLG
2026-05-15T15:57:10+00:00,LWLG,STK,,,0.0,TRADES,13.7,13.7,13.7,13.7,0.0,0,13.7,49462420,LWLG
2026-05-15T15:57:20+00:00,LWLG,STK,,,0.0,TRADES,13.72,13.72,13.65,13.65,2977.0,18,13.66696,49462420,LWLG
2026-05-15T15:57:30+00:00,LWLG,STK,,,0.0,TRADES,13.65,13.65,13.65,13.65,0.0,0,13.65,49462420,LWLG
2026-05-15T15:57:40+00:00,LWLG,STK,,,0.0,TRADES,13.65,13.65,13.64,13.645,1943.0,12,13.64211,49462420,LWLG
2026-05-15T15:57:50+00:00,LWLG,STK,,,0.0,TRADES,13.64,13.655,13.64,13.65,1165.0,9,13.64709,49462420,LWLG
2026-05-15T15:58:00+00:00,LWLG,STK,,,0.0,TRADES,13.67,13.67,13.67,13.67,600.0,6,13.67,49462420,LWLG
2026-05-15T15:58:10+00:00,LWLG,STK,,,0.0,TRADES,13.655,13.6999,13.655,13.67,1000.0,6,13.66678,49462420,LWLG
2026-05-15T15:58:20+00:00,LWLG,STK,,,0.0,TRADES,13.7,13.7,13.6797,13.6797,200.0,2,13.68985,49462420,LWLG
2026-05-15T15:58:30+00:00,LWLG,STK,,,0.0,TRADES,13.71,13.71,13.69,13.7,850.0,6,13.69912,49462420,LWLG
2026-05-15T15:58:40+00:00,LWLG,STK,,,0.0,TRADES,13.71,13.71,13.69,13.71,600.0,4,13.70667,49462420,LWLG
2026-05-15T15:58:50+00:00,LWLG,STK,,,0.0,TRADES,13.71,13.72,13.695,13.72,1029.0,10,13.70034,49462420,LWLG
2026-05-15T15:59:00+00:00,LWLG,STK,,,0.0,TRADES,13.72,13.72,13.72,13.72,0.0,0,13.72,49462420,LWLG
2026-05-15T15:59:10+00:00,LWLG,STK,,,0.0,TRADES,13.72,13.73,13.705,13.73,1100.0,7,13.71773,49462420,LWLG
2026-05-15T15:59:20+00:00,LWLG,STK,,,0.0,TRADES,13.705,13.72,13.705,13.72,500.0,3,13.711,49462420,LWLG
2026-05-15T15:59:30+00:00,LWLG,STK,,,0.0,TRADES,13.7,13.7,13.68,13.68,700.0,2,13.69714,49462420,LWLG
2026-05-15T15:59:40+00:00,LWLG,STK,,,0.0,TRADES,13.7,13.7,13.652,13.652,850.0,4,13.67788,49462420,LWLG
2026-05-15T15:59:50+00:00,LWLG,STK,,,0.0,TRADES,13.7,13.71,13.68,13.68,1000.0,5,13.693,49462420,LWLG
2026-05-15T16:00:00+00:00,LWLG,STK,,,0.0,TRADES,13.7,13.71,13.69,13.69,847.0,7,13.70118,49462420,LWLG
2026-05-15T16:00:10+00:00,LWLG,STK,,,0.0,TRADES,13.67,13.67,13.67,13.67,100.0,1,13.67,49462420,LWLG
2026-05-15T16:00:20+00:00,LWLG,STK,,,0.0,TRADES,13.685,13.7,13.68,13.7,2130.0,9,13.69667,49462420,LWLG
2026-05-15T16:00:30+00:00,LWLG,STK,,,0.0,TRADES,13.67,13.68,13.67,13.68,300.0,3,13.67333,49462420,LWLG
2026-05-15T16:00:40+00:00,LWLG,STK,,,0.0,TRADES,13.68,13.69,13.68,13.69,2010.0,12,13.6805,49462420,LWLG
2026-05-15T16:00:50+00:00,LWLG,STK,,,0.0,TRADES,13.71,13.72,13.71,13.72,1184.0,5,13.71169,49462420,LWLG
2026-05-15T16:01:00+00:00,LWLG,STK,,,0.0,TRADES,13.7,13.7,13.7,13.7,100.0,1,13.7,49462420,LWLG
2026-05-15T16:01:10+00:00,LWLG,STK,,,0.0,TRADES,13.7,13.7,13.7,13.7,100.0,1,13.7,49462420,LWLG
2026-05-15T16:01:20+00:00,LWLG,STK,,,0.0,TRADES,13.7,13.7,13.695,13.7,1415.0,5,13.69949,49462420,LWLG
2026-05-15T16:01:30+00:00,LWLG,STK,,,0.0,TRADES,13.7,13.7,13.7,13.7,100.0,1,13.7,49462420,LWLG
2026-05-15T16:01:40+00:00,LWLG,STK,,,0.0,TRADES,13.69,13.7,13.69,13.7,200.0,2,13.695,49462420,LWLG
2026-05-15T16:01:50+00:00,LWLG,STK,,,0.0,TRADES,13.69,13.69,13.69,13.69,430.0,3,13.69,49462420,LWLG
2026-05-15T16:02:00+00:00,LWLG,STK,,,0.0,TRADES,13.6925,13.6925,13.685,13.685,450.0,3,13.68917,49462420,LWLG
2026-05-15T16:02:10+00:00,LWLG,STK,,,0.0,TRADES,13.6835,13.7,13.6835,13.7,1700.0,2,13.69321,49462420,LWLG
2026-05-15T16:02:20+00:00,LWLG,STK,,,0.0,TRADES,13.68,13.68,13.68,13.68,100.0,1,13.68,49462420,LWLG
2026-05-15T16:02:30+00:00,LWLG,STK,,,0.0,TRADES,13.68,13.68,13.68,13.68,1100.0,2,13.68,49462420,LWLG
2026-05-15T16:02:40+00:00,LWLG,STK,,,0.0,TRADES,13.68,13.68,13.67,13.67,1166.0,5,13.67086,49462420,LWLG
2026-05-15T16:02:50+00:00,LWLG,STK,,,0.0,TRADES,13.68,13.68,13.67,13.67,1096.0,6,13.67574,49462420,LWLG
2026-05-15T16:03:00+00:00,LWLG,STK,,,0.0,TRADES,13.6899,13.69,13.68,13.69,3255.0,11,13.68858,49462420,LWLG
2026-05-15T16:03:10+00:00,LWLG,STK,,,0.0,TRADES,13.67,13.675,13.65,13.65,5610.0,26,13.65676,49462420,LWLG
2026-05-15T16:03:20+00:00,LWLG,STK,,,0.0,TRADES,13.65,13.65,13.64,13.65,2095.0,11,13.64334,49462420,LWLG
2026-05-15T16:03:30+00:00,LWLG,STK,,,0.0,TRADES,13.65,13.65,13.65,13.65,701.0,5,13.65,49462420,LWLG
2026-05-15T16:03:40+00:00,LWLG,STK,,,0.0,TRADES,13.65,13.65,13.65,13.65,500.0,5,13.65,49462420,LWLG
2026-05-15T16:03:50+00:00,LWLG,STK,,,0.0,TRADES,13.65,13.65,13.65,13.65,0.0,0,13.65,49462420,LWLG
2026-05-15T16:04:00+00:00,LWLG,STK,,,0.0,TRADES,13.68,13.68,13.67,13.67,400.0,3,13.675,49462420,LWLG
2026-05-15T16:04:10+00:00,LWLG,STK,,,0.0,TRADES,13.67,13.67,13.665,13.67,2128.0,16,13.669,49462420,LWLG
2026-05-15T16:04:20+00:00,LWLG,STK,,,0.0,TRADES,13.67,13.68,13.665,13.68,999.0,6,13.67346,49462420,LWLG
2026-05-15T16:04:30+00:00,LWLG,STK,,,0.0,TRADES,13.68,13.69,13.67,13.69,639.0,5,13.67782,49462420,LWLG
2026-05-15T16:04:40+00:00,LWLG,STK,,,0.0,TRADES,13.69,13.69,13.68,13.69,500.0,3,13.688,49462420,LWLG
2026-05-15T16:04:50+00:00,LWLG,STK,,,0.0,TRADES,13.69,13.69,13.675,13.68,723.0,6,13.68202,49462420,LWLG
2026-05-15T16:05:00+00:00,LWLG,STK,,,0.0,TRADES,13.68,13.69,13.67,13.67,2272.0,11,13.67286,49462420,LWLG
2026-05-15T16:05:10+00:00,LWLG,STK,,,0.0,TRADES,13.68,13.685,13.68,13.68,1000.0,10,13.6825,49462420,LWLG
2026-05-15T16:05:20+00:00,LWLG,STK,,,0.0,TRADES,13.68,13.685,13.68,13.685,2066.0,7,13.6829,49462420,LWLG
2026-05-15T16:05:30+00:00,LWLG,STK,,,0.0,TRADES,13.685,13.7,13.685,13.685,2400.0,4,13.6975,49462420,LWLG
2026-05-15T16:05:40+00:00,LWLG,STK,,,0.0,TRADES,13.7,13.71,13.68,13.71,10490.0,14,13.69988,49462420,LWLG
2026-05-15T16:05:50+00:00,LWLG,STK,,,0.0,TRADES,13.71,13.715,13.71,13.71,500.0,5,13.711,49462420,LWLG
2026-05-15T16:06:00+00:00,LWLG,STK,,,0.0,TRADES,13.705,13.72,13.6801,13.71,2550.0,17,13.70098,49462420,LWLG
2026-05-15T16:06:10+00:00,LWLG,STK,,,0.0,TRADES,13.72,13.72,13.72,13.72,100.0,1,13.72,49462420,LWLG
2026-05-15T16:06:20+00:00,LWLG,STK,,,0.0,TRADES,13.7,13.7,13.7,13.7,250.0,1,13.7,49462420,LWLG
2026-05-15T16:06:30+00:00,LWLG,STK,,,0.0,TRADES,13.7,13.71,13.7,13.71,500.0,2,13.702,49462420,LWLG
2026-05-15T16:06:40+00:00,LWLG,STK,,,0.0,TRADES,13.7,13.7,13.66,13.66,4421.0,25,13.67194,49462420,LWLG
2026-05-15T16:06:50+00:00,LWLG,STK,,,0.0,TRADES,13.65,13.655,13.65,13.655,2628.0,11,13.65133,49462420,LWLG
2026-05-15T16:07:00+00:00,LWLG,STK,,,0.0,TRADES,13.65,13.655,13.63,13.655,1078.0,10,13.63603,49462420,LWLG
2026-05-15T16:07:10+00:00,LWLG,STK,,,0.0,TRADES,13.655,13.655,13.64,13.64,3930.0,9,13.65296,49462420,LWLG
2026-05-15T16:07:20+00:00,LWLG,STK,,,0.0,TRADES,13.64,13.64,13.64,13.64,300.0,3,13.64,49462420,LWLG
2026-05-15T16:07:30+00:00,LWLG,STK,,,0.0,TRADES,13.64,13.64,13.64,13.64,600.0,6,13.64,49462420,LWLG
2026-05-15T16:07:40+00:00,LWLG,STK,,,0.0,TRADES,13.65,13.65,13.65,13.65,1000.0,2,13.65,49462420,LWLG
2026-05-15T16:07:50+00:00,LWLG,STK,,,0.0,TRADES,13.65,13.65,13.65,13.65,1000.0,1,13.65,49462420,LWLG
2026-05-15T16:08:00+00:00,LWLG,STK,,,0.0,TRADES,13.66,13.66,13.66,13.66,200.0,2,13.66,49462420,LWLG
2026-05-15T16:08:10+00:00,LWLG,STK,,,0.0,TRADES,13.65,13.665,13.65,13.665,6930.0,6,13.66293,49462420,LWLG
2026-05-15T16:08:20+00:00,LWLG,STK,,,0.0,TRADES,13.66,13.67,13.66,13.67,600.0,3,13.66167,49462420,LWLG
2026-05-15T16:08:30+00:00,LWLG,STK,,,0.0,TRADES,13.68,13.7,13.68,13.69,1400.0,5,13.69071,49462420,LWLG
2026-05-15T16:08:40+00:00,LWLG,STK,,,0.0,TRADES,13.69,13.69,13.69,13.69,200.0,1,13.69,49462420,LWLG
2026-05-15T16:08:50+00:00,LWLG,STK,,,0.0,TRADES,13.69,13.69,13.6701,13.6701,1787.0,7,13.67614,49462420,LWLG
2026-05-15T16:09:00+00:00,LWLG,STK,,,0.0,TRADES,13.69,13.69,13.69,13.69,650.0,4,13.69,49462420,LWLG
2026-05-15T16:09:10+00:00,LWLG,STK,,,0.0,TRADES,13.68,13.68,13.672,13.672,600.0,2,13.67333,49462420,LWLG
2026-05-15T16:09:20+00:00,LWLG,STK,,,0.0,TRADES,13.69,13.7,13.68,13.68,1100.0,9,13.68727,49462420,LWLG
2026-05-15T16:09:30+00:00,LWLG,STK,,,0.0,TRADES,13.68,13.68,13.67,13.67,1690.0,10,13.67129,49462420,LWLG
2026-05-15T16:09:40+00:00,LWLG,STK,,,0.0,TRADES,13.67,13.67,13.67,13.67,700.0,5,13.67,49462420,LWLG
2026-05-15T16:09:50+00:00,LWLG,STK,,,0.0,TRADES,13.66,13.665,13.66,13.665,311.0,2,13.66339,49462420,LWLG
2026-05-15T16:10:00+00:00,LWLG,STK,,,0.0,TRADES,13.669,13.675,13.665,13.675,3011.0,11,13.66904,49462420,LWLG
2026-05-15T16:10:10+00:00,LWLG,STK,,,0.0,TRADES,13.68,13.71,13.68,13.71,2287.0,19,13.69172,49462420,LWLG
2026-05-15T16:10:20+00:00,LWLG,STK,,,0.0,TRADES,13.69,13.6919,13.6727,13.6727,639.0,4,13.68133,49462420,LWLG
2026-05-15T16:10:30+00:00,LWLG,STK,,,0.0,TRADES,13.69,13.69,13.6521,13.66,3222.0,14,13.66628,49462420,LWLG
2026-05-15T16:10:40+00:00,LWLG,STK,,,0.0,TRADES,13.6501,13.6501,13.6501,13.6501,3100.0,2,13.6501,49462420,LWLG
2026-05-15T16:10:50+00:00,LWLG,STK,,,0.0,TRADES,13.659,13.659,13.655,13.655,977.0,2,13.65582,49462420,LWLG
2026-05-15T16:11:00+00:00,LWLG,STK,,,0.0,TRADES,13.65,13.66,13.64,13.64,2370.0,12,13.6503,49462420,LWLG
2026-05-15T16:11:10+00:00,LWLG,STK,,,0.0,TRADES,13.64,13.65,13.64,13.65,693.0,5,13.64577,49462420,LWLG
2026-05-15T16:11:20+00:00,LWLG,STK,,,0.0,TRADES,13.65,13.65,13.65,13.65,0.0,0,13.65,49462420,LWLG
2026-05-15T16:11:30+00:00,LWLG,STK,,,0.0,TRADES,13.66,13.66,13.66,13.66,100.0,1,13.66,49462420,LWLG
2026-05-15T16:11:40+00:00,LWLG,STK,,,0.0,TRADES,13.6551,13.6551,13.6551,13.6551,138.0,1,13.6551,49462420,LWLG
2026-05-15T16:11:50+00:00,LWLG,STK,,,0.0,TRADES,13.645,13.65,13.645,13.65,543.0,4,13.64908,49462420,LWLG
2026-05-15T16:12:00+00:00,LWLG,STK,,,0.0,TRADES,13.66,13.67,13.64,13.665,2520.0,14,13.66117,49462420,LWLG
2026-05-15T16:12:10+00:00,LWLG,STK,,,0.0,TRADES,13.655,13.67,13.655,13.655,1000.0,9,13.65774,49462420,LWLG
2026-05-15T16:12:20+00:00,LWLG,STK,,,0.0,TRADES,13.67,13.6899,13.665,13.6899,9400.0,5,13.68852,49462420,LWLG
2026-05-15T16:12:30+00:00,LWLG,STK,,,0.0,TRADES,13.67,13.67,13.655,13.655,300.0,3,13.66333,49462420,LWLG
2026-05-15T16:12:40+00:00,LWLG,STK,,,0.0,TRADES,13.655,13.665,13.655,13.665,300.0,2,13.66167,49462420,LWLG
2026-05-15T16:12:50+00:00,LWLG,STK,,,0.0,TRADES,13.65,13.68,13.65,13.68,8510.0,6,13.66533,49462420,LWLG
2026-05-15T16:13:00+00:00,LWLG,STK,,,0.0,TRADES,13.68,13.6871,13.67,13.67,541.0,3,13.67501,49462420,LWLG
2026-05-15T16:13:10+00:00,LWLG,STK,,,0.0,TRADES,13.68,13.68,13.6664,13.67,1425.0,4,13.66888,49462420,LWLG
2026-05-15T16:13:20+00:00,LWLG,STK,,,0.0,TRADES,13.69,13.69,13.67,13.69,500.0,4,13.678,49462420,LWLG
2026-05-15T16:13:30+00:00,LWLG,STK,,,0.0,TRADES,13.69,13.69,13.68,13.69,1336.0,8,13.68813,49462420,LWLG
2026-05-15T16:13:40+00:00,LWLG,STK,,,0.0,TRADES,13.7,13.7,13.68,13.68,400.0,3,13.69,49462420,LWLG
2026-05-15T16:13:50+00:00,LWLG,STK,,,0.0,TRADES,13.7,13.7,13.7,13.7,100.0,1,13.7,49462420,LWLG
2026-05-15T16:14:00+00:00,LWLG,STK,,,0.0,TRADES,13.69,13.72,13.69,13.7,1300.0,7,13.69923,49462420,LWLG
2026-05-15T16:14:10+00:00,LWLG,STK,,,0.0,TRADES,13.71,13.71,13.71,13.71,200.0,1,13.71,49462420,LWLG
2026-05-15T16:14:20+00:00,LWLG,STK,,,0.0,TRADES,13.7,13.71,13.7,13.71,500.0,4,13.706,49462420,LWLG
2026-05-15T16:14:30+00:00,LWLG,STK,,,0.0,TRADES,13.7,13.7,13.7,13.7,100.0,1,13.7,49462420,LWLG
2026-05-15T16:14:40+00:00,LWLG,STK,,,0.0,TRADES,13.695,13.7,13.68,13.68,500.0,4,13.69282,49462420,LWLG
2026-05-15T16:14:50+00:00,LWLG,STK,,,0.0,TRADES,13.71,13.74,13.71,13.74,1400.0,12,13.72393,49462420,LWLG
2026-05-15T16:15:00+00:00,LWLG,STK,,,0.0,TRADES,13.72,13.72,13.72,13.72,100.0,1,13.72,49462420,LWLG
2026-05-15T16:15:10+00:00,LWLG,STK,,,0.0,TRADES,13.74,13.74,13.7202,13.7202,1267.0,3,13.72358,49462420,LWLG
2026-05-15T16:15:20+00:00,LWLG,STK,,,0.0,TRADES,13.73,13.73,13.705,13.71,2476.0,19,13.71192,49462420,LWLG
2026-05-15T16:15:30+00:00,LWLG,STK,,,0.0,TRADES,13.72,13.72,13.7101,13.72,2500.0,4,13.71604,49462420,LWLG
2026-05-15T16:15:40+00:00,LWLG,STK,,,0.0,TRADES,13.72,13.73,13.72,13.73,418.0,2,13.72718,49462420,LWLG
2026-05-15T16:15:50+00:00,LWLG,STK,,,0.0,TRADES,13.715,13.715,13.7,13.715,1703.0,4,13.71409,49462420,LWLG
2026-05-15T16:16:00+00:00,LWLG,STK,,,0.0,TRADES,13.71,13.71,13.71,13.71,300.0,3,13.71,49462420,LWLG
2026-05-15T16:16:10+00:00,LWLG,STK,,,0.0,TRADES,13.715,13.718,13.69,13.69,10809.0,20,13.7047,49462420,LWLG
2026-05-15T16:16:20+00:00,LWLG,STK,,,0.0,TRADES,13.7051,13.7051,13.694,13.694,6900.0,7,13.6963,49462420,LWLG
2026-05-15T16:16:30+00:00,LWLG,STK,,,0.0,TRADES,13.7,13.7,13.682,13.7,3944.0,13,13.68638,49462420,LWLG
2026-05-15T16:16:40+00:00,LWLG,STK,,,0.0,TRADES,13.69,13.69,13.69,13.69,200.0,1,13.69,49462420,LWLG
2026-05-15T16:16:50+00:00,LWLG,STK,,,0.0,TRADES,13.695,13.695,13.695,13.695,617.0,1,13.695,49462420,LWLG
2026-05-15T16:17:00+00:00,LWLG,STK,,,0.0,TRADES,13.7,13.7,13.695,13.6999,1167.0,5,13.69924,49462420,LWLG
2026-05-15T16:17:10+00:00,LWLG,STK,,,0.0,TRADES,13.7,13.7,13.6989,13.7,1350.0,4,13.69939,49462420,LWLG
2026-05-15T16:17:20+00:00,LWLG,STK,,,0.0,TRADES,13.7,13.7,13.66,13.66,2650.0,12,13.67547,49462420,LWLG
2026-05-15T16:17:30+00:00,LWLG,STK,,,0.0,TRADES,13.6645,13.69,13.6644,13.68,3999.0,17,13.671,49462420,LWLG
2026-05-15T16:17:40+00:00,LWLG,STK,,,0.0,TRADES,13.68,13.69,13.68,13.69,200.0,2,13.685,49462420,LWLG
2026-05-15T16:17:50+00:00,LWLG,STK,,,0.0,TRADES,13.7,13.7,13.7,13.7,1000.0,1,13.7,49462420,LWLG
2026-05-15T16:18:00+00:00,LWLG,STK,,,0.0,TRADES,13.7,13.7,13.69,13.69,1400.0,10,13.69929,49462420,LWLG
2026-05-15T16:18:10+00:00,LWLG,STK,,,0.0,TRADES,13.69,13.69,13.69,13.69,445.0,1,13.69,49462420,LWLG
2026-05-15T16:18:20+00:00,LWLG,STK,,,0.0,TRADES,13.71,13.71,13.705,13.705,522.0,3,13.70692,49462420,LWLG
2026-05-15T16:18:30+00:00,LWLG,STK,,,0.0,TRADES,13.7,13.7,13.69,13.69,300.0,2,13.69333,49462420,LWLG
2026-05-15T16:18:40+00:00,LWLG,STK,,,0.0,TRADES,13.6901,13.6901,13.6901,13.6901,170.0,1,13.6901,49462420,LWLG
2026-05-15T16:18:50+00:00,LWLG,STK,,,0.0,TRADES,13.7,13.7,13.69,13.69,701.0,7,13.69143,49462420,LWLG
2026-05-15T16:19:00+00:00,LWLG,STK,,,0.0,TRADES,13.69,13.69,13.69,13.69,100.0,1,13.69,49462420,LWLG
2026-05-15T16:19:10+00:00,LWLG,STK,,,0.0,TRADES,13.69,13.69,13.69,13.69,600.0,5,13.69,49462420,LWLG
2026-05-15T16:19:20+00:00,LWLG,STK,,,0.0,TRADES,13.67,13.67,13.6601,13.6601,600.0,5,13.66835,49462420,LWLG
2026-05-15T16:19:30+00:00,LWLG,STK,,,0.0,TRADES,13.665,13.68,13.665,13.67,1782.0,11,13.67523,49462420,LWLG
2026-05-15T16:19:40+00:00,LWLG,STK,,,0.0,TRADES,13.67,13.67,13.67,13.67,0.0,0,13.67,49462420,LWLG
2026-05-15T16:19:50+00:00,LWLG,STK,,,0.0,TRADES,13.69,13.7,13.665,13.685,2080.0,9,13.68869,49462420,LWLG
2026-05-15T16:20:00+00:00,LWLG,STK,,,0.0,TRADES,13.685,13.685,13.685,13.685,0.0,0,13.685,49462420,LWLG
2026-05-15T16:20:10+00:00,LWLG,STK,,,0.0,TRADES,13.68,13.68,13.6706,13.6706,366.0,2,13.67317,49462420,LWLG
2026-05-15T16:20:20+00:00,LWLG,STK,,,0.0,TRADES,13.69,13.69,13.6701,13.69,753.0,4,13.6768,49462420,LWLG
2026-05-15T16:20:30+00:00,LWLG,STK,,,0.0,TRADES,13.69,13.69,13.69,13.69,0.0,0,13.69,49462420,LWLG
2026-05-15T16:20:40+00:00,LWLG,STK,,,0.0,TRADES,13.69,13.69,13.69,13.69,480.0,4,13.69,49462420,LWLG
2026-05-15T16:20:50+00:00,LWLG,STK,,,0.0,TRADES,13.6701,13.71,13.6701,13.69,500.0,3,13.68206,49462420,LWLG
2026-05-15T16:21:00+00:00,LWLG,STK,,,0.0,TRADES,13.6812,13.72,13.6812,13.71,1494.0,3,13.70485,49462420,LWLG
2026-05-15T16:21:10+00:00,LWLG,STK,,,0.0,TRADES,13.7165,13.7165,13.7165,13.7165,540.0,1,13.7165,49462420,LWLG
2026-05-15T16:21:20+00:00,LWLG,STK,,,0.0,TRADES,13.73,13.74,13.715,13.74,1700.0,11,13.73221,49462420,LWLG
2026-05-15T16:21:30+00:00,LWLG,STK,,,0.0,TRADES,13.75,13.75,13.74,13.74,5895.0,8,13.74491,49462420,LWLG
2026-05-15T16:21:40+00:00,LWLG,STK,,,0.0,TRADES,13.74,13.74,13.74,13.74,0.0,0,13.74,49462420,LWLG
2026-05-15T16:21:50+00:00,LWLG,STK,,,0.0,TRADES,13.72,13.72,13.71,13.71,200.0,2,13.715,49462420,LWLG
2026-05-15T16:22:00+00:00,LWLG,STK,,,0.0,TRADES,13.715,13.715,13.715,13.715,500.0,1,13.715,49462420,LWLG
2026-05-15T16:22:10+00:00,LWLG,STK,,,0.0,TRADES,13.71,13.73,13.71,13.7299,2551.0,6,13.72913,49462420,LWLG
2026-05-15T16:22:20+00:00,LWLG,STK,,,0.0,TRADES,13.7299,13.7299,13.7299,13.7299,0.0,0,13.7299,49462420,LWLG
2026-05-15T16:22:30+00:00,LWLG,STK,,,0.0,TRADES,13.7386,13.7386,13.7386,13.7386,500.0,1,13.7386,49462420,LWLG
2026-05-15T16:22:40+00:00,LWLG,STK,,,0.0,TRADES,13.72,13.72,13.72,13.72,100.0,1,13.72,49462420,LWLG
2026-05-15T16:22:50+00:00,LWLG,STK,,,0.0,TRADES,13.72,13.72,13.72,13.72,0.0,0,13.72,49462420,LWLG
2026-05-15T16:23:00+00:00,LWLG,STK,,,0.0,TRADES,13.7001,13.7001,13.7001,13.7001,225.0,1,13.7001,49462420,LWLG
2026-05-15T16:23:10+00:00,LWLG,STK,,,0.0,TRADES,13.74,13.74,13.72,13.72,400.0,2,13.725,49462420,LWLG
2026-05-15T16:23:20+00:00,LWLG,STK,,,0.0,TRADES,13.72,13.72,13.7001,13.7001,1099.0,2,13.70191,49462420,LWLG
2026-05-15T16:23:30+00:00,LWLG,STK,,,0.0,TRADES,13.7001,13.7001,13.7001,13.7001,0.0,0,13.7001,49462420,LWLG
2026-05-15T16:23:40+00:00,LWLG,STK,,,0.0,TRADES,13.72,13.72,13.72,13.72,100.0,1,13.72,49462420,LWLG
2026-05-15T16:23:50+00:00,LWLG,STK,,,0.0,TRADES,13.74,13.74,13.73,13.73,2248.0,11,13.73756,49462420,LWLG
2026-05-15T16:24:00+00:00,LWLG,STK,,,0.0,TRADES,13.73,13.73,13.73,13.73,100.0,1,13.73,49462420,LWLG
2026-05-15T16:24:10+00:00,LWLG,STK,,,0.0,TRADES,13.73,13.73,13.73,13.73,200.0,2,13.73,49462420,LWLG
2026-05-15T16:24:20+00:00,LWLG,STK,,,0.0,TRADES,13.73,13.73,13.73,13.73,0.0,0,13.73,49462420,LWLG
2026-05-15T16:24:30+00:00,LWLG,STK,,,0.0,TRADES,13.73,13.73,13.73,13.73,0.0,0,13.73,49462420,LWLG
2026-05-15T16:24:40+00:00,LWLG,STK,,,0.0,TRADES,13.73,13.73,13.73,13.73,0.0,0,13.73,49462420,LWLG
2026-05-15T16:24:50+00:00,LWLG,STK,,,0.0,TRADES,13.73,13.73,13.73,13.73,3466.0,2,13.73,49462420,LWLG
2026-05-15T16:25:00+00:00,LWLG,STK,,,0.0,TRADES,13.7301,13.76,13.7301,13.76,3854.0,13,13.74935,49462420,LWLG
2026-05-15T16:25:10+00:00,LWLG,STK,,,0.0,TRADES,13.76,13.76,13.76,13.76,100.0,1,13.76,49462420,LWLG
2026-05-15T16:25:20+00:00,LWLG,STK,,,0.0,TRADES,13.75,13.755,13.74,13.74,2121.0,14,13.74904,49462420,LWLG
2026-05-15T16:25:30+00:00,LWLG,STK,,,0.0,TRADES,13.74,13.74,13.74,13.74,400.0,4,13.74,49462420,LWLG
2026-05-15T16:25:40+00:00,LWLG,STK,,,0.0,TRADES,13.73,13.745,13.7201,13.745,1423.0,4,13.72853,49462420,LWLG
2026-05-15T16:25:50+00:00,LWLG,STK,,,0.0,TRADES,13.75,13.755,13.75,13.755,400.0,4,13.75125,49462420,LWLG
2026-05-15T16:26:00+00:00,LWLG,STK,,,0.0,TRADES,13.75,13.75,13.75,13.75,500.0,3,13.75,49462420,LWLG
2026-05-15T16:26:10+00:00,LWLG,STK,,,0.0,TRADES,13.75,13.75,13.75,13.75,200.0,1,13.75,49462420,LWLG
2026-05-15T16:26:20+00:00,LWLG,STK,,,0.0,TRADES,13.75,13.75,13.73,13.73,1212.0,7,13.74495,49462420,LWLG
2026-05-15T16:26:30+00:00,LWLG,STK,,,0.0,TRADES,13.73,13.73,13.73,13.73,0.0,0,13.73,49462420,LWLG
2026-05-15T16:26:40+00:00,LWLG,STK,,,0.0,TRADES,13.73,13.73,13.73,13.73,400.0,2,13.73,49462420,LWLG
2026-05-15T16:26:50+00:00,LWLG,STK,,,0.0,TRADES,13.72,13.72,13.72,13.72,1000.0,7,13.72,49462420,LWLG
2026-05-15T16:27:00+00:00,LWLG,STK,,,0.0,TRADES,13.71,13.71,13.71,13.71,100.0,1,13.71,49462420,LWLG
2026-05-15T16:27:10+00:00,LWLG,STK,,,0.0,TRADES,13.7197,13.7291,13.715,13.7291,2260.0,17,13.72006,49462420,LWLG
2026-05-15T16:27:20+00:00,LWLG,STK,,,0.0,TRADES,13.73,13.73,13.73,13.73,500.0,5,13.73,49462420,LWLG
2026-05-15T16:27:30+00:00,LWLG,STK,,,0.0,TRADES,13.74,13.75,13.74,13.75,675.0,4,13.74296,49462420,LWLG
2026-05-15T16:27:40+00:00,LWLG,STK,,,0.0,TRADES,13.76,13.76,13.76,13.76,100.0,1,13.76,49462420,LWLG
2026-05-15T16:27:50+00:00,LWLG,STK,,,0.0,TRADES,13.75,13.75,13.75,13.75,106.0,1,13.75,49462420,LWLG
2026-05-15T16:28:00+00:00,LWLG,STK,,,0.0,TRADES,13.75,13.76,13.745,13.75,813.0,6,13.74808,49462420,LWLG
2026-05-15T16:28:10+00:00,LWLG,STK,,,0.0,TRADES,13.75,13.76,13.75,13.76,2300.0,23,13.7513,49462420,LWLG
2026-05-15T16:28:20+00:00,LWLG,STK,,,0.0,TRADES,13.76,13.76,13.76,13.76,100.0,1,13.76,49462420,LWLG
2026-05-15T16:28:30+00:00,LWLG,STK,,,0.0,TRADES,13.75,13.75,13.74,13.75,600.0,4,13.74833,49462420,LWLG
2026-05-15T16:28:40+00:00,LWLG,STK,,,0.0,TRADES,13.75,13.75,13.74,13.74,955.0,8,13.74105,49462420,LWLG
2026-05-15T16:28:50+00:00,LWLG,STK,,,0.0,TRADES,13.74,13.74,13.74,13.74,0.0,0,13.74,49462420,LWLG
2026-05-15T16:29:00+00:00,LWLG,STK,,,0.0,TRADES,13.74,13.74,13.74,13.74,2100.0,10,13.74,49462420,LWLG
2026-05-15T16:29:10+00:00,LWLG,STK,,,0.0,TRADES,13.75,13.78,13.745,13.78,916.0,8,13.76127,49462420,LWLG
2026-05-15T16:29:20+00:00,LWLG,STK,,,0.0,TRADES,13.755,13.78,13.755,13.755,615.0,4,13.75907,49462420,LWLG
2026-05-15T16:29:30+00:00,LWLG,STK,,,0.0,TRADES,13.755,13.755,13.755,13.755,1000.0,1,13.755,49462420,LWLG
2026-05-15T16:29:40+00:00,LWLG,STK,,,0.0,TRADES,13.76,13.76,13.74,13.74,382.0,3,13.74524,49462420,LWLG
2026-05-15T16:29:50+00:00,LWLG,STK,,,0.0,TRADES,13.74,13.75,13.74,13.75,1218.0,9,13.74493,49462420,LWLG
2026-05-15T16:30:00+00:00,LWLG,STK,,,0.0,TRADES,13.76,13.785,13.76,13.78,4850.0,36,13.76566,49462420,LWLG
2026-05-15T16:30:10+00:00,LWLG,STK,,,0.0,TRADES,13.78,13.78,13.78,13.78,0.0,0,13.78,49462420,LWLG
2026-05-15T16:30:20+00:00,LWLG,STK,,,0.0,TRADES,13.7772,13.7772,13.7772,13.7772,200.0,1,13.7772,49462420,LWLG
2026-05-15T16:30:30+00:00,LWLG,STK,,,0.0,TRADES,13.75,13.75,13.75,13.75,900.0,2,13.75,49462420,LWLG
2026-05-15T16:30:40+00:00,LWLG,STK,,,0.0,TRADES,13.74,13.74,13.74,13.74,100.0,1,13.74,49462420,LWLG
2026-05-15T16:30:50+00:00,LWLG,STK,,,0.0,TRADES,13.74,13.74,13.7301,13.7301,410.0,3,13.73493,49462420,LWLG
2026-05-15T16:31:00+00:00,LWLG,STK,,,0.0,TRADES,13.74,13.74,13.74,13.74,1600.0,11,13.74,49462420,LWLG
2026-05-15T16:31:10+00:00,LWLG,STK,,,0.0,TRADES,13.74,13.74,13.74,13.74,100.0,1,13.74,49462420,LWLG
2026-05-15T16:31:20+00:00,LWLG,STK,,,0.0,TRADES,13.75,13.75,13.75,13.75,100.0,1,13.75,49462420,LWLG
2026-05-15T16:31:30+00:00,LWLG,STK,,,0.0,TRADES,13.74,13.75,13.74,13.75,1540.0,6,13.74714,49462420,LWLG
2026-05-15T16:31:40+00:00,LWLG,STK,,,0.0,TRADES,13.74,13.74,13.74,13.74,100.0,1,13.74,49462420,LWLG
2026-05-15T16:31:50+00:00,LWLG,STK,,,0.0,TRADES,13.74,13.74,13.735,13.74,511.0,5,13.73902,49462420,LWLG
2026-05-15T16:32:00+00:00,LWLG,STK,,,0.0,TRADES,13.75,13.75,13.71,13.71,10856.0,29,13.73016,49462420,LWLG
2026-05-15T16:32:10+00:00,LWLG,STK,,,0.0,TRADES,13.72,13.72,13.72,13.72,400.0,4,13.72,49462420,LWLG
2026-05-15T16:32:20+00:00,LWLG,STK,,,0.0,TRADES,13.7012,13.7012,13.7012,13.7012,275.0,1,13.7012,49462420,LWLG
2026-05-15T16:32:30+00:00,LWLG,STK,,,0.0,TRADES,13.7012,13.7012,13.7012,13.7012,0.0,0,13.7012,49462420,LWLG
2026-05-15T16:32:40+00:00,LWLG,STK,,,0.0,TRADES,13.7,13.7,13.685,13.685,6180.0,16,13.6945,49462420,LWLG
2026-05-15T16:32:50+00:00,LWLG,STK,,,0.0,TRADES,13.67,13.67,13.66,13.66,700.0,4,13.66286,49462420,LWLG
2026-05-15T16:33:00+00:00,LWLG,STK,,,0.0,TRADES,13.65,13.65,13.64,13.64,2315.0,11,13.64716,49462420,LWLG
2026-05-15T16:33:10+00:00,LWLG,STK,,,0.0,TRADES,13.64,13.64,13.64,13.64,100.0,1,13.64,49462420,LWLG
2026-05-15T16:33:20+00:00,LWLG,STK,,,0.0,TRADES,13.64,13.64,13.64,13.64,200.0,1,13.64,49462420,LWLG
2026-05-15T16:33:30+00:00,LWLG,STK,,,0.0,TRADES,13.6399,13.64,13.6399,13.64,700.0,2,13.63994,49462420,LWLG
2026-05-15T16:33:40+00:00,LWLG,STK,,,0.0,TRADES,13.6399,13.645,13.635,13.645,1670.0,15,13.63969,49462420,LWLG
2026-05-15T16:33:50+00:00,LWLG,STK,,,0.0,TRADES,13.66,13.66,13.645,13.645,600.0,2,13.6475,49462420,LWLG
2026-05-15T16:34:00+00:00,LWLG,STK,,,0.0,TRADES,13.66,13.665,13.6593,13.66,3231.0,18,13.66107,49462420,LWLG
2026-05-15T16:34:10+00:00,LWLG,STK,,,0.0,TRADES,13.67,13.68,13.665,13.679,30852.0,9,13.67013,49462420,LWLG
2026-05-15T16:34:20+00:00,LWLG,STK,,,0.0,TRADES,13.67,13.68,13.67,13.67,300.0,3,13.67333,49462420,LWLG
2026-05-15T16:34:30+00:00,LWLG,STK,,,0.0,TRADES,13.68,13.68,13.6757,13.6757,1515.0,7,13.67873,49462420,LWLG
2026-05-15T16:34:40+00:00,LWLG,STK,,,0.0,TRADES,13.69,13.71,13.6899,13.71,1231.0,8,13.69321,49462420,LWLG
2026-05-15T16:34:50+00:00,LWLG,STK,,,0.0,TRADES,13.71,13.71,13.71,13.71,100.0,1,13.71,49462420,LWLG
2026-05-15T16:35:00+00:00,LWLG,STK,,,0.0,TRADES,13.71,13.71,13.7,13.7,200.0,2,13.705,49462420,LWLG
2026-05-15T16:35:10+00:00,LWLG,STK,,,0.0,TRADES,13.69,13.7,13.68,13.7,1734.0,11,13.68942,49462420,LWLG
2026-05-15T16:35:20+00:00,LWLG,STK,,,0.0,TRADES,13.705,13.705,13.705,13.705,200.0,2,13.705,49462420,LWLG
2026-05-15T16:35:30+00:00,LWLG,STK,,,0.0,TRADES,13.73,13.73,13.73,13.73,100.0,1,13.73,49462420,LWLG
2026-05-15T16:35:40+00:00,LWLG,STK,,,0.0,TRADES,13.74,13.74,13.725,13.74,620.0,4,13.73758,49462420,LWLG
2026-05-15T16:35:50+00:00,LWLG,STK,,,0.0,TRADES,13.74,13.74,13.74,13.74,0.0,0,13.74,49462420,LWLG
2026-05-15T16:36:00+00:00,LWLG,STK,,,0.0,TRADES,13.74,13.74,13.725,13.73,1900.0,18,13.72737,49462420,LWLG
2026-05-15T16:36:10+00:00,LWLG,STK,,,0.0,TRADES,13.725,13.725,13.725,13.725,600.0,3,13.725,49462420,LWLG
2026-05-15T16:36:20+00:00,LWLG,STK,,,0.0,TRADES,13.715,13.715,13.705,13.71,10569.0,10,13.70935,49462420,LWLG
2026-05-15T16:36:30+00:00,LWLG,STK,,,0.0,TRADES,13.73,13.73,13.715,13.73,600.0,3,13.7275,49462420,LWLG
2026-05-15T16:36:40+00:00,LWLG,STK,,,0.0,TRADES,13.71,13.715,13.7,13.705,1015.0,7,13.70493,49462420,LWLG
2026-05-15T16:36:50+00:00,LWLG,STK,,,0.0,TRADES,13.705,13.715,13.705,13.71,3220.0,8,13.70969,49462420,LWLG
2026-05-15T16:37:00+00:00,LWLG,STK,,,0.0,TRADES,13.71,13.71,13.71,13.71,0.0,0,13.71,49462420,LWLG
2026-05-15T16:37:10+00:00,LWLG,STK,,,0.0,TRADES,13.705,13.705,13.705,13.705,200.0,2,13.705,49462420,LWLG
2026-05-15T16:37:20+00:00,LWLG,STK,,,0.0,TRADES,13.705,13.71,13.705,13.71,1200.0,3,13.70542,49462420,LWLG
2026-05-15T16:37:30+00:00,LWLG,STK,,,0.0,TRADES,13.68,13.68,13.68,13.68,102.0,1,13.68,49462420,LWLG
2026-05-15T16:37:40+00:00,LWLG,STK,,,0.0,TRADES,13.71,13.71,13.68,13.68,1520.0,11,13.68849,49462420,LWLG
2026-05-15T16:37:50+00:00,LWLG,STK,,,0.0,TRADES,13.67,13.67,13.67,13.67,700.0,4,13.67,49462420,LWLG
2026-05-15T16:38:00+00:00,LWLG,STK,,,0.0,TRADES,13.67,13.67,13.67,13.67,0.0,0,13.67,49462420,LWLG
2026-05-15T16:38:10+00:00,LWLG,STK,,,0.0,TRADES,13.67,13.67,13.67,13.67,0.0,0,13.67,49462420,LWLG
2026-05-15T16:38:20+00:00,LWLG,STK,,,0.0,TRADES,13.67,13.67,13.67,13.67,100.0,1,13.67,49462420,LWLG
2026-05-15T16:38:30+00:00,LWLG,STK,,,0.0,TRADES,13.6628,13.6628,13.6512,13.6512,960.0,2,13.65918,49462420,LWLG
2026-05-15T16:38:40+00:00,LWLG,STK,,,0.0,TRADES,13.65,13.65,13.65,13.65,1071.0,7,13.65,49462420,LWLG
2026-05-15T16:38:50+00:00,LWLG,STK,,,0.0,TRADES,13.645,13.66,13.64,13.66,5492.0,26,13.64867,49462420,LWLG
2026-05-15T16:39:00+00:00,LWLG,STK,,,0.0,TRADES,13.665,13.68,13.665,13.68,1500.0,5,13.67167,49462420,LWLG
2026-05-15T16:39:10+00:00,LWLG,STK,,,0.0,TRADES,13.69,13.695,13.69,13.695,309.0,3,13.69338,49462420,LWLG
2026-05-15T16:39:20+00:00,LWLG,STK,,,0.0,TRADES,13.695,13.695,13.69,13.69,800.0,3,13.69188,49462420,LWLG
2026-05-15T16:39:30+00:00,LWLG,STK,,,0.0,TRADES,13.685,13.685,13.675,13.675,361.0,3,13.68054,49462420,LWLG
2026-05-15T16:39:40+00:00,LWLG,STK,,,0.0,TRADES,13.695,13.7,13.695,13.7,600.0,5,13.69917,49462420,LWLG
2026-05-15T16:39:50+00:00,LWLG,STK,,,0.0,TRADES,13.705,13.705,13.705,13.705,100.0,1,13.705,49462420,LWLG
2026-05-15T16:40:00+00:00,LWLG,STK,,,0.0,TRADES,13.695,13.695,13.695,13.695,600.0,1,13.695,49462420,LWLG
2026-05-15T16:40:10+00:00,LWLG,STK,,,0.0,TRADES,13.695,13.7,13.695,13.7,2900.0,15,13.69871,49462420,LWLG
2026-05-15T16:40:20+00:00,LWLG,STK,,,0.0,TRADES,13.7,13.7,13.7,13.7,0.0,0,13.7,49462420,LWLG
2026-05-15T16:40:30+00:00,LWLG,STK,,,0.0,TRADES,13.705,13.7273,13.705,13.7273,2152.0,14,13.71472,49462420,LWLG
2026-05-15T16:40:40+00:00,LWLG,STK,,,0.0,TRADES,13.715,13.715,13.71,13.71,1100.0,2,13.71455,49462420,LWLG
2026-05-15T16:40:50+00:00,LWLG,STK,,,0.0,TRADES,13.7,13.715,13.7,13.715,700.0,5,13.70643,49462420,LWLG
2026-05-15T16:41:00+00:00,LWLG,STK,,,0.0,TRADES,13.7103,13.7103,13.7103,13.7103,400.0,1,13.7103,49462420,LWLG
2026-05-15T16:41:10+00:00,LWLG,STK,,,0.0,TRADES,13.72,13.72,13.7192,13.7192,2100.0,2,13.71925,49462420,LWLG
2026-05-15T16:41:20+00:00,LWLG,STK,,,0.0,TRADES,13.715,13.72,13.715,13.72,200.0,2,13.7175,49462420,LWLG
2026-05-15T16:41:30+00:00,LWLG,STK,,,0.0,TRADES,13.715,13.72,13.715,13.72,200.0,2,13.7175,49462420,LWLG
2026-05-15T16:41:40+00:00,LWLG,STK,,,0.0,TRADES,13.72,13.72,13.72,13.72,0.0,0,13.72,49462420,LWLG
2026-05-15T16:41:50+00:00,LWLG,STK,,,0.0,TRADES,13.72,13.72,13.715,13.715,200.0,2,13.7175,49462420,LWLG
2026-05-15T16:42:00+00:00,LWLG,STK,,,0.0,TRADES,13.715,13.719,13.715,13.719,250.0,2,13.7174,49462420,LWLG
2026-05-15T16:42:10+00:00,LWLG,STK,,,0.0,TRADES,13.715,13.72,13.715,13.72,300.0,3,13.71667,49462420,LWLG
2026-05-15T16:42:20+00:00,LWLG,STK,,,0.0,TRADES,13.715,13.72,13.715,13.72,2356.0,16,13.71763,49462420,LWLG
2026-05-15T16:42:30+00:00,LWLG,STK,,,0.0,TRADES,13.72,13.72,13.72,13.72,0.0,0,13.72,49462420,LWLG
2026-05-15T16:42:40+00:00,LWLG,STK,,,0.0,TRADES,13.71,13.725,13.705,13.7175,2629.0,19,13.71495,49462420,LWLG
2026-05-15T16:42:50+00:00,LWLG,STK,,,0.0,TRADES,13.715,13.715,13.715,13.715,3000.0,1,13.715,49462420,LWLG
2026-05-15T16:43:00+00:00,LWLG,STK,,,0.0,TRADES,13.73,13.73,13.72,13.73,904.0,4,13.72717,49462420,LWLG
2026-05-15T16:43:10+00:00,LWLG,STK,,,0.0,TRADES,13.74,13.75,13.74,13.75,200.0,2,13.745,49462420,LWLG
2026-05-15T16:43:20+00:00,LWLG,STK,,,0.0,TRADES,13.75,13.75,13.75,13.75,0.0,0,13.75,49462420,LWLG
2026-05-15T16:43:30+00:00,LWLG,STK,,,0.0,TRADES,13.748,13.748,13.7469,13.7469,800.0,2,13.74778,49462420,LWLG
2026-05-15T16:43:40+00:00,LWLG,STK,,,0.0,TRADES,13.7469,13.7469,13.7469,13.7469,0.0,0,13.7469,49462420,LWLG
2026-05-15T16:43:50+00:00,LWLG,STK,,,0.0,TRADES,13.75,13.765,13.75,13.765,800.0,5,13.75313,49462420,LWLG
2026-05-15T16:44:00+00:00,LWLG,STK,,,0.0,TRADES,13.79,13.8,13.79,13.8,252.0,2,13.79397,49462420,LWLG
2026-05-15T16:44:10+00:00,LWLG,STK,,,0.0,TRADES,13.8,13.81,13.8,13.8,3199.0,17,13.80313,49462420,LWLG
2026-05-15T16:44:20+00:00,LWLG,STK,,,0.0,TRADES,13.77,13.77,13.77,13.77,400.0,4,13.77,49462420,LWLG
2026-05-15T16:44:30+00:00,LWLG,STK,,,0.0,TRADES,13.77,13.77,13.77,13.77,620.0,5,13.77,49462420,LWLG
2026-05-15T16:44:40+00:00,LWLG,STK,,,0.0,TRADES,13.78,13.78,13.77,13.77,1100.0,2,13.77091,49462420,LWLG
2026-05-15T16:44:50+00:00,LWLG,STK,,,0.0,TRADES,13.8298,13.8298,13.8175,13.8175,3000.0,2,13.82365,49462420,LWLG
2026-05-15T16:45:00+00:00,LWLG,STK,,,0.0,TRADES,13.815,13.815,13.815,13.815,413.0,2,13.815,49462420,LWLG
2026-05-15T16:45:10+00:00,LWLG,STK,,,0.0,TRADES,13.81,13.81,13.8,13.8,400.0,4,13.8025,49462420,LWLG
2026-05-15T16:45:20+00:00,LWLG,STK,,,0.0,TRADES,13.79,13.79,13.77,13.77,4276.0,8,13.77988,49462420,LWLG
2026-05-15T16:45:30+00:00,LWLG,STK,,,0.0,TRADES,13.77,13.77,13.77,13.77,0.0,0,13.77,49462420,LWLG
2026-05-15T16:45:40+00:00,LWLG,STK,,,0.0,TRADES,13.765,13.765,13.7512,13.7512,500.0,4,13.75948,49462420,LWLG
2026-05-15T16:45:50+00:00,LWLG,STK,,,0.0,TRADES,13.7512,13.7512,13.7512,13.7512,0.0,0,13.7512,49462420,LWLG
2026-05-15T16:46:00+00:00,LWLG,STK,,,0.0,TRADES,13.75,13.7581,13.75,13.7581,300.0,2,13.7554,49462420,LWLG
2026-05-15T16:46:10+00:00,LWLG,STK,,,0.0,TRADES,13.75,13.75,13.74,13.74,2476.0,7,13.74665,49462420,LWLG
2026-05-15T16:46:20+00:00,LWLG,STK,,,0.0,TRADES,13.72,13.72,13.7,13.71,8350.0,15,13.70213,49462420,LWLG
2026-05-15T16:46:30+00:00,LWLG,STK,,,0.0,TRADES,13.695,13.71,13.695,13.71,1400.0,11,13.70179,49462420,LWLG
2026-05-15T16:46:40+00:00,LWLG,STK,,,0.0,TRADES,13.72,13.72,13.72,13.72,300.0,3,13.72,49462420,LWLG
2026-05-15T16:46:50+00:00,LWLG,STK,,,0.0,TRADES,13.72,13.72,13.72,13.72,0.0,0,13.72,49462420,LWLG
2026-05-15T16:47:00+00:00,LWLG,STK,,,0.0,TRADES,13.72,13.72,13.72,13.72,0.0,0,13.72,49462420,LWLG
2026-05-15T16:47:10+00:00,LWLG,STK,,,0.0,TRADES,13.72,13.72,13.72,13.72,0.0,0,13.72,49462420,LWLG
2026-05-15T16:47:20+00:00,LWLG,STK,,,0.0,TRADES,13.73,13.73,13.73,13.73,500.0,1,13.73,49462420,LWLG
2026-05-15T16:47:30+00:00,LWLG,STK,,,0.0,TRADES,13.72,13.72,13.7,13.72,1720.0,10,13.70721,49462420,LWLG
2026-05-15T16:47:40+00:00,LWLG,STK,,,0.0,TRADES,13.6901,13.6901,13.6901,13.6901,325.0,1,13.6901,49462420,LWLG
2026-05-15T16:47:50+00:00,LWLG,STK,,,0.0,TRADES,13.6999,13.6999,13.6999,13.6999,100.0,1,13.6999,49462420,LWLG
2026-05-15T16:48:00+00:00,LWLG,STK,,,0.0,TRADES,13.6998,13.6998,13.6998,13.6998,500.0,1,13.6998,49462420,LWLG
2026-05-15T16:48:10+00:00,LWLG,STK,,,0.0,TRADES,13.6998,13.6998,13.6998,13.6998,0.0,0,13.6998,49462420,LWLG
2026-05-15T16:48:20+00:00,LWLG,STK,,,0.0,TRADES,13.69,13.69,13.68,13.68,800.0,2,13.68375,49462420,LWLG
2026-05-15T16:48:30+00:00,LWLG,STK,,,0.0,TRADES,13.675,13.68,13.675,13.68,299.0,2,13.67833,49462420,LWLG
2026-05-15T16:48:40+00:00,LWLG,STK,,,0.0,TRADES,13.67,13.68,13.67,13.68,200.0,2,13.675,49462420,LWLG
2026-05-15T16:48:50+00:00,LWLG,STK,,,0.0,TRADES,13.68,13.7,13.68,13.68,1365.0,10,13.69161,49462420,LWLG
2026-05-15T16:49:00+00:00,LWLG,STK,,,0.0,TRADES,13.69,13.69,13.69,13.69,174.0,1,13.69,49462420,LWLG
2026-05-15T16:49:10+00:00,LWLG,STK,,,0.0,TRADES,13.68,13.68,13.68,13.68,100.0,1,13.68,49462420,LWLG
2026-05-15T16:49:20+00:00,LWLG,STK,,,0.0,TRADES,13.67,13.675,13.67,13.675,238.0,2,13.6729,49462420,LWLG
2026-05-15T16:49:30+00:00,LWLG,STK,,,0.0,TRADES,13.67,13.67,13.67,13.67,100.0,1,13.67,49462420,LWLG
2026-05-15T16:49:40+00:00,LWLG,STK,,,0.0,TRADES,13.67,13.67,13.67,13.67,0.0,0,13.67,49462420,LWLG
2026-05-15T16:49:50+00:00,LWLG,STK,,,0.0,TRADES,13.69,13.69,13.685,13.685,1200.0,3,13.68542,49462420,LWLG
2026-05-15T16:50:00+00:00,LWLG,STK,,,0.0,TRADES,13.7,13.7,13.685,13.7,300.0,3,13.695,49462420,LWLG
2026-05-15T16:50:10+00:00,LWLG,STK,,,0.0,TRADES,13.685,13.685,13.685,13.685,100.0,1,13.685,49462420,LWLG
2026-05-15T16:50:20+00:00,LWLG,STK,,,0.0,TRADES,13.685,13.685,13.685,13.685,0.0,0,13.685,49462420,LWLG
2026-05-15T16:50:30+00:00,LWLG,STK,,,0.0,TRADES,13.67,13.67,13.67,13.67,100.0,1,13.67,49462420,LWLG
2026-05-15T16:50:40+00:00,LWLG,STK,,,0.0,TRADES,13.67,13.67,13.67,13.67,200.0,1,13.67,49462420,LWLG
2026-05-15T16:50:50+00:00,LWLG,STK,,,0.0,TRADES,13.67,13.67,13.67,13.67,100.0,1,13.67,49462420,LWLG
2026-05-15T16:51:00+00:00,LWLG,STK,,,0.0,TRADES,13.6997,13.6997,13.6997,13.6997,588.0,1,13.6997,49462420,LWLG
2026-05-15T16:51:10+00:00,LWLG,STK,,,0.0,TRADES,13.672,13.672,13.672,13.672,100.0,1,13.672,49462420,LWLG
2026-05-15T16:51:20+00:00,LWLG,STK,,,0.0,TRADES,13.685,13.6899,13.685,13.685,700.0,3,13.6864,49462420,LWLG
2026-05-15T16:51:30+00:00,LWLG,STK,,,0.0,TRADES,13.69,13.6989,13.69,13.69,1700.0,7,13.69539,49462420,LWLG
2026-05-15T16:51:40+00:00,LWLG,STK,,,0.0,TRADES,13.68,13.68,13.67,13.67,2570.0,8,13.67066,49462420,LWLG
2026-05-15T16:51:50+00:00,LWLG,STK,,,0.0,TRADES,13.66,13.6699,13.66,13.6699,300.0,3,13.6633,49462420,LWLG
2026-05-15T16:52:00+00:00,LWLG,STK,,,0.0,TRADES,13.65,13.65,13.65,13.65,1786.0,5,13.65,49462420,LWLG
2026-05-15T16:52:10+00:00,LWLG,STK,,,0.0,TRADES,13.65,13.65,13.645,13.645,600.0,2,13.64917,49462420,LWLG
2026-05-15T16:52:20+00:00,LWLG,STK,,,0.0,TRADES,13.65,13.65,13.62,13.625,4071.0,16,13.62774,49462420,LWLG
2026-05-15T16:52:30+00:00,LWLG,STK,,,0.0,TRADES,13.63,13.63,13.6101,13.6101,2700.0,7,13.62006,49462420,LWLG
2026-05-15T16:52:40+00:00,LWLG,STK,,,0.0,TRADES,13.6145,13.62,13.6145,13.62,1308.0,2,13.6187,49462420,LWLG
2026-05-15T16:52:50+00:00,LWLG,STK,,,0.0,TRADES,13.61,13.61,13.61,13.61,4576.0,5,13.61,49462420,LWLG
2026-05-15T16:53:00+00:00,LWLG,STK,,,0.0,TRADES,13.61,13.61,13.61,13.61,0.0,0,13.61,49462420,LWLG
2026-05-15T16:53:10+00:00,LWLG,STK,,,0.0,TRADES,13.6,13.6,13.6,13.6,400.0,4,13.6,49462420,LWLG
2026-05-15T16:53:20+00:00,LWLG,STK,,,0.0,TRADES,13.62,13.62,13.62,13.62,100.0,1,13.62,49462420,LWLG
2026-05-15T16:53:30+00:00,LWLG,STK,,,0.0,TRADES,13.62,13.62,13.62,13.62,100.0,1,13.62,49462420,LWLG
2026-05-15T16:53:40+00:00,LWLG,STK,,,0.0,TRADES,13.615,13.615,13.611,13.611,1533.0,2,13.61187,49462420,LWLG
2026-05-15T16:53:50+00:00,LWLG,STK,,,0.0,TRADES,13.62,13.62,13.62,13.62,800.0,5,13.62,49462420,LWLG
2026-05-15T16:54:00+00:00,LWLG,STK,,,0.0,TRADES,13.63,13.6331,13.63,13.6331,1062.0,3,13.63076,49462420,LWLG
2026-05-15T16:54:10+00:00,LWLG,STK,,,0.0,TRADES,13.65,13.65,13.65,13.65,842.0,1,13.65,49462420,LWLG
2026-05-15T16:54:20+00:00,LWLG,STK,,,0.0,TRADES,13.6599,13.6599,13.6599,13.6599,750.0,1,13.6599,49462420,LWLG
2026-05-15T16:54:30+00:00,LWLG,STK,,,0.0,TRADES,13.6101,13.6101,13.6101,13.6101,2000.0,1,13.6101,49462420,LWLG
2026-05-15T16:54:40+00:00,LWLG,STK,,,0.0,TRADES,13.655,13.655,13.655,13.655,250.0,1,13.655,49462420,LWLG
2026-05-15T16:54:50+00:00,LWLG,STK,,,0.0,TRADES,13.62,13.62,13.62,13.62,400.0,4,13.62,49462420,LWLG
2026-05-15T16:55:00+00:00,LWLG,STK,,,0.0,TRADES,13.63,13.63,13.63,13.63,300.0,3,13.63,49462420,LWLG
2026-05-15T16:55:10+00:00,LWLG,STK,,,0.0,TRADES,13.63,13.63,13.63,13.63,950.0,3,13.63,49462420,LWLG
2026-05-15T16:55:20+00:00,LWLG,STK,,,0.0,TRADES,13.63,13.63,13.63,13.63,106.0,1,13.63,49462420,LWLG
2026-05-15T16:55:30+00:00,LWLG,STK,,,0.0,TRADES,13.65,13.65,13.65,13.65,700.0,6,13.65,49462420,LWLG
2026-05-15T16:55:40+00:00,LWLG,STK,,,0.0,TRADES,13.65,13.65,13.65,13.65,0.0,0,13.65,49462420,LWLG
2026-05-15T16:55:50+00:00,LWLG,STK,,,0.0,TRADES,13.65,13.65,13.65,13.65,117.0,1,13.65,49462420,LWLG
2026-05-15T16:56:00+00:00,LWLG,STK,,,0.0,TRADES,13.64,13.6497,13.64,13.6497,312.0,3,13.64311,49462420,LWLG
2026-05-15T16:56:10+00:00,LWLG,STK,,,0.0,TRADES,13.6346,13.64,13.6346,13.64,202.0,2,13.63733,49462420,LWLG
2026-05-15T16:56:20+00:00,LWLG,STK,,,0.0,TRADES,13.64,13.64,13.64,13.64,0.0,0,13.64,49462420,LWLG
2026-05-15T16:56:30+00:00,LWLG,STK,,,0.0,TRADES,13.64,13.64,13.64,13.64,0.0,0,13.64,49462420,LWLG
2026-05-15T16:56:40+00:00,LWLG,STK,,,0.0,TRADES,13.65,13.65,13.645,13.65,1221.0,4,13.64862,49462420,LWLG
2026-05-15T16:56:50+00:00,LWLG,STK,,,0.0,TRADES,13.65,13.65,13.65,13.65,0.0,0,13.65,49462420,LWLG
2026-05-15T16:57:00+00:00,LWLG,STK,,,0.0,TRADES,13.65,13.65,13.65,13.65,0.0,0,13.65,49462420,LWLG
2026-05-15T16:57:10+00:00,LWLG,STK,,,0.0,TRADES,13.65,13.65,13.65,13.65,0.0,0,13.65,49462420,LWLG
2026-05-15T16:57:20+00:00,LWLG,STK,,,0.0,TRADES,13.66,13.66,13.65,13.65,1550.0,9,13.65194,49462420,LWLG
2026-05-15T16:57:30+00:00,LWLG,STK,,,0.0,TRADES,13.65,13.65,13.64,13.64,1000.0,6,13.645,49462420,LWLG
2026-05-15T16:57:40+00:00,LWLG,STK,,,0.0,TRADES,13.64,13.64,13.64,13.64,287.0,1,13.64,49462420,LWLG
2026-05-15T16:57:50+00:00,LWLG,STK,,,0.0,TRADES,13.64,13.64,13.64,13.64,0.0,0,13.64,49462420,LWLG
2026-05-15T16:58:00+00:00,LWLG,STK,,,0.0,TRADES,13.65,13.65,13.65,13.65,800.0,8,13.65,49462420,LWLG
2026-05-15T16:58:10+00:00,LWLG,STK,,,0.0,TRADES,13.63,13.63,13.625,13.625,1509.0,10,13.62785,49462420,LWLG
2026-05-15T16:58:20+00:00,LWLG,STK,,,0.0,TRADES,13.625,13.6299,13.625,13.6299,500.0,5,13.62598,49462420,LWLG
2026-05-15T16:58:30+00:00,LWLG,STK,,,0.0,TRADES,13.625,13.625,13.625,13.625,129.0,1,13.625,49462420,LWLG
2026-05-15T16:58:40+00:00,LWLG,STK,,,0.0,TRADES,13.62,13.62,13.62,13.62,160.0,1,13.62,49462420,LWLG
2026-05-15T16:58:50+00:00,LWLG,STK,,,0.0,TRADES,13.62,13.62,13.62,13.62,0.0,0,13.62,49462420,LWLG
2026-05-15T16:59:00+00:00,LWLG,STK,,,0.0,TRADES,13.61,13.61,13.6,13.6,2096.0,5,13.60143,49462420,LWLG
2026-05-15T16:59:10+00:00,LWLG,STK,,,0.0,TRADES,13.61,13.6101,13.61,13.6101,600.0,2,13.61008,49462420,LWLG
2026-05-15T16:59:20+00:00,LWLG,STK,,,0.0,TRADES,13.62,13.62,13.62,13.62,799.0,3,13.62,49462420,LWLG
2026-05-15T16:59:30+00:00,LWLG,STK,,,0.0,TRADES,13.63,13.63,13.63,13.63,200.0,2,13.63,49462420,LWLG
2026-05-15T16:59:40+00:00,LWLG,STK,,,0.0,TRADES,13.63,13.63,13.63,13.63,0.0,0,13.63,49462420,LWLG
2026-05-15T16:59:50+00:00,LWLG,STK,,,0.0,TRADES,13.63,13.63,13.63,13.63,0.0,0,13.63,49462420,LWLG
2026-05-15T17:00:00+00:00,LWLG,STK,,,0.0,TRADES,13.63,13.63,13.63,13.63,542.0,2,13.63,49462420,LWLG
2026-05-15T17:00:10+00:00,LWLG,STK,,,0.0,TRADES,13.63,13.63,13.63,13.63,0.0,0,13.63,49462420,LWLG
2026-05-15T17:00:20+00:00,LWLG,STK,,,0.0,TRADES,13.63,13.63,13.63,13.63,0.0,0,13.63,49462420,LWLG
2026-05-15T17:00:30+00:00,LWLG,STK,,,0.0,TRADES,13.64,13.66,13.64,13.66,1902.0,18,13.65078,49462420,LWLG
2026-05-15T17:00:40+00:00,LWLG,STK,,,0.0,TRADES,13.66,13.66,13.66,13.66,1200.0,2,13.66,49462420,LWLG
2026-05-15T17:00:50+00:00,LWLG,STK,,,0.0,TRADES,13.66,13.66,13.66,13.66,0.0,0,13.66,49462420,LWLG
2026-05-15T17:01:00+00:00,LWLG,STK,,,0.0,TRADES,13.67,13.67,13.67,13.67,200.0,1,13.67,49462420,LWLG
2026-05-15T17:01:10+00:00,LWLG,STK,,,0.0,TRADES,13.655,13.655,13.655,13.655,100.0,1,13.655,49462420,LWLG
2026-05-15T17:01:20+00:00,LWLG,STK,,,0.0,TRADES,13.655,13.67,13.65,13.65,730.0,5,13.65588,49462420,LWLG
2026-05-15T17:01:30+00:00,LWLG,STK,,,0.0,TRADES,13.65,13.65,13.65,13.65,0.0,0,13.65,49462420,LWLG
2026-05-15T17:01:40+00:00,LWLG,STK,,,0.0,TRADES,13.65,13.65,13.65,13.65,0.0,0,13.65,49462420,LWLG
2026-05-15T17:01:50+00:00,LWLG,STK,,,0.0,TRADES,13.66,13.67,13.66,13.67,600.0,6,13.66583,49462420,LWLG
2026-05-15T17:02:00+00:00,LWLG,STK,,,0.0,TRADES,13.6681,13.6681,13.6681,13.6681,200.0,1,13.6681,49462420,LWLG
2026-05-15T17:02:10+00:00,LWLG,STK,,,0.0,TRADES,13.66,13.66,13.66,13.66,300.0,2,13.66,49462420,LWLG
2026-05-15T17:02:20+00:00,LWLG,STK,,,0.0,TRADES,13.68,13.68,13.6503,13.6503,816.0,2,13.6618,49462420,LWLG
2026-05-15T17:02:30+00:00,LWLG,STK,,,0.0,TRADES,13.6673,13.6673,13.6672,13.6673,200.0,1,13.66727,49462420,LWLG
2026-05-15T17:02:40+00:00,LWLG,STK,,,0.0,TRADES,13.66,13.66,13.66,13.66,500.0,5,13.66,49462420,LWLG
2026-05-15T17:02:50+00:00,LWLG,STK,,,0.0,TRADES,13.66,13.675,13.66,13.67,620.0,6,13.66935,49462420,LWLG
2026-05-15T17:03:00+00:00,LWLG,STK,,,0.0,TRADES,13.6625,13.6625,13.66,13.66,850.0,5,13.66118,49462420,LWLG
2026-05-15T17:03:10+00:00,LWLG,STK,,,0.0,TRADES,13.65,13.66,13.65,13.66,873.0,2,13.65802,49462420,LWLG
2026-05-15T17:03:20+00:00,LWLG,STK,,,0.0,TRADES,13.6501,13.6501,13.6501,13.6501,200.0,1,13.6501,49462420,LWLG
2026-05-15T17:03:30+00:00,LWLG,STK,,,0.0,TRADES,13.6501,13.6501,13.6501,13.6501,0.0,0,13.6501,49462420,LWLG
2026-05-15T17:03:40+00:00,LWLG,STK,,,0.0,TRADES,13.6501,13.6501,13.6501,13.6501,0.0,0,13.6501,49462420,LWLG
2026-05-15T17:03:50+00:00,LWLG,STK,,,0.0,TRADES,13.66,13.66,13.66,13.66,100.0,1,13.66,49462420,LWLG
2026-05-15T17:04:00+00:00,LWLG,STK,,,0.0,TRADES,13.655,13.655,13.655,13.655,200.0,2,13.655,49462420,LWLG
2026-05-15T17:04:10+00:00,LWLG,STK,,,0.0,TRADES,13.66,13.66,13.66,13.66,339.0,3,13.66,49462420,LWLG
2026-05-15T17:04:20+00:00,LWLG,STK,,,0.0,TRADES,13.66,13.665,13.66,13.665,741.0,5,13.66067,49462420,LWLG
2026-05-15T17:04:30+00:00,LWLG,STK,,,0.0,TRADES,13.665,13.665,13.665,13.665,100.0,1,13.665,49462420,LWLG
2026-05-15T17:04:40+00:00,LWLG,STK,,,0.0,TRADES,13.665,13.665,13.665,13.665,0.0,0,13.665,49462420,LWLG
2026-05-15T17:04:50+00:00,LWLG,STK,,,0.0,TRADES,13.665,13.665,13.665,13.665,0.0,0,13.665,49462420,LWLG
2026-05-15T17:05:00+00:00,LWLG,STK,,,0.0,TRADES,13.665,13.665,13.665,13.665,0.0,0,13.665,49462420,LWLG
2026-05-15T17:05:10+00:00,LWLG,STK,,,0.0,TRADES,13.665,13.665,13.665,13.665,0.0,0,13.665,49462420,LWLG
2026-05-15T17:05:20+00:00,LWLG,STK,,,0.0,TRADES,13.66,13.66,13.6507,13.6507,923.0,9,13.6573,49462420,LWLG
2026-05-15T17:05:30+00:00,LWLG,STK,,,0.0,TRADES,13.6507,13.6507,13.6507,13.6507,0.0,0,13.6507,49462420,LWLG
2026-05-15T17:05:40+00:00,LWLG,STK,,,0.0,TRADES,13.65,13.655,13.64,13.655,2535.0,13,13.64901,49462420,LWLG
2026-05-15T17:05:50+00:00,LWLG,STK,,,0.0,TRADES,13.65,13.655,13.65,13.655,300.0,3,13.65333,49462420,LWLG
2026-05-15T17:06:00+00:00,LWLG,STK,,,0.0,TRADES,13.66,13.66,13.66,13.66,163.0,1,13.66,49462420,LWLG
2026-05-15T17:06:10+00:00,LWLG,STK,,,0.0,TRADES,13.66,13.67,13.66,13.67,400.0,3,13.665,49462420,LWLG
2026-05-15T17:06:20+00:00,LWLG,STK,,,0.0,TRADES,13.67,13.67,13.66,13.66,3340.0,27,13.6694,49462420,LWLG
2026-05-15T17:06:30+00:00,LWLG,STK,,,0.0,TRADES,13.66,13.66,13.66,13.66,0.0,0,13.66,49462420,LWLG
2026-05-15T17:06:40+00:00,LWLG,STK,,,0.0,TRADES,13.66,13.66,13.66,13.66,300.0,3,13.66,49462420,LWLG
2026-05-15T17:06:50+00:00,LWLG,STK,,,0.0,TRADES,13.66,13.66,13.66,13.66,0.0,0,13.66,49462420,LWLG
2026-05-15T17:07:00+00:00,LWLG,STK,,,0.0,TRADES,13.66,13.66,13.66,13.66,100.0,1,13.66,49462420,LWLG
2026-05-15T17:07:10+00:00,LWLG,STK,,,0.0,TRADES,13.655,13.655,13.655,13.655,100.0,1,13.655,49462420,LWLG
2026-05-15T17:07:20+00:00,LWLG,STK,,,0.0,TRADES,13.655,13.655,13.655,13.655,300.0,3,13.655,49462420,LWLG
2026-05-15T17:07:30+00:00,LWLG,STK,,,0.0,TRADES,13.65,13.65,13.65,13.65,300.0,3,13.65,49462420,LWLG
2026-05-15T17:07:40+00:00,LWLG,STK,,,0.0,TRADES,13.6548,13.6548,13.6548,13.6548,800.0,1,13.6548,49462420,LWLG
2026-05-15T17:07:50+00:00,LWLG,STK,,,0.0,TRADES,13.64,13.66,13.64,13.66,1517.0,12,13.64659,49462420,LWLG
2026-05-15T17:08:00+00:00,LWLG,STK,,,0.0,TRADES,13.67,13.67,13.665,13.665,800.0,6,13.66938,49462420,LWLG
2026-05-15T17:08:10+00:00,LWLG,STK,,,0.0,TRADES,13.665,13.665,13.665,13.665,0.0,0,13.665,49462420,LWLG
2026-05-15T17:08:20+00:00,LWLG,STK,,,0.0,TRADES,13.67,13.67,13.665,13.665,539.0,5,13.66871,49462420,LWLG
2026-05-15T17:08:30+00:00,LWLG,STK,,,0.0,TRADES,13.665,13.665,13.665,13.665,0.0,0,13.665,49462420,LWLG
2026-05-15T17:08:40+00:00,LWLG,STK,,,0.0,TRADES,13.665,13.665,13.665,13.665,0.0,0,13.665,49462420,LWLG
2026-05-15T17:08:50+00:00,LWLG,STK,,,0.0,TRADES,13.665,13.665,13.665,13.665,0.0,0,13.665,49462420,LWLG
2026-05-15T17:09:00+00:00,LWLG,STK,,,0.0,TRADES,13.665,13.665,13.665,13.665,0.0,0,13.665,49462420,LWLG
2026-05-15T17:09:10+00:00,LWLG,STK,,,0.0,TRADES,13.67,13.67,13.6697,13.6697,420.0,4,13.66991,49462420,LWLG
2026-05-15T17:09:20+00:00,LWLG,STK,,,0.0,TRADES,13.66,13.67,13.66,13.67,536.0,3,13.6628,49462420,LWLG
2026-05-15T17:09:30+00:00,LWLG,STK,,,0.0,TRADES,13.6777,13.6777,13.675,13.675,550.0,2,13.67696,49462420,LWLG
2026-05-15T17:09:40+00:00,LWLG,STK,,,0.0,TRADES,13.68,13.68,13.68,13.68,1085.0,3,13.68,49462420,LWLG
2026-05-15T17:09:50+00:00,LWLG,STK,,,0.0,TRADES,13.68,13.68,13.68,13.68,0.0,0,13.68,49462420,LWLG
2026-05-15T17:10:00+00:00,LWLG,STK,,,0.0,TRADES,13.68,13.695,13.68,13.695,1166.0,11,13.69129,49462420,LWLG
2026-05-15T17:10:10+00:00,LWLG,STK,,,0.0,TRADES,13.695,13.695,13.695,13.695,100.0,1,13.695,49462420,LWLG
2026-05-15T17:10:20+00:00,LWLG,STK,,,0.0,TRADES,13.7,13.75,13.7,13.74,4328.0,23,13.71785,49462420,LWLG
2026-05-15T17:10:30+00:00,LWLG,STK,,,0.0,TRADES,13.74,13.74,13.74,13.74,0.0,0,13.74,49462420,LWLG
2026-05-15T17:10:40+00:00,LWLG,STK,,,0.0,TRADES,13.74,13.74,13.74,13.74,0.0,0,13.74,49462420,LWLG
2026-05-15T17:10:50+00:00,LWLG,STK,,,0.0,TRADES,13.74,13.75,13.74,13.75,2407.0,4,13.74169,49462420,LWLG
2026-05-15T17:11:00+00:00,LWLG,STK,,,0.0,TRADES,13.76,13.76,13.71,13.71,23314.0,16,13.74901,49462420,LWLG
2026-05-15T17:11:10+00:00,LWLG,STK,,,0.0,TRADES,13.7091,13.7091,13.7091,13.7091,213.0,1,13.7091,49462420,LWLG
2026-05-15T17:11:20+00:00,LWLG,STK,,,0.0,TRADES,13.7091,13.7091,13.7091,13.7091,0.0,0,13.7091,49462420,LWLG
2026-05-15T17:11:30+00:00,LWLG,STK,,,0.0,TRADES,13.69,13.69,13.655,13.655,1300.0,12,13.66769,49462420,LWLG
2026-05-15T17:11:40+00:00,LWLG,STK,,,0.0,TRADES,13.655,13.655,13.655,13.655,100.0,1,13.655,49462420,LWLG
2026-05-15T17:11:50+00:00,LWLG,STK,,,0.0,TRADES,13.66,13.66,13.65,13.66,1473.0,11,13.65883,49462420,LWLG
2026-05-15T17:12:00+00:00,LWLG,STK,,,0.0,TRADES,13.67,13.67,13.67,13.67,220.0,2,13.67,49462420,LWLG
2026-05-15T17:12:10+00:00,LWLG,STK,,,0.0,TRADES,13.67,13.67,13.66,13.66,200.0,2,13.665,49462420,LWLG
2026-05-15T17:12:20+00:00,LWLG,STK,,,0.0,TRADES,13.66,13.66,13.66,13.66,100.0,1,13.66,49462420,LWLG
2026-05-15T17:12:30+00:00,LWLG,STK,,,0.0,TRADES,13.665,13.665,13.665,13.665,100.0,1,13.665,49462420,LWLG
2026-05-15T17:12:40+00:00,LWLG,STK,,,0.0,TRADES,13.67,13.67,13.665,13.665,432.0,3,13.66643,49462420,LWLG
2026-05-15T17:12:50+00:00,LWLG,STK,,,0.0,TRADES,13.6653,13.6653,13.665,13.665,875.0,3,13.66523,49462420,LWLG
2026-05-15T17:13:00+00:00,LWLG,STK,,,0.0,TRADES,13.66,13.66,13.655,13.655,5700.0,9,13.65965,49462420,LWLG
2026-05-15T17:13:10+00:00,LWLG,STK,,,0.0,TRADES,13.655,13.655,13.655,13.655,0.0,0,13.655,49462420,LWLG
2026-05-15T17:13:20+00:00,LWLG,STK,,,0.0,TRADES,13.6599,13.6599,13.6599,13.6599,100.0,1,13.6599,49462420,LWLG
2026-05-15T17:13:30+00:00,LWLG,STK,,,0.0,TRADES,13.6599,13.6599,13.6599,13.6599,0.0,0,13.6599,49462420,LWLG
2026-05-15T17:13:40+00:00,LWLG,STK,,,0.0,TRADES,13.66,13.67,13.66,13.67,300.0,3,13.66667,49462420,LWLG
2026-05-15T17:13:50+00:00,LWLG,STK,,,0.0,TRADES,13.67,13.67,13.66,13.66,1900.0,9,13.66211,49462420,LWLG
2026-05-15T17:14:00+00:00,LWLG,STK,,,0.0,TRADES,13.66,13.66,13.66,13.66,0.0,0,13.66,49462420,LWLG
2026-05-15T17:14:10+00:00,LWLG,STK,,,0.0,TRADES,13.66,13.66,13.66,13.66,0.0,0,13.66,49462420,LWLG
2026-05-15T17:14:20+00:00,LWLG,STK,,,0.0,TRADES,13.66,13.66,13.66,13.66,0.0,0,13.66,49462420,LWLG
2026-05-15T17:14:30+00:00,LWLG,STK,,,0.0,TRADES,13.66,13.66,13.66,13.66,100.0,1,13.66,49462420,LWLG
2026-05-15T17:14:40+00:00,LWLG,STK,,,0.0,TRADES,13.66,13.68,13.66,13.68,300.0,3,13.67,49462420,LWLG
2026-05-15T17:14:50+00:00,LWLG,STK,,,0.0,TRADES,13.68,13.6899,13.68,13.6899,700.0,5,13.68141,49462420,LWLG
2026-05-15T17:15:00+00:00,LWLG,STK,,,0.0,TRADES,13.67,13.67,13.67,13.67,554.0,3,13.67,49462420,LWLG
2026-05-15T17:15:10+00:00,LWLG,STK,,,0.0,TRADES,13.675,13.675,13.675,13.675,500.0,5,13.675,49462420,LWLG
2026-05-15T17:15:20+00:00,LWLG,STK,,,0.0,TRADES,13.675,13.675,13.675,13.675,0.0,0,13.675,49462420,LWLG
2026-05-15T17:15:30+00:00,LWLG,STK,,,0.0,TRADES,13.675,13.675,13.675,13.675,0.0,0,13.675,49462420,LWLG
2026-05-15T17:15:40+00:00,LWLG,STK,,,0.0,TRADES,13.66,13.66,13.64,13.64,1094.0,8,13.65056,49462420,LWLG
2026-05-15T17:15:50+00:00,LWLG,STK,,,0.0,TRADES,13.64,13.64,13.64,13.64,0.0,0,13.64,49462420,LWLG
2026-05-15T17:16:00+00:00,LWLG,STK,,,0.0,TRADES,13.635,13.65,13.635,13.64,2229.0,9,13.64199,49462420,LWLG
2026-05-15T17:16:10+00:00,LWLG,STK,,,0.0,TRADES,13.6474,13.6474,13.645,13.645,200.0,2,13.6462,49462420,LWLG
2026-05-15T17:16:20+00:00,LWLG,STK,,,0.0,TRADES,13.6499,13.65,13.6401,13.6401,1600.0,13,13.64563,49462420,LWLG
2026-05-15T17:16:30+00:00,LWLG,STK,,,0.0,TRADES,13.64,13.64,13.64,13.64,400.0,2,13.64,49462420,LWLG
2026-05-15T17:16:40+00:00,LWLG,STK,,,0.0,TRADES,13.64,13.64,13.64,13.64,0.0,0,13.64,49462420,LWLG
2026-05-15T17:16:50+00:00,LWLG,STK,,,0.0,TRADES,13.63,13.63,13.62,13.62,900.0,5,13.62889,49462420,LWLG
2026-05-15T17:17:00+00:00,LWLG,STK,,,0.0,TRADES,13.63,13.64,13.63,13.64,1000.0,6,13.6335,49462420,LWLG
2026-05-15T17:17:10+00:00,LWLG,STK,,,0.0,TRADES,13.64,13.64,13.64,13.64,300.0,2,13.64,49462420,LWLG
2026-05-15T17:17:20+00:00,LWLG,STK,,,0.0,TRADES,13.63,13.65,13.63,13.65,811.0,6,13.64753,49462420,LWLG
2026-05-15T17:17:30+00:00,LWLG,STK,,,0.0,TRADES,13.655,13.655,13.655,13.655,200.0,1,13.655,49462420,LWLG
2026-05-15T17:17:40+00:00,LWLG,STK,,,0.0,TRADES,13.68,13.7,13.67,13.67,2386.0,8,13.68456,49462420,LWLG
2026-05-15T17:17:50+00:00,LWLG,STK,,,0.0,TRADES,13.67,13.68,13.67,13.68,500.0,3,13.672,49462420,LWLG
2026-05-15T17:18:00+00:00,LWLG,STK,,,0.0,TRADES,13.68,13.68,13.68,13.68,0.0,0,13.68,49462420,LWLG
2026-05-15T17:18:10+00:00,LWLG,STK,,,0.0,TRADES,13.68,13.68,13.68,13.68,0.0,0,13.68,49462420,LWLG
2026-05-15T17:18:20+00:00,LWLG,STK,,,0.0,TRADES,13.72,13.725,13.71,13.72,1300.0,11,13.71923,49462420,LWLG
2026-05-15T17:18:30+00:00,LWLG,STK,,,0.0,TRADES,13.72,13.72,13.72,13.72,0.0,0,13.72,49462420,LWLG
2026-05-15T17:18:40+00:00,LWLG,STK,,,0.0,TRADES,13.72,13.72,13.72,13.72,500.0,3,13.72,49462420,LWLG
2026-05-15T17:18:50+00:00,LWLG,STK,,,0.0,TRADES,13.72,13.72,13.72,13.72,0.0,0,13.72,49462420,LWLG
2026-05-15T17:19:00+00:00,LWLG,STK,,,0.0,TRADES,13.7,13.7,13.7,13.7,200.0,2,13.7,49462420,LWLG
2026-05-15T17:19:10+00:00,LWLG,STK,,,0.0,TRADES,13.7,13.7,13.7,13.7,100.0,1,13.7,49462420,LWLG
2026-05-15T17:19:20+00:00,LWLG,STK,,,0.0,TRADES,13.708,13.71,13.708,13.71,300.0,3,13.7093,49462420,LWLG
2026-05-15T17:19:30+00:00,LWLG,STK,,,0.0,TRADES,13.7,13.7,13.7,13.7,350.0,1,13.7,49462420,LWLG
2026-05-15T17:19:40+00:00,LWLG,STK,,,0.0,TRADES,13.69,13.69,13.68,13.68,500.0,5,13.684,49462420,LWLG
2026-05-15T17:19:50+00:00,LWLG,STK,,,0.0,TRADES,13.68,13.68,13.68,13.68,200.0,2,13.68,49462420,LWLG
2026-05-15T17:20:00+00:00,LWLG,STK,,,0.0,TRADES,13.68,13.68,13.67,13.67,1130.0,2,13.67885,49462420,LWLG
2026-05-15T17:20:10+00:00,LWLG,STK,,,0.0,TRADES,13.6933,13.6933,13.6933,13.6933,1000.0,1,13.6933,49462420,LWLG
2026-05-15T17:20:20+00:00,LWLG,STK,,,0.0,TRADES,13.66,13.66,13.66,13.66,400.0,2,13.66,49462420,LWLG
2026-05-15T17:20:30+00:00,LWLG,STK,,,0.0,TRADES,13.67,13.67,13.6569,13.6569,460.0,2,13.65975,49462420,LWLG
2026-05-15T17:20:40+00:00,LWLG,STK,,,0.0,TRADES,13.67,13.6895,13.67,13.6895,600.0,2,13.68625,49462420,LWLG
2026-05-15T17:20:50+00:00,LWLG,STK,,,0.0,TRADES,13.66,13.67,13.66,13.67,2393.0,2,13.66836,49462420,LWLG
2026-05-15T17:21:00+00:00,LWLG,STK,,,0.0,TRADES,13.65,13.688,13.65,13.688,388.0,3,13.67614,49462420,LWLG
2026-05-15T17:21:10+00:00,LWLG,STK,,,0.0,TRADES,13.6825,13.6825,13.6825,13.6825,250.0,1,13.6825,49462420,LWLG
2026-05-15T17:21:20+00:00,LWLG,STK,,,0.0,TRADES,13.68,13.68,13.68,13.68,400.0,3,13.68,49462420,LWLG
2026-05-15T17:21:30+00:00,LWLG,STK,,,0.0,TRADES,13.68,13.68,13.68,13.68,100.0,1,13.68,49462420,LWLG
2026-05-15T17:21:40+00:00,LWLG,STK,,,0.0,TRADES,13.68,13.68,13.68,13.68,419.0,3,13.68,49462420,LWLG
2026-05-15T17:21:50+00:00,LWLG,STK,,,0.0,TRADES,13.68,13.68,13.68,13.68,223.0,2,13.68,49462420,LWLG
2026-05-15T17:22:00+00:00,LWLG,STK,,,0.0,TRADES,13.68,13.68,13.68,13.68,7622.0,3,13.68,49462420,LWLG
2026-05-15T17:22:10+00:00,LWLG,STK,,,0.0,TRADES,13.68,13.68,13.68,13.68,200.0,2,13.68,49462420,LWLG
2026-05-15T17:22:20+00:00,LWLG,STK,,,0.0,TRADES,13.675,13.68,13.67,13.67,2546.0,19,13.67353,49462420,LWLG
2026-05-15T17:22:30+00:00,LWLG,STK,,,0.0,TRADES,13.66,13.68,13.66,13.675,6177.0,15,13.67308,49462420,LWLG
2026-05-15T17:22:40+00:00,LWLG,STK,,,0.0,TRADES,13.69,13.72,13.69,13.71,8742.0,32,13.69792,49462420,LWLG
2026-05-15T17:22:50+00:00,LWLG,STK,,,0.0,TRADES,13.71,13.72,13.71,13.72,300.0,2,13.71667,49462420,LWLG
2026-05-15T17:23:00+00:00,LWLG,STK,,,0.0,TRADES,13.74,13.75,13.74,13.75,404.0,3,13.74495,49462420,LWLG
2026-05-15T17:23:10+00:00,LWLG,STK,,,0.0,TRADES,13.755,13.755,13.755,13.755,100.0,1,13.755,49462420,LWLG
2026-05-15T17:23:20+00:00,LWLG,STK,,,0.0,TRADES,13.755,13.755,13.755,13.755,140.0,1,13.755,49462420,LWLG
2026-05-15T17:23:30+00:00,LWLG,STK,,,0.0,TRADES,13.7401,13.7401,13.7401,13.7401,200.0,1,13.7401,49462420,LWLG
2026-05-15T17:23:40+00:00,LWLG,STK,,,0.0,TRADES,13.74,13.74,13.74,13.74,300.0,3,13.74,49462420,LWLG
2026-05-15T17:23:50+00:00,LWLG,STK,,,0.0,TRADES,13.74,13.74,13.74,13.74,0.0,0,13.74,49462420,LWLG
2026-05-15T17:24:00+00:00,LWLG,STK,,,0.0,TRADES,13.745,13.745,13.745,13.745,5100.0,4,13.745,49462420,LWLG
2026-05-15T17:24:10+00:00,LWLG,STK,,,0.0,TRADES,13.759,13.76,13.745,13.745,1350.0,4,13.75823,49462420,LWLG
2026-05-15T17:24:20+00:00,LWLG,STK,,,0.0,TRADES,13.745,13.745,13.745,13.745,0.0,0,13.745,49462420,LWLG
2026-05-15T17:24:30+00:00,LWLG,STK,,,0.0,TRADES,13.745,13.745,13.745,13.745,0.0,0,13.745,49462420,LWLG
2026-05-15T17:24:40+00:00,LWLG,STK,,,0.0,TRADES,13.7301,13.7301,13.71,13.71,1250.0,6,13.72402,49462420,LWLG
2026-05-15T17:24:50+00:00,LWLG,STK,,,0.0,TRADES,13.715,13.715,13.715,13.715,200.0,1,13.715,49462420,LWLG
2026-05-15T17:25:00+00:00,LWLG,STK,,,0.0,TRADES,13.715,13.715,13.715,13.715,250.0,1,13.715,49462420,LWLG
2026-05-15T17:25:10+00:00,LWLG,STK,,,0.0,TRADES,13.73,13.73,13.73,13.73,300.0,3,13.73,49462420,LWLG
2026-05-15T17:25:20+00:00,LWLG,STK,,,0.0,TRADES,13.73,13.73,13.73,13.73,0.0,0,13.73,49462420,LWLG
2026-05-15T17:25:30+00:00,LWLG,STK,,,0.0,TRADES,13.73,13.73,13.73,13.73,0.0,0,13.73,49462420,LWLG
2026-05-15T17:25:40+00:00,LWLG,STK,,,0.0,TRADES,13.715,13.73,13.715,13.73,8833.0,7,13.71925,49462420,LWLG
2026-05-15T17:25:50+00:00,LWLG,STK,,,0.0,TRADES,13.715,13.715,13.7001,13.715,2280.0,6,13.70271,49462420,LWLG
2026-05-15T17:26:00+00:00,LWLG,STK,,,0.0,TRADES,13.715,13.715,13.715,13.715,0.0,0,13.715,49462420,LWLG
2026-05-15T17:26:10+00:00,LWLG,STK,,,0.0,TRADES,13.735,13.735,13.73,13.73,500.0,4,13.732,49462420,LWLG
2026-05-15T17:26:20+00:00,LWLG,STK,,,0.0,TRADES,13.72,13.73,13.72,13.73,1230.0,6,13.72407,49462420,LWLG
2026-05-15T17:26:30+00:00,LWLG,STK,,,0.0,TRADES,13.74,13.74,13.74,13.74,109.0,1,13.74,49462420,LWLG
2026-05-15T17:26:40+00:00,LWLG,STK,,,0.0,TRADES,13.75,13.75,13.735,13.735,1385.0,2,13.7409,49462420,LWLG
2026-05-15T17:26:50+00:00,LWLG,STK,,,0.0,TRADES,13.735,13.735,13.72,13.73,1128.0,7,13.72355,49462420,LWLG
2026-05-15T17:27:00+00:00,LWLG,STK,,,0.0,TRADES,13.71,13.71,13.7001,13.7001,300.0,3,13.7034,49462420,LWLG
2026-05-15T17:27:10+00:00,LWLG,STK,,,0.0,TRADES,13.7,13.725,13.7,13.725,7154.0,13,13.71558,49462420,LWLG
2026-05-15T17:27:20+00:00,LWLG,STK,,,0.0,TRADES,13.73,13.73,13.72,13.7201,400.0,4,13.72503,49462420,LWLG
2026-05-15T17:27:30+00:00,LWLG,STK,,,0.0,TRADES,13.7201,13.7201,13.7201,13.7201,0.0,0,13.7201,49462420,LWLG
2026-05-15T17:27:40+00:00,LWLG,STK,,,0.0,TRADES,13.72,13.735,13.72,13.735,355.0,3,13.72704,49462420,LWLG
2026-05-15T17:27:50+00:00,LWLG,STK,,,0.0,TRADES,13.75,13.76,13.7304,13.75,6000.0,11,13.73433,49462420,LWLG
2026-05-15T17:28:00+00:00,LWLG,STK,,,0.0,TRADES,13.75,13.75,13.75,13.75,0.0,0,13.75,49462420,LWLG
2026-05-15T17:28:10+00:00,LWLG,STK,,,0.0,TRADES,13.77,13.77,13.77,13.77,100.0,1,13.77,49462420,LWLG
2026-05-15T17:28:20+00:00,LWLG,STK,,,0.0,TRADES,13.77,13.77,13.77,13.77,0.0,0,13.77,49462420,LWLG
2026-05-15T17:28:30+00:00,LWLG,STK,,,0.0,TRADES,13.77,13.77,13.77,13.77,0.0,0,13.77,49462420,LWLG
2026-05-15T17:28:40+00:00,LWLG,STK,,,0.0,TRADES,13.77,13.77,13.76,13.76,243.0,2,13.76412,49462420,LWLG
2026-05-15T17:28:50+00:00,LWLG,STK,,,0.0,TRADES,13.77,13.7711,13.77,13.7711,9000.0,4,13.77098,49462420,LWLG
2026-05-15T17:29:00+00:00,LWLG,STK,,,0.0,TRADES,13.75,13.75,13.73,13.738,1500.0,5,13.73933,49462420,LWLG
2026-05-15T17:29:10+00:00,LWLG,STK,,,0.0,TRADES,13.7399,13.7399,13.738,13.738,400.0,2,13.73848,49462420,LWLG
2026-05-15T17:29:20+00:00,LWLG,STK,,,0.0,TRADES,13.725,13.725,13.725,13.725,100.0,1,13.725,49462420,LWLG
2026-05-15T17:29:30+00:00,LWLG,STK,,,0.0,TRADES,13.73,13.735,13.7,13.71,16183.0,64,13.71336,49462420,LWLG
2026-05-15T17:29:40+00:00,LWLG,STK,,,0.0,TRADES,13.73,13.73,13.72,13.72,400.0,3,13.7275,49462420,LWLG
2026-05-15T17:29:50+00:00,LWLG,STK,,,0.0,TRADES,13.73,13.74,13.73,13.735,636.0,6,13.73708,49462420,LWLG
2026-05-15T17:30:00+00:00,LWLG,STK,,,0.0,TRADES,13.76,13.77,13.75,13.75,1033.0,8,13.75887,49462420,LWLG
2026-05-15T17:30:10+00:00,LWLG,STK,,,0.0,TRADES,13.7899,13.7899,13.7899,13.7899,290.0,1,13.7899,49462420,LWLG
2026-05-15T17:30:20+00:00,LWLG,STK,,,0.0,TRADES,13.79,13.8,13.79,13.8,482.0,3,13.79793,49462420,LWLG
2026-05-15T17:30:30+00:00,LWLG,STK,,,0.0,TRADES,13.8,13.8,13.8,13.8,1015.0,6,13.8,49462420,LWLG
2026-05-15T17:30:40+00:00,LWLG,STK,,,0.0,TRADES,13.82,13.86,13.82,13.84,3388.0,20,13.83834,49462420,LWLG
2026-05-15T17:30:50+00:00,LWLG,STK,,,0.0,TRADES,13.84,13.84,13.84,13.84,100.0,1,13.84,49462420,LWLG
2026-05-15T17:31:00+00:00,LWLG,STK,,,0.0,TRADES,13.8,13.8,13.78,13.78,997.0,4,13.78997,49462420,LWLG
2026-05-15T17:31:10+00:00,LWLG,STK,,,0.0,TRADES,13.78,13.78,13.78,13.78,0.0,0,13.78,49462420,LWLG
2026-05-15T17:31:20+00:00,LWLG,STK,,,0.0,TRADES,13.828,13.828,13.828,13.828,200.0,1,13.828,49462420,LWLG
2026-05-15T17:31:30+00:00,LWLG,STK,,,0.0,TRADES,13.828,13.828,13.828,13.828,0.0,0,13.828,49462420,LWLG
2026-05-15T17:31:40+00:00,LWLG,STK,,,0.0,TRADES,13.828,13.828,13.828,13.828,0.0,0,13.828,49462420,LWLG
2026-05-15T17:31:50+00:00,LWLG,STK,,,0.0,TRADES,13.8156,13.8156,13.8156,13.8156,200.0,1,13.8156,49462420,LWLG
2026-05-15T17:32:00+00:00,LWLG,STK,,,0.0,TRADES,13.83,13.83,13.83,13.83,1000.0,1,13.83,49462420,LWLG
2026-05-15T17:32:10+00:00,LWLG,STK,,,0.0,TRADES,13.83,13.83,13.83,13.83,0.0,0,13.83,49462420,LWLG
2026-05-15T17:32:20+00:00,LWLG,STK,,,0.0,TRADES,13.8,13.805,13.8,13.805,426.0,2,13.80383,49462420,LWLG
2026-05-15T17:32:30+00:00,LWLG,STK,,,0.0,TRADES,13.805,13.805,13.805,13.805,0.0,0,13.805,49462420,LWLG
2026-05-15T17:32:40+00:00,LWLG,STK,,,0.0,TRADES,13.8,13.8,13.8,13.8,975.0,2,13.8,49462420,LWLG
2026-05-15T17:32:50+00:00,LWLG,STK,,,0.0,TRADES,13.78,13.78,13.78,13.78,200.0,1,13.78,49462420,LWLG
2026-05-15T17:33:00+00:00,LWLG,STK,,,0.0,TRADES,13.79,13.79,13.79,13.79,200.0,1,13.79,49462420,LWLG
2026-05-15T17:33:10+00:00,LWLG,STK,,,0.0,TRADES,13.79,13.79,13.79,13.79,0.0,0,13.79,49462420,LWLG
2026-05-15T17:33:20+00:00,LWLG,STK,,,0.0,TRADES,13.7656,13.7656,13.7656,13.7656,1000.0,1,13.7656,49462420,LWLG
2026-05-15T17:33:30+00:00,LWLG,STK,,,0.0,TRADES,13.77,13.78,13.77,13.775,400.0,4,13.77625,49462420,LWLG
2026-05-15T17:33:40+00:00,LWLG,STK,,,0.0,TRADES,13.775,13.775,13.775,13.775,0.0,0,13.775,49462420,LWLG
2026-05-15T17:33:50+00:00,LWLG,STK,,,0.0,TRADES,13.77,13.77,13.77,13.77,100.0,1,13.77,49462420,LWLG
2026-05-15T17:34:00+00:00,LWLG,STK,,,0.0,TRADES,13.77,13.77,13.77,13.77,0.0,0,13.77,49462420,LWLG
2026-05-15T17:34:10+00:00,LWLG,STK,,,0.0,TRADES,13.7872,13.815,13.7872,13.8,445.0,4,13.802,49462420,LWLG
2026-05-15T17:34:20+00:00,LWLG,STK,,,0.0,TRADES,13.8,13.8,13.8,13.8,100.0,1,13.8,49462420,LWLG
2026-05-15T17:34:30+00:00,LWLG,STK,,,0.0,TRADES,13.8,13.8,13.8,13.8,0.0,0,13.8,49462420,LWLG
2026-05-15T17:34:40+00:00,LWLG,STK,,,0.0,TRADES,13.8095,13.8095,13.8,13.8,340.0,2,13.80279,49462420,LWLG
2026-05-15T17:34:50+00:00,LWLG,STK,,,0.0,TRADES,13.8,13.8,13.8,13.8,0.0,0,13.8,49462420,LWLG
2026-05-15T17:35:00+00:00,LWLG,STK,,,0.0,TRADES,13.795,13.82,13.795,13.82,500.0,5,13.808,49462420,LWLG
2026-05-15T17:35:10+00:00,LWLG,STK,,,0.0,TRADES,13.82,13.845,13.82,13.845,1847.0,8,13.83839,49462420,LWLG
2026-05-15T17:35:20+00:00,LWLG,STK,,,0.0,TRADES,13.845,13.845,13.845,13.845,124.0,1,13.845,49462420,LWLG
2026-05-15T17:35:30+00:00,LWLG,STK,,,0.0,TRADES,13.87,13.87,13.855,13.855,1350.0,2,13.86889,49462420,LWLG
2026-05-15T17:35:40+00:00,LWLG,STK,,,0.0,TRADES,13.8403,13.8403,13.8403,13.8403,3000.0,1,13.8403,49462420,LWLG
2026-05-15T17:35:50+00:00,LWLG,STK,,,0.0,TRADES,13.87,13.87,13.87,13.87,150.0,1,13.87,49462420,LWLG
2026-05-15T17:36:00+00:00,LWLG,STK,,,0.0,TRADES,13.87,13.87,13.87,13.87,0.0,0,13.87,49462420,LWLG
2026-05-15T17:36:10+00:00,LWLG,STK,,,0.0,TRADES,13.844,13.844,13.844,13.844,250.0,1,13.844,49462420,LWLG
2026-05-15T17:36:20+00:00,LWLG,STK,,,0.0,TRADES,13.8401,13.8401,13.8401,13.8401,350.0,1,13.8401,49462420,LWLG
2026-05-15T17:36:30+00:00,LWLG,STK,,,0.0,TRADES,13.855,13.855,13.84,13.84,1400.0,8,13.84321,49462420,LWLG
2026-05-15T17:36:40+00:00,LWLG,STK,,,0.0,TRADES,13.84,13.85,13.84,13.8473,1400.0,6,13.84633,49462420,LWLG
2026-05-15T17:36:50+00:00,LWLG,STK,,,0.0,TRADES,13.84,13.84,13.8371,13.84,364.0,3,13.83869,49462420,LWLG
2026-05-15T17:37:00+00:00,LWLG,STK,,,0.0,TRADES,13.8302,13.8302,13.8302,13.8302,600.0,1,13.8302,49462420,LWLG
2026-05-15T17:37:10+00:00,LWLG,STK,,,0.0,TRADES,13.83,13.83,13.83,13.83,200.0,2,13.83,49462420,LWLG
2026-05-15T17:37:20+00:00,LWLG,STK,,,0.0,TRADES,13.82,13.82,13.82,13.82,400.0,4,13.82,49462420,LWLG
2026-05-15T17:37:30+00:00,LWLG,STK,,,0.0,TRADES,13.8,13.83,13.8,13.8001,580.0,4,13.8145,49462420,LWLG
2026-05-15T17:37:40+00:00,LWLG,STK,,,0.0,TRADES,13.815,13.83,13.815,13.83,300.0,3,13.825,49462420,LWLG
2026-05-15T17:37:50+00:00,LWLG,STK,,,0.0,TRADES,13.84,13.84,13.8319,13.8319,962.0,8,13.8388,49462420,LWLG
2026-05-15T17:38:00+00:00,LWLG,STK,,,0.0,TRADES,13.86,13.86,13.86,13.86,200.0,2,13.86,49462420,LWLG
2026-05-15T17:38:10+00:00,LWLG,STK,,,0.0,TRADES,13.83,13.83,13.82,13.82,800.0,8,13.8275,49462420,LWLG
2026-05-15T17:38:20+00:00,LWLG,STK,,,0.0,TRADES,13.83,13.83,13.83,13.83,100.0,1,13.83,49462420,LWLG
2026-05-15T17:38:30+00:00,LWLG,STK,,,0.0,TRADES,13.84,13.84,13.83,13.83,1600.0,7,13.83625,49462420,LWLG
2026-05-15T17:38:40+00:00,LWLG,STK,,,0.0,TRADES,13.84,13.86,13.84,13.845,551.0,3,13.84681,49462420,LWLG
2026-05-15T17:38:50+00:00,LWLG,STK,,,0.0,TRADES,13.845,13.845,13.845,13.845,200.0,1,13.845,49462420,LWLG
2026-05-15T17:39:00+00:00,LWLG,STK,,,0.0,TRADES,13.83,13.83,13.83,13.83,110.0,1,13.83,49462420,LWLG
2026-05-15T17:39:10+00:00,LWLG,STK,,,0.0,TRADES,13.825,13.825,13.825,13.825,102.0,1,13.825,49462420,LWLG
2026-05-15T17:39:20+00:00,LWLG,STK,,,0.0,TRADES,13.825,13.825,13.825,13.825,0.0,0,13.825,49462420,LWLG
2026-05-15T17:39:30+00:00,LWLG,STK,,,0.0,TRADES,13.825,13.85,13.825,13.85,2750.0,9,13.83545,49462420,LWLG
2026-05-15T17:39:40+00:00,LWLG,STK,,,0.0,TRADES,13.855,13.855,13.855,13.855,300.0,1,13.855,49462420,LWLG
2026-05-15T17:39:50+00:00,LWLG,STK,,,0.0,TRADES,13.83,13.87,13.8,13.8401,12071.0,49,13.81104,49462420,LWLG
2026-05-15T17:40:00+00:00,LWLG,STK,,,0.0,TRADES,13.86,13.8775,13.86,13.8775,200.0,2,13.86875,49462420,LWLG
2026-05-15T17:40:10+00:00,LWLG,STK,,,0.0,TRADES,13.8504,13.8504,13.8504,13.8504,3000.0,1,13.8504,49462420,LWLG
2026-05-15T17:40:20+00:00,LWLG,STK,,,0.0,TRADES,13.87,13.87,13.8,13.8,10643.0,14,13.81174,49462420,LWLG
2026-05-15T17:40:30+00:00,LWLG,STK,,,0.0,TRADES,13.825,13.825,13.8,13.8,1600.0,14,13.81734,49462420,LWLG
2026-05-15T17:40:40+00:00,LWLG,STK,,,0.0,TRADES,13.77,13.77,13.77,13.77,153.0,1,13.77,49462420,LWLG
2026-05-15T17:40:50+00:00,LWLG,STK,,,0.0,TRADES,13.7671,13.7671,13.765,13.765,655.0,4,13.76532,49462420,LWLG
2026-05-15T17:41:00+00:00,LWLG,STK,,,0.0,TRADES,13.765,13.78,13.765,13.78,1215.0,8,13.76971,49462420,LWLG
2026-05-15T17:41:10+00:00,LWLG,STK,,,0.0,TRADES,13.77,13.775,13.77,13.775,279.0,2,13.77179,49462420,LWLG
2026-05-15T17:41:20+00:00,LWLG,STK,,,0.0,TRADES,13.775,13.775,13.775,13.775,700.0,6,13.775,49462420,LWLG
2026-05-15T17:41:30+00:00,LWLG,STK,,,0.0,TRADES,13.775,13.775,13.7581,13.775,1645.0,8,13.77397,49462420,LWLG
2026-05-15T17:41:40+00:00,LWLG,STK,,,0.0,TRADES,13.775,13.775,13.775,13.775,1000.0,1,13.775,49462420,LWLG
2026-05-15T17:41:50+00:00,LWLG,STK,,,0.0,TRADES,13.76,13.77,13.76,13.765,546.0,5,13.76359,49462420,LWLG
2026-05-15T17:42:00+00:00,LWLG,STK,,,0.0,TRADES,13.76,13.76,13.76,13.76,100.0,1,13.76,49462420,LWLG
2026-05-15T17:42:10+00:00,LWLG,STK,,,0.0,TRADES,13.78,13.78,13.78,13.78,961.0,7,13.78,49462420,LWLG
2026-05-15T17:42:20+00:00,LWLG,STK,,,0.0,TRADES,13.7732,13.7793,13.7732,13.775,451.0,3,13.77535,49462420,LWLG
2026-05-15T17:42:30+00:00,LWLG,STK,,,0.0,TRADES,13.7701,13.7701,13.755,13.76,2049.0,8,13.76595,49462420,LWLG
2026-05-15T17:42:40+00:00,LWLG,STK,,,0.0,TRADES,13.7547,13.7547,13.7547,13.7547,200.0,1,13.7547,49462420,LWLG
2026-05-15T17:42:50+00:00,LWLG,STK,,,0.0,TRADES,13.76,13.7694,13.76,13.76,1277.0,3,13.76699,49462420,LWLG
2026-05-15T17:43:00+00:00,LWLG,STK,,,0.0,TRADES,13.75,13.75,13.75,13.75,100.0,1,13.75,49462420,LWLG
2026-05-15T17:43:10+00:00,LWLG,STK,,,0.0,TRADES,13.7697,13.7697,13.7697,13.7697,202.0,1,13.7697,49462420,LWLG
2026-05-15T17:43:20+00:00,LWLG,STK,,,0.0,TRADES,13.77,13.775,13.77,13.775,500.0,3,13.773,49462420,LWLG
2026-05-15T17:43:30+00:00,LWLG,STK,,,0.0,TRADES,13.775,13.775,13.775,13.775,0.0,0,13.775,49462420,LWLG
2026-05-15T17:43:40+00:00,LWLG,STK,,,0.0,TRADES,13.8077,13.8077,13.8077,13.8077,1000.0,1,13.8077,49462420,LWLG
2026-05-15T17:43:50+00:00,LWLG,STK,,,0.0,TRADES,13.8077,13.8077,13.8077,13.8077,0.0,0,13.8077,49462420,LWLG
2026-05-15T17:44:00+00:00,LWLG,STK,,,0.0,TRADES,13.8077,13.8077,13.8077,13.8077,0.0,0,13.8077,49462420,LWLG
2026-05-15T17:44:10+00:00,LWLG,STK,,,0.0,TRADES,13.78,13.78,13.78,13.78,100.0,1,13.78,49462420,LWLG
2026-05-15T17:44:20+00:00,LWLG,STK,,,0.0,TRADES,13.78,13.78,13.78,13.78,0.0,0,13.78,49462420,LWLG
2026-05-15T17:44:30+00:00,LWLG,STK,,,0.0,TRADES,13.78,13.78,13.78,13.78,100.0,1,13.78,49462420,LWLG
2026-05-15T17:44:40+00:00,LWLG,STK,,,0.0,TRADES,13.795,13.795,13.78,13.795,1265.0,3,13.79381,49462420,LWLG
2026-05-15T17:44:50+00:00,LWLG,STK,,,0.0,TRADES,13.795,13.795,13.795,13.795,0.0,0,13.795,49462420,LWLG
2026-05-15T17:45:00+00:00,LWLG,STK,,,0.0,TRADES,13.79,13.79,13.79,13.79,200.0,2,13.79,49462420,LWLG
2026-05-15T17:45:10+00:00,LWLG,STK,,,0.0,TRADES,13.785,13.785,13.78,13.78,2418.0,5,13.78476,49462420,LWLG
2026-05-15T17:45:20+00:00,LWLG,STK,,,0.0,TRADES,13.78,13.78,13.78,13.78,0.0,0,13.78,49462420,LWLG
2026-05-15T17:45:30+00:00,LWLG,STK,,,0.0,TRADES,13.79,13.79,13.76,13.76,2200.0,4,13.77409,49462420,LWLG
2026-05-15T17:45:40+00:00,LWLG,STK,,,0.0,TRADES,13.765,13.765,13.75,13.75,1420.0,6,13.76162,49462420,LWLG
2026-05-15T17:45:50+00:00,LWLG,STK,,,0.0,TRADES,13.752,13.76,13.75,13.755,1573.0,11,13.75369,49462420,LWLG
2026-05-15T17:46:00+00:00,LWLG,STK,,,0.0,TRADES,13.755,13.76,13.755,13.755,800.0,7,13.75563,49462420,LWLG
2026-05-15T17:46:10+00:00,LWLG,STK,,,0.0,TRADES,13.755,13.755,13.755,13.755,2498.0,8,13.755,49462420,LWLG
2026-05-15T17:46:20+00:00,LWLG,STK,,,0.0,TRADES,13.755,13.755,13.75,13.75,1331.0,5,13.75038,49462420,LWLG
2026-05-15T17:46:30+00:00,LWLG,STK,,,0.0,TRADES,13.75,13.75,13.745,13.745,200.0,2,13.7475,49462420,LWLG
2026-05-15T17:46:40+00:00,LWLG,STK,,,0.0,TRADES,13.74,13.74,13.74,13.74,117.0,1,13.74,49462420,LWLG
2026-05-15T17:46:50+00:00,LWLG,STK,,,0.0,TRADES,13.7399,13.7399,13.725,13.725,1180.0,5,13.73,49462420,LWLG
2026-05-15T17:47:00+00:00,LWLG,STK,,,0.0,TRADES,13.72,13.7293,13.72,13.7293,1000.0,2,13.72465,49462420,LWLG
2026-05-15T17:47:10+00:00,LWLG,STK,,,0.0,TRADES,13.72,13.72,13.72,13.72,100.0,1,13.72,49462420,LWLG
2026-05-15T17:47:20+00:00,LWLG,STK,,,0.0,TRADES,13.725,13.755,13.725,13.755,1798.0,12,13.73917,49462420,LWLG
2026-05-15T17:47:30+00:00,LWLG,STK,,,0.0,TRADES,13.75,13.76,13.75,13.76,356.0,3,13.75562,49462420,LWLG
2026-05-15T17:47:40+00:00,LWLG,STK,,,0.0,TRADES,13.76,13.76,13.76,13.76,0.0,0,13.76,49462420,LWLG
2026-05-15T17:47:50+00:00,LWLG,STK,,,0.0,TRADES,13.76,13.76,13.76,13.76,0.0,0,13.76,49462420,LWLG
2026-05-15T17:48:00+00:00,LWLG,STK,,,0.0,TRADES,13.76,13.76,13.76,13.76,0.0,0,13.76,49462420,LWLG
2026-05-15T17:48:10+00:00,LWLG,STK,,,0.0,TRADES,13.775,13.79,13.775,13.785,700.0,6,13.78143,49462420,LWLG
2026-05-15T17:48:20+00:00,LWLG,STK,,,0.0,TRADES,13.785,13.785,13.785,13.785,1000.0,1,13.785,49462420,LWLG
2026-05-15T17:48:30+00:00,LWLG,STK,,,0.0,TRADES,13.785,13.785,13.785,13.785,0.0,0,13.785,49462420,LWLG
2026-05-15T17:48:40+00:00,LWLG,STK,,,0.0,TRADES,13.785,13.785,13.785,13.785,0.0,0,13.785,49462420,LWLG
2026-05-15T17:48:50+00:00,LWLG,STK,,,0.0,TRADES,13.76,13.76,13.76,13.76,100.0,1,13.76,49462420,LWLG
2026-05-15T17:49:00+00:00,LWLG,STK,,,0.0,TRADES,13.76,13.76,13.76,13.76,262.0,1,13.76,49462420,LWLG
2026-05-15T17:49:10+00:00,LWLG,STK,,,0.0,TRADES,13.77,13.79,13.77,13.79,1700.0,10,13.77824,49462420,LWLG
2026-05-15T17:49:20+00:00,LWLG,STK,,,0.0,TRADES,13.78,13.79,13.78,13.79,1390.0,3,13.78863,49462420,LWLG
2026-05-15T17:49:30+00:00,LWLG,STK,,,0.0,TRADES,13.79,13.79,13.79,13.79,0.0,0,13.79,49462420,LWLG
2026-05-15T17:49:40+00:00,LWLG,STK,,,0.0,TRADES,13.77,13.77,13.76,13.76,952.0,3,13.76105,49462420,LWLG
2026-05-15T17:49:50+00:00,LWLG,STK,,,0.0,TRADES,13.78,13.7857,13.78,13.7857,700.0,3,13.78407,49462420,LWLG
2026-05-15T17:50:00+00:00,LWLG,STK,,,0.0,TRADES,13.78,13.78,13.78,13.78,450.0,3,13.78,49462420,LWLG
2026-05-15T17:50:10+00:00,LWLG,STK,,,0.0,TRADES,13.793,13.793,13.77,13.77,200.0,2,13.7815,49462420,LWLG
2026-05-15T17:50:20+00:00,LWLG,STK,,,0.0,TRADES,13.78,13.78,13.76,13.76,300.0,2,13.77333,49462420,LWLG
2026-05-15T17:50:30+00:00,LWLG,STK,,,0.0,TRADES,13.77,13.797,13.77,13.797,300.0,3,13.78233,49462420,LWLG
2026-05-15T17:50:40+00:00,LWLG,STK,,,0.0,TRADES,13.77,13.77,13.76,13.76,200.0,2,13.765,49462420,LWLG
2026-05-15T17:50:50+00:00,LWLG,STK,,,0.0,TRADES,13.775,13.775,13.775,13.775,600.0,1,13.775,49462420,LWLG
2026-05-15T17:51:00+00:00,LWLG,STK,,,0.0,TRADES,13.76,13.77,13.76,13.77,500.0,4,13.768,49462420,LWLG
2026-05-15T17:51:10+00:00,LWLG,STK,,,0.0,TRADES,13.77,13.77,13.76,13.76,529.0,4,13.76189,49462420,LWLG
2026-05-15T17:51:20+00:00,LWLG,STK,,,0.0,TRADES,13.75,13.75,13.74,13.74,2229.0,7,13.74955,49462420,LWLG
2026-05-15T17:51:30+00:00,LWLG,STK,,,0.0,TRADES,13.75,13.75,13.75,13.75,200.0,1,13.75,49462420,LWLG
2026-05-15T17:51:40+00:00,LWLG,STK,,,0.0,TRADES,13.74,13.74,13.73,13.74,1100.0,3,13.73909,49462420,LWLG
2026-05-15T17:51:50+00:00,LWLG,STK,,,0.0,TRADES,13.74,13.74,13.73,13.73,1706.0,11,13.73707,49462420,LWLG
2026-05-15T17:52:00+00:00,LWLG,STK,,,0.0,TRADES,13.74,13.75,13.74,13.74,3411.0,6,13.74801,49462420,LWLG
2026-05-15T17:52:10+00:00,LWLG,STK,,,0.0,TRADES,13.75,13.765,13.745,13.765,700.0,7,13.75571,49462420,LWLG
2026-05-15T17:52:20+00:00,LWLG,STK,,,0.0,TRADES,13.76,13.76,13.76,13.76,100.0,1,13.76,49462420,LWLG
2026-05-15T17:52:30+00:00,LWLG,STK,,,0.0,TRADES,13.76,13.76,13.76,13.76,0.0,0,13.76,49462420,LWLG
2026-05-15T17:52:40+00:00,LWLG,STK,,,0.0,TRADES,13.78,13.78,13.78,13.78,510.0,3,13.78,49462420,LWLG
2026-05-15T17:52:50+00:00,LWLG,STK,,,0.0,TRADES,13.78,13.78,13.78,13.78,0.0,0,13.78,49462420,LWLG
2026-05-15T17:53:00+00:00,LWLG,STK,,,0.0,TRADES,13.78,13.78,13.78,13.78,100.0,1,13.78,49462420,LWLG
2026-05-15T17:53:10+00:00,LWLG,STK,,,0.0,TRADES,13.775,13.775,13.775,13.775,100.0,1,13.775,49462420,LWLG
2026-05-15T17:53:20+00:00,LWLG,STK,,,0.0,TRADES,13.775,13.775,13.775,13.775,0.0,0,13.775,49462420,LWLG
2026-05-15T17:53:30+00:00,LWLG,STK,,,0.0,TRADES,13.76,13.76,13.76,13.76,100.0,1,13.76,49462420,LWLG
2026-05-15T17:53:40+00:00,LWLG,STK,,,0.0,TRADES,13.7827,13.8,13.775,13.8,6602.0,13,13.78844,49462420,LWLG
2026-05-15T17:53:50+00:00,LWLG,STK,,,0.0,TRADES,13.7924,13.8,13.7924,13.8,730.0,3,13.79896,49462420,LWLG
2026-05-15T17:54:00+00:00,LWLG,STK,,,0.0,TRADES,13.8,13.8,13.8,13.8,100.0,1,13.8,49462420,LWLG
2026-05-15T17:54:10+00:00,LWLG,STK,,,0.0,TRADES,13.81,13.81,13.81,13.81,100.0,1,13.81,49462420,LWLG
2026-05-15T17:54:20+00:00,LWLG,STK,,,0.0,TRADES,13.81,13.81,13.81,13.81,0.0,0,13.81,49462420,LWLG
2026-05-15T17:54:30+00:00,LWLG,STK,,,0.0,TRADES,13.81,13.81,13.81,13.81,100.0,1,13.81,49462420,LWLG
2026-05-15T17:54:40+00:00,LWLG,STK,,,0.0,TRADES,13.81,13.81,13.81,13.81,0.0,0,13.81,49462420,LWLG
2026-05-15T17:54:50+00:00,LWLG,STK,,,0.0,TRADES,13.8,13.8,13.8,13.8,100.0,1,13.8,49462420,LWLG
2026-05-15T17:55:00+00:00,LWLG,STK,,,0.0,TRADES,13.81,13.83,13.81,13.83,827.0,6,13.81917,49462420,LWLG
2026-05-15T17:55:10+00:00,LWLG,STK,,,0.0,TRADES,13.83,13.83,13.83,13.83,0.0,0,13.83,49462420,LWLG
2026-05-15T17:55:20+00:00,LWLG,STK,,,0.0,TRADES,13.825,13.84,13.825,13.84,2713.0,8,13.83392,49462420,LWLG
2026-05-15T17:55:30+00:00,LWLG,STK,,,0.0,TRADES,13.86,13.9,13.86,13.8999,2120.0,10,13.88743,49462420,LWLG
2026-05-15T17:55:40+00:00,LWLG,STK,,,0.0,TRADES,13.8999,13.8999,13.8999,13.8999,0.0,0,13.8999,49462420,LWLG
2026-05-15T17:55:50+00:00,LWLG,STK,,,0.0,TRADES,13.89,13.89,13.875,13.875,1700.0,6,13.88824,49462420,LWLG
2026-05-15T17:56:00+00:00,LWLG,STK,,,0.0,TRADES,13.89,13.89,13.89,13.89,100.0,1,13.89,49462420,LWLG
2026-05-15T17:56:10+00:00,LWLG,STK,,,0.0,TRADES,13.8997,13.8997,13.89,13.89,500.0,3,13.89582,49462420,LWLG
2026-05-15T17:56:20+00:00,LWLG,STK,,,0.0,TRADES,13.8999,13.8999,13.89,13.89,1309.0,7,13.89688,49462420,LWLG
2026-05-15T17:56:30+00:00,LWLG,STK,,,0.0,TRADES,13.9,13.9,13.9,13.9,100.0,1,13.9,49462420,LWLG
2026-05-15T17:56:40+00:00,LWLG,STK,,,0.0,TRADES,13.91,13.9255,13.89,13.89,1300.0,8,13.90519,49462420,LWLG
2026-05-15T17:56:50+00:00,LWLG,STK,,,0.0,TRADES,13.88,13.88,13.88,13.88,100.0,1,13.88,49462420,LWLG
2026-05-15T17:57:00+00:00,LWLG,STK,,,0.0,TRADES,13.8857,13.8857,13.8639,13.865,2115.0,11,13.87131,49462420,LWLG
2026-05-15T17:57:10+00:00,LWLG,STK,,,0.0,TRADES,13.87,13.89,13.85,13.89,414.0,4,13.87068,49462420,LWLG
2026-05-15T17:57:20+00:00,LWLG,STK,,,0.0,TRADES,13.879,13.88,13.8468,13.86,490.0,4,13.86392,49462420,LWLG
2026-05-15T17:57:30+00:00,LWLG,STK,,,0.0,TRADES,13.86,13.86,13.845,13.845,320.0,2,13.85531,49462420,LWLG
2026-05-15T17:57:40+00:00,LWLG,STK,,,0.0,TRADES,13.8799,13.8799,13.85,13.85,2342.0,3,13.86715,49462420,LWLG
2026-05-15T17:57:50+00:00,LWLG,STK,,,0.0,TRADES,13.84,13.84,13.84,13.84,300.0,3,13.84,49462420,LWLG
2026-05-15T17:58:00+00:00,LWLG,STK,,,0.0,TRADES,13.84,13.84,13.84,13.84,0.0,0,13.84,49462420,LWLG
2026-05-15T17:58:10+00:00,LWLG,STK,,,0.0,TRADES,13.84,13.84,13.84,13.84,0.0,0,13.84,49462420,LWLG
2026-05-15T17:58:20+00:00,LWLG,STK,,,0.0,TRADES,13.84,13.84,13.835,13.84,564.0,3,13.83855,49462420,LWLG
2026-05-15T17:58:30+00:00,LWLG,STK,,,0.0,TRADES,13.86,13.86,13.86,13.86,180.0,1,13.86,49462420,LWLG
2026-05-15T17:58:40+00:00,LWLG,STK,,,0.0,TRADES,13.84,13.84,13.84,13.84,100.0,1,13.84,49462420,LWLG
2026-05-15T17:58:50+00:00,LWLG,STK,,,0.0,TRADES,13.84,13.84,13.84,13.84,100.0,1,13.84,49462420,LWLG
2026-05-15T17:59:00+00:00,LWLG,STK,,,0.0,TRADES,13.86,13.86,13.857,13.857,558.0,5,13.85915,49462420,LWLG
2026-05-15T17:59:10+00:00,LWLG,STK,,,0.0,TRADES,13.855,13.855,13.855,13.855,115.0,1,13.855,49462420,LWLG
2026-05-15T17:59:20+00:00,LWLG,STK,,,0.0,TRADES,13.8594,13.8594,13.84,13.84,1270.0,4,13.84229,49462420,LWLG
2026-05-15T17:59:30+00:00,LWLG,STK,,,0.0,TRADES,13.8319,13.8319,13.82,13.82,201.0,2,13.82598,49462420,LWLG
2026-05-15T17:59:40+00:00,LWLG,STK,,,0.0,TRADES,13.83,13.83,13.83,13.83,100.0,1,13.83,49462420,LWLG
2026-05-15T17:59:50+00:00,LWLG,STK,,,0.0,TRADES,13.8307,13.8373,13.82,13.82,450.0,3,13.83198,49462420,LWLG
2026-05-15T18:00:00+00:00,LWLG,STK,,,0.0,TRADES,13.83,13.83,13.83,13.83,100.0,1,13.83,49462420,LWLG
2026-05-15T18:00:10+00:00,LWLG,STK,,,0.0,TRADES,13.84,13.84,13.835,13.835,274.0,2,13.83818,49462420,LWLG
2026-05-15T18:00:20+00:00,LWLG,STK,,,0.0,TRADES,13.849,13.849,13.849,13.849,499.0,2,13.849,49462420,LWLG
2026-05-15T18:00:30+00:00,LWLG,STK,,,0.0,TRADES,13.84,13.85,13.84,13.85,200.0,2,13.845,49462420,LWLG
2026-05-15T18:00:40+00:00,LWLG,STK,,,0.0,TRADES,13.8491,13.85,13.835,13.835,1105.0,6,13.84515,49462420,LWLG
2026-05-15T18:00:50+00:00,LWLG,STK,,,0.0,TRADES,13.835,13.835,13.835,13.835,0.0,0,13.835,49462420,LWLG
2026-05-15T18:01:00+00:00,LWLG,STK,,,0.0,TRADES,13.835,13.835,13.835,13.835,0.0,0,13.835,49462420,LWLG
2026-05-15T18:01:10+00:00,LWLG,STK,,,0.0,TRADES,13.85,13.85,13.84,13.84,400.0,4,13.84477,49462420,LWLG
2026-05-15T18:01:20+00:00,LWLG,STK,,,0.0,TRADES,13.84,13.84,13.84,13.84,0.0,0,13.84,49462420,LWLG
2026-05-15T18:01:30+00:00,LWLG,STK,,,0.0,TRADES,13.85,13.86,13.85,13.8599,700.0,5,13.85569,49462420,LWLG
2026-05-15T18:01:40+00:00,LWLG,STK,,,0.0,TRADES,13.84,13.84,13.84,13.84,377.0,3,13.84,49462420,LWLG
2026-05-15T18:01:50+00:00,LWLG,STK,,,0.0,TRADES,13.83,13.83,13.83,13.83,900.0,9,13.83,49462420,LWLG
2026-05-15T18:02:00+00:00,LWLG,STK,,,0.0,TRADES,13.83,13.83,13.83,13.83,150.0,1,13.83,49462420,LWLG
2026-05-15T18:02:10+00:00,LWLG,STK,,,0.0,TRADES,13.82,13.82,13.815,13.815,621.0,2,13.81581,49462420,LWLG
2026-05-15T18:02:20+00:00,LWLG,STK,,,0.0,TRADES,13.8101,13.8101,13.8101,13.8101,150.0,1,13.8101,49462420,LWLG
2026-05-15T18:02:30+00:00,LWLG,STK,,,0.0,TRADES,13.81,13.8199,13.8028,13.81,689.0,5,13.80985,49462420,LWLG
2026-05-15T18:02:40+00:00,LWLG,STK,,,0.0,TRADES,13.81,13.81,13.81,13.81,100.0,1,13.81,49462420,LWLG
2026-05-15T18:02:50+00:00,LWLG,STK,,,0.0,TRADES,13.8,13.8,13.78,13.8,2932.0,25,13.79443,49462420,LWLG
2026-05-15T18:03:00+00:00,LWLG,STK,,,0.0,TRADES,13.8088,13.8088,13.8088,13.8088,100.0,1,13.8088,49462420,LWLG
2026-05-15T18:03:10+00:00,LWLG,STK,,,0.0,TRADES,13.79,13.8183,13.79,13.795,724.0,7,13.80581,49462420,LWLG
2026-05-15T18:03:20+00:00,LWLG,STK,,,0.0,TRADES,13.82,13.82,13.81,13.82,600.0,4,13.815,49462420,LWLG
2026-05-15T18:03:30+00:00,LWLG,STK,,,0.0,TRADES,13.83,13.83,13.83,13.83,100.0,1,13.83,49462420,LWLG
2026-05-15T18:03:40+00:00,LWLG,STK,,,0.0,TRADES,13.83,13.83,13.83,13.83,0.0,0,13.83,49462420,LWLG
2026-05-15T18:03:50+00:00,LWLG,STK,,,0.0,TRADES,13.84,13.86,13.839,13.84,3728.0,9,13.85452,49462420,LWLG
2026-05-15T18:04:00+00:00,LWLG,STK,,,0.0,TRADES,13.83,13.83,13.83,13.83,100.0,1,13.83,49462420,LWLG
2026-05-15T18:04:10+00:00,LWLG,STK,,,0.0,TRADES,13.8419,13.8419,13.8419,13.8419,117.0,1,13.8419,49462420,LWLG
2026-05-15T18:04:20+00:00,LWLG,STK,,,0.0,TRADES,13.8419,13.8419,13.8419,13.8419,0.0,0,13.8419,49462420,LWLG
2026-05-15T18:04:30+00:00,LWLG,STK,,,0.0,TRADES,13.8438,13.8438,13.8438,13.8438,365.0,1,13.8438,49462420,LWLG
2026-05-15T18:04:40+00:00,LWLG,STK,,,0.0,TRADES,13.8438,13.8438,13.8438,13.8438,0.0,0,13.8438,49462420,LWLG
2026-05-15T18:04:50+00:00,LWLG,STK,,,0.0,TRADES,13.83,13.8999,13.83,13.8999,4108.0,27,13.86797,49462420,LWLG
2026-05-15T18:05:00+00:00,LWLG,STK,,,0.0,TRADES,13.89,13.9,13.88,13.88,346.0,3,13.89087,49462420,LWLG
2026-05-15T18:05:10+00:00,LWLG,STK,,,0.0,TRADES,13.89,13.89,13.89,13.89,140.0,1,13.89,49462420,LWLG
2026-05-15T18:05:20+00:00,LWLG,STK,,,0.0,TRADES,13.89,13.89,13.89,13.89,107.0,1,13.89,49462420,LWLG
2026-05-15T18:05:30+00:00,LWLG,STK,,,0.0,TRADES,13.895,13.895,13.895,13.895,168.0,1,13.895,49462420,LWLG
2026-05-15T18:05:40+00:00,LWLG,STK,,,0.0,TRADES,13.9399,13.9399,13.91,13.91,465.0,2,13.93302,49462420,LWLG
2026-05-15T18:05:50+00:00,LWLG,STK,,,0.0,TRADES,13.905,13.905,13.905,13.905,107.0,1,13.905,49462420,LWLG
2026-05-15T18:06:00+00:00,LWLG,STK,,,0.0,TRADES,13.905,13.905,13.905,13.905,400.0,2,13.905,49462420,LWLG
2026-05-15T18:06:10+00:00,LWLG,STK,,,0.0,TRADES,13.905,13.905,13.905,13.905,0.0,0,13.905,49462420,LWLG
2026-05-15T18:06:20+00:00,LWLG,STK,,,0.0,TRADES,13.8801,13.8801,13.8801,13.8801,1000.0,1,13.8801,49462420,LWLG
2026-05-15T18:06:30+00:00,LWLG,STK,,,0.0,TRADES,13.88,13.88,13.88,13.88,401.0,3,13.88,49462420,LWLG
2026-05-15T18:06:40+00:00,LWLG,STK,,,0.0,TRADES,13.885,13.885,13.885,13.885,100.0,1,13.885,49462420,LWLG
2026-05-15T18:06:50+00:00,LWLG,STK,,,0.0,TRADES,13.885,13.885,13.885,13.885,100.0,1,13.885,49462420,LWLG
2026-05-15T18:07:00+00:00,LWLG,STK,,,0.0,TRADES,13.87,13.87,13.87,13.87,100.0,1,13.87,49462420,LWLG
2026-05-15T18:07:10+00:00,LWLG,STK,,,0.0,TRADES,13.87,13.87,13.87,13.87,0.0,0,13.87,49462420,LWLG
2026-05-15T18:07:20+00:00,LWLG,STK,,,0.0,TRADES,13.875,13.875,13.86,13.86,580.0,5,13.86983,49462420,LWLG
2026-05-15T18:07:30+00:00,LWLG,STK,,,0.0,TRADES,13.86,13.86,13.86,13.86,0.0,0,13.86,49462420,LWLG
2026-05-15T18:07:40+00:00,LWLG,STK,,,0.0,TRADES,13.87,13.87,13.855,13.855,1666.0,5,13.86544,49462420,LWLG
2026-05-15T18:07:50+00:00,LWLG,STK,,,0.0,TRADES,13.85,13.85,13.85,13.85,100.0,1,13.85,49462420,LWLG
2026-05-15T18:08:00+00:00,LWLG,STK,,,0.0,TRADES,13.85,13.85,13.85,13.85,0.0,0,13.85,49462420,LWLG
2026-05-15T18:08:10+00:00,LWLG,STK,,,0.0,TRADES,13.85,13.85,13.85,13.85,100.0,1,13.85,49462420,LWLG
2026-05-15T18:08:20+00:00,LWLG,STK,,,0.0,TRADES,13.855,13.86,13.855,13.86,1200.0,3,13.85583,49462420,LWLG
2026-05-15T18:08:30+00:00,LWLG,STK,,,0.0,TRADES,13.85,13.85,13.85,13.85,1319.0,4,13.85,49462420,LWLG
2026-05-15T18:08:40+00:00,LWLG,STK,,,0.0,TRADES,13.8443,13.8443,13.8443,13.8443,100.0,1,13.8443,49462420,LWLG
2026-05-15T18:08:50+00:00,LWLG,STK,,,0.0,TRADES,13.85,13.865,13.85,13.865,300.0,3,13.85833,49462420,LWLG
2026-05-15T18:09:00+00:00,LWLG,STK,,,0.0,TRADES,13.85,13.86,13.85,13.86,2202.0,5,13.85545,49462420,LWLG
2026-05-15T18:09:10+00:00,LWLG,STK,,,0.0,TRADES,13.86,13.86,13.86,13.86,0.0,0,13.86,49462420,LWLG
2026-05-15T18:09:20+00:00,LWLG,STK,,,0.0,TRADES,13.86,13.86,13.86,13.86,0.0,0,13.86,49462420,LWLG
2026-05-15T18:09:30+00:00,LWLG,STK,,,0.0,TRADES,13.855,13.855,13.85,13.855,600.0,6,13.85417,49462420,LWLG
2026-05-15T18:09:40+00:00,LWLG,STK,,,0.0,TRADES,13.855,13.855,13.855,13.855,0.0,0,13.855,49462420,LWLG
2026-05-15T18:09:50+00:00,LWLG,STK,,,0.0,TRADES,13.85,13.85,13.85,13.85,100.0,1,13.85,49462420,LWLG
2026-05-15T18:10:00+00:00,LWLG,STK,,,0.0,TRADES,13.855,13.855,13.855,13.855,200.0,2,13.855,49462420,LWLG
2026-05-15T18:10:10+00:00,LWLG,STK,,,0.0,TRADES,13.855,13.855,13.855,13.855,0.0,0,13.855,49462420,LWLG
2026-05-15T18:10:20+00:00,LWLG,STK,,,0.0,TRADES,13.855,13.855,13.855,13.855,100.0,1,13.855,49462420,LWLG
2026-05-15T18:10:30+00:00,LWLG,STK,,,0.0,TRADES,13.86,13.86,13.86,13.86,100.0,1,13.86,49462420,LWLG
2026-05-15T18:10:40+00:00,LWLG,STK,,,0.0,TRADES,13.86,13.86,13.86,13.86,500.0,3,13.86,49462420,LWLG
2026-05-15T18:10:50+00:00,LWLG,STK,,,0.0,TRADES,13.86,13.86,13.86,13.86,0.0,0,13.86,49462420,LWLG
2026-05-15T18:11:00+00:00,LWLG,STK,,,0.0,TRADES,13.86,13.86,13.86,13.86,0.0,0,13.86,49462420,LWLG
2026-05-15T18:11:10+00:00,LWLG,STK,,,0.0,TRADES,13.86,13.86,13.86,13.86,200.0,2,13.86,49462420,LWLG
2026-05-15T18:11:20+00:00,LWLG,STK,,,0.0,TRADES,13.86,13.86,13.86,13.86,0.0,0,13.86,49462420,LWLG
2026-05-15T18:11:30+00:00,LWLG,STK,,,0.0,TRADES,13.86,13.865,13.86,13.865,426.0,2,13.86383,49462420,LWLG
2026-05-15T18:11:40+00:00,LWLG,STK,,,0.0,TRADES,13.865,13.865,13.865,13.865,0.0,0,13.865,49462420,LWLG
2026-05-15T18:11:50+00:00,LWLG,STK,,,0.0,TRADES,13.865,13.865,13.865,13.865,0.0,0,13.865,49462420,LWLG
2026-05-15T18:12:00+00:00,LWLG,STK,,,0.0,TRADES,13.865,13.865,13.865,13.865,345.0,2,13.865,49462420,LWLG
2026-05-15T18:12:10+00:00,LWLG,STK,,,0.0,TRADES,13.8699,13.8699,13.8699,13.8699,100.0,1,13.8699,49462420,LWLG
2026-05-15T18:12:20+00:00,LWLG,STK,,,0.0,TRADES,13.87,13.87,13.87,13.87,399.0,2,13.87,49462420,LWLG
2026-05-15T18:12:30+00:00,LWLG,STK,,,0.0,TRADES,13.87,13.88,13.87,13.88,1920.0,12,13.87604,49462420,LWLG
2026-05-15T18:12:40+00:00,LWLG,STK,,,0.0,TRADES,13.88,13.88,13.88,13.88,0.0,0,13.88,49462420,LWLG
2026-05-15T18:12:50+00:00,LWLG,STK,,,0.0,TRADES,13.88,13.88,13.88,13.88,0.0,0,13.88,49462420,LWLG
2026-05-15T18:13:00+00:00,LWLG,STK,,,0.0,TRADES,13.89,13.89,13.89,13.89,100.0,1,13.89,49462420,LWLG
2026-05-15T18:13:10+00:00,LWLG,STK,,,0.0,TRADES,13.88,13.885,13.88,13.885,200.0,2,13.8825,49462420,LWLG
2026-05-15T18:13:20+00:00,LWLG,STK,,,0.0,TRADES,13.885,13.885,13.885,13.885,0.0,0,13.885,49462420,LWLG
2026-05-15T18:13:30+00:00,LWLG,STK,,,0.0,TRADES,13.885,13.885,13.885,13.885,0.0,0,13.885,49462420,LWLG
2026-05-15T18:13:40+00:00,LWLG,STK,,,0.0,TRADES,13.885,13.885,13.885,13.885,0.0,0,13.885,49462420,LWLG
2026-05-15T18:13:50+00:00,LWLG,STK,,,0.0,TRADES,13.885,13.885,13.885,13.885,0.0,0,13.885,49462420,LWLG
2026-05-15T18:14:00+00:00,LWLG,STK,,,0.0,TRADES,13.885,13.885,13.885,13.885,0.0,0,13.885,49462420,LWLG
2026-05-15T18:14:10+00:00,LWLG,STK,,,0.0,TRADES,13.89,13.89,13.88,13.88,750.0,6,13.88733,49462420,LWLG
2026-05-15T18:14:20+00:00,LWLG,STK,,,0.0,TRADES,13.875,13.88,13.875,13.88,4100.0,6,13.87951,49462420,LWLG
2026-05-15T18:14:30+00:00,LWLG,STK,,,0.0,TRADES,13.875,13.875,13.87,13.87,300.0,3,13.87333,49462420,LWLG
2026-05-15T18:14:40+00:00,LWLG,STK,,,0.0,TRADES,13.875,13.885,13.875,13.885,1200.0,11,13.88125,49462420,LWLG
2026-05-15T18:14:50+00:00,LWLG,STK,,,0.0,TRADES,13.885,13.885,13.885,13.885,200.0,1,13.885,49462420,LWLG
2026-05-15T18:15:00+00:00,LWLG,STK,,,0.0,TRADES,13.88,13.88,13.87,13.87,1650.0,9,13.87182,49462420,LWLG
2026-05-15T18:15:10+00:00,LWLG,STK,,,0.0,TRADES,13.865,13.895,13.865,13.895,2706.0,16,13.88197,49462420,LWLG
2026-05-15T18:15:20+00:00,LWLG,STK,,,0.0,TRADES,13.9,13.905,13.9,13.905,1323.0,4,13.90038,49462420,LWLG
2026-05-15T18:15:30+00:00,LWLG,STK,,,0.0,TRADES,13.905,13.905,13.905,13.905,0.0,0,13.905,49462420,LWLG
2026-05-15T18:15:40+00:00,LWLG,STK,,,0.0,TRADES,13.9,13.9,13.9,13.9,250.0,1,13.9,49462420,LWLG
2026-05-15T18:15:50+00:00,LWLG,STK,,,0.0,TRADES,13.88,13.88,13.88,13.88,1395.0,7,13.88,49462420,LWLG
2026-05-15T18:16:00+00:00,LWLG,STK,,,0.0,TRADES,13.88,13.8999,13.88,13.8999,500.0,5,13.88398,49462420,LWLG
2026-05-15T18:16:10+00:00,LWLG,STK,,,0.0,TRADES,13.895,13.895,13.895,13.895,200.0,2,13.895,49462420,LWLG
2026-05-15T18:16:20+00:00,LWLG,STK,,,0.0,TRADES,13.895,13.895,13.885,13.885,500.0,3,13.887,49462420,LWLG
2026-05-15T18:16:30+00:00,LWLG,STK,,,0.0,TRADES,13.89,13.89,13.89,13.89,310.0,3,13.89,49462420,LWLG
2026-05-15T18:16:40+00:00,LWLG,STK,,,0.0,TRADES,13.885,13.885,13.88,13.88,200.0,2,13.8825,49462420,LWLG
2026-05-15T18:16:50+00:00,LWLG,STK,,,0.0,TRADES,13.885,13.89,13.88,13.8894,3294.0,9,13.88624,49462420,LWLG
2026-05-15T18:17:00+00:00,LWLG,STK,,,0.0,TRADES,13.88,13.88,13.88,13.88,100.0,1,13.88,49462420,LWLG
2026-05-15T18:17:10+00:00,LWLG,STK,,,0.0,TRADES,13.89,13.9,13.89,13.9,1391.0,13,13.89748,49462420,LWLG
2026-05-15T18:17:20+00:00,LWLG,STK,,,0.0,TRADES,13.9,13.9,13.9,13.9,0.0,0,13.9,49462420,LWLG
2026-05-15T18:17:30+00:00,LWLG,STK,,,0.0,TRADES,13.8952,13.8952,13.8952,13.8952,202.0,1,13.8952,49462420,LWLG
2026-05-15T18:17:40+00:00,LWLG,STK,,,0.0,TRADES,13.9,13.9008,13.9,13.9008,200.0,2,13.9004,49462420,LWLG
2026-05-15T18:17:50+00:00,LWLG,STK,,,0.0,TRADES,13.9008,13.9008,13.9008,13.9008,0.0,0,13.9008,49462420,LWLG
2026-05-15T18:18:00+00:00,LWLG,STK,,,0.0,TRADES,13.9008,13.9008,13.9008,13.9008,0.0,0,13.9008,49462420,LWLG
2026-05-15T18:18:10+00:00,LWLG,STK,,,0.0,TRADES,13.9,13.9,13.88,13.88,2108.0,12,13.88854,49462420,LWLG
2026-05-15T18:18:20+00:00,LWLG,STK,,,0.0,TRADES,13.87,13.87,13.85,13.85,2635.0,12,13.85291,49462420,LWLG
2026-05-15T18:18:30+00:00,LWLG,STK,,,0.0,TRADES,13.825,13.825,13.82,13.82,1000.0,6,13.824,49462420,LWLG
2026-05-15T18:18:40+00:00,LWLG,STK,,,0.0,TRADES,13.81,13.81,13.81,13.81,1050.0,2,13.81,49462420,LWLG
2026-05-15T18:18:50+00:00,LWLG,STK,,,0.0,TRADES,13.819,13.82,13.819,13.8199,2538.0,10,13.8198,49462420,LWLG
2026-05-15T18:19:00+00:00,LWLG,STK,,,0.0,TRADES,13.8,13.814,13.775,13.795,18862.0,51,13.79796,49462420,LWLG
2026-05-15T18:19:10+00:00,LWLG,STK,,,0.0,TRADES,13.795,13.795,13.795,13.795,0.0,0,13.795,49462420,LWLG
2026-05-15T18:19:20+00:00,LWLG,STK,,,0.0,TRADES,13.78,13.78,13.76,13.761,1072.0,9,13.76801,49462420,LWLG
2026-05-15T18:19:30+00:00,LWLG,STK,,,0.0,TRADES,13.76,13.7632,13.76,13.76,2011.0,8,13.76024,49462420,LWLG
2026-05-15T18:19:40+00:00,LWLG,STK,,,0.0,TRADES,13.76,13.765,13.76,13.76,300.0,3,13.76167,49462420,LWLG
2026-05-15T18:19:50+00:00,LWLG,STK,,,0.0,TRADES,13.76,13.76,13.75,13.75,200.0,2,13.755,49462420,LWLG
2026-05-15T18:20:00+00:00,LWLG,STK,,,0.0,TRADES,13.76,13.76,13.76,13.76,500.0,5,13.76,49462420,LWLG
2026-05-15T18:20:10+00:00,LWLG,STK,,,0.0,TRADES,13.75,13.77,13.75,13.76,700.0,4,13.76,49462420,LWLG
2026-05-15T18:20:20+00:00,LWLG,STK,,,0.0,TRADES,13.77,13.78,13.77,13.78,3580.0,26,13.77832,49462420,LWLG
2026-05-15T18:20:30+00:00,LWLG,STK,,,0.0,TRADES,13.77,13.77,13.76,13.765,886.0,7,13.76339,49462420,LWLG
2026-05-15T18:20:40+00:00,LWLG,STK,,,0.0,TRADES,13.765,13.765,13.765,13.765,100.0,1,13.765,49462420,LWLG
2026-05-15T18:20:50+00:00,LWLG,STK,,,0.0,TRADES,13.77,13.77,13.77,13.77,600.0,6,13.77,49462420,LWLG
2026-05-15T18:21:00+00:00,LWLG,STK,,,0.0,TRADES,13.765,13.77,13.76,13.77,600.0,3,13.765,49462420,LWLG
2026-05-15T18:21:10+00:00,LWLG,STK,,,0.0,TRADES,13.78,13.78,13.765,13.765,202.0,2,13.77257,49462420,LWLG
2026-05-15T18:21:20+00:00,LWLG,STK,,,0.0,TRADES,13.765,13.765,13.765,13.765,0.0,0,13.765,49462420,LWLG
2026-05-15T18:21:30+00:00,LWLG,STK,,,0.0,TRADES,13.765,13.785,13.765,13.78,1200.0,7,13.77917,49462420,LWLG
2026-05-15T18:21:40+00:00,LWLG,STK,,,0.0,TRADES,13.8,13.8,13.8,13.8,9250.0,1,13.8,49462420,LWLG
2026-05-15T18:21:50+00:00,LWLG,STK,,,0.0,TRADES,13.8,13.8,13.8,13.8,0.0,0,13.8,49462420,LWLG
2026-05-15T18:22:00+00:00,LWLG,STK,,,0.0,TRADES,13.8,13.8,13.8,13.8,0.0,0,13.8,49462420,LWLG
2026-05-15T18:22:10+00:00,LWLG,STK,,,0.0,TRADES,13.765,13.765,13.765,13.765,100.0,1,13.765,49462420,LWLG
2026-05-15T18:22:20+00:00,LWLG,STK,,,0.0,TRADES,13.765,13.765,13.765,13.765,0.0,0,13.765,49462420,LWLG
2026-05-15T18:22:30+00:00,LWLG,STK,,,0.0,TRADES,13.75,13.75,13.75,13.75,100.0,1,13.75,49462420,LWLG
2026-05-15T18:22:40+00:00,LWLG,STK,,,0.0,TRADES,13.76,13.78,13.76,13.775,3274.0,22,13.76882,49462420,LWLG
2026-05-15T18:22:50+00:00,LWLG,STK,,,0.0,TRADES,13.775,13.775,13.775,13.775,0.0,0,13.775,49462420,LWLG
2026-05-15T18:23:00+00:00,LWLG,STK,,,0.0,TRADES,13.775,13.775,13.775,13.775,0.0,0,13.775,49462420,LWLG
2026-05-15T18:23:10+00:00,LWLG,STK,,,0.0,TRADES,13.7799,13.7799,13.77,13.77,520.0,4,13.77419,49462420,LWLG
2026-05-15T18:23:20+00:00,LWLG,STK,,,0.0,TRADES,13.78,13.785,13.78,13.78,1554.0,14,13.78161,49462420,LWLG
2026-05-15T18:23:30+00:00,LWLG,STK,,,0.0,TRADES,13.78,13.78,13.78,13.78,181.0,1,13.78,49462420,LWLG
2026-05-15T18:23:40+00:00,LWLG,STK,,,0.0,TRADES,13.78,13.78,13.78,13.78,0.0,0,13.78,49462420,LWLG
2026-05-15T18:23:50+00:00,LWLG,STK,,,0.0,TRADES,13.7701,13.7701,13.7701,13.7701,1000.0,1,13.7701,49462420,LWLG
2026-05-15T18:24:00+00:00,LWLG,STK,,,0.0,TRADES,13.79,13.795,13.79,13.79,500.0,5,13.791,49462420,LWLG
2026-05-15T18:24:10+00:00,LWLG,STK,,,0.0,TRADES,13.79,13.79,13.79,13.79,100.0,1,13.79,49462420,LWLG
2026-05-15T18:24:20+00:00,LWLG,STK,,,0.0,TRADES,13.78,13.78,13.78,13.78,300.0,3,13.78,49462420,LWLG
2026-05-15T18:24:30+00:00,LWLG,STK,,,0.0,TRADES,13.775,13.775,13.76,13.76,1190.0,10,13.76706,49462420,LWLG
2026-05-15T18:24:40+00:00,LWLG,STK,,,0.0,TRADES,13.76,13.76,13.76,13.76,0.0,0,13.76,49462420,LWLG
2026-05-15T18:24:50+00:00,LWLG,STK,,,0.0,TRADES,13.76,13.76,13.76,13.76,1200.0,1,13.76,49462420,LWLG
2026-05-15T18:25:00+00:00,LWLG,STK,,,0.0,TRADES,13.75,13.75,13.75,13.75,1007.0,6,13.75,49462420,LWLG
2026-05-15T18:25:10+00:00,LWLG,STK,,,0.0,TRADES,13.759,13.76,13.75,13.76,2210.0,15,13.75687,49462420,LWLG
2026-05-15T18:25:20+00:00,LWLG,STK,,,0.0,TRADES,13.76,13.76,13.76,13.76,0.0,0,13.76,49462420,LWLG
2026-05-15T18:25:30+00:00,LWLG,STK,,,0.0,TRADES,13.76,13.76,13.76,13.76,0.0,0,13.76,49462420,LWLG
2026-05-15T18:25:40+00:00,LWLG,STK,,,0.0,TRADES,13.755,13.755,13.73,13.73,400.0,3,13.73875,49462420,LWLG
2026-05-15T18:25:50+00:00,LWLG,STK,,,0.0,TRADES,13.72,13.72,13.72,13.72,300.0,2,13.72,49462420,LWLG
2026-05-15T18:26:00+00:00,LWLG,STK,,,0.0,TRADES,13.73,13.73,13.73,13.73,100.0,1,13.73,49462420,LWLG
2026-05-15T18:26:10+00:00,LWLG,STK,,,0.0,TRADES,13.725,13.73,13.7,13.715,2492.0,12,13.71224,49462420,LWLG
2026-05-15T18:26:20+00:00,LWLG,STK,,,0.0,TRADES,13.7009,13.7009,13.7009,13.7009,110.0,1,13.7009,49462420,LWLG
2026-05-15T18:26:30+00:00,LWLG,STK,,,0.0,TRADES,13.7009,13.7009,13.7009,13.7009,0.0,0,13.7009,49462420,LWLG
2026-05-15T18:26:40+00:00,LWLG,STK,,,0.0,TRADES,13.71,13.71,13.7099,13.7099,225.0,2,13.70996,49462420,LWLG
2026-05-15T18:26:50+00:00,LWLG,STK,,,0.0,TRADES,13.7099,13.71,13.7099,13.71,1503.0,9,13.70998,49462420,LWLG
2026-05-15T18:27:00+00:00,LWLG,STK,,,0.0,TRADES,13.71,13.71,13.68,13.69,11296.0,29,13.69068,49462420,LWLG
2026-05-15T18:27:10+00:00,LWLG,STK,,,0.0,TRADES,13.69,13.69,13.69,13.69,0.0,0,13.69,49462420,LWLG
2026-05-15T18:27:20+00:00,LWLG,STK,,,0.0,TRADES,13.69,13.69,13.69,13.69,0.0,0,13.69,49462420,LWLG
2026-05-15T18:27:30+00:00,LWLG,STK,,,0.0,TRADES,13.69,13.69,13.69,13.69,0.0,0,13.69,49462420,LWLG
2026-05-15T18:27:40+00:00,LWLG,STK,,,0.0,TRADES,13.685,13.7,13.67,13.67,2700.0,6,13.68759,49462420,LWLG
2026-05-15T18:27:50+00:00,LWLG,STK,,,0.0,TRADES,13.67,13.67,13.67,13.67,343.0,2,13.67,49462420,LWLG
2026-05-15T18:28:00+00:00,LWLG,STK,,,0.0,TRADES,13.665,13.67,13.665,13.67,3819.0,15,13.6684,49462420,LWLG
2026-05-15T18:28:10+00:00,LWLG,STK,,,0.0,TRADES,13.68,13.68,13.67,13.67,950.0,3,13.67105,49462420,LWLG
2026-05-15T18:28:20+00:00,LWLG,STK,,,0.0,TRADES,13.67,13.68,13.67,13.68,1400.0,9,13.67786,49462420,LWLG
2026-05-15T18:28:30+00:00,LWLG,STK,,,0.0,TRADES,13.685,13.685,13.66,13.66,2300.0,9,13.67217,49462420,LWLG
2026-05-15T18:28:40+00:00,LWLG,STK,,,0.0,TRADES,13.6509,13.66,13.6509,13.66,230.0,2,13.65486,49462420,LWLG
2026-05-15T18:28:50+00:00,LWLG,STK,,,0.0,TRADES,13.66,13.67,13.66,13.665,500.0,5,13.667,49462420,LWLG
2026-05-15T18:29:00+00:00,LWLG,STK,,,0.0,TRADES,13.665,13.665,13.665,13.665,0.0,0,13.665,49462420,LWLG
2026-05-15T18:29:10+00:00,LWLG,STK,,,0.0,TRADES,13.665,13.665,13.665,13.665,100.0,1,13.665,49462420,LWLG
2026-05-15T18:29:20+00:00,LWLG,STK,,,0.0,TRADES,13.67,13.6709,13.67,13.6709,300.0,2,13.6706,49462420,LWLG
2026-05-15T18:29:30+00:00,LWLG,STK,,,0.0,TRADES,13.68,13.68,13.68,13.68,700.0,6,13.68,49462420,LWLG
2026-05-15T18:29:40+00:00,LWLG,STK,,,0.0,TRADES,13.68,13.68,13.68,13.68,100.0,1,13.68,49462420,LWLG
2026-05-15T18:29:50+00:00,LWLG,STK,,,0.0,TRADES,13.685,13.685,13.685,13.685,217.0,1,13.685,49462420,LWLG
2026-05-15T18:30:00+00:00,LWLG,STK,,,0.0,TRADES,13.68,13.68,13.66,13.66,3070.0,9,13.67,49462420,LWLG
2026-05-15T18:30:10+00:00,LWLG,STK,,,0.0,TRADES,13.655,13.68,13.655,13.6605,3301.0,13,13.6635,49462420,LWLG
2026-05-15T18:30:20+00:00,LWLG,STK,,,0.0,TRADES,13.6595,13.6595,13.6595,13.6595,600.0,1,13.6595,49462420,LWLG
2026-05-15T18:30:30+00:00,LWLG,STK,,,0.0,TRADES,13.6595,13.6595,13.6595,13.6595,0.0,0,13.6595,49462420,LWLG
2026-05-15T18:30:40+00:00,LWLG,STK,,,0.0,TRADES,13.665,13.665,13.665,13.665,100.0,1,13.665,49462420,LWLG
2026-05-15T18:30:50+00:00,LWLG,STK,,,0.0,TRADES,13.68,13.685,13.68,13.685,600.0,3,13.68417,49462420,LWLG
2026-05-15T18:31:00+00:00,LWLG,STK,,,0.0,TRADES,13.67,13.67,13.665,13.665,400.0,4,13.6675,49462420,LWLG
2026-05-15T18:31:10+00:00,LWLG,STK,,,0.0,TRADES,13.65,13.65,13.63,13.63,7811.0,27,13.64017,49462420,LWLG
2026-05-15T18:31:20+00:00,LWLG,STK,,,0.0,TRADES,13.63,13.64,13.6205,13.64,5300.0,8,13.63743,49462420,LWLG
2026-05-15T18:31:30+00:00,LWLG,STK,,,0.0,TRADES,13.6235,13.6235,13.61,13.61,1740.0,6,13.61991,49462420,LWLG
2026-05-15T18:31:40+00:00,LWLG,STK,,,0.0,TRADES,13.62,13.62,13.62,13.62,200.0,2,13.62,49462420,LWLG
2026-05-15T18:31:50+00:00,LWLG,STK,,,0.0,TRADES,13.61,13.62,13.61,13.62,960.0,5,13.61521,49462420,LWLG
2026-05-15T18:32:00+00:00,LWLG,STK,,,0.0,TRADES,13.62,13.66,13.62,13.66,4027.0,14,13.64274,49462420,LWLG
2026-05-15T18:32:10+00:00,LWLG,STK,,,0.0,TRADES,13.66,13.66,13.66,13.66,0.0,0,13.66,49462420,LWLG
2026-05-15T18:32:20+00:00,LWLG,STK,,,0.0,TRADES,13.66,13.66,13.66,13.66,0.0,0,13.66,49462420,LWLG
2026-05-15T18:32:30+00:00,LWLG,STK,,,0.0,TRADES,13.6586,13.6586,13.65,13.65,435.0,2,13.65198,49462420,LWLG
2026-05-15T18:32:40+00:00,LWLG,STK,,,0.0,TRADES,13.66,13.68,13.66,13.68,1899.0,10,13.67315,49462420,LWLG
2026-05-15T18:32:50+00:00,LWLG,STK,,,0.0,TRADES,13.6788,13.6788,13.6788,13.6788,1000.0,1,13.6788,49462420,LWLG
2026-05-15T18:33:00+00:00,LWLG,STK,,,0.0,TRADES,13.67,13.68,13.67,13.68,1310.0,7,13.67916,49462420,LWLG
2026-05-15T18:33:10+00:00,LWLG,STK,,,0.0,TRADES,13.67,13.67,13.665,13.67,1402.0,8,13.66964,49462420,LWLG
2026-05-15T18:33:20+00:00,LWLG,STK,,,0.0,TRADES,13.67,13.67,13.67,13.67,0.0,0,13.67,49462420,LWLG
2026-05-15T18:33:30+00:00,LWLG,STK,,,0.0,TRADES,13.675,13.685,13.675,13.685,882.0,7,13.68,49462420,LWLG
2026-05-15T18:33:40+00:00,LWLG,STK,,,0.0,TRADES,13.685,13.685,13.685,13.685,0.0,0,13.685,49462420,LWLG
2026-05-15T18:33:50+00:00,LWLG,STK,,,0.0,TRADES,13.685,13.685,13.685,13.685,400.0,2,13.685,49462420,LWLG
2026-05-15T18:34:00+00:00,LWLG,STK,,,0.0,TRADES,13.685,13.685,13.685,13.685,0.0,0,13.685,49462420,LWLG
2026-05-15T18:34:10+00:00,LWLG,STK,,,0.0,TRADES,13.69,13.69,13.685,13.685,200.0,2,13.6875,49462420,LWLG
2026-05-15T18:34:20+00:00,LWLG,STK,,,0.0,TRADES,13.685,13.71,13.685,13.71,916.0,9,13.70127,49462420,LWLG
2026-05-15T18:34:30+00:00,LWLG,STK,,,0.0,TRADES,13.72,13.72,13.72,13.72,500.0,1,13.72,49462420,LWLG
2026-05-15T18:34:40+00:00,LWLG,STK,,,0.0,TRADES,13.72,13.72,13.72,13.72,0.0,0,13.72,49462420,LWLG
2026-05-15T18:34:50+00:00,LWLG,STK,,,0.0,TRADES,13.72,13.72,13.71,13.71,1905.0,6,13.7179,49462420,LWLG
2026-05-15T18:35:00+00:00,LWLG,STK,,,0.0,TRADES,13.7175,13.7192,13.7175,13.7192,305.0,2,13.71861,49462420,LWLG
2026-05-15T18:35:10+00:00,LWLG,STK,,,0.0,TRADES,13.71,13.71,13.71,13.71,2670.0,2,13.71,49462420,LWLG
2026-05-15T18:35:20+00:00,LWLG,STK,,,0.0,TRADES,13.7,13.7,13.68,13.68,1582.0,5,13.68989,49462420,LWLG
2026-05-15T18:35:30+00:00,LWLG,STK,,,0.0,TRADES,13.71,13.71,13.71,13.71,500.0,5,13.71,49462420,LWLG
2026-05-15T18:35:40+00:00,LWLG,STK,,,0.0,TRADES,13.72,13.72,13.715,13.715,1043.0,7,13.71952,49462420,LWLG
2026-05-15T18:35:50+00:00,LWLG,STK,,,0.0,TRADES,13.72,13.72,13.72,13.72,200.0,1,13.72,49462420,LWLG
2026-05-15T18:36:00+00:00,LWLG,STK,,,0.0,TRADES,13.74,13.74,13.74,13.74,200.0,2,13.74,49462420,LWLG
2026-05-15T18:36:10+00:00,LWLG,STK,,,0.0,TRADES,13.7399,13.7399,13.73,13.73,369.0,2,13.73402,49462420,LWLG
2026-05-15T18:36:20+00:00,LWLG,STK,,,0.0,TRADES,13.75,13.7523,13.75,13.7523,1450.0,5,13.7504,49462420,LWLG
2026-05-15T18:36:30+00:00,LWLG,STK,,,0.0,TRADES,13.7523,13.7523,13.7523,13.7523,0.0,0,13.7523,49462420,LWLG
2026-05-15T18:36:40+00:00,LWLG,STK,,,0.0,TRADES,13.7523,13.7523,13.7523,13.7523,0.0,0,13.7523,49462420,LWLG
2026-05-15T18:36:50+00:00,LWLG,STK,,,0.0,TRADES,13.7523,13.7523,13.7523,13.7523,0.0,0,13.7523,49462420,LWLG
2026-05-15T18:37:00+00:00,LWLG,STK,,,0.0,TRADES,13.75,13.75,13.75,13.75,100.0,1,13.75,49462420,LWLG
2026-05-15T18:37:10+00:00,LWLG,STK,,,0.0,TRADES,13.75,13.75,13.75,13.75,570.0,3,13.75,49462420,LWLG
2026-05-15T18:37:20+00:00,LWLG,STK,,,0.0,TRADES,13.75,13.75,13.75,13.75,2200.0,4,13.75,49462420,LWLG
2026-05-15T18:37:30+00:00,LWLG,STK,,,0.0,TRADES,13.75,13.75,13.75,13.75,0.0,0,13.75,49462420,LWLG
2026-05-15T18:37:40+00:00,LWLG,STK,,,0.0,TRADES,13.75,13.75,13.75,13.75,200.0,2,13.75,49462420,LWLG
2026-05-15T18:37:50+00:00,LWLG,STK,,,0.0,TRADES,13.75,13.75,13.75,13.75,0.0,0,13.75,49462420,LWLG
2026-05-15T18:38:00+00:00,LWLG,STK,,,0.0,TRADES,13.76,13.77,13.76,13.77,1300.0,11,13.76423,49462420,LWLG
2026-05-15T18:38:10+00:00,LWLG,STK,,,0.0,TRADES,13.77,13.77,13.77,13.77,0.0,0,13.77,49462420,LWLG
2026-05-15T18:38:20+00:00,LWLG,STK,,,0.0,TRADES,13.77,13.77,13.77,13.77,0.0,0,13.77,49462420,LWLG
2026-05-15T18:38:30+00:00,LWLG,STK,,,0.0,TRADES,13.77,13.77,13.77,13.77,0.0,0,13.77,49462420,LWLG
2026-05-15T18:38:40+00:00,LWLG,STK,,,0.0,TRADES,13.8099,13.8099,13.782,13.782,1588.0,3,13.79976,49462420,LWLG
2026-05-15T18:38:50+00:00,LWLG,STK,,,0.0,TRADES,13.79,13.8193,13.79,13.8193,3567.0,11,13.80666,49462420,LWLG
2026-05-15T18:39:00+00:00,LWLG,STK,,,0.0,TRADES,13.818,13.84,13.818,13.84,1400.0,8,13.82686,49462420,LWLG
2026-05-15T18:39:10+00:00,LWLG,STK,,,0.0,TRADES,13.83,13.83,13.83,13.83,1100.0,2,13.83,49462420,LWLG
2026-05-15T18:39:20+00:00,LWLG,STK,,,0.0,TRADES,13.845,13.845,13.845,13.845,500.0,1,13.845,49462420,LWLG
2026-05-15T18:39:30+00:00,LWLG,STK,,,0.0,TRADES,13.8303,13.8303,13.8303,13.8303,4000.0,1,13.8303,49462420,LWLG
2026-05-15T18:39:40+00:00,LWLG,STK,,,0.0,TRADES,13.83,13.83,13.83,13.83,143.0,1,13.83,49462420,LWLG
2026-05-15T18:39:50+00:00,LWLG,STK,,,0.0,TRADES,13.84,13.84,13.84,13.84,600.0,2,13.84,49462420,LWLG
2026-05-15T18:40:00+00:00,LWLG,STK,,,0.0,TRADES,13.84,13.84,13.84,13.84,0.0,0,13.84,49462420,LWLG
2026-05-15T18:40:10+00:00,LWLG,STK,,,0.0,TRADES,13.85,13.85,13.8301,13.8328,1925.0,6,13.83479,49462420,LWLG
2026-05-15T18:40:20+00:00,LWLG,STK,,,0.0,TRADES,13.8317,13.84,13.8317,13.84,2113.0,9,13.83428,49462420,LWLG
2026-05-15T18:40:30+00:00,LWLG,STK,,,0.0,TRADES,13.84,13.845,13.84,13.84,1900.0,3,13.84263,49462420,LWLG
2026-05-15T18:40:40+00:00,LWLG,STK,,,0.0,TRADES,13.84,13.8493,13.84,13.84,800.0,4,13.84429,49462420,LWLG
2026-05-15T18:40:50+00:00,LWLG,STK,,,0.0,TRADES,13.835,13.835,13.83,13.83,300.0,3,13.83167,49462420,LWLG
2026-05-15T18:41:00+00:00,LWLG,STK,,,0.0,TRADES,13.83,13.83,13.83,13.83,0.0,0,13.83,49462420,LWLG
2026-05-15T18:41:10+00:00,LWLG,STK,,,0.0,TRADES,13.83,13.83,13.81,13.81,1500.0,13,13.81967,49462420,LWLG
2026-05-15T18:41:20+00:00,LWLG,STK,,,0.0,TRADES,13.82,13.82,13.82,13.82,100.0,1,13.82,49462420,LWLG
2026-05-15T18:41:30+00:00,LWLG,STK,,,0.0,TRADES,13.8,13.8,13.8,13.8,100.0,1,13.8,49462420,LWLG
2026-05-15T18:41:40+00:00,LWLG,STK,,,0.0,TRADES,13.8,13.8,13.8,13.8,0.0,0,13.8,49462420,LWLG
2026-05-15T18:41:50+00:00,LWLG,STK,,,0.0,TRADES,13.8,13.8,13.8,13.8,100.0,1,13.8,49462420,LWLG
2026-05-15T18:42:00+00:00,LWLG,STK,,,0.0,TRADES,13.8,13.8,13.8,13.8,1300.0,4,13.8,49462420,LWLG
2026-05-15T18:42:10+00:00,LWLG,STK,,,0.0,TRADES,13.79,13.79,13.79,13.79,200.0,2,13.79,49462420,LWLG
2026-05-15T18:42:20+00:00,LWLG,STK,,,0.0,TRADES,13.78,13.79,13.78,13.79,500.0,4,13.786,49462420,LWLG
2026-05-15T18:42:30+00:00,LWLG,STK,,,0.0,TRADES,13.785,13.785,13.785,13.785,100.0,1,13.785,49462420,LWLG
2026-05-15T18:42:40+00:00,LWLG,STK,,,0.0,TRADES,13.79,13.79,13.79,13.79,100.0,1,13.79,49462420,LWLG
2026-05-15T18:42:50+00:00,LWLG,STK,,,0.0,TRADES,13.8,13.8,13.8,13.8,200.0,2,13.8,49462420,LWLG
2026-05-15T18:43:00+00:00,LWLG,STK,,,0.0,TRADES,13.7999,13.7999,13.794,13.794,718.0,3,13.79579,49462420,LWLG
2026-05-15T18:43:10+00:00,LWLG,STK,,,0.0,TRADES,13.794,13.794,13.794,13.794,0.0,0,13.794,49462420,LWLG
2026-05-15T18:43:20+00:00,LWLG,STK,,,0.0,TRADES,13.79,13.795,13.79,13.795,300.0,3,13.79167,49462420,LWLG
2026-05-15T18:43:30+00:00,LWLG,STK,,,0.0,TRADES,13.795,13.8,13.795,13.8,2100.0,2,13.79524,49462420,LWLG
2026-05-15T18:43:40+00:00,LWLG,STK,,,0.0,TRADES,13.8,13.8,13.8,13.8,400.0,3,13.8,49462420,LWLG
2026-05-15T18:43:50+00:00,LWLG,STK,,,0.0,TRADES,13.795,13.8,13.795,13.8,21151.0,6,13.79998,49462420,LWLG
2026-05-15T18:44:00+00:00,LWLG,STK,,,0.0,TRADES,13.81,13.82,13.81,13.82,300.0,3,13.81333,49462420,LWLG
2026-05-15T18:44:10+00:00,LWLG,STK,,,0.0,TRADES,13.82,13.83,13.82,13.83,450.0,3,13.825,49462420,LWLG
2026-05-15T18:44:20+00:00,LWLG,STK,,,0.0,TRADES,13.82,13.82,13.81,13.81,1550.0,4,13.81903,49462420,LWLG
2026-05-15T18:44:30+00:00,LWLG,STK,,,0.0,TRADES,13.81,13.81,13.81,13.81,1175.0,9,13.81,49462420,LWLG
2026-05-15T18:44:40+00:00,LWLG,STK,,,0.0,TRADES,13.81,13.81,13.81,13.81,0.0,0,13.81,49462420,LWLG
2026-05-15T18:44:50+00:00,LWLG,STK,,,0.0,TRADES,13.81,13.81,13.81,13.81,100.0,1,13.81,49462420,LWLG
2026-05-15T18:45:00+00:00,LWLG,STK,,,0.0,TRADES,13.8197,13.8197,13.81,13.81,1681.0,6,13.81208,49462420,LWLG
2026-05-15T18:45:10+00:00,LWLG,STK,,,0.0,TRADES,13.8,13.81,13.8,13.8001,5377.0,13,13.80284,49462420,LWLG
2026-05-15T18:45:20+00:00,LWLG,STK,,,0.0,TRADES,13.8001,13.8001,13.8001,13.8001,0.0,0,13.8001,49462420,LWLG
2026-05-15T18:45:30+00:00,LWLG,STK,,,0.0,TRADES,13.81,13.81,13.79,13.79,2255.0,9,13.79868,49462420,LWLG
2026-05-15T18:45:40+00:00,LWLG,STK,,,0.0,TRADES,13.775,13.775,13.775,13.775,100.0,1,13.775,49462420,LWLG
2026-05-15T18:45:50+00:00,LWLG,STK,,,0.0,TRADES,13.78,13.78,13.78,13.78,358.0,1,13.78,49462420,LWLG
2026-05-15T18:46:00+00:00,LWLG,STK,,,0.0,TRADES,13.7744,13.7744,13.7744,13.7744,500.0,1,13.7744,49462420,LWLG
2026-05-15T18:46:10+00:00,LWLG,STK,,,0.0,TRADES,13.78,13.79,13.78,13.78,2905.0,9,13.78036,49462420,LWLG
2026-05-15T18:46:20+00:00,LWLG,STK,,,0.0,TRADES,13.78,13.78,13.78,13.78,2100.0,2,13.78,49462420,LWLG
2026-05-15T18:46:30+00:00,LWLG,STK,,,0.0,TRADES,13.78,13.79,13.78,13.785,400.0,4,13.78625,49462420,LWLG
2026-05-15T18:46:40+00:00,LWLG,STK,,,0.0,TRADES,13.79,13.83,13.79,13.83,951.0,5,13.79635,49462420,LWLG
2026-05-15T18:46:50+00:00,LWLG,STK,,,0.0,TRADES,13.785,13.79,13.78,13.78,721.0,7,13.78485,49462420,LWLG
2026-05-15T18:47:00+00:00,LWLG,STK,,,0.0,TRADES,13.76,13.76,13.76,13.76,300.0,2,13.76,49462420,LWLG
2026-05-15T18:47:10+00:00,LWLG,STK,,,0.0,TRADES,13.76,13.76,13.76,13.76,0.0,0,13.76,49462420,LWLG
2026-05-15T18:47:20+00:00,LWLG,STK,,,0.0,TRADES,13.75,13.757,13.75,13.757,1300.0,5,13.75215,49462420,LWLG
2026-05-15T18:47:30+00:00,LWLG,STK,,,0.0,TRADES,13.755,13.755,13.755,13.755,400.0,1,13.755,49462420,LWLG
2026-05-15T18:47:40+00:00,LWLG,STK,,,0.0,TRADES,13.755,13.755,13.755,13.755,0.0,0,13.755,49462420,LWLG
2026-05-15T18:47:50+00:00,LWLG,STK,,,0.0,TRADES,13.755,13.755,13.755,13.755,300.0,2,13.755,49462420,LWLG
2026-05-15T18:48:00+00:00,LWLG,STK,,,0.0,TRADES,13.755,13.755,13.755,13.755,100.0,1,13.755,49462420,LWLG
2026-05-15T18:48:10+00:00,LWLG,STK,,,0.0,TRADES,13.76,13.76,13.755,13.76,1200.0,8,13.75958,49462420,LWLG
2026-05-15T18:48:20+00:00,LWLG,STK,,,0.0,TRADES,13.77,13.77,13.765,13.77,1500.0,14,13.769,49462420,LWLG
2026-05-15T18:48:30+00:00,LWLG,STK,,,0.0,TRADES,13.7672,13.7672,13.7672,13.7672,500.0,1,13.7672,49462420,LWLG
2026-05-15T18:48:40+00:00,LWLG,STK,,,0.0,TRADES,13.7551,13.7551,13.75,13.75,2500.0,5,13.75065,49462420,LWLG
2026-05-15T18:48:50+00:00,LWLG,STK,,,0.0,TRADES,13.745,13.745,13.745,13.745,200.0,2,13.745,49462420,LWLG
2026-05-15T18:49:00+00:00,LWLG,STK,,,0.0,TRADES,13.74,13.7402,13.74,13.7402,233.0,2,13.74011,49462420,LWLG
2026-05-15T18:49:10+00:00,LWLG,STK,,,0.0,TRADES,13.745,13.745,13.745,13.745,399.0,3,13.745,49462420,LWLG
2026-05-15T18:49:20+00:00,LWLG,STK,,,0.0,TRADES,13.745,13.745,13.745,13.745,200.0,2,13.745,49462420,LWLG
2026-05-15T18:49:30+00:00,LWLG,STK,,,0.0,TRADES,13.745,13.745,13.745,13.745,100.0,1,13.745,49462420,LWLG
2026-05-15T18:49:40+00:00,LWLG,STK,,,0.0,TRADES,13.745,13.745,13.745,13.745,800.0,6,13.745,49462420,LWLG
2026-05-15T18:49:50+00:00,LWLG,STK,,,0.0,TRADES,13.7401,13.755,13.7401,13.755,1769.0,15,13.75001,49462420,LWLG
2026-05-15T18:50:00+00:00,LWLG,STK,,,0.0,TRADES,13.755,13.755,13.7501,13.7501,200.0,2,13.75255,49462420,LWLG
2026-05-15T18:50:10+00:00,LWLG,STK,,,0.0,TRADES,13.76,13.76,13.76,13.76,300.0,3,13.76,49462420,LWLG
2026-05-15T18:50:20+00:00,LWLG,STK,,,0.0,TRADES,13.76,13.76,13.755,13.755,990.0,5,13.75854,49462420,LWLG
2026-05-15T18:50:30+00:00,LWLG,STK,,,0.0,TRADES,13.75,13.76,13.74,13.74,3260.0,10,13.74853,49462420,LWLG
2026-05-15T18:50:40+00:00,LWLG,STK,,,0.0,TRADES,13.7301,13.7302,13.7301,13.7302,808.0,3,13.73012,49462420,LWLG
2026-05-15T18:50:50+00:00,LWLG,STK,,,0.0,TRADES,13.7302,13.7302,13.7302,13.7302,0.0,0,13.7302,49462420,LWLG
2026-05-15T18:51:00+00:00,LWLG,STK,,,0.0,TRADES,13.7302,13.7302,13.7302,13.7302,0.0,0,13.7302,49462420,LWLG
2026-05-15T18:51:10+00:00,LWLG,STK,,,0.0,TRADES,13.735,13.735,13.735,13.735,250.0,1,13.735,49462420,LWLG
2026-05-15T18:51:20+00:00,LWLG,STK,,,0.0,TRADES,13.73,13.73,13.705,13.71,1300.0,9,13.71154,49462420,LWLG
2026-05-15T18:51:30+00:00,LWLG,STK,,,0.0,TRADES,13.72,13.725,13.72,13.725,600.0,4,13.72333,49462420,LWLG
2026-05-15T18:51:40+00:00,LWLG,STK,,,0.0,TRADES,13.74,13.74,13.74,13.74,500.0,4,13.74,49462420,LWLG
2026-05-15T18:51:50+00:00,LWLG,STK,,,0.0,TRADES,13.75,13.7582,13.75,13.7582,1301.0,6,13.75188,49462420,LWLG
2026-05-15T18:52:00+00:00,LWLG,STK,,,0.0,TRADES,13.7582,13.7582,13.7582,13.7582,0.0,0,13.7582,49462420,LWLG
2026-05-15T18:52:10+00:00,LWLG,STK,,,0.0,TRADES,13.7582,13.7582,13.7582,13.7582,0.0,0,13.7582,49462420,LWLG
2026-05-15T18:52:20+00:00,LWLG,STK,,,0.0,TRADES,13.7582,13.7582,13.7582,13.7582,0.0,0,13.7582,49462420,LWLG
2026-05-15T18:52:30+00:00,LWLG,STK,,,0.0,TRADES,13.755,13.76,13.755,13.76,533.0,4,13.75781,49462420,LWLG
2026-05-15T18:52:40+00:00,LWLG,STK,,,0.0,TRADES,13.76,13.76,13.76,13.76,100.0,1,13.76,49462420,LWLG
2026-05-15T18:52:50+00:00,LWLG,STK,,,0.0,TRADES,13.75,13.75,13.75,13.75,200.0,2,13.75,49462420,LWLG
2026-05-15T18:53:00+00:00,LWLG,STK,,,0.0,TRADES,13.75,13.75,13.75,13.75,0.0,0,13.75,49462420,LWLG
2026-05-15T18:53:10+00:00,LWLG,STK,,,0.0,TRADES,13.745,13.75,13.74,13.74,950.0,3,13.74579,49462420,LWLG
2026-05-15T18:53:20+00:00,LWLG,STK,,,0.0,TRADES,13.75,13.75,13.75,13.75,100.0,1,13.75,49462420,LWLG
2026-05-15T18:53:30+00:00,LWLG,STK,,,0.0,TRADES,13.75,13.75,13.7427,13.75,357.0,3,13.74679,49462420,LWLG
2026-05-15T18:53:40+00:00,LWLG,STK,,,0.0,TRADES,13.76,13.765,13.76,13.765,800.0,8,13.76313,49462420,LWLG
2026-05-15T18:53:50+00:00,LWLG,STK,,,0.0,TRADES,13.765,13.765,13.765,13.765,0.0,0,13.765,49462420,LWLG
2026-05-15T18:54:00+00:00,LWLG,STK,,,0.0,TRADES,13.76,13.76,13.76,13.76,200.0,2,13.76,49462420,LWLG
2026-05-15T18:54:10+00:00,LWLG,STK,,,0.0,TRADES,13.75,13.76,13.75,13.76,200.0,2,13.755,49462420,LWLG
2026-05-15T18:54:20+00:00,LWLG,STK,,,0.0,TRADES,13.765,13.765,13.765,13.765,200.0,1,13.765,49462420,LWLG
2026-05-15T18:54:30+00:00,LWLG,STK,,,0.0,TRADES,13.78,13.78,13.77,13.78,2218.0,15,13.77893,49462420,LWLG
2026-05-15T18:54:40+00:00,LWLG,STK,,,0.0,TRADES,13.79,13.8,13.79,13.8,900.0,7,13.79667,49462420,LWLG
2026-05-15T18:54:50+00:00,LWLG,STK,,,0.0,TRADES,13.81,13.81,13.81,13.81,300.0,3,13.81,49462420,LWLG
2026-05-15T18:55:00+00:00,LWLG,STK,,,0.0,TRADES,13.8,13.805,13.8,13.805,1900.0,10,13.80289,49462420,LWLG
2026-05-15T18:55:10+00:00,LWLG,STK,,,0.0,TRADES,13.805,13.805,13.805,13.805,100.0,1,13.805,49462420,LWLG
2026-05-15T18:55:20+00:00,LWLG,STK,,,0.0,TRADES,13.82,13.85,13.82,13.85,2730.0,23,13.83656,49462420,LWLG
2026-05-15T18:55:30+00:00,LWLG,STK,,,0.0,TRADES,13.84,13.91,13.84,13.91,48516.0,189,13.86999,49462420,LWLG
2026-05-15T18:55:40+00:00,LWLG,STK,,,0.0,TRADES,13.92,13.92,13.92,13.92,300.0,3,13.92,49462420,LWLG
2026-05-15T18:55:50+00:00,LWLG,STK,,,0.0,TRADES,13.93,13.93,13.915,13.915,2215.0,15,13.92112,49462420,LWLG
2026-05-15T18:56:00+00:00,LWLG,STK,,,0.0,TRADES,13.9001,13.9001,13.9001,13.9001,1100.0,2,13.9001,49462420,LWLG
2026-05-15T18:56:10+00:00,LWLG,STK,,,0.0,TRADES,13.9001,13.9001,13.9001,13.9001,0.0,0,13.9001,49462420,LWLG
2026-05-15T18:56:20+00:00,LWLG,STK,,,0.0,TRADES,13.9,13.9,13.875,13.8823,45323.0,122,13.88109,49462420,LWLG
2026-05-15T18:56:30+00:00,LWLG,STK,,,0.0,TRADES,13.88,13.8899,13.88,13.8899,1305.0,7,13.88141,49462420,LWLG
2026-05-15T18:56:40+00:00,LWLG,STK,,,0.0,TRADES,13.88,13.88,13.81,13.81,23956.0,17,13.87893,49462420,LWLG
2026-05-15T18:56:50+00:00,LWLG,STK,,,0.0,TRADES,13.84,13.84,13.84,13.84,2000.0,1,13.84,49462420,LWLG
2026-05-15T18:57:00+00:00,LWLG,STK,,,0.0,TRADES,13.81,13.83,13.81,13.825,1730.0,16,13.82442,49462420,LWLG
2026-05-15T18:57:10+00:00,LWLG,STK,,,0.0,TRADES,13.825,13.89,13.81,13.89,68743.0,199,13.87347,49462420,LWLG
2026-05-15T18:57:20+00:00,LWLG,STK,,,0.0,TRADES,13.9,13.91,13.9,13.91,808.0,5,13.90743,49462420,LWLG
2026-05-15T18:57:30+00:00,LWLG,STK,,,0.0,TRADES,13.91,13.91,13.91,13.91,100.0,1,13.91,49462420,LWLG
2026-05-15T18:57:40+00:00,LWLG,STK,,,0.0,TRADES,13.91,13.91,13.88,13.88,637.0,6,13.89372,49462420,LWLG
2026-05-15T18:57:50+00:00,LWLG,STK,,,0.0,TRADES,13.889,13.889,13.8801,13.885,704.0,4,13.88411,49462420,LWLG
2026-05-15T18:58:00+00:00,LWLG,STK,,,0.0,TRADES,13.885,13.915,13.885,13.915,1909.0,18,13.89824,49462420,LWLG
2026-05-15T18:58:10+00:00,LWLG,STK,,,0.0,TRADES,13.89,13.89,13.88,13.89,1540.0,8,13.88416,49462420,LWLG
2026-05-15T18:58:20+00:00,LWLG,STK,,,0.0,TRADES,13.89,13.89,13.89,13.89,0.0,0,13.89,49462420,LWLG
2026-05-15T18:58:30+00:00,LWLG,STK,,,0.0,TRADES,13.88,13.88,13.88,13.88,28944.0,14,13.88,49462420,LWLG
2026-05-15T18:58:40+00:00,LWLG,STK,,,0.0,TRADES,13.885,13.885,13.885,13.885,550.0,2,13.885,49462420,LWLG
2026-05-15T18:58:50+00:00,LWLG,STK,,,0.0,TRADES,13.885,13.885,13.885,13.885,0.0,0,13.885,49462420,LWLG
2026-05-15T18:59:00+00:00,LWLG,STK,,,0.0,TRADES,13.88,13.88,13.865,13.877,16087.0,45,13.87849,49462420,LWLG
2026-05-15T18:59:10+00:00,LWLG,STK,,,0.0,TRADES,13.86,13.86,13.86,13.86,4000.0,1,13.86,49462420,LWLG
2026-05-15T18:59:20+00:00,LWLG,STK,,,0.0,TRADES,13.855,13.895,13.855,13.88,7187.0,48,13.87617,49462420,LWLG
2026-05-15T18:59:30+00:00,LWLG,STK,,,0.0,TRADES,13.88,13.88,13.88,13.88,0.0,0,13.88,49462420,LWLG
2026-05-15T18:59:40+00:00,LWLG,STK,,,0.0,TRADES,13.88,13.88,13.88,13.88,0.0,0,13.88,49462420,LWLG
2026-05-15T18:59:50+00:00,LWLG,STK,,,0.0,TRADES,13.88,13.88,13.88,13.88,0.0,0,13.88,49462420,LWLG
2026-05-15T19:00:00+00:00,LWLG,STK,,,0.0,TRADES,13.86,13.875,13.86,13.87,2680.0,20,13.86636,49462420,LWLG
2026-05-15T19:00:10+00:00,LWLG,STK,,,0.0,TRADES,13.885,13.885,13.885,13.885,200.0,2,13.885,49462420,LWLG
2026-05-15T19:00:20+00:00,LWLG,STK,,,0.0,TRADES,13.91,13.91,13.91,13.91,250.0,1,13.91,49462420,LWLG
2026-05-15T19:00:30+00:00,LWLG,STK,,,0.0,TRADES,13.8601,13.8601,13.8601,13.8601,100.0,1,13.8601,49462420,LWLG
2026-05-15T19:00:40+00:00,LWLG,STK,,,0.0,TRADES,13.86,13.86,13.845,13.86,5900.0,10,13.84644,49462420,LWLG
2026-05-15T19:00:50+00:00,LWLG,STK,,,0.0,TRADES,13.85,13.85,13.84,13.85,400.0,4,13.8475,49462420,LWLG
2026-05-15T19:01:00+00:00,LWLG,STK,,,0.0,TRADES,13.85,13.8599,13.85,13.85,700.0,3,13.85707,49462420,LWLG
2026-05-15T19:01:10+00:00,LWLG,STK,,,0.0,TRADES,13.8401,13.8401,13.84,13.84,429.0,2,13.84005,49462420,LWLG
2026-05-15T19:01:20+00:00,LWLG,STK,,,0.0,TRADES,13.84,13.85,13.84,13.84,923.0,7,13.84117,49462420,LWLG
2026-05-15T19:01:30+00:00,LWLG,STK,,,0.0,TRADES,13.84,13.84,13.84,13.84,385.0,3,13.84,49462420,LWLG
2026-05-15T19:01:40+00:00,LWLG,STK,,,0.0,TRADES,13.84,13.84,13.83,13.83,200.0,2,13.835,49462420,LWLG
2026-05-15T19:01:50+00:00,LWLG,STK,,,0.0,TRADES,13.84,13.84,13.83,13.83,600.0,2,13.83833,49462420,LWLG
2026-05-15T19:02:00+00:00,LWLG,STK,,,0.0,TRADES,13.83,13.83,13.83,13.83,200.0,2,13.83,49462420,LWLG
2026-05-15T19:02:10+00:00,LWLG,STK,,,0.0,TRADES,13.83,13.83,13.83,13.83,400.0,4,13.83,49462420,LWLG
2026-05-15T19:02:20+00:00,LWLG,STK,,,0.0,TRADES,13.82,13.825,13.815,13.825,1380.0,12,13.82007,49462420,LWLG
2026-05-15T19:02:30+00:00,LWLG,STK,,,0.0,TRADES,13.8349,13.8349,13.8349,13.8349,1000.0,1,13.8349,49462420,LWLG
2026-05-15T19:02:40+00:00,LWLG,STK,,,0.0,TRADES,13.82,13.82,13.82,13.82,300.0,3,13.82,49462420,LWLG
2026-05-15T19:02:50+00:00,LWLG,STK,,,0.0,TRADES,13.834,13.9,13.834,13.8805,3515.0,19,13.85182,49462420,LWLG
2026-05-15T19:03:00+00:00,LWLG,STK,,,0.0,TRADES,13.8805,13.8805,13.8805,13.8805,0.0,0,13.8805,49462420,LWLG
2026-05-15T19:03:10+00:00,LWLG,STK,,,0.0,TRADES,13.885,13.885,13.885,13.885,200.0,2,13.885,49462420,LWLG
2026-05-15T19:03:20+00:00,LWLG,STK,,,0.0,TRADES,13.885,13.885,13.885,13.885,250.0,1,13.885,49462420,LWLG
2026-05-15T19:03:30+00:00,LWLG,STK,,,0.0,TRADES,13.885,13.885,13.885,13.885,0.0,0,13.885,49462420,LWLG
2026-05-15T19:03:40+00:00,LWLG,STK,,,0.0,TRADES,13.87,13.87,13.87,13.87,100.0,1,13.87,49462420,LWLG
2026-05-15T19:03:50+00:00,LWLG,STK,,,0.0,TRADES,13.875,13.88,13.875,13.875,400.0,4,13.87625,49462420,LWLG
2026-05-15T19:04:00+00:00,LWLG,STK,,,0.0,TRADES,13.875,13.875,13.875,13.875,100.0,1,13.875,49462420,LWLG
2026-05-15T19:04:10+00:00,LWLG,STK,,,0.0,TRADES,13.88,13.9,13.875,13.88,3762.0,20,13.88353,49462420,LWLG
2026-05-15T19:04:20+00:00,LWLG,STK,,,0.0,TRADES,13.87,13.87,13.85,13.85,500.0,5,13.866,49462420,LWLG
2026-05-15T19:04:30+00:00,LWLG,STK,,,0.0,TRADES,13.86,13.8756,13.86,13.8756,400.0,4,13.8639,49462420,LWLG
2026-05-15T19:04:40+00:00,LWLG,STK,,,0.0,TRADES,13.855,13.855,13.855,13.855,4600.0,2,13.855,49462420,LWLG
2026-05-15T19:04:50+00:00,LWLG,STK,,,0.0,TRADES,13.83,13.84,13.83,13.84,400.0,4,13.8375,49462420,LWLG
2026-05-15T19:05:00+00:00,LWLG,STK,,,0.0,TRADES,13.83,13.835,13.83,13.835,700.0,7,13.83357,49462420,LWLG
2026-05-15T19:05:10+00:00,LWLG,STK,,,0.0,TRADES,13.85,13.855,13.85,13.855,1500.0,7,13.85067,49462420,LWLG
2026-05-15T19:05:20+00:00,LWLG,STK,,,0.0,TRADES,13.85,13.855,13.85,13.855,532.0,3,13.85359,49462420,LWLG
2026-05-15T19:05:30+00:00,LWLG,STK,,,0.0,TRADES,13.855,13.87,13.855,13.87,2000.0,12,13.8685,49462420,LWLG
2026-05-15T19:05:40+00:00,LWLG,STK,,,0.0,TRADES,13.87,13.87,13.87,13.87,100.0,1,13.87,49462420,LWLG
2026-05-15T19:05:50+00:00,LWLG,STK,,,0.0,TRADES,13.87,13.87,13.87,13.87,100.0,1,13.87,49462420,LWLG
2026-05-15T19:06:00+00:00,LWLG,STK,,,0.0,TRADES,13.86,13.87,13.86,13.87,200.0,2,13.865,49462420,LWLG
2026-05-15T19:06:10+00:00,LWLG,STK,,,0.0,TRADES,13.86,13.86,13.855,13.855,508.0,5,13.85795,49462420,LWLG
2026-05-15T19:06:20+00:00,LWLG,STK,,,0.0,TRADES,13.855,13.855,13.855,13.855,1100.0,9,13.855,49462420,LWLG
2026-05-15T19:06:30+00:00,LWLG,STK,,,0.0,TRADES,13.84,13.84,13.83,13.83,200.0,2,13.835,49462420,LWLG
2026-05-15T19:06:40+00:00,LWLG,STK,,,0.0,TRADES,13.84,13.845,13.84,13.845,700.0,7,13.84143,49462420,LWLG
2026-05-15T19:06:50+00:00,LWLG,STK,,,0.0,TRADES,13.84,13.84,13.84,13.84,149.0,1,13.84,49462420,LWLG
2026-05-15T19:07:00+00:00,LWLG,STK,,,0.0,TRADES,13.84,13.84,13.84,13.84,0.0,0,13.84,49462420,LWLG
2026-05-15T19:07:10+00:00,LWLG,STK,,,0.0,TRADES,13.835,13.8499,13.83,13.83,1650.0,4,13.83181,49462420,LWLG
2026-05-15T19:07:20+00:00,LWLG,STK,,,0.0,TRADES,13.83,13.83,13.83,13.83,300.0,3,13.83,49462420,LWLG
2026-05-15T19:07:30+00:00,LWLG,STK,,,0.0,TRADES,13.82,13.82,13.81,13.81,200.0,2,13.815,49462420,LWLG
2026-05-15T19:07:40+00:00,LWLG,STK,,,0.0,TRADES,13.81,13.82,13.81,13.82,609.0,6,13.81343,49462420,LWLG
2026-05-15T19:07:50+00:00,LWLG,STK,,,0.0,TRADES,13.82,13.82,13.82,13.82,2000.0,1,13.82,49462420,LWLG
2026-05-15T19:08:00+00:00,LWLG,STK,,,0.0,TRADES,13.84,13.84,13.82,13.82,500.0,3,13.824,49462420,LWLG
2026-05-15T19:08:10+00:00,LWLG,STK,,,0.0,TRADES,13.81,13.82,13.81,13.81,400.0,4,13.815,49462420,LWLG
2026-05-15T19:08:20+00:00,LWLG,STK,,,0.0,TRADES,13.82,13.84,13.81,13.84,1350.0,9,13.82167,49462420,LWLG
2026-05-15T19:08:30+00:00,LWLG,STK,,,0.0,TRADES,13.81,13.82,13.81,13.82,1362.0,4,13.81927,49462420,LWLG
2026-05-15T19:08:40+00:00,LWLG,STK,,,0.0,TRADES,13.82,13.82,13.82,13.82,0.0,0,13.82,49462420,LWLG
2026-05-15T19:08:50+00:00,LWLG,STK,,,0.0,TRADES,13.82,13.82,13.812,13.82,2462.0,12,13.81677,49462420,LWLG
2026-05-15T19:09:00+00:00,LWLG,STK,,,0.0,TRADES,13.815,13.815,13.8114,13.8114,2000.0,2,13.81482,49462420,LWLG
2026-05-15T19:09:10+00:00,LWLG,STK,,,0.0,TRADES,13.81,13.81,13.81,13.81,100.0,1,13.81,49462420,LWLG
2026-05-15T19:09:20+00:00,LWLG,STK,,,0.0,TRADES,13.83,13.83,13.83,13.83,544.0,3,13.83,49462420,LWLG
2026-05-15T19:09:30+00:00,LWLG,STK,,,0.0,TRADES,13.83,13.83,13.83,13.83,0.0,0,13.83,49462420,LWLG
2026-05-15T19:09:40+00:00,LWLG,STK,,,0.0,TRADES,13.83,13.83,13.83,13.83,0.0,0,13.83,49462420,LWLG
2026-05-15T19:09:50+00:00,LWLG,STK,,,0.0,TRADES,13.83,13.83,13.82,13.82,400.0,4,13.8275,49462420,LWLG
2026-05-15T19:10:00+00:00,LWLG,STK,,,0.0,TRADES,13.825,13.825,13.825,13.825,343.0,2,13.825,49462420,LWLG
2026-05-15T19:10:10+00:00,LWLG,STK,,,0.0,TRADES,13.825,13.825,13.825,13.825,2500.0,1,13.825,49462420,LWLG
2026-05-15T19:10:20+00:00,LWLG,STK,,,0.0,TRADES,13.83,13.83,13.825,13.825,1540.0,15,13.82968,49462420,LWLG
2026-05-15T19:10:30+00:00,LWLG,STK,,,0.0,TRADES,13.83,13.83,13.83,13.83,100.0,1,13.83,49462420,LWLG
2026-05-15T19:10:40+00:00,LWLG,STK,,,0.0,TRADES,13.83,13.83,13.83,13.83,0.0,0,13.83,49462420,LWLG
2026-05-15T19:10:50+00:00,LWLG,STK,,,0.0,TRADES,13.83,13.83,13.83,13.83,250.0,1,13.83,49462420,LWLG
2026-05-15T19:11:00+00:00,LWLG,STK,,,0.0,TRADES,13.83,13.835,13.83,13.835,802.0,8,13.83062,49462420,LWLG
2026-05-15T19:11:10+00:00,LWLG,STK,,,0.0,TRADES,13.84,13.845,13.83,13.83,1702.0,14,13.84176,49462420,LWLG
2026-05-15T19:11:20+00:00,LWLG,STK,,,0.0,TRADES,13.83,13.83,13.83,13.83,109.0,1,13.83,49462420,LWLG
2026-05-15T19:11:30+00:00,LWLG,STK,,,0.0,TRADES,13.8399,13.84,13.8399,13.84,400.0,4,13.83998,49462420,LWLG
2026-05-15T19:11:40+00:00,LWLG,STK,,,0.0,TRADES,13.85,13.85,13.845,13.845,900.0,2,13.84833,49462420,LWLG
2026-05-15T19:11:50+00:00,LWLG,STK,,,0.0,TRADES,13.85,13.85,13.845,13.85,1192.0,3,13.84591,49462420,LWLG
2026-05-15T19:12:00+00:00,LWLG,STK,,,0.0,TRADES,13.84,13.84,13.84,13.84,212.0,2,13.84,49462420,LWLG
2026-05-15T19:12:10+00:00,LWLG,STK,,,0.0,TRADES,13.845,13.885,13.845,13.885,29100.0,95,13.8771,49462420,LWLG
2026-05-15T19:12:20+00:00,LWLG,STK,,,0.0,TRADES,13.885,13.89,13.88,13.88,17821.0,17,13.88153,49462420,LWLG
2026-05-15T19:12:30+00:00,LWLG,STK,,,0.0,TRADES,13.88,13.88,13.88,13.88,200.0,2,13.88,49462420,LWLG
2026-05-15T19:12:40+00:00,LWLG,STK,,,0.0,TRADES,13.88,13.88,13.88,13.88,7190.0,9,13.88,49462420,LWLG
2026-05-15T19:12:50+00:00,LWLG,STK,,,0.0,TRADES,13.88,13.9,13.88,13.8901,14860.0,48,13.88918,49462420,LWLG
2026-05-15T19:13:00+00:00,LWLG,STK,,,0.0,TRADES,13.895,13.9,13.89,13.895,13232.0,26,13.89275,49462420,LWLG
2026-05-15T19:13:10+00:00,LWLG,STK,,,0.0,TRADES,13.895,13.895,13.88,13.885,17825.0,59,13.88111,49462420,LWLG
2026-05-15T19:13:20+00:00,LWLG,STK,,,0.0,TRADES,13.885,13.885,13.885,13.885,400.0,4,13.885,49462420,LWLG
2026-05-15T19:13:30+00:00,LWLG,STK,,,0.0,TRADES,13.8801,13.89,13.8801,13.89,1879.0,8,13.88947,49462420,LWLG
2026-05-15T19:13:40+00:00,LWLG,STK,,,0.0,TRADES,13.895,13.895,13.895,13.895,300.0,3,13.895,49462420,LWLG
2026-05-15T19:13:50+00:00,LWLG,STK,,,0.0,TRADES,13.895,13.91,13.895,13.91,2117.0,9,13.9,49462420,LWLG
2026-05-15T19:14:00+00:00,LWLG,STK,,,0.0,TRADES,13.91,13.92,13.9075,13.9109,3780.0,21,13.91612,49462420,LWLG
2026-05-15T19:14:10+00:00,LWLG,STK,,,0.0,TRADES,13.92,13.9272,13.92,13.92,786.0,5,13.9217,49462420,LWLG
2026-05-15T19:14:20+00:00,LWLG,STK,,,0.0,TRADES,13.92,13.92,13.91,13.91,2900.0,11,13.91345,49462420,LWLG
2026-05-15T19:14:30+00:00,LWLG,STK,,,0.0,TRADES,13.905,13.905,13.905,13.905,100.0,1,13.905,49462420,LWLG
2026-05-15T19:14:40+00:00,LWLG,STK,,,0.0,TRADES,13.905,13.905,13.905,13.905,0.0,0,13.905,49462420,LWLG
2026-05-15T19:14:50+00:00,LWLG,STK,,,0.0,TRADES,13.905,13.905,13.905,13.905,100.0,1,13.905,49462420,LWLG
2026-05-15T19:15:00+00:00,LWLG,STK,,,0.0,TRADES,13.905,13.905,13.88,13.89,3575.0,28,13.89745,49462420,LWLG
2026-05-15T19:15:10+00:00,LWLG,STK,,,0.0,TRADES,13.89,13.89,13.89,13.89,149.0,1,13.89,49462420,LWLG
2026-05-15T19:15:20+00:00,LWLG,STK,,,0.0,TRADES,13.882,13.89,13.88,13.89,4509.0,18,13.88631,49462420,LWLG
2026-05-15T19:15:30+00:00,LWLG,STK,,,0.0,TRADES,13.9,13.9,13.89,13.8999,1901.0,8,13.8982,49462420,LWLG
2026-05-15T19:15:40+00:00,LWLG,STK,,,0.0,TRADES,13.89,13.9,13.89,13.89,719.0,6,13.89583,49462420,LWLG
2026-05-15T19:15:50+00:00,LWLG,STK,,,0.0,TRADES,13.89,13.89,13.89,13.89,0.0,0,13.89,49462420,LWLG
2026-05-15T19:16:00+00:00,LWLG,STK,,,0.0,TRADES,13.9,13.9,13.8922,13.895,400.0,3,13.89487,49462420,LWLG
2026-05-15T19:16:10+00:00,LWLG,STK,,,0.0,TRADES,13.895,13.895,13.895,13.895,860.0,4,13.895,49462420,LWLG
2026-05-15T19:16:20+00:00,LWLG,STK,,,0.0,TRADES,13.9,13.9,13.9,13.9,200.0,2,13.9,49462420,LWLG
2026-05-15T19:16:30+00:00,LWLG,STK,,,0.0,TRADES,13.905,13.905,13.9,13.9,300.0,3,13.90333,49462420,LWLG
2026-05-15T19:16:40+00:00,LWLG,STK,,,0.0,TRADES,13.905,13.905,13.9,13.905,635.0,5,13.90421,49462420,LWLG
2026-05-15T19:16:50+00:00,LWLG,STK,,,0.0,TRADES,13.905,13.905,13.9,13.9,333.0,3,13.9035,49462420,LWLG
2026-05-15T19:17:00+00:00,LWLG,STK,,,0.0,TRADES,13.9,13.9,13.89,13.89,3682.0,16,13.89538,49462420,LWLG
2026-05-15T19:17:10+00:00,LWLG,STK,,,0.0,TRADES,13.8831,13.885,13.87,13.88,41493.0,149,13.87888,49462420,LWLG
2026-05-15T19:17:20+00:00,LWLG,STK,,,0.0,TRADES,13.88,13.88,13.88,13.88,100.0,1,13.88,49462420,LWLG
2026-05-15T19:17:30+00:00,LWLG,STK,,,0.0,TRADES,13.88,13.88,13.88,13.88,200.0,2,13.88,49462420,LWLG
2026-05-15T19:17:40+00:00,LWLG,STK,,,0.0,TRADES,13.885,13.885,13.88,13.88,830.0,5,13.8838,49462420,LWLG
2026-05-15T19:17:50+00:00,LWLG,STK,,,0.0,TRADES,13.88,13.88,13.88,13.88,0.0,0,13.88,49462420,LWLG
2026-05-15T19:18:00+00:00,LWLG,STK,,,0.0,TRADES,13.88,13.88,13.88,13.88,729.0,4,13.88,49462420,LWLG
2026-05-15T19:18:10+00:00,LWLG,STK,,,0.0,TRADES,13.88,13.89,13.88,13.885,1547.0,11,13.88403,49462420,LWLG
2026-05-15T19:18:20+00:00,LWLG,STK,,,0.0,TRADES,13.88,13.88,13.88,13.88,229.0,1,13.88,49462420,LWLG
2026-05-15T19:18:30+00:00,LWLG,STK,,,0.0,TRADES,13.88,13.885,13.88,13.88,7107.0,14,13.88025,49462420,LWLG
2026-05-15T19:18:40+00:00,LWLG,STK,,,0.0,TRADES,13.88,13.88,13.88,13.88,300.0,2,13.88,49462420,LWLG
2026-05-15T19:18:50+00:00,LWLG,STK,,,0.0,TRADES,13.88,13.88,13.88,13.88,100.0,1,13.88,49462420,LWLG
2026-05-15T19:19:00+00:00,LWLG,STK,,,0.0,TRADES,13.88,13.88,13.865,13.88,9869.0,44,13.87544,49462420,LWLG
2026-05-15T19:19:10+00:00,LWLG,STK,,,0.0,TRADES,13.88,13.885,13.86,13.86,9671.0,63,13.88057,49462420,LWLG
2026-05-15T19:19:20+00:00,LWLG,STK,,,0.0,TRADES,13.86,13.86,13.85,13.85,500.0,5,13.858,49462420,LWLG
2026-05-15T19:19:30+00:00,LWLG,STK,,,0.0,TRADES,13.85,13.865,13.84,13.85,8092.0,50,13.85305,49462420,LWLG
2026-05-15T19:19:40+00:00,LWLG,STK,,,0.0,TRADES,13.87,13.92,13.87,13.91,4660.0,32,13.88865,49462420,LWLG
2026-05-15T19:19:50+00:00,LWLG,STK,,,0.0,TRADES,13.905,13.92,13.905,13.92,1400.0,11,13.91143,49462420,LWLG
2026-05-15T19:20:00+00:00,LWLG,STK,,,0.0,TRADES,13.92,13.92,13.92,13.92,0.0,0,13.92,49462420,LWLG
2026-05-15T19:20:10+00:00,LWLG,STK,,,0.0,TRADES,13.915,13.915,13.915,13.915,817.0,6,13.915,49462420,LWLG
2026-05-15T19:20:20+00:00,LWLG,STK,,,0.0,TRADES,13.92,13.95,13.92,13.92,6194.0,17,13.92332,49462420,LWLG
2026-05-15T19:20:30+00:00,LWLG,STK,,,0.0,TRADES,13.95,13.955,13.94,13.94,12732.0,18,13.95012,49462420,LWLG
2026-05-15T19:20:40+00:00,LWLG,STK,,,0.0,TRADES,13.95,13.965,13.95,13.96,1720.0,14,13.95494,49462420,LWLG
2026-05-15T19:20:50+00:00,LWLG,STK,,,0.0,TRADES,13.955,13.97,13.955,13.97,4785.0,13,13.96658,49462420,LWLG
2026-05-15T19:21:00+00:00,LWLG,STK,,,0.0,TRADES,13.955,13.955,13.955,13.955,500.0,3,13.955,49462420,LWLG
2026-05-15T19:21:10+00:00,LWLG,STK,,,0.0,TRADES,13.955,13.955,13.94,13.94,20606.0,9,13.94389,49462420,LWLG
2026-05-15T19:21:20+00:00,LWLG,STK,,,0.0,TRADES,13.93,13.93,13.925,13.93,2024.0,16,13.92901,49462420,LWLG
2026-05-15T19:21:30+00:00,LWLG,STK,,,0.0,TRADES,13.93,13.93,13.93,13.93,300.0,3,13.93,49462420,LWLG
2026-05-15T19:21:40+00:00,LWLG,STK,,,0.0,TRADES,13.94,13.94,13.935,13.935,3100.0,4,13.93516,49462420,LWLG
2026-05-15T19:21:50+00:00,LWLG,STK,,,0.0,TRADES,13.935,13.935,13.935,13.935,0.0,0,13.935,49462420,LWLG
2026-05-15T19:22:00+00:00,LWLG,STK,,,0.0,TRADES,13.935,13.935,13.935,13.935,0.0,0,13.935,49462420,LWLG
2026-05-15T19:22:10+00:00,LWLG,STK,,,0.0,TRADES,13.935,13.955,13.935,13.955,2952.0,25,13.94015,49462420,LWLG
2026-05-15T19:22:20+00:00,LWLG,STK,,,0.0,TRADES,13.9501,13.9501,13.9501,13.9501,700.0,1,13.9501,49462420,LWLG
2026-05-15T19:22:30+00:00,LWLG,STK,,,0.0,TRADES,13.9565,13.9565,13.9565,13.9565,1000.0,1,13.9565,49462420,LWLG
2026-05-15T19:22:40+00:00,LWLG,STK,,,0.0,TRADES,13.955,13.955,13.955,13.955,3000.0,2,13.955,49462420,LWLG
2026-05-15T19:22:50+00:00,LWLG,STK,,,0.0,TRADES,13.95,13.95,13.94,13.9404,3366.0,8,13.944,49462420,LWLG
2026-05-15T19:23:00+00:00,LWLG,STK,,,0.0,TRADES,13.94,13.945,13.94,13.945,943.0,5,13.94447,49462420,LWLG
2026-05-15T19:23:10+00:00,LWLG,STK,,,0.0,TRADES,13.94,13.9402,13.94,13.94,1500.0,6,13.94012,49462420,LWLG
2026-05-15T19:23:20+00:00,LWLG,STK,,,0.0,TRADES,13.92,13.92,13.91,13.91,1156.0,8,13.91346,49462420,LWLG
2026-05-15T19:23:30+00:00,LWLG,STK,,,0.0,TRADES,13.9099,13.9099,13.9,13.9,1229.0,5,13.90461,49462420,LWLG
2026-05-15T19:23:40+00:00,LWLG,STK,,,0.0,TRADES,13.9,13.91,13.88,13.88,1146.0,6,13.89497,49462420,LWLG
2026-05-15T19:23:50+00:00,LWLG,STK,,,0.0,TRADES,13.88,13.8801,13.87,13.87,1395.0,8,13.87584,49462420,LWLG
2026-05-15T19:24:00+00:00,LWLG,STK,,,0.0,TRADES,13.87,13.87,13.86,13.86,1301.0,8,13.86539,49462420,LWLG
2026-05-15T19:24:10+00:00,LWLG,STK,,,0.0,TRADES,13.87,13.87,13.86,13.86,600.0,3,13.865,49462420,LWLG
2026-05-15T19:24:20+00:00,LWLG,STK,,,0.0,TRADES,13.86,13.86,13.85,13.855,1300.0,11,13.85885,49462420,LWLG
2026-05-15T19:24:30+00:00,LWLG,STK,,,0.0,TRADES,13.85,13.85,13.85,13.85,1657.0,3,13.85,49462420,LWLG
2026-05-15T19:24:40+00:00,LWLG,STK,,,0.0,TRADES,13.859,13.859,13.85,13.85,2960.0,19,13.85061,49462420,LWLG
2026-05-15T19:24:50+00:00,LWLG,STK,,,0.0,TRADES,13.85,13.85,13.85,13.85,600.0,2,13.85,49462420,LWLG
2026-05-15T19:25:00+00:00,LWLG,STK,,,0.0,TRADES,13.85,13.855,13.845,13.845,25069.0,81,13.84956,49462420,LWLG
2026-05-15T19:25:10+00:00,LWLG,STK,,,0.0,TRADES,13.845,13.845,13.84,13.84,1052.0,8,13.84167,49462420,LWLG
2026-05-15T19:25:20+00:00,LWLG,STK,,,0.0,TRADES,13.84,13.84,13.84,13.84,500.0,4,13.84,49462420,LWLG
2026-05-15T19:25:30+00:00,LWLG,STK,,,0.0,TRADES,13.83,13.85,13.83,13.83,700.0,3,13.84429,49462420,LWLG
2026-05-15T19:25:40+00:00,LWLG,STK,,,0.0,TRADES,13.83,13.84,13.83,13.8307,850.0,4,13.83281,49462420,LWLG
2026-05-15T19:25:50+00:00,LWLG,STK,,,0.0,TRADES,13.8307,13.8307,13.8307,13.8307,0.0,0,13.8307,49462420,LWLG
2026-05-15T19:26:00+00:00,LWLG,STK,,,0.0,TRADES,13.83,13.84,13.83,13.84,300.0,3,13.83333,49462420,LWLG
2026-05-15T19:26:10+00:00,LWLG,STK,,,0.0,TRADES,13.83,13.83,13.83,13.83,100.0,1,13.83,49462420,LWLG
2026-05-15T19:26:20+00:00,LWLG,STK,,,0.0,TRADES,13.83,13.83,13.83,13.83,100.0,1,13.83,49462420,LWLG
2026-05-15T19:26:30+00:00,LWLG,STK,,,0.0,TRADES,13.83,13.83,13.83,13.83,0.0,0,13.83,49462420,LWLG
2026-05-15T19:26:40+00:00,LWLG,STK,,,0.0,TRADES,13.83,13.835,13.83,13.835,300.0,3,13.83167,49462420,LWLG
2026-05-15T19:26:50+00:00,LWLG,STK,,,0.0,TRADES,13.83,13.83,13.83,13.83,100.0,1,13.83,49462420,LWLG
2026-05-15T19:27:00+00:00,LWLG,STK,,,0.0,TRADES,13.83,13.835,13.83,13.83,500.0,3,13.833,49462420,LWLG
2026-05-15T19:27:10+00:00,LWLG,STK,,,0.0,TRADES,13.83,13.83,13.83,13.83,0.0,0,13.83,49462420,LWLG
2026-05-15T19:27:20+00:00,LWLG,STK,,,0.0,TRADES,13.8307,13.835,13.8301,13.8301,761.0,3,13.8325,49462420,LWLG
2026-05-15T19:27:30+00:00,LWLG,STK,,,0.0,TRADES,13.83,13.83,13.83,13.83,100.0,1,13.83,49462420,LWLG
2026-05-15T19:27:40+00:00,LWLG,STK,,,0.0,TRADES,13.83,13.83,13.83,13.83,100.0,1,13.83,49462420,LWLG
2026-05-15T19:27:50+00:00,LWLG,STK,,,0.0,TRADES,13.835,13.835,13.83,13.8307,489.0,3,13.83199,49462420,LWLG
2026-05-15T19:28:00+00:00,LWLG,STK,,,0.0,TRADES,13.83,13.88,13.815,13.815,48307.0,160,13.82681,49462420,LWLG
2026-05-15T19:28:10+00:00,LWLG,STK,,,0.0,TRADES,13.815,13.815,13.815,13.815,0.0,0,13.815,49462420,LWLG
2026-05-15T19:28:20+00:00,LWLG,STK,,,0.0,TRADES,13.81,13.81,13.81,13.81,137.0,1,13.81,49462420,LWLG
2026-05-15T19:28:30+00:00,LWLG,STK,,,0.0,TRADES,13.8101,13.8101,13.8,13.8,1442.0,5,13.80209,49462420,LWLG
2026-05-15T19:28:40+00:00,LWLG,STK,,,0.0,TRADES,13.805,13.815,13.805,13.8123,3493.0,21,13.80939,49462420,LWLG
2026-05-15T19:28:50+00:00,LWLG,STK,,,0.0,TRADES,13.8123,13.8123,13.8123,13.8123,0.0,0,13.8123,49462420,LWLG
2026-05-15T19:29:00+00:00,LWLG,STK,,,0.0,TRADES,13.82,13.825,13.815,13.825,3900.0,16,13.82026,49462420,LWLG
2026-05-15T19:29:10+00:00,LWLG,STK,,,0.0,TRADES,13.825,13.825,13.825,13.825,0.0,0,13.825,49462420,LWLG
2026-05-15T19:29:20+00:00,LWLG,STK,,,0.0,TRADES,13.8201,13.8201,13.8,13.805,12459.0,74,13.80554,49462420,LWLG
2026-05-15T19:29:30+00:00,LWLG,STK,,,0.0,TRADES,13.805,13.805,13.805,13.805,149.0,1,13.805,49462420,LWLG
2026-05-15T19:29:40+00:00,LWLG,STK,,,0.0,TRADES,13.81,13.81,13.8,13.805,6024.0,14,13.80381,49462420,LWLG
2026-05-15T19:29:50+00:00,LWLG,STK,,,0.0,TRADES,13.8,13.8,13.8,13.8,100.0,1,13.8,49462420,LWLG
2026-05-15T19:30:00+00:00,LWLG,STK,,,0.0,TRADES,13.8011,13.805,13.8011,13.805,936.0,8,13.80438,49462420,LWLG
2026-05-15T19:30:10+00:00,LWLG,STK,,,0.0,TRADES,13.805,13.805,13.805,13.805,300.0,3,13.805,49462420,LWLG
2026-05-15T19:30:20+00:00,LWLG,STK,,,0.0,TRADES,13.805,13.815,13.805,13.815,2588.0,13,13.81092,49462420,LWLG
2026-05-15T19:30:30+00:00,LWLG,STK,,,0.0,TRADES,13.815,13.815,13.8125,13.8125,900.0,5,13.81389,49462420,LWLG
2026-05-15T19:30:40+00:00,LWLG,STK,,,0.0,TRADES,13.815,13.815,13.815,13.815,300.0,3,13.815,49462420,LWLG
2026-05-15T19:30:50+00:00,LWLG,STK,,,0.0,TRADES,13.815,13.815,13.815,13.815,485.0,3,13.815,49462420,LWLG
2026-05-15T19:31:00+00:00,LWLG,STK,,,0.0,TRADES,13.8187,13.8187,13.81,13.815,600.0,5,13.81493,49462420,LWLG
2026-05-15T19:31:10+00:00,LWLG,STK,,,0.0,TRADES,13.81,13.815,13.81,13.815,700.0,7,13.81429,49462420,LWLG
2026-05-15T19:31:20+00:00,LWLG,STK,,,0.0,TRADES,13.815,13.845,13.815,13.8325,5024.0,37,13.82893,49462420,LWLG
2026-05-15T19:31:30+00:00,LWLG,STK,,,0.0,TRADES,13.83,13.835,13.82,13.82,4776.0,16,13.82246,49462420,LWLG
2026-05-15T19:31:40+00:00,LWLG,STK,,,0.0,TRADES,13.81,13.81,13.81,13.81,720.0,6,13.81,49462420,LWLG
2026-05-15T19:31:50+00:00,LWLG,STK,,,0.0,TRADES,13.81,13.81,13.81,13.81,100.0,1,13.81,49462420,LWLG
2026-05-15T19:32:00+00:00,LWLG,STK,,,0.0,TRADES,13.81,13.8135,13.81,13.8135,1100.0,2,13.81318,49462420,LWLG
2026-05-15T19:32:10+00:00,LWLG,STK,,,0.0,TRADES,13.81,13.81,13.81,13.81,500.0,5,13.81,49462420,LWLG
2026-05-15T19:32:20+00:00,LWLG,STK,,,0.0,TRADES,13.815,13.815,13.815,13.815,300.0,3,13.815,49462420,LWLG
2026-05-15T19:32:30+00:00,LWLG,STK,,,0.0,TRADES,13.8125,13.815,13.81,13.81,300.0,3,13.8125,49462420,LWLG
2026-05-15T19:32:40+00:00,LWLG,STK,,,0.0,TRADES,13.815,13.815,13.815,13.815,600.0,2,13.815,49462420,LWLG
2026-05-15T19:32:50+00:00,LWLG,STK,,,0.0,TRADES,13.805,13.805,13.805,13.805,1800.0,15,13.805,49462420,LWLG
2026-05-15T19:33:00+00:00,LWLG,STK,,,0.0,TRADES,13.8032,13.805,13.8,13.805,892.0,3,13.80304,49462420,LWLG
2026-05-15T19:33:10+00:00,LWLG,STK,,,0.0,TRADES,13.805,13.805,13.8,13.8,500.0,3,13.804,49462420,LWLG
2026-05-15T19:33:20+00:00,LWLG,STK,,,0.0,TRADES,13.8,13.8,13.8,13.8,13936.0,11,13.8,49462420,LWLG
2026-05-15T19:33:30+00:00,LWLG,STK,,,0.0,TRADES,13.8,13.805,13.8,13.805,9970.0,9,13.80006,49462420,LWLG
2026-05-15T19:33:40+00:00,LWLG,STK,,,0.0,TRADES,13.8,13.805,13.8,13.805,2484.0,7,13.8046,49462420,LWLG
2026-05-15T19:33:50+00:00,LWLG,STK,,,0.0,TRADES,13.805,13.805,13.805,13.805,100.0,1,13.805,49462420,LWLG
2026-05-15T19:34:00+00:00,LWLG,STK,,,0.0,TRADES,13.8,13.8,13.8,13.8,800.0,7,13.8,49462420,LWLG
2026-05-15T19:34:10+00:00,LWLG,STK,,,0.0,TRADES,13.805,13.805,13.8,13.8,200.0,2,13.8025,49462420,LWLG
2026-05-15T19:34:20+00:00,LWLG,STK,,,0.0,TRADES,13.805,13.805,13.805,13.805,100.0,1,13.805,49462420,LWLG
2026-05-15T19:34:30+00:00,LWLG,STK,,,0.0,TRADES,13.805,13.805,13.8,13.8,300.0,3,13.80333,49462420,LWLG
2026-05-15T19:34:40+00:00,LWLG,STK,,,0.0,TRADES,13.8,13.805,13.8,13.8,300.0,3,13.80167,49462420,LWLG
2026-05-15T19:34:50+00:00,LWLG,STK,,,0.0,TRADES,13.8001,13.8001,13.8001,13.8001,300.0,3,13.8001,49462420,LWLG
2026-05-15T19:35:00+00:00,LWLG,STK,,,0.0,TRADES,13.801,13.801,13.8,13.8,300.0,3,13.80067,49462420,LWLG
2026-05-15T19:35:10+00:00,LWLG,STK,,,0.0,TRADES,13.8,13.8,13.8,13.8,200.0,2,13.8,49462420,LWLG
2026-05-15T19:35:20+00:00,LWLG,STK,,,0.0,TRADES,13.8,13.8,13.785,13.785,12902.0,15,13.79907,49462420,LWLG
2026-05-15T19:35:30+00:00,LWLG,STK,,,0.0,TRADES,13.78,13.78,13.75,13.7525,11375.0,45,13.76844,49462420,LWLG
2026-05-15T19:35:40+00:00,LWLG,STK,,,0.0,TRADES,13.76,13.77,13.755,13.76,3900.0,25,13.76423,49462420,LWLG
2026-05-15T19:35:50+00:00,LWLG,STK,,,0.0,TRADES,13.77,13.8,13.77,13.8,4329.0,31,13.78138,49462420,LWLG
2026-05-15T19:36:00+00:00,LWLG,STK,,,0.0,TRADES,13.8,13.84,13.8,13.84,3770.0,23,13.81719,49462420,LWLG
2026-05-15T19:36:10+00:00,LWLG,STK,,,0.0,TRADES,13.84,13.84,13.84,13.84,0.0,0,13.84,49462420,LWLG
2026-05-15T19:36:20+00:00,LWLG,STK,,,0.0,TRADES,13.835,13.845,13.831,13.84,4608.0,27,13.83761,49462420,LWLG
2026-05-15T19:36:30+00:00,LWLG,STK,,,0.0,TRADES,13.84,13.85,13.84,13.845,2900.0,9,13.84179,49462420,LWLG
2026-05-15T19:36:40+00:00,LWLG,STK,,,0.0,TRADES,13.85,13.86,13.8499,13.855,1582.0,10,13.85131,49462420,LWLG
2026-05-15T19:36:50+00:00,LWLG,STK,,,0.0,TRADES,13.87,13.87,13.87,13.87,300.0,1,13.87,49462420,LWLG
2026-05-15T19:37:00+00:00,LWLG,STK,,,0.0,TRADES,13.8655,13.875,13.865,13.875,1100.0,10,13.86914,49462420,LWLG
2026-05-15T19:37:10+00:00,LWLG,STK,,,0.0,TRADES,13.88,13.8999,13.88,13.895,4259.0,16,13.88983,49462420,LWLG
2026-05-15T19:37:20+00:00,LWLG,STK,,,0.0,TRADES,13.895,13.895,13.895,13.895,0.0,0,13.895,49462420,LWLG
2026-05-15T19:37:30+00:00,LWLG,STK,,,0.0,TRADES,13.895,13.9,13.89,13.89,2137.0,6,13.89505,49462420,LWLG
2026-05-15T19:37:40+00:00,LWLG,STK,,,0.0,TRADES,13.885,14.0,13.86,13.93,127285.0,516,13.93713,49462420,LWLG
2026-05-15T19:37:50+00:00,LWLG,STK,,,0.0,TRADES,13.92,13.925,13.8775,13.8775,1298.0,10,13.90273,49462420,LWLG
2026-05-15T19:38:00+00:00,LWLG,STK,,,0.0,TRADES,13.905,13.905,13.89,13.89,1143.0,9,13.89644,49462420,LWLG
2026-05-15T19:38:10+00:00,LWLG,STK,,,0.0,TRADES,13.895,13.895,13.895,13.895,125.0,1,13.895,49462420,LWLG
2026-05-15T19:38:20+00:00,LWLG,STK,,,0.0,TRADES,13.8954,13.92,13.8954,13.915,5900.0,38,13.91292,49462420,LWLG
2026-05-15T19:38:30+00:00,LWLG,STK,,,0.0,TRADES,13.915,13.915,13.915,13.915,0.0,0,13.915,49462420,LWLG
2026-05-15T19:38:40+00:00,LWLG,STK,,,0.0,TRADES,13.915,13.915,13.915,13.915,0.0,0,13.915,49462420,LWLG
2026-05-15T19:38:50+00:00,LWLG,STK,,,0.0,TRADES,13.9,13.9,13.9,13.9,300.0,3,13.9,49462420,LWLG
2026-05-15T19:39:00+00:00,LWLG,STK,,,0.0,TRADES,13.9,13.9,13.9,13.9,300.0,3,13.9,49462420,LWLG
2026-05-15T19:39:10+00:00,LWLG,STK,,,0.0,TRADES,13.9,13.915,13.9,13.915,1346.0,12,13.91277,49462420,LWLG
2026-05-15T19:39:20+00:00,LWLG,STK,,,0.0,TRADES,13.91,13.91,13.91,13.91,600.0,6,13.91,49462420,LWLG
2026-05-15T19:39:30+00:00,LWLG,STK,,,0.0,TRADES,13.91,13.9184,13.91,13.91,526.0,3,13.91201,49462420,LWLG
2026-05-15T19:39:40+00:00,LWLG,STK,,,0.0,TRADES,13.9191,13.9191,13.91,13.91,200.0,2,13.91455,49462420,LWLG
2026-05-15T19:39:50+00:00,LWLG,STK,,,0.0,TRADES,13.91,13.91,13.91,13.91,0.0,0,13.91,49462420,LWLG
2026-05-15T19:40:00+00:00,LWLG,STK,,,0.0,TRADES,13.915,13.935,13.91,13.9225,7790.0,42,13.92421,49462420,LWLG
2026-05-15T19:40:10+00:00,LWLG,STK,,,0.0,TRADES,13.93,13.935,13.918,13.92,4299.0,26,13.92639,49462420,LWLG
2026-05-15T19:40:20+00:00,LWLG,STK,,,0.0,TRADES,13.915,13.915,13.915,13.915,968.0,6,13.915,49462420,LWLG
2026-05-15T19:40:30+00:00,LWLG,STK,,,0.0,TRADES,13.91,13.91,13.9,13.9,1228.0,9,13.90244,49462420,LWLG
2026-05-15T19:40:40+00:00,LWLG,STK,,,0.0,TRADES,13.9,13.9,13.9,13.9,600.0,6,13.9,49462420,LWLG
2026-05-15T19:40:50+00:00,LWLG,STK,,,0.0,TRADES,13.9,13.9,13.9,13.9,287.0,1,13.9,49462420,LWLG
2026-05-15T19:41:00+00:00,LWLG,STK,,,0.0,TRADES,13.9,13.925,13.9,13.925,3967.0,23,13.91221,49462420,LWLG
2026-05-15T19:41:10+00:00,LWLG,STK,,,0.0,TRADES,13.925,13.925,13.915,13.92,4208.0,27,13.92157,49462420,LWLG
2026-05-15T19:41:20+00:00,LWLG,STK,,,0.0,TRADES,13.92,13.92,13.92,13.92,500.0,4,13.92,49462420,LWLG
2026-05-15T19:41:30+00:00,LWLG,STK,,,0.0,TRADES,13.92,13.92,13.9,13.9,1545.0,8,13.9126,49462420,LWLG
2026-05-15T19:41:40+00:00,LWLG,STK,,,0.0,TRADES,13.8801,13.8801,13.88,13.88,1284.0,7,13.88004,49462420,LWLG
2026-05-15T19:41:50+00:00,LWLG,STK,,,0.0,TRADES,13.88,13.88,13.875,13.8799,1100.0,7,13.87769,49462420,LWLG
2026-05-15T19:42:00+00:00,LWLG,STK,,,0.0,TRADES,13.87,13.87,13.87,13.87,200.0,2,13.87,49462420,LWLG
2026-05-15T19:42:10+00:00,LWLG,STK,,,0.0,TRADES,13.865,13.865,13.85,13.8501,719.0,5,13.85559,49462420,LWLG
2026-05-15T19:42:20+00:00,LWLG,STK,,,0.0,TRADES,13.8501,13.8501,13.8501,13.8501,0.0,0,13.8501,49462420,LWLG
2026-05-15T19:42:30+00:00,LWLG,STK,,,0.0,TRADES,13.85,13.85,13.83,13.83,1305.0,4,13.84088,49462420,LWLG
2026-05-15T19:42:40+00:00,LWLG,STK,,,0.0,TRADES,13.83,13.83,13.83,13.83,1100.0,7,13.83,49462420,LWLG
2026-05-15T19:42:50+00:00,LWLG,STK,,,0.0,TRADES,13.83,13.84,13.83,13.83,628.0,4,13.83318,49462420,LWLG
2026-05-15T19:43:00+00:00,LWLG,STK,,,0.0,TRADES,13.825,13.825,13.82,13.82,1317.0,9,13.82042,49462420,LWLG
2026-05-15T19:43:10+00:00,LWLG,STK,,,0.0,TRADES,13.82,13.82,13.82,13.82,1364.0,10,13.82,49462420,LWLG
2026-05-15T19:43:20+00:00,LWLG,STK,,,0.0,TRADES,13.82,13.82,13.82,13.82,500.0,5,13.82,49462420,LWLG
2026-05-15T19:43:30+00:00,LWLG,STK,,,0.0,TRADES,13.82,13.85,13.82,13.84,6651.0,45,13.83655,49462420,LWLG
2026-05-15T19:43:40+00:00,LWLG,STK,,,0.0,TRADES,13.8499,13.8499,13.84,13.8499,613.0,5,13.84344,49462420,LWLG
2026-05-15T19:43:50+00:00,LWLG,STK,,,0.0,TRADES,13.84,13.8409,13.84,13.8409,354.0,3,13.84039,49462420,LWLG
2026-05-15T19:44:00+00:00,LWLG,STK,,,0.0,TRADES,13.84,13.8499,13.84,13.8499,565.0,2,13.84464,49462420,LWLG
2026-05-15T19:44:10+00:00,LWLG,STK,,,0.0,TRADES,13.845,13.845,13.845,13.845,170.0,1,13.845,49462420,LWLG
2026-05-15T19:44:20+00:00,LWLG,STK,,,0.0,TRADES,13.845,13.845,13.845,13.845,1262.0,5,13.845,49462420,LWLG
2026-05-15T19:44:30+00:00,LWLG,STK,,,0.0,TRADES,13.84,13.85,13.81,13.81,4222.0,25,13.82982,49462420,LWLG
2026-05-15T19:44:40+00:00,LWLG,STK,,,0.0,TRADES,13.81,13.81,13.8,13.8,653.0,4,13.806,49462420,LWLG
2026-05-15T19:44:50+00:00,LWLG,STK,,,0.0,TRADES,13.79,13.79,13.77,13.775,2602.0,18,13.7802,49462420,LWLG
2026-05-15T19:45:00+00:00,LWLG,STK,,,0.0,TRADES,13.773,13.79,13.773,13.78,6066.0,37,13.77927,49462420,LWLG
2026-05-15T19:45:10+00:00,LWLG,STK,,,0.0,TRADES,13.78,13.78,13.78,13.78,200.0,2,13.78,49462420,LWLG
2026-05-15T19:45:20+00:00,LWLG,STK,,,0.0,TRADES,13.7799,13.7799,13.7799,13.7799,293.0,1,13.7799,49462420,LWLG
2026-05-15T19:45:30+00:00,LWLG,STK,,,0.0,TRADES,13.77,13.77,13.77,13.77,233.0,1,13.77,49462420,LWLG
2026-05-15T19:45:40+00:00,LWLG,STK,,,0.0,TRADES,13.76,13.7601,13.75,13.75,5256.0,10,13.75829,49462420,LWLG
2026-05-15T19:45:50+00:00,LWLG,STK,,,0.0,TRADES,13.75,13.7567,13.75,13.7567,304.0,2,13.7545,49462420,LWLG
2026-05-15T19:46:00+00:00,LWLG,STK,,,0.0,TRADES,13.7567,13.7567,13.75,13.75,3845.0,15,13.75037,49462420,LWLG
2026-05-15T19:46:10+00:00,LWLG,STK,,,0.0,TRADES,13.755,13.755,13.74,13.7401,4576.0,11,13.74466,49462420,LWLG
2026-05-15T19:46:20+00:00,LWLG,STK,,,0.0,TRADES,13.74,13.74,13.71,13.71,2826.0,17,13.73158,49462420,LWLG
2026-05-15T19:46:30+00:00,LWLG,STK,,,0.0,TRADES,13.71,13.71,13.7,13.7,1739.0,8,13.70616,49462420,LWLG
2026-05-15T19:46:40+00:00,LWLG,STK,,,0.0,TRADES,13.7099,13.71,13.7,13.7099,3556.0,30,13.70493,49462420,LWLG
2026-05-15T19:46:50+00:00,LWLG,STK,,,0.0,TRADES,13.71,13.715,13.7,13.71,8415.0,52,13.70944,49462420,LWLG
2026-05-15T19:47:00+00:00,LWLG,STK,,,0.0,TRADES,13.715,13.735,13.7107,13.735,12916.0,32,13.72145,49462420,LWLG
2026-05-15T19:47:10+00:00,LWLG,STK,,,0.0,TRADES,13.74,13.74,13.725,13.725,4066.0,8,13.73116,49462420,LWLG
2026-05-15T19:47:20+00:00,LWLG,STK,,,0.0,TRADES,13.73,13.7399,13.73,13.73,1838.0,9,13.73128,49462420,LWLG
2026-05-15T19:47:30+00:00,LWLG,STK,,,0.0,TRADES,13.73,13.73,13.725,13.725,500.0,3,13.729,49462420,LWLG
2026-05-15T19:47:40+00:00,LWLG,STK,,,0.0,TRADES,13.725,13.73,13.725,13.725,2760.0,19,13.72671,49462420,LWLG
2026-05-15T19:47:50+00:00,LWLG,STK,,,0.0,TRADES,13.72,13.73,13.72,13.725,6390.0,20,13.72804,49462420,LWLG
2026-05-15T19:48:00+00:00,LWLG,STK,,,0.0,TRADES,13.725,13.725,13.71,13.7193,4970.0,15,13.72069,49462420,LWLG
2026-05-15T19:48:10+00:00,LWLG,STK,,,0.0,TRADES,13.71,13.71,13.7,13.705,6065.0,12,13.70365,49462420,LWLG
2026-05-15T19:48:20+00:00,LWLG,STK,,,0.0,TRADES,13.7,13.705,13.7,13.7,2308.0,13,13.70392,49462420,LWLG
2026-05-15T19:48:30+00:00,LWLG,STK,,,0.0,TRADES,13.705,13.71,13.7,13.709,5901.0,20,13.70484,49462420,LWLG
2026-05-15T19:48:40+00:00,LWLG,STK,,,0.0,TRADES,13.705,13.71,13.7,13.705,1604.0,10,13.70574,49462420,LWLG
2026-05-15T19:48:50+00:00,LWLG,STK,,,0.0,TRADES,13.705,13.71,13.7003,13.7003,1881.0,7,13.70768,49462420,LWLG
2026-05-15T19:49:00+00:00,LWLG,STK,,,0.0,TRADES,13.705,13.71,13.7001,13.705,6731.0,34,13.70431,49462420,LWLG
2026-05-15T19:49:10+00:00,LWLG,STK,,,0.0,TRADES,13.705,13.71,13.7,13.7,1200.0,8,13.70458,49462420,LWLG
2026-05-15T19:49:20+00:00,LWLG,STK,,,0.0,TRADES,13.705,13.7099,13.7,13.705,1924.0,9,13.70578,49462420,LWLG
2026-05-15T19:49:30+00:00,LWLG,STK,,,0.0,TRADES,13.7,13.7,13.69,13.695,7602.0,28,13.69878,49462420,LWLG
2026-05-15T19:49:40+00:00,LWLG,STK,,,0.0,TRADES,13.695,13.7,13.69,13.695,7174.0,35,13.69614,49462420,LWLG
2026-05-15T19:49:50+00:00,LWLG,STK,,,0.0,TRADES,13.695,13.6999,13.69,13.6999,418.0,3,13.69636,49462420,LWLG
2026-05-15T19:50:00+00:00,LWLG,STK,,,0.0,TRADES,13.695,13.6999,13.685,13.685,7756.0,16,13.69456,49462420,LWLG
2026-05-15T19:50:10+00:00,LWLG,STK,,,0.0,TRADES,13.68,13.68,13.67,13.67,4181.0,14,13.67952,49462420,LWLG
2026-05-15T19:50:20+00:00,LWLG,STK,,,0.0,TRADES,13.68,13.69,13.67,13.68,12428.0,77,13.67982,49462420,LWLG
2026-05-15T19:50:30+00:00,LWLG,STK,,,0.0,TRADES,13.685,13.6868,13.68,13.68,3203.0,16,13.68184,49462420,LWLG
2026-05-15T19:50:40+00:00,LWLG,STK,,,0.0,TRADES,13.67,13.67,13.66,13.665,2626.0,16,13.66736,49462420,LWLG
2026-05-15T19:50:50+00:00,LWLG,STK,,,0.0,TRADES,13.67,13.67,13.66,13.665,1781.0,7,13.66672,49462420,LWLG
2026-05-15T19:51:00+00:00,LWLG,STK,,,0.0,TRADES,13.66,13.6609,13.64,13.645,6027.0,38,13.64911,49462420,LWLG
2026-05-15T19:51:10+00:00,LWLG,STK,,,0.0,TRADES,13.65,13.65,13.6301,13.635,2466.0,14,13.63932,49462420,LWLG
2026-05-15T19:51:20+00:00,LWLG,STK,,,0.0,TRADES,13.635,13.64,13.63,13.63,5723.0,27,13.63631,49462420,LWLG
2026-05-15T19:51:30+00:00,LWLG,STK,,,0.0,TRADES,13.635,13.67,13.635,13.66,18254.0,104,13.64326,49462420,LWLG
2026-05-15T19:51:40+00:00,LWLG,STK,,,0.0,TRADES,13.65,13.6598,13.645,13.65,6983.0,44,13.65068,49462420,LWLG
2026-05-15T19:51:50+00:00,LWLG,STK,,,0.0,TRADES,13.66,13.68,13.6525,13.68,6013.0,32,13.66424,49462420,LWLG
2026-05-15T19:52:00+00:00,LWLG,STK,,,0.0,TRADES,13.68,13.68,13.68,13.68,1300.0,8,13.68,49462420,LWLG
2026-05-15T19:52:10+00:00,LWLG,STK,,,0.0,TRADES,13.68,13.6899,13.67,13.68,916.0,5,13.68449,49462420,LWLG
2026-05-15T19:52:20+00:00,LWLG,STK,,,0.0,TRADES,13.68,13.68,13.6699,13.67,2879.0,17,13.67071,49462420,LWLG
2026-05-15T19:52:30+00:00,LWLG,STK,,,0.0,TRADES,13.6638,13.67,13.6638,13.665,1224.0,6,13.6673,49462420,LWLG
2026-05-15T19:52:40+00:00,LWLG,STK,,,0.0,TRADES,13.665,13.67,13.66,13.665,7087.0,46,13.66585,49462420,LWLG
2026-05-15T19:52:50+00:00,LWLG,STK,,,0.0,TRADES,13.6601,13.6601,13.65,13.655,9067.0,24,13.65917,49462420,LWLG
2026-05-15T19:53:00+00:00,LWLG,STK,,,0.0,TRADES,13.65,13.66,13.645,13.6599,6489.0,31,13.65295,49462420,LWLG
2026-05-15T19:53:10+00:00,LWLG,STK,,,0.0,TRADES,13.655,13.665,13.65,13.665,10971.0,75,13.6588,49462420,LWLG
2026-05-15T19:53:20+00:00,LWLG,STK,,,0.0,TRADES,13.66,13.665,13.65,13.65,2350.0,15,13.65798,49462420,LWLG
2026-05-15T19:53:30+00:00,LWLG,STK,,,0.0,TRADES,13.64,13.6572,13.64,13.645,1462.0,12,13.64603,49462420,LWLG
2026-05-15T19:53:40+00:00,LWLG,STK,,,0.0,TRADES,13.64,13.6499,13.64,13.6407,2081.0,11,13.64198,49462420,LWLG
2026-05-15T19:53:50+00:00,LWLG,STK,,,0.0,TRADES,13.64,13.6467,13.635,13.635,1550.0,8,13.64205,49462420,LWLG
2026-05-15T19:54:00+00:00,LWLG,STK,,,0.0,TRADES,13.635,13.6399,13.63,13.635,6752.0,38,13.63467,49462420,LWLG
2026-05-15T19:54:10+00:00,LWLG,STK,,,0.0,TRADES,13.635,13.64,13.625,13.64,2980.0,19,13.63262,49462420,LWLG
2026-05-15T19:54:20+00:00,LWLG,STK,,,0.0,TRADES,13.62,13.625,13.62,13.625,2909.0,17,13.62205,49462420,LWLG
2026-05-15T19:54:30+00:00,LWLG,STK,,,0.0,TRADES,13.62,13.625,13.6,13.625,13406.0,60,13.61226,49462420,LWLG
2026-05-15T19:54:40+00:00,LWLG,STK,,,0.0,TRADES,13.625,13.625,13.6025,13.6025,3042.0,16,13.61484,49462420,LWLG
2026-05-15T19:54:50+00:00,LWLG,STK,,,0.0,TRADES,13.6,13.609,13.6,13.6,1069.0,9,13.60236,49462420,LWLG
2026-05-15T19:55:00+00:00,LWLG,STK,,,0.0,TRADES,13.605,13.6099,13.6,13.605,8525.0,17,13.60442,49462420,LWLG
2026-05-15T19:55:10+00:00,LWLG,STK,,,0.0,TRADES,13.6083,13.6099,13.6,13.6099,11565.0,43,13.6013,49462420,LWLG
2026-05-15T19:55:20+00:00,LWLG,STK,,,0.0,TRADES,13.605,13.61,13.6,13.6069,3219.0,18,13.6039,49462420,LWLG
2026-05-15T19:55:30+00:00,LWLG,STK,,,0.0,TRADES,13.6,13.6,13.545,13.545,32077.0,71,13.5826,49462420,LWLG
2026-05-15T19:55:40+00:00,LWLG,STK,,,0.0,TRADES,13.55,13.55,13.52,13.52,10177.0,26,13.5377,49462420,LWLG
2026-05-15T19:55:50+00:00,LWLG,STK,,,0.0,TRADES,13.52,13.52,13.5,13.505,29393.0,124,13.5069,49462420,LWLG
2026-05-15T19:56:00+00:00,LWLG,STK,,,0.0,TRADES,13.505,13.52,13.5,13.51,24049.0,99,13.50854,49462420,LWLG
2026-05-15T19:56:10+00:00,LWLG,STK,,,0.0,TRADES,13.5199,13.5199,13.505,13.515,2587.0,13,13.51383,49462420,LWLG
2026-05-15T19:56:20+00:00,LWLG,STK,,,0.0,TRADES,13.515,13.52,13.515,13.515,9266.0,58,13.51787,49462420,LWLG
2026-05-15T19:56:30+00:00,LWLG,STK,,,0.0,TRADES,13.515,13.542,13.5125,13.542,14519.0,61,13.52712,49462420,LWLG
2026-05-15T19:56:40+00:00,LWLG,STK,,,0.0,TRADES,13.54,13.541,13.525,13.53,12657.0,44,13.5357,49462420,LWLG
2026-05-15T19:56:50+00:00,LWLG,STK,,,0.0,TRADES,13.53,13.56,13.52,13.5575,12992.0,71,13.53827,49462420,LWLG
2026-05-15T19:57:00+00:00,LWLG,STK,,,0.0,TRADES,13.5671,13.59,13.56,13.59,6639.0,39,13.5723,49462420,LWLG
2026-05-15T19:57:10+00:00,LWLG,STK,,,0.0,TRADES,13.585,13.59,13.575,13.58,4685.0,34,13.58565,49462420,LWLG
2026-05-15T19:57:20+00:00,LWLG,STK,,,0.0,TRADES,13.575,13.63,13.575,13.625,14687.0,38,13.61669,49462420,LWLG
2026-05-15T19:57:30+00:00,LWLG,STK,,,0.0,TRADES,13.625,13.625,13.625,13.625,750.0,1,13.625,49462420,LWLG
2026-05-15T19:57:40+00:00,LWLG,STK,,,0.0,TRADES,13.621,13.621,13.611,13.619,4409.0,20,13.61674,49462420,LWLG
2026-05-15T19:57:50+00:00,LWLG,STK,,,0.0,TRADES,13.615,13.615,13.61,13.615,2172.0,14,13.61378,49462420,LWLG
2026-05-15T19:58:00+00:00,LWLG,STK,,,0.0,TRADES,13.615,13.62,13.59,13.59,5363.0,34,13.60503,49462420,LWLG
2026-05-15T19:58:10+00:00,LWLG,STK,,,0.0,TRADES,13.595,13.595,13.59,13.595,2675.0,21,13.59291,49462420,LWLG
2026-05-15T19:58:20+00:00,LWLG,STK,,,0.0,TRADES,13.595,13.63,13.585,13.625,30456.0,128,13.60495,49462420,LWLG
2026-05-15T19:58:30+00:00,LWLG,STK,,,0.0,TRADES,13.625,13.64,13.6225,13.635,4988.0,35,13.63121,49462420,LWLG
2026-05-15T19:58:40+00:00,LWLG,STK,,,0.0,TRADES,13.635,13.65,13.635,13.65,6073.0,36,13.64649,49462420,LWLG
2026-05-15T19:58:50+00:00,LWLG,STK,,,0.0,TRADES,13.64,13.645,13.615,13.645,9240.0,54,13.63417,49462420,LWLG
2026-05-15T19:59:00+00:00,LWLG,STK,,,0.0,TRADES,13.641,13.645,13.63,13.63,2680.0,18,13.63852,49462420,LWLG
2026-05-15T19:59:10+00:00,LWLG,STK,,,0.0,TRADES,13.625,13.64,13.625,13.64,12785.0,74,13.63058,49462420,LWLG
2026-05-15T19:59:20+00:00,LWLG,STK,,,0.0,TRADES,13.6393,13.6399,13.625,13.635,6660.0,38,13.63001,49462420,LWLG
2026-05-15T19:59:30+00:00,LWLG,STK,,,0.0,TRADES,13.635,13.645,13.635,13.6402,8784.0,53,13.64105,49462420,LWLG
2026-05-15T19:59:40+00:00,LWLG,STK,,,0.0,TRADES,13.64,13.645,13.631,13.64,8215.0,46,13.63909,49462420,LWLG
2026-05-15T19:59:50+00:00,LWLG,STK,,,0.0,TRADES,13.64,13.65,13.64,13.645,6984.0,24,13.64391,49462420,LWLG
