timestamp,underlying_close,expiry,right,strike,option_bid,option_ask,option_mid,option_last,option_volume,seconds_to_expiry,iv_from_mid,model_price_from_mid_iv,risk_free_rate,dividend_yield,model_price_from_prev_iv,source_flags
2026-05-15 13:30:00+00:00,14.0221,20260618,C,15.0,2.0,2.4,2.2,2.3,3.0,2961000.0,1.5006448772568621,2.200000000000002,0.045,0.0,,quote_mid;trade_last;iv_solved
2026-05-15 13:30:00+00:00,14.0221,20260618,C,20.0,0.8,1.3,1.05,1.3,10.0,2961000.0,1.5537087583151221,1.0499999999999998,0.045,0.0,,quote_mid;trade_last;iv_solved
2026-05-15 13:30:10+00:00,14.2788,20260618,C,15.0,2.1,2.4,2.25,2.4,1.0,2960990.0,1.44877527919874,2.25,0.045,0.0,2.339818775475277,quote_mid;trade_last;iv_solved;prev_iv_model
2026-05-15 13:30:10+00:00,14.2788,20260618,C,20.0,0.85,1.1,0.9750000000000001,1.3,0.0,2960990.0,1.4527881160781941,0.9750000000000005,0.045,0.0,1.1310310757886444,quote_mid;trade_last;iv_solved;prev_iv_model
2026-05-15 13:30:20+00:00,14.225,20260618,C,15.0,2.1,2.5,2.3,2.4,0.0,2960980.0,1.4947473236369668,2.299999999999999,0.045,0.0,2.2206064541564814,quote_mid;trade_last;iv_solved;prev_iv_model
2026-05-15 13:30:20+00:00,14.225,20260618,C,20.0,0.85,1.1,0.9750000000000001,1.3,0.0,2960980.0,1.4634125952356083,0.9750000000000019,0.045,0.0,0.9589439516334224,quote_mid;trade_last;iv_solved;prev_iv_model
2026-05-15 13:30:30+00:00,14.23,20260618,C,15.0,2.1,2.5,2.3,2.4,0.0,2960970.0,1.493160278400968,2.3000000000000007,0.045,0.0,2.302739887936599,quote_mid;trade_last;iv_solved;prev_iv_model
2026-05-15 13:30:30+00:00,14.23,20260618,C,20.0,0.85,1.1,0.9750000000000001,1.3,0.0,2960970.0,1.4624266165367454,0.975000000000001,0.045,0.0,0.9764937196732149,quote_mid;trade_last;iv_solved;prev_iv_model
2026-05-15 13:30:40+00:00,14.09,20260618,C,15.0,2.05,2.5,2.275,2.4,0.0,2960960.0,1.5230782135042746,2.2749999999999986,0.045,0.0,2.22375146529163,quote_mid;trade_last;iv_solved;prev_iv_model
2026-05-15 13:30:40+00:00,14.09,20260618,C,20.0,0.85,1.1,0.9750000000000001,1.3,0.0,2960960.0,1.490209482676399,0.9750000000000019,0.045,0.0,0.9336124917982156,quote_mid;trade_last;iv_solved;prev_iv_model
2026-05-15 13:30:50+00:00,14.08,20260618,C,15.0,2.05,2.5,2.275,2.4,0.0,2960950.0,1.526252761549034,2.2750000000000012,0.045,0.0,2.269567326452689,quote_mid;trade_last;iv_solved;prev_iv_model
2026-05-15 13:30:50+00:00,14.08,20260618,C,20.0,0.85,1.1,0.9750000000000001,1.3,0.0,2960950.0,1.4922046171961059,0.975000000000001,0.045,0.0,0.9720166324946335,quote_mid;trade_last;iv_solved;prev_iv_model
2026-05-15 13:31:00+00:00,14.005,20260618,C,15.0,2.0,2.5,2.25,2.4,0.0,2960940.0,1.5353762458144158,2.25,0.045,0.0,2.234454199827545,quote_mid;trade_last;iv_solved;prev_iv_model
2026-05-15 13:31:00+00:00,14.005,20260618,C,20.0,0.9,1.1,1.0,1.3,0.0,2960940.0,1.523956690913184,1.0000000000000009,0.045,0.0,0.952786867688622,quote_mid;trade_last;iv_solved;prev_iv_model
2026-05-15 13:31:10+00:00,14.0,20260618,C,15.0,2.0,2.5,2.25,2.4,0.0,2960930.0,1.5369612026336692,2.249999999999999,0.045,0.0,2.2473004511022907,quote_mid;trade_last;iv_solved;prev_iv_model
2026-05-15 13:31:10+00:00,14.0,20260618,C,20.0,0.9,1.1,1.0,1.3,0.0,2960930.0,1.5249672340729843,1.0000000000000013,0.045,0.0,0.998490023206998,quote_mid;trade_last;iv_solved;prev_iv_model
2026-05-15 13:31:20+00:00,13.7901,20260618,C,15.0,1.9,2.5,2.2,2.4,0.0,2960920.0,1.573719003947609,2.2,0.045,0.0,2.13819117402086,quote_mid;trade_last;iv_solved;prev_iv_model
2026-05-15 13:31:20+00:00,13.7901,20260618,C,20.0,0.85,1.1,0.9750000000000001,1.3,0.0,2960920.0,1.5504764851284842,0.9750000000000014,0.045,0.0,0.9379232783178058,quote_mid;trade_last;iv_solved;prev_iv_model
2026-05-15 13:31:30+00:00,13.8485,20260618,C,15.0,1.9,2.5,2.2,2.4,0.0,2960910.0,1.55531343074203,2.200000000000002,0.045,0.0,2.2310538022002797,quote_mid;trade_last;iv_solved;prev_iv_model
2026-05-15 13:31:30+00:00,13.8485,20260618,C,20.0,0.85,1.1,0.9750000000000001,1.3,0.0,2960910.0,1.538662622405559,0.975000000000001,0.045,0.0,0.9923689694795472,quote_mid;trade_last;iv_solved;prev_iv_model
2026-05-15 13:31:40+00:00,13.7712,20260618,C,15.0,1.9,2.5,2.2,2.4,0.0,2960900.0,1.5796853714387766,2.1999999999999993,0.045,0.0,2.159075313579013,quote_mid;trade_last;iv_solved;prev_iv_model
2026-05-15 13:31:40+00:00,13.7712,20260618,C,20.0,0.85,1.1,0.9750000000000001,0.85,4.0,2960900.0,1.5543147631217211,0.9750000000000005,0.045,0.0,0.9522458043202566,quote_mid;trade_last;iv_solved;prev_iv_model
2026-05-15 13:31:50+00:00,13.8582,20260618,C,15.0,1.9,2.5,2.2,2.4,0.0,2960890.0,1.5522626804832402,2.200000000000002,0.045,0.0,2.2462926446597153,quote_mid;trade_last;iv_solved;prev_iv_model
2026-05-15 13:31:50+00:00,13.8582,20260618,C,20.0,0.85,1.1,0.9750000000000001,0.85,0.0,2960890.0,1.5367091461918263,0.9749999999999996,0.045,0.0,1.0009307184301832,quote_mid;trade_last;iv_solved;prev_iv_model
2026-05-15 13:32:00+00:00,13.838,20260618,C,15.0,1.9,2.5,2.2,1.9,3.0,2960880.0,1.5586300332102554,2.2,0.045,0.0,2.1892618729438436,quote_mid;trade_last;iv_solved;prev_iv_model
2026-05-15 13:32:00+00:00,13.838,20260618,C,20.0,0.85,0.95,0.8999999999999999,0.85,0.0,2960880.0,1.4891476802673296,0.9000000000000012,0.045,0.0,0.9690190840685533,quote_mid;trade_last;iv_solved;prev_iv_model
2026-05-15 13:32:10+00:00,13.9994,20260618,C,15.0,1.9,2.5,2.2,1.9,0.0,2960870.0,1.5078190248151162,2.2,0.045,0.0,2.2865447299420314,quote_mid;trade_last;iv_solved;prev_iv_model
2026-05-15 13:32:10+00:00,13.9994,20260618,C,20.0,0.9,1.1,1.0,0.95,3.0,2960870.0,1.5251038428744965,1.0000000000000009,0.045,0.0,0.9466009201422656,quote_mid;trade_last;iv_solved;prev_iv_model
2026-05-15 13:32:20+00:00,13.925,20260618,C,15.0,1.9,2.5,2.2,1.9,0.0,2960860.0,1.5312343638415906,2.200000000000001,0.045,0.0,2.1602767191631234,quote_mid;trade_last;iv_solved;prev_iv_model
2026-05-15 13:32:20+00:00,13.925,20260618,C,20.0,0.9,1.1,1.0,0.95,0.0,2960860.0,1.5401396042594562,1.0,0.045,0.0,0.9777262643731834,quote_mid;trade_last;iv_solved;prev_iv_model
2026-05-15 13:32:30+00:00,13.905,20260618,C,15.0,1.9,2.5,2.2,1.9,0.0,2960850.0,1.5375336057375852,2.200000000000001,0.045,0.0,2.1893295133647674,quote_mid;trade_last;iv_solved;prev_iv_model
2026-05-15 13:32:30+00:00,13.905,20260618,C,20.0,0.9,1.1,1.0,0.95,0.0,2960850.0,1.5441944822914668,0.9999999999999996,0.045,0.0,0.9939918805622567,quote_mid;trade_last;iv_solved;prev_iv_model
2026-05-15 13:32:40+00:00,13.85,20260618,C,15.0,1.9,2.45,2.175,2.5,1.0,2960840.0,1.540048330951986,2.174999999999999,0.045,0.0,2.1707546310669104,quote_mid;trade_last;iv_solved;prev_iv_model
2026-05-15 13:32:40+00:00,13.85,20260618,C,20.0,0.9,1.1,1.0,0.95,0.0,2960840.0,1.5553653203934394,1.0,0.045,0.0,0.9835435424491803,quote_mid;trade_last;iv_solved;prev_iv_model
2026-05-15 13:32:50+00:00,13.87,20260618,C,15.0,1.9,2.45,2.175,2.5,0.0,2960830.0,1.5337699227278865,2.175,0.045,0.0,2.185612417337971,quote_mid;trade_last;iv_solved;prev_iv_model
2026-05-15 13:32:50+00:00,13.87,20260618,C,20.0,0.9,1.1,1.0,0.95,0.0,2960830.0,1.5513026290085725,1.0000000000000004,0.045,0.0,1.006010425240703,quote_mid;trade_last;iv_solved;prev_iv_model
2026-05-15 13:33:00+00:00,13.8441,20260618,C,15.0,1.9,2.45,2.175,2.5,0.0,2960820.0,1.541906829509414,2.1750000000000016,0.045,0.0,2.1612679576199545,quote_mid;trade_last;iv_solved;prev_iv_model
2026-05-15 13:33:00+00:00,13.8441,20260618,C,20.0,0.9,1.1,1.0,0.95,0.0,2960820.0,1.5565708313369107,1.0000000000000004,0.045,0.0,0.9922351017633129,quote_mid;trade_last;iv_solved;prev_iv_model
2026-05-15 13:33:10+00:00,13.845,20260618,C,15.0,1.9,2.45,2.175,2.5,0.0,2960810.0,1.5416267745859873,2.174999999999999,0.045,0.0,2.1754726167918603,quote_mid;trade_last;iv_solved;prev_iv_model
2026-05-15 13:33:10+00:00,13.845,20260618,C,20.0,0.9,1.1,1.0,0.95,0.0,2960810.0,1.5563903822510632,0.9999999999999991,0.045,0.0,1.0002662317274478,quote_mid;trade_last;iv_solved;prev_iv_model
2026-05-15 13:33:20+00:00,13.92,20260618,C,15.0,1.9,2.45,2.175,2.5,0.0,2960800.0,1.5180813405437577,2.1750000000000007,0.045,0.0,2.214923169039232,quote_mid;trade_last;iv_solved;prev_iv_model
2026-05-15 13:33:20+00:00,13.92,20260618,C,20.0,0.9,1.1,1.0,0.95,0.0,2960800.0,1.5411680206272709,1.0000000000000009,0.045,0.0,1.022655830399358,quote_mid;trade_last;iv_solved;prev_iv_model
2026-05-15 13:33:30+00:00,13.94,20260618,C,15.0,1.9,2.45,2.175,2.5,0.0,2960790.0,1.5118075677452394,2.175,0.045,0.0,2.1856535610062116,quote_mid;trade_last;iv_solved;prev_iv_model
2026-05-15 13:33:30+00:00,13.94,20260618,C,20.0,0.9,1.1,1.0,0.95,0.0,2960790.0,1.5371219033104775,1.0000000000000004,0.045,0.0,1.0060207392446157,quote_mid;trade_last;iv_solved;prev_iv_model
2026-05-15 13:33:40+00:00,13.945,20260618,C,15.0,1.9,2.45,2.175,2.5,0.0,2960780.0,1.5102412456361316,2.175,0.045,0.0,2.177660785219344,quote_mid;trade_last;iv_solved;prev_iv_model
2026-05-15 13:33:40+00:00,13.945,20260618,C,20.0,0.85,1.1,0.9750000000000001,1.0,1.0,2960780.0,1.5192594436951525,0.9749999999999996,0.045,0.0,1.0015010205652954,quote_mid;trade_last;iv_solved;prev_iv_model
2026-05-15 13:33:50+00:00,13.955,20260618,C,15.0,1.9,2.45,2.175,2.5,0.0,2960770.0,1.5071061991165369,2.174999999999999,0.045,0.0,2.1803290342699855,quote_mid;trade_last;iv_solved;prev_iv_model
2026-05-15 13:33:50+00:00,13.955,20260618,C,20.0,0.85,1.1,0.9750000000000001,1.0,3.0,2960770.0,1.5172540283402367,0.975000000000001,0.045,0.0,0.9779696061821235,quote_mid;trade_last;iv_solved;prev_iv_model
2026-05-15 13:34:00+00:00,13.985,20260618,C,15.0,1.9,2.45,2.175,2.5,0.0,2960760.0,1.4976973534934346,2.1750000000000016,0.045,0.0,2.191023516647295,quote_mid;trade_last;iv_solved;prev_iv_model
2026-05-15 13:34:00+00:00,13.985,20260618,C,20.0,0.85,1.1,0.9750000000000001,1.0,0.0,2960760.0,1.5112395069488844,0.9750000000000014,0.045,0.0,0.9839348125663454,quote_mid;trade_last;iv_solved;prev_iv_model
2026-05-15 13:34:10+00:00,14.0199,20260618,C,15.0,1.9,2.45,2.175,2.5,0.0,2960750.0,1.4867537373737463,2.175,0.045,0.0,2.1936789221179254,quote_mid;trade_last;iv_solved;prev_iv_model
2026-05-15 13:34:10+00:00,14.0199,20260618,C,20.0,0.9,1.1,1.0,1.0,0.0,2960750.0,1.521004132005476,0.9999999999999996,0.045,0.0,0.985407524476984,quote_mid;trade_last;iv_solved;prev_iv_model
2026-05-15 13:34:20+00:00,14.085,20260618,C,15.0,1.9,2.45,2.175,2.5,0.0,2960740.0,1.4663431888522247,2.1750000000000016,0.045,0.0,2.2099783066381224,quote_mid;trade_last;iv_solved;prev_iv_model
2026-05-15 13:34:20+00:00,14.085,20260618,C,20.0,0.9,1.1,1.0,1.0,0.0,2960740.0,1.5079201956130333,0.9999999999999996,0.045,0.0,1.019734571689097,quote_mid;trade_last;iv_solved;prev_iv_model
2026-05-15 13:34:30+00:00,14.145,20260618,C,15.0,1.9,2.45,2.175,2.5,0.0,2960730.0,1.447534960977948,2.175,0.045,0.0,2.2073543503174706,quote_mid;trade_last;iv_solved;prev_iv_model
2026-05-15 13:34:30+00:00,14.145,20260618,C,20.0,0.9,1.1,1.0,1.0,0.0,2960730.0,1.4959038201734232,1.0000000000000004,0.045,0.0,1.0182116100350718,quote_mid;trade_last;iv_solved;prev_iv_model
2026-05-15 13:34:40+00:00,14.16,20260618,C,15.0,1.9,2.45,2.175,2.5,0.0,2960720.0,1.4428348630046952,2.1750000000000016,0.045,0.0,2.183094109973341,quote_mid;trade_last;iv_solved;prev_iv_model
2026-05-15 13:34:40+00:00,14.16,20260618,C,20.0,0.9,1.1,1.0,1.0,0.0,2960720.0,1.4929079076256837,1.0,0.045,0.0,1.0045393157959075,quote_mid;trade_last;iv_solved;prev_iv_model
2026-05-15 13:34:50+00:00,14.1498,20260618,C,15.0,2.0,2.45,2.225,2.5,0.0,2960710.0,1.475096160661078,2.2249999999999988,0.045,0.0,2.169491786284123,quote_mid;trade_last;iv_solved;prev_iv_model
2026-05-15 13:34:50+00:00,14.1498,20260618,C,20.0,0.9,1.1,1.0,1.0,0.0,2960710.0,1.4949491511975466,0.9999999999999991,0.045,0.0,0.9969124155242053,quote_mid;trade_last;iv_solved;prev_iv_model
2026-05-15 13:35:00+00:00,14.04,20260618,C,15.0,2.0,2.45,2.225,2.5,0.0,2960700.0,1.509725883689781,2.2249999999999996,0.045,0.0,2.165825965438157,quote_mid;trade_last;iv_solved;prev_iv_model
2026-05-15 13:35:00+00:00,14.04,20260618,C,20.0,0.9,1.1,1.0,0.95,20.0,2960700.0,1.5169714019184886,0.9999999999999991,0.045,0.0,0.9671044461045133,quote_mid;trade_last;iv_solved;prev_iv_model
2026-05-15 13:35:10+00:00,14.1236,20260618,C,15.0,2.0,2.45,2.225,2.2,2.0,2960690.0,1.483362588531656,2.2249999999999996,0.045,0.0,2.2702535449671792,quote_mid;trade_last;iv_solved;prev_iv_model
2026-05-15 13:35:10+00:00,14.1236,20260618,C,20.0,0.9,1.1,1.0,0.95,0.0,2960690.0,1.5001962160013607,1.0,0.045,0.0,1.0253985618813424,quote_mid;trade_last;iv_solved;prev_iv_model
2026-05-15 13:35:20+00:00,14.2,20260618,C,15.0,2.0,2.45,2.225,2.2,0.0,2960680.0,1.4592754757248971,2.2249999999999988,0.045,0.0,2.2665424792372093,quote_mid;trade_last;iv_solved;prev_iv_model
2026-05-15 13:35:20+00:00,14.2,20260618,C,20.0,0.9,1.1,1.0,0.95,0.0,2960680.0,1.4849342836690558,1.0000000000000018,0.045,0.0,1.0232485886657656,quote_mid;trade_last;iv_solved;prev_iv_model
2026-05-15 13:35:30+00:00,14.3,20260618,C,15.0,2.0,2.45,2.225,2.2,0.0,2960670.0,1.4277438970978595,2.2249999999999996,0.045,0.0,2.2797036684058742,quote_mid;trade_last;iv_solved;prev_iv_model
2026-05-15 13:35:30+00:00,14.3,20260618,C,20.0,0.9,1.1,1.0,0.95,0.0,2960670.0,1.4650533729777786,0.9999999999999987,0.045,0.0,1.0305602940872274,quote_mid;trade_last;iv_solved;prev_iv_model
2026-05-15 13:35:40+00:00,14.2638,20260618,C,15.0,2.0,2.45,2.225,2.2,0.0,2960660.0,1.4391629192875888,2.2250000000000005,0.045,0.0,2.2052206929082194,quote_mid;trade_last;iv_solved;prev_iv_model
2026-05-15 13:35:40+00:00,14.2638,20260618,C,20.0,1.0,1.1,1.05,1.0,3.0,2960660.0,1.5047995272247152,1.0500000000000007,0.045,0.0,0.9890339059661715,quote_mid;trade_last;iv_solved;prev_iv_model
2026-05-15 13:35:50+00:00,14.235,20260618,C,15.0,2.0,2.45,2.225,2.25,1.0,2960650.0,1.4482470598198725,2.2249999999999996,0.045,0.0,2.209292804801045,quote_mid;trade_last;iv_solved;prev_iv_model
2026-05-15 13:35:50+00:00,14.235,20260618,C,20.0,1.0,1.1,1.05,1.0,0.0,2960650.0,1.510606216893644,1.0500000000000003,0.045,0.0,1.0410653013962547,quote_mid;trade_last;iv_solved;prev_iv_model
2026-05-15 13:36:00+00:00,14.22,20260618,C,15.0,2.0,2.45,2.225,2.25,0.0,2960640.0,1.4529793247928589,2.2249999999999988,0.045,0.0,2.216825447043738,quote_mid;trade_last;iv_solved;prev_iv_model
2026-05-15 13:36:00+00:00,14.22,20260618,C,20.0,1.0,1.1,1.05,1.0,0.0,2960640.0,1.5136354094951128,1.0500000000000007,0.045,0.0,1.0453427181401334,quote_mid;trade_last;iv_solved;prev_iv_model
2026-05-15 13:36:10+00:00,14.196,20260618,C,15.0,2.0,2.45,2.225,2.25,0.0,2960630.0,1.4605492510824587,2.225000000000003,0.045,0.0,2.211942316269913,quote_mid;trade_last;iv_solved;prev_iv_model
2026-05-15 13:36:10+00:00,14.196,20260618,C,20.0,1.0,1.1,1.05,1.0,0.0,2960630.0,1.518485781798153,1.0499999999999994,0.045,0.0,1.0425595438339479,quote_mid;trade_last;iv_solved;prev_iv_model
2026-05-15 13:36:20+00:00,14.21,20260618,C,15.0,2.0,2.45,2.225,2.25,0.0,2960620.0,1.4561374482029197,2.2249999999999988,0.045,0.0,2.232615433093714,quote_mid;trade_last;iv_solved;prev_iv_model
2026-05-15 13:36:20+00:00,14.21,20260618,C,20.0,1.0,1.1,1.05,1.05,1.0,2960620.0,1.5156597186068783,1.0500000000000003,0.045,0.0,1.0543453770728912,quote_mid;trade_last;iv_solved;prev_iv_model
2026-05-15 13:36:30+00:00,14.1888,20260618,C,15.0,2.0,2.45,2.225,2.25,0.0,2960610.0,1.4628244829203525,2.2249999999999996,0.045,0.0,2.213470504591746,quote_mid;trade_last;iv_solved;prev_iv_model
2026-05-15 13:36:30+00:00,14.1888,20260618,C,20.0,1.0,1.1,1.05,1.05,0.0,2960610.0,1.5199465668424006,1.049999999999999,0.045,0.0,1.0434273135721086,quote_mid;trade_last;iv_solved;prev_iv_model
2026-05-15 13:36:40+00:00,14.2,20260618,C,15.0,2.0,2.45,2.225,2.25,0.0,2960600.0,1.4592955554229334,2.2250000000000005,0.045,0.0,2.2310877943479026,quote_mid;trade_last;iv_solved;prev_iv_model
2026-05-15 13:36:40+00:00,14.2,20260618,C,20.0,1.0,1.1,1.05,1.05,0.0,2960600.0,1.517685154684925,1.0499999999999998,0.045,0.0,1.0534739934958064,quote_mid;trade_last;iv_solved;prev_iv_model
2026-05-15 13:36:50+00:00,14.15,20260618,C,15.0,2.0,2.45,2.225,2.25,0.0,2960590.0,1.4750635342726253,2.2249999999999988,0.045,0.0,2.1978755235640035,quote_mid;trade_last;iv_solved;prev_iv_model
2026-05-15 13:36:50+00:00,14.15,20260618,C,20.0,1.0,1.1,1.05,1.05,31.0,2960590.0,1.527805844669512,1.0500000000000003,0.045,0.0,1.0345464281519647,quote_mid;trade_last;iv_solved;prev_iv_model
2026-05-15 13:37:00+00:00,14.17,20260618,C,15.0,2.0,2.45,2.225,2.2,1.0,2960580.0,1.4687598235967476,2.2249999999999996,0.045,0.0,2.2358542082537998,quote_mid;trade_last;iv_solved;prev_iv_model
2026-05-15 13:37:00+00:00,14.17,20260618,C,20.0,0.95,1.1,1.025,1.05,0.0,2960580.0,1.5073956525286891,1.0250000000000008,0.045,0.0,1.0562049765371606,quote_mid;trade_last;iv_solved;prev_iv_model
2026-05-15 13:37:10+00:00,14.15,20260618,C,15.0,2.0,2.4,2.2,2.45,1.0,2960570.0,1.460535358598797,2.2,0.045,0.0,2.2141487693282755,quote_mid;trade_last;iv_solved;prev_iv_model
2026-05-15 13:37:10+00:00,14.15,20260618,C,20.0,0.95,1.1,1.025,1.1,1.0,2960570.0,1.5114218879336918,1.0250000000000021,0.045,0.0,1.0188785496138224,quote_mid;trade_last;iv_solved;prev_iv_model
2026-05-15 13:37:20+00:00,14.2,20260618,C,15.0,2.1,2.35,2.225,2.45,0.0,2960560.0,1.4593055955752878,2.2249999999999988,0.045,0.0,2.227121526649899,quote_mid;trade_last;iv_solved;prev_iv_model
2026-05-15 13:37:20+00:00,14.2,20260618,C,20.0,0.95,1.1,1.025,1.1,0.0,2960560.0,1.5013736586392237,1.0250000000000004,0.045,0.0,1.0403753634859396,quote_mid;trade_last;iv_solved;prev_iv_model
2026-05-15 13:37:30+00:00,14.15,20260618,C,15.0,2.1,2.35,2.225,2.45,0.0,2960550.0,1.4750736798578958,2.2250000000000005,0.045,0.0,2.1978755251957196,quote_mid;trade_last;iv_solved;prev_iv_model
2026-05-15 13:37:30+00:00,14.15,20260618,C,20.0,0.95,1.1,1.025,1.05,1.0,2960550.0,1.5114270551920437,1.0250000000000012,0.045,0.0,1.0097300774709366,quote_mid;trade_last;iv_solved;prev_iv_model
2026-05-15 13:37:40+00:00,14.24,20260618,C,15.0,2.1,2.4,2.25,2.45,0.0,2960540.0,1.461156702780693,2.2500000000000018,0.045,0.0,2.274053971483042,quote_mid;trade_last;iv_solved;prev_iv_model
2026-05-15 13:37:40+00:00,14.24,20260618,C,20.0,0.95,1.1,1.025,1.05,0.0,2960540.0,1.4933580278252512,1.0249999999999995,0.045,0.0,1.0527752180746375,quote_mid;trade_last;iv_solved;prev_iv_model
2026-05-15 13:37:50+00:00,14.215,20260618,C,15.0,2.1,2.4,2.25,2.45,0.0,2960530.0,1.4690642142217998,2.25,0.045,0.0,2.2363494496814127,quote_mid;trade_last;iv_solved;prev_iv_model
2026-05-15 13:37:50+00:00,14.215,20260618,C,20.0,0.95,1.1,1.025,1.05,0.0,2960530.0,1.498371505286387,1.0250000000000012,0.045,0.0,1.0173378298420164,quote_mid;trade_last;iv_solved;prev_iv_model
2026-05-15 13:38:00+00:00,14.17,20260618,C,15.0,2.1,2.4,2.25,2.45,0.0,2960520.0,1.4832956903561936,2.25,0.045,0.0,2.225498060122555,quote_mid;trade_last;iv_solved;prev_iv_model
2026-05-15 13:38:00+00:00,14.17,20260618,C,20.0,0.95,1.1,1.025,1.05,0.0,2960520.0,1.5074111137778003,1.0249999999999986,0.045,0.0,1.011244984391905,quote_mid;trade_last;iv_solved;prev_iv_model
2026-05-15 13:38:10+00:00,14.15,20260618,C,15.0,2.1,2.4,2.25,2.45,0.0,2960510.0,1.489622482564513,2.25,0.045,0.0,2.2391218685067535,quote_mid;trade_last;iv_solved;prev_iv_model
2026-05-15 13:38:10+00:00,14.15,20260618,C,20.0,0.95,1.1,1.025,1.05,0.0,2960510.0,1.5114373898652005,1.0249999999999995,0.045,0.0,1.0188785499947235,quote_mid;trade_last;iv_solved;prev_iv_model
2026-05-15 13:38:20+00:00,14.08,20260618,C,15.0,2.1,2.4,2.25,2.45,0.0,2960500.0,1.51176316567078,2.25,0.045,0.0,2.2120904646602293,quote_mid;trade_last;iv_solved;prev_iv_model
2026-05-15 13:38:20+00:00,14.08,20260618,C,20.0,0.95,1.1,1.025,1.05,0.0,2960500.0,1.5255584016795005,1.0249999999999995,0.045,0.0,1.0036899643945456,quote_mid;trade_last;iv_solved;prev_iv_model
2026-05-15 13:38:30+00:00,14.05,20260618,C,15.0,2.1,2.4,2.25,2.45,0.0,2960490.0,1.5212559197742022,2.250000000000001,0.045,0.0,2.233779685572183,quote_mid;trade_last;iv_solved;prev_iv_model
2026-05-15 13:38:30+00:00,14.05,20260618,C,20.0,0.95,1.1,1.025,1.05,0.0,2960490.0,1.5316288428136717,1.0250000000000008,0.045,0.0,1.01584963162321,quote_mid;trade_last;iv_solved;prev_iv_model
2026-05-15 13:38:40+00:00,14.06,20260618,C,15.0,2.1,2.25,2.175,2.45,0.0,2960480.0,1.4742475927077239,2.1750000000000007,0.045,0.0,2.255403753188589,quote_mid;trade_last;iv_solved;prev_iv_model
2026-05-15 13:38:40+00:00,14.06,20260618,C,20.0,0.95,1.1,1.025,1.05,0.0,2960480.0,1.5296076987295617,1.0249999999999995,0.045,0.0,1.0280531352359867,quote_mid;trade_last;iv_solved;prev_iv_model
2026-05-15 13:38:50+00:00,14.0,20260618,C,15.0,2.1,2.15,2.125,2.45,0.0,2960470.0,1.4637464270779525,2.1250000000000018,0.045,0.0,2.1429111227020012,quote_mid;trade_last;iv_solved;prev_iv_model
2026-05-15 13:38:50+00:00,14.0,20260618,C,20.0,0.95,1.1,1.025,1.05,0.0,2960470.0,1.5417702346672533,1.0250000000000017,0.045,0.0,1.0067605152127839,quote_mid;trade_last;iv_solved;prev_iv_model
2026-05-15 13:39:00+00:00,14.084,20260618,C,15.0,2.1,2.3,2.2,2.15,1.0,2960460.0,1.4813159573407972,2.2,0.045,0.0,2.1698907025386145,quote_mid;trade_last;iv_solved;prev_iv_model
2026-05-15 13:39:00+00:00,14.084,20260618,C,20.0,0.95,1.1,1.025,1.05,0.0,2960460.0,1.5247605614100475,1.0250000000000004,0.045,0.0,1.0508075623226358,quote_mid;trade_last;iv_solved;prev_iv_model
2026-05-15 13:39:10+00:00,14.08,20260618,C,15.0,2.1,2.3,2.2,2.15,0.0,2960450.0,1.4825763802676257,2.200000000000001,0.045,0.0,2.1978409419836,quote_mid;trade_last;iv_solved;prev_iv_model
2026-05-15 13:39:10+00:00,14.08,20260618,C,20.0,0.95,1.1,1.025,1.05,0.0,2960450.0,1.5255714391158848,1.0250000000000004,0.045,0.0,1.0237736358783907,quote_mid;trade_last;iv_solved;prev_iv_model
2026-05-15 13:39:20+00:00,14.09,20260618,C,15.0,2.1,2.3,2.2,2.15,0.0,2960440.0,1.4794342671349563,2.2,0.045,0.0,2.2053854345610455,quote_mid;trade_last;iv_solved;prev_iv_model
2026-05-15 13:39:20+00:00,14.09,20260618,C,20.0,0.95,1.1,1.025,1.05,0.0,2960440.0,1.5235537065366094,1.0250000000000004,0.045,0.0,1.0280555185843556,quote_mid;trade_last;iv_solved;prev_iv_model
2026-05-15 13:39:30+00:00,14.03,20260618,C,15.0,2.1,2.3,2.2,2.15,0.0,2960430.0,1.4983068775796826,2.200000000000001,0.045,0.0,2.1677682949833628,quote_mid;trade_last;iv_solved;prev_iv_model
2026-05-15 13:39:30+00:00,14.03,20260618,C,20.0,0.95,1.1,1.025,1.05,2.0,2960430.0,1.5356955635407514,1.0250000000000008,0.045,0.0,1.0067464290606654,quote_mid;trade_last;iv_solved;prev_iv_model
2026-05-15 13:39:40+00:00,14.0378,20260618,C,15.0,2.1,2.25,2.175,2.15,2.0,2960420.0,1.481224379313066,2.175,0.045,0.0,2.204186787542942,quote_mid;trade_last;iv_solved;prev_iv_model
2026-05-15 13:39:40+00:00,14.0378,20260618,C,20.0,0.95,1.1,1.025,1.05,0.0,2960420.0,1.5341177404750215,1.0250000000000008,0.045,0.0,1.0273788955407404,quote_mid;trade_last;iv_solved;prev_iv_model
2026-05-15 13:39:50+00:00,14.02,20260618,C,15.0,2.1,2.25,2.175,2.15,0.0,2960410.0,1.4868092631365641,2.175,0.045,0.0,2.1654662915513194,quote_mid;trade_last;iv_solved;prev_iv_model
2026-05-15 13:39:50+00:00,14.02,20260618,C,20.0,0.95,1.1,1.025,1.05,0.0,2960410.0,1.5377280613636741,1.0249999999999995,0.045,0.0,1.01956928194774,quote_mid;trade_last;iv_solved;prev_iv_model
2026-05-15 13:40:00+00:00,14.025,20260618,C,15.0,2.1,2.25,2.175,2.15,0.0,2960400.0,1.4852436918994534,2.1750000000000016,0.045,0.0,2.1776731631082873,quote_mid;trade_last;iv_solved;prev_iv_model
2026-05-15 13:40:00+00:00,14.025,20260618,C,20.0,0.95,1.1,1.025,1.05,0.0,2960400.0,1.536716918464489,1.0249999999999995,0.045,0.0,1.0265227521251843,quote_mid;trade_last;iv_solved;prev_iv_model
2026-05-15 13:40:10+00:00,14.09,20260618,C,15.0,2.1,2.25,2.175,2.15,0.0,2960390.0,1.4648637156132707,2.1750000000000007,0.045,0.0,2.209934887745697,quote_mid;trade_last;iv_solved;prev_iv_model
2026-05-15 13:40:10+00:00,14.09,20260618,C,20.0,0.95,1.1,1.025,1.0,1.0,2960390.0,1.5235667273758482,1.0250000000000008,0.045,0.0,1.0449492519545167,quote_mid;trade_last;iv_solved;prev_iv_model
2026-05-15 13:40:20+00:00,14.1,20260618,C,15.0,2.15,2.25,2.2,2.15,0.0,2960380.0,1.47630494064357,2.1999999999999993,0.045,0.0,2.1803747643561016,quote_mid;trade_last;iv_solved;prev_iv_model
2026-05-15 13:40:20+00:00,14.1,20260618,C,20.0,0.95,1.1,1.025,1.0,0.0,2960380.0,1.5215501100327136,1.0250000000000008,0.045,0.0,1.0280563205131532,quote_mid;trade_last;iv_solved;prev_iv_model
2026-05-15 13:40:30+00:00,14.1799,20260618,C,15.0,2.1,2.3,2.2,2.2,2.0,2960370.0,1.4511842693567294,2.200000000000001,0.045,0.0,2.243285005892882,quote_mid;trade_last;iv_solved;prev_iv_model
2026-05-15 13:40:30+00:00,14.1799,20260618,C,20.0,0.95,1.1,1.025,1.0,0.0,2960370.0,1.5054596419088226,1.025,0.045,0.0,1.0496030027157595,quote_mid;trade_last;iv_solved;prev_iv_model
2026-05-15 13:40:40+00:00,14.25,20260618,C,15.0,2.1,2.35,2.225,2.2,0.0,2960360.0,1.44358915637428,2.2250000000000005,0.045,0.0,2.2381409520316566,quote_mid;trade_last;iv_solved;prev_iv_model
2026-05-15 13:40:40+00:00,14.25,20260618,C,20.0,0.95,1.1,1.025,1.0,0.0,2960360.0,1.49140147729371,1.0249999999999995,0.045,0.0,1.0466132577648204,quote_mid;trade_last;iv_solved;prev_iv_model
2026-05-15 13:40:50+00:00,14.27,20260618,C,15.0,2.1,2.35,2.225,2.2,0.0,2960350.0,1.437284397161243,2.2250000000000014,0.045,0.0,2.235921658180027,quote_mid;trade_last;iv_solved;prev_iv_model
2026-05-15 13:40:50+00:00,14.27,20260618,C,20.0,0.95,1.1,1.025,1.0,0.0,2960350.0,1.4874022653377788,1.024999999999999,0.045,0.0,1.0311486846902502,quote_mid;trade_last;iv_solved;prev_iv_model
2026-05-15 13:41:00+00:00,14.2446,20260618,C,15.0,2.1,2.35,2.225,2.2,0.0,2960340.0,1.4452970110947305,2.2249999999999988,0.045,0.0,2.2111384370903,quote_mid;trade_last;iv_solved;prev_iv_model
2026-05-15 13:41:00+00:00,14.2446,20260618,C,20.0,0.95,1.1,1.025,1.0,0.0,2960340.0,1.4924878017408822,1.0249999999999986,0.045,0.0,1.0172090261077384,quote_mid;trade_last;iv_solved;prev_iv_model
2026-05-15 13:41:10+00:00,14.17,20260618,C,15.0,2.1,2.35,2.225,2.2,0.0,2960330.0,1.4688229736848557,2.2250000000000023,0.045,0.0,2.1844778775276037,quote_mid;trade_last;iv_solved;prev_iv_model
2026-05-15 13:41:10+00:00,14.17,20260618,C,20.0,1.05,1.1,1.0750000000000002,1.0,0.0,2960330.0,1.5401024275200466,1.075000000000001,0.045,0.0,1.0022406792037621,quote_mid;trade_last;iv_solved;prev_iv_model
2026-05-15 13:41:20+00:00,14.1499,20260618,C,15.0,2.1,2.35,2.225,2.2,0.0,2960320.0,1.4751635539514645,2.2250000000000014,0.045,0.0,2.2140946013476253,quote_mid;trade_last;iv_solved;prev_iv_model
2026-05-15 13:41:20+00:00,14.1499,20260618,C,20.0,1.05,1.1,1.0750000000000002,1.0,0.0,2960320.0,1.5442029445069325,1.0750000000000002,0.045,0.0,1.0687015407943776,quote_mid;trade_last;iv_solved;prev_iv_model
2026-05-15 13:41:30+00:00,14.135,20260618,C,15.0,2.1,2.35,2.225,2.2,0.0,2960310.0,1.4798645811717397,2.2250000000000005,0.045,0.0,2.2169221800828343,quote_mid;trade_last;iv_solved;prev_iv_model
2026-05-15 13:41:30+00:00,14.135,20260618,C,20.0,0.95,1.1,1.025,1.05,1.0,2960310.0,1.5145098823898664,1.0250000000000004,0.045,0.0,1.0703302984736363,quote_mid;trade_last;iv_solved;prev_iv_model
2026-05-15 13:41:40+00:00,14.13,20260618,C,15.0,2.1,2.35,2.225,2.2,0.0,2960300.0,1.4814438362258882,2.2249999999999996,0.045,0.0,2.222287303751602,quote_mid;trade_last;iv_solved;prev_iv_model
2026-05-15 13:41:40+00:00,14.13,20260618,C,20.0,0.95,1.1,1.025,1.05,0.0,2960300.0,1.5155199738691745,1.025,0.045,0.0,1.0234661160494771,quote_mid;trade_last;iv_solved;prev_iv_model
2026-05-15 13:41:50+00:00,14.1542,20260618,C,15.0,2.1,2.35,2.225,2.2,0.0,2960290.0,1.4738152423399158,2.2250000000000005,0.045,0.0,2.2381218394974125,quote_mid;trade_last;iv_solved;prev_iv_model
2026-05-15 13:41:50+00:00,14.1542,20260618,C,20.0,0.95,1.1,1.025,1.05,0.0,2960290.0,1.5106488552185993,1.025,0.045,0.0,1.0324189298130966,quote_mid;trade_last;iv_solved;prev_iv_model
2026-05-15 13:42:00+00:00,14.165,20260618,C,15.0,2.1,2.35,2.225,2.2,0.0,2960280.0,1.470412233014311,2.2249999999999996,0.045,0.0,2.2308576740899273,quote_mid;trade_last;iv_solved;prev_iv_model
2026-05-15 13:42:00+00:00,14.165,20260618,C,20.0,0.95,1.1,1.025,1.05,0.0,2960280.0,1.508478508287383,1.0250000000000008,0.045,0.0,1.0283070338131846,quote_mid;trade_last;iv_solved;prev_iv_model
2026-05-15 13:42:10+00:00,14.16,20260618,C,15.0,2.1,2.35,2.225,2.25,7.0,2960270.0,1.4719913999792023,2.2249999999999988,0.045,0.0,2.222282418745209,quote_mid;trade_last;iv_solved;prev_iv_model
2026-05-15 13:42:10+00:00,14.16,20260618,C,20.0,0.95,1.1,1.025,1.05,0.0,2960270.0,1.5094869127304809,1.0250000000000008,0.045,0.0,1.0234648877942019,quote_mid;trade_last;iv_solved;prev_iv_model
2026-05-15 13:42:20+00:00,14.132,20260618,C,15.0,2.1,2.35,2.225,2.25,0.0,2960260.0,1.4808233348269835,2.2249999999999996,0.045,0.0,2.209826194545183,quote_mid;trade_last;iv_solved;prev_iv_model
2026-05-15 13:42:20+00:00,14.132,20260618,C,20.0,0.95,1.1,1.025,1.05,0.0,2960260.0,1.5151272994846336,1.0250000000000004,0.045,0.0,1.0164398542800561,quote_mid;trade_last;iv_solved;prev_iv_model
2026-05-15 13:42:30+00:00,14.1393,20260618,C,15.0,2.1,2.35,2.225,2.25,0.0,2960250.0,1.4785238812411357,2.2249999999999996,0.045,0.0,2.228951846863282,quote_mid;trade_last;iv_solved;prev_iv_model
2026-05-15 13:42:30+00:00,14.1393,20260618,C,20.0,0.95,1.1,1.025,1.05,0.0,2960250.0,1.5136591824508145,1.0249999999999995,0.045,0.0,1.0272320146911347,quote_mid;trade_last;iv_solved;prev_iv_model
2026-05-15 13:42:40+00:00,14.11,20260618,C,15.0,2.1,2.35,2.225,2.25,2.0,2960240.0,1.4877662385587906,2.2250000000000005,0.045,0.0,2.2091428351087394,quote_mid;trade_last;iv_solved;prev_iv_model
2026-05-15 13:42:40+00:00,14.11,20260618,C,20.0,0.95,1.1,1.025,1.05,0.0,2960240.0,1.5195683895582768,1.0250000000000021,0.045,0.0,1.016048577486007,quote_mid;trade_last;iv_solved;prev_iv_model
2026-05-15 13:42:50+00:00,14.1,20260618,C,15.0,2.1,2.35,2.225,2.25,0.0,2960230.0,1.4909225136044544,2.2250000000000014,0.045,0.0,2.2195885614712063,quote_mid;trade_last;iv_solved;prev_iv_model
2026-05-15 13:42:50+00:00,14.1,20260618,C,20.0,0.95,1.1,1.025,1.05,0.0,2960230.0,1.521589123769608,1.025,0.045,0.0,1.0219395260567046,quote_mid;trade_last;iv_solved;prev_iv_model
2026-05-15 13:43:00+00:00,14.15,20260618,C,15.0,2.1,2.35,2.225,2.25,0.0,2960220.0,1.4751573887353362,2.2250000000000005,0.045,0.0,2.252107230531042,quote_mid;trade_last;iv_solved;prev_iv_model
2026-05-15 13:43:00+00:00,14.15,20260618,C,20.0,0.95,1.1,1.025,1.05,0.0,2960220.0,1.5115123224847342,1.025,0.045,0.0,1.0403547520710594,quote_mid;trade_last;iv_solved;prev_iv_model
2026-05-15 13:43:10+00:00,14.19,20260618,C,15.0,2.1,2.35,2.225,2.25,0.0,2960210.0,1.4625467362268023,2.2250000000000005,0.045,0.0,2.2467375347660763,quote_mid;trade_last;iv_solved;prev_iv_model
2026-05-15 13:43:10+00:00,14.19,20260618,C,20.0,0.95,1.1,1.025,1.05,0.0,2960210.0,1.503471560033066,1.0249999999999986,0.045,0.0,1.0372887864529083,quote_mid;trade_last;iv_solved;prev_iv_model
2026-05-15 13:43:20+00:00,14.17,20260618,C,15.0,2.1,2.35,2.225,2.25,0.0,2960200.0,1.4688558148730073,2.2250000000000005,0.045,0.0,2.2141355230801114,quote_mid;trade_last;iv_solved;prev_iv_model
2026-05-15 13:43:20+00:00,14.17,20260618,C,20.0,0.95,1.1,1.025,1.05,0.0,2960200.0,1.507493581679836,1.0250000000000004,0.045,0.0,1.0188752301727053,quote_mid;trade_last;iv_solved;prev_iv_model
2026-05-15 13:43:30+00:00,14.1088,20260618,C,15.0,2.2,2.35,2.2750000000000004,2.25,0.0,2960190.0,1.5173162611516071,2.2750000000000004,0.045,0.0,2.191882812621925,quote_mid;trade_last;iv_solved;prev_iv_model
2026-05-15 13:43:30+00:00,14.1088,20260618,C,20.0,0.95,1.25,1.1,1.05,5.0,2960190.0,1.568912370959393,1.0999999999999988,0.045,0.0,1.006344060901477,quote_mid;trade_last;iv_solved;prev_iv_model
2026-05-15 13:43:40+00:00,14.15,20260618,C,15.0,2.1,2.35,2.225,2.2,1.0,2960180.0,1.4751675362113739,2.2250000000000005,0.045,0.0,2.297447248319875,quote_mid;trade_last;iv_solved;prev_iv_model
2026-05-15 13:43:40+00:00,14.15,20260618,C,20.0,0.95,1.25,1.1,1.05,0.0,2960180.0,1.5604462189324808,1.0999999999999996,0.045,0.0,1.1130907379936552,quote_mid;trade_last;iv_solved;prev_iv_model
2026-05-15 13:43:50+00:00,14.12,20260618,C,15.0,2.1,2.35,2.225,2.2,0.0,2960170.0,1.484630501876163,2.2250000000000005,0.045,0.0,2.2087543280095705,quote_mid;trade_last;iv_solved;prev_iv_model
2026-05-15 13:43:50+00:00,14.12,20260618,C,20.0,0.95,1.25,1.1,1.05,0.0,2960170.0,1.5666135705566595,1.1000000000000019,0.045,0.0,1.0905072086675096,quote_mid;trade_last;iv_solved;prev_iv_model
2026-05-15 13:44:00+00:00,14.11,20260618,C,15.0,2.1,2.35,2.225,2.2,0.0,2960160.0,1.4877867022013418,2.224999999999998,0.045,0.0,2.2195853616968613,quote_mid;trade_last;iv_solved;prev_iv_model
2026-05-15 13:44:00+00:00,14.11,20260618,C,20.0,0.95,1.25,1.1,1.05,0.0,2960160.0,1.5686734697999527,1.0999999999999996,0.045,0.0,1.0968300789430216,quote_mid;trade_last;iv_solved;prev_iv_model
2026-05-15 13:44:10+00:00,14.05,20260618,C,15.0,2.1,2.35,2.225,2.2,0.0,2960150.0,1.506713897683868,2.2250000000000005,0.045,0.0,2.192646050626533,quote_mid;trade_last;iv_solved;prev_iv_model
2026-05-15 13:44:10+00:00,14.05,20260618,C,20.0,0.95,1.2,1.075,1.05,0.0,2960150.0,1.5646845146236572,1.0749999999999993,0.045,0.0,1.0810845346943756,quote_mid;trade_last;iv_solved;prev_iv_model
2026-05-15 13:44:20+00:00,14.02,20260618,C,15.0,2.1,2.35,2.225,2.2,0.0,2960140.0,1.5161811873323523,2.2250000000000005,0.045,0.0,2.2088494583206195,quote_mid;trade_last;iv_solved;prev_iv_model
2026-05-15 13:44:20+00:00,14.02,20260618,C,20.0,0.95,1.15,1.0499999999999998,1.05,0.0,2960140.0,1.5543658028579155,1.0499999999999994,0.045,0.0,1.0656373613001335,quote_mid;trade_last;iv_solved;prev_iv_model
2026-05-15 13:44:30+00:00,14.0325,20260618,C,15.0,2.1,2.35,2.225,2.2,0.0,2960130.0,1.512239931345707,2.2250000000000005,0.045,0.0,2.2317278185749787,quote_mid;trade_last;iv_solved;prev_iv_model
2026-05-15 13:44:30+00:00,14.0325,20260618,C,20.0,0.95,1.1,1.025,1.05,0.0,2960130.0,1.5352676514740304,1.0250000000000004,0.045,0.0,1.0538612291847707,quote_mid;trade_last;iv_solved;prev_iv_model
2026-05-15 13:44:40+00:00,14.015,20260618,C,15.0,2.1,2.35,2.225,2.2,0.0,2960120.0,1.517764044397714,2.2249999999999988,0.045,0.0,2.2155797219527766,quote_mid;trade_last;iv_solved;prev_iv_model
2026-05-15 13:44:40+00:00,14.015,20260618,C,20.0,0.95,1.15,1.0499999999999998,1.0,8.0,2960120.0,1.5553920482691215,1.0500000000000007,0.045,0.0,1.0196613250551687,quote_mid;trade_last;iv_solved;prev_iv_model
2026-05-15 13:44:50+00:00,14.07,20260618,C,15.0,2.1,2.35,2.225,2.2,0.0,2960110.0,1.5004153916305483,2.2249999999999988,0.045,0.0,2.254680196946019,quote_mid;trade_last;iv_solved;prev_iv_model
2026-05-15 13:44:50+00:00,14.07,20260618,C,20.0,0.95,1.1,1.025,1.0,0.0,2960110.0,1.5276816967446778,1.0250000000000004,0.045,0.0,1.0670626107869814,quote_mid;trade_last;iv_solved;prev_iv_model
2026-05-15 13:45:00+00:00,13.96,20260618,C,15.0,2.05,2.35,2.2,2.1,5.0,2960100.0,1.5204168877533943,2.200000000000001,0.045,0.0,2.1659959833112907,quote_mid;trade_last;iv_solved;prev_iv_model
2026-05-15 13:45:00+00:00,13.96,20260618,C,20.0,0.95,1.1,1.025,1.0,0.0,2960100.0,1.5499981434376613,1.0250000000000017,0.045,0.0,0.9917020259650324,quote_mid;trade_last;iv_solved;prev_iv_model
2026-05-15 13:45:10+00:00,13.97,20260618,C,15.0,2.05,2.35,2.2,2.1,0.0,2960090.0,1.5172723268098038,2.200000000000001,0.045,0.0,2.205348115170433,quote_mid;trade_last;iv_solved;prev_iv_model
2026-05-15 13:45:10+00:00,13.97,20260618,C,20.0,0.95,1.1,1.025,1.0,0.0,2960090.0,1.5479664243862485,1.0249999999999995,0.045,0.0,1.0280461891674357,quote_mid;trade_last;iv_solved;prev_iv_model
2026-05-15 13:45:20+00:00,13.93,20260618,C,15.0,2.0,2.35,2.175,2.1,0.0,2960080.0,1.5151304181449579,2.175,0.045,0.0,2.178634537047161,quote_mid;trade_last;iv_solved;prev_iv_model
2026-05-15 13:45:20+00:00,13.93,20260618,C,20.0,0.95,1.05,1.0,1.0,0.0,2960080.0,1.5393324430568165,1.0000000000000004,0.045,0.0,1.0128452456404582,quote_mid;trade_last;iv_solved;prev_iv_model
2026-05-15 13:45:30+00:00,13.95,20260618,C,15.0,2.0,2.35,2.175,2.1,0.0,2960070.0,1.5088564561985338,2.174999999999999,0.045,0.0,2.1856595530690504,quote_mid;trade_last;iv_solved;prev_iv_model
2026-05-15 13:45:30+00:00,13.95,20260618,C,20.0,0.9,1.05,0.9750000000000001,1.0,0.0,2960070.0,1.5184395382139741,0.9750000000000014,0.045,0.0,1.0060222363214169,quote_mid;trade_last;iv_solved;prev_iv_model
2026-05-15 13:45:40+00:00,13.88,20260618,C,15.0,2.0,2.35,2.175,2.1,0.0,2960060.0,1.5308323996967403,2.175,0.045,0.0,2.1378238422210556,quote_mid;trade_last;iv_solved;prev_iv_model
2026-05-15 13:45:40+00:00,13.88,20260618,C,20.0,0.9,1.05,0.9750000000000001,1.0,0.0,2960060.0,1.5325284592137742,0.9749999999999996,0.045,0.0,0.9543286984057078,quote_mid;trade_last;iv_solved;prev_iv_model
2026-05-15 13:45:50+00:00,13.84,20260618,C,15.0,1.95,2.35,2.15,2.0,1.0,2960050.0,1.5285800248811547,2.1499999999999995,0.045,0.0,2.1538003168910516,quote_mid;trade_last;iv_solved;prev_iv_model
2026-05-15 13:45:50+00:00,13.84,20260618,C,20.0,0.9,1.05,0.9750000000000001,1.0,0.0,2960050.0,1.5406063210666305,0.9750000000000005,0.045,0.0,0.9631750298422537,quote_mid;trade_last;iv_solved;prev_iv_model
2026-05-15 13:46:00+00:00,13.875,20260618,C,15.0,1.95,2.35,2.15,2.0,0.0,2960040.0,1.5176235692145528,2.1499999999999995,0.045,0.0,2.1685279528805124,quote_mid;trade_last;iv_solved;prev_iv_model
2026-05-15 13:46:00+00:00,13.875,20260618,C,20.0,0.9,1.05,0.9750000000000001,1.0,0.0,2960040.0,1.5335420677056293,0.975000000000001,0.045,0.0,0.9853989382846642,quote_mid;trade_last;iv_solved;prev_iv_model
2026-05-15 13:46:10+00:00,13.8201,20260618,C,15.0,1.95,2.35,2.15,2.0,0.0,2960030.0,1.5348183459959959,2.1500000000000004,0.045,0.0,2.121021930216271,quote_mid;trade_last;iv_solved;prev_iv_model
2026-05-15 13:46:10+00:00,13.8201,20260618,C,20.0,0.9,1.05,0.9750000000000001,1.0,0.0,2960030.0,1.5446361299017077,0.9750000000000001,0.045,0.0,0.9587953625360037,quote_mid;trade_last;iv_solved;prev_iv_model
2026-05-15 13:46:20+00:00,13.8,20260618,C,15.0,1.95,2.35,2.15,2.0,0.0,2960020.0,1.5411183317609796,2.1499999999999995,0.045,0.0,2.1393981774623994,quote_mid;trade_last;iv_solved;prev_iv_model
2026-05-15 13:46:20+00:00,13.8,20260618,C,20.0,0.9,1.05,0.9750000000000001,1.0,0.0,2960020.0,1.548708587135582,0.975000000000001,0.045,0.0,0.9690541371747785,quote_mid;trade_last;iv_solved;prev_iv_model
2026-05-15 13:46:30+00:00,13.82,20260618,C,15.0,1.95,2.35,2.15,2.0,0.0,2960010.0,1.5348549443295685,2.1499999999999995,0.045,0.0,2.160553245920645,quote_mid;trade_last;iv_solved;prev_iv_model
2026-05-15 13:46:30+00:00,13.82,20260618,C,20.0,0.9,1.05,0.9750000000000001,1.0,0.0,2960010.0,1.5446616449124635,0.9750000000000001,0.045,0.0,0.9809268805827376,quote_mid;trade_last;iv_solved;prev_iv_model
2026-05-15 13:46:40+00:00,13.81,20260618,C,15.0,1.95,2.35,2.15,2.0,7.0,2960000.0,1.5379903944989084,2.1500000000000012,0.045,0.0,2.144720162918561,quote_mid;trade_last;iv_solved;prev_iv_model
2026-05-15 13:46:40+00:00,13.81,20260618,C,20.0,0.9,1.05,0.9750000000000001,1.0,0.0,2960000.0,1.5466884812163144,0.975000000000001,0.045,0.0,0.9720372565867894,quote_mid;trade_last;iv_solved;prev_iv_model
2026-05-15 13:46:50+00:00,13.765,20260618,C,15.0,1.95,2.1,2.025,2.0,0.0,2959990.0,1.4776794408712002,2.0250000000000012,0.045,0.0,2.1263173850154997,quote_mid;trade_last;iv_solved;prev_iv_model
2026-05-15 13:46:50+00:00,13.765,20260618,C,20.0,0.9,1.05,0.9750000000000001,1.0,0.0,2959990.0,1.5558149457125436,0.9750000000000019,0.045,0.0,0.9617259695042497,quote_mid;trade_last;iv_solved;prev_iv_model
2026-05-15 13:47:00+00:00,13.76,20260618,C,15.0,1.95,2.05,2.0,2.0,0.0,2959980.0,1.46434477556764,2.0,0.045,0.0,2.0224050198873185,quote_mid;trade_last;iv_solved;prev_iv_model
2026-05-15 13:47:00+00:00,13.76,20260618,C,20.0,0.9,1.05,0.9750000000000001,1.0,0.0,2959980.0,1.5568328787581716,0.9750000000000001,0.045,0.0,0.9735179692099898,quote_mid;trade_last;iv_solved;prev_iv_model
2026-05-15 13:47:10+00:00,13.77,20260618,C,15.0,2.0,2.3,2.15,2.0,1.0,2959970.0,1.5505339275841217,2.1500000000000004,0.045,0.0,2.0051641003803153,quote_mid;trade_last;iv_solved;prev_iv_model
2026-05-15 13:47:10+00:00,13.77,20260618,C,20.0,0.9,1.05,0.9750000000000001,1.0,0.0,2959970.0,1.5548052902402567,0.9750000000000001,0.045,0.0,0.9779560421591489,quote_mid;trade_last;iv_solved;prev_iv_model
2026-05-15 13:47:20+00:00,13.815,20260618,C,15.0,1.95,2.3,2.125,2.0,0.0,2959960.0,1.5215946028626708,2.125,0.045,0.0,2.173746365846422,quote_mid;trade_last;iv_solved;prev_iv_model
2026-05-15 13:47:20+00:00,13.815,20260618,C,20.0,0.9,1.05,0.9750000000000001,0.95,2.0,2959960.0,1.5456867982449563,0.9749999999999996,0.045,0.0,0.9883603787199164,quote_mid;trade_last;iv_solved;prev_iv_model
2026-05-15 13:47:30+00:00,13.825,20260618,C,15.0,1.95,2.3,2.125,2.0,0.0,2959950.0,1.518474582120073,2.125,0.045,0.0,2.130260222555542,quote_mid;trade_last;iv_solved;prev_iv_model
2026-05-15 13:47:30+00:00,13.825,20260618,C,20.0,0.9,1.05,0.9750000000000001,0.95,0.0,2959950.0,1.5436658258128153,0.975000000000001,0.045,0.0,0.9779599421388498,quote_mid;trade_last;iv_solved;prev_iv_model
2026-05-15 13:47:40+00:00,13.81,20260618,C,15.0,1.95,2.3,2.125,2.0,0.0,2959940.0,1.5231612938678811,2.125,0.045,0.0,2.1171058877969378,quote_mid;trade_last;iv_solved;prev_iv_model
2026-05-15 13:47:40+00:00,13.81,20260618,C,20.0,0.9,1.05,0.9750000000000001,0.95,0.0,2959940.0,1.546704339671428,0.9750000000000019,0.045,0.0,0.9705592626948318,quote_mid;trade_last;iv_solved;prev_iv_model
2026-05-15 13:47:50+00:00,13.81,20260618,C,15.0,1.95,2.3,2.125,2.0,0.0,2959930.0,1.523163910373584,2.125,0.045,0.0,2.1249955930450417,quote_mid;trade_last;iv_solved;prev_iv_model
2026-05-15 13:47:50+00:00,13.81,20260618,C,20.0,0.9,1.1,1.0,0.95,0.0,2959930.0,1.5637535450324487,1.0000000000000004,0.045,0.0,0.9749961350717973,quote_mid;trade_last;iv_solved;prev_iv_model
2026-05-15 13:48:00+00:00,13.85,20260618,C,15.0,1.95,2.3,2.125,2.0,0.0,2959920.0,1.5106773818899266,2.125,0.045,0.0,2.1460852942093407,quote_mid;trade_last;iv_solved;prev_iv_model
2026-05-15 13:48:00+00:00,13.85,20260618,C,20.0,0.9,1.1,1.0,0.95,0.0,2959920.0,1.5556098293131981,1.0000000000000009,0.045,0.0,1.0120343237537437,quote_mid;trade_last;iv_solved;prev_iv_model
2026-05-15 13:48:10+00:00,13.87,20260618,C,15.0,1.95,2.3,2.125,2.0,0.0,2959910.0,1.5044374875018103,2.125000000000001,0.045,0.0,2.135551654360868,quote_mid;trade_last;iv_solved;prev_iv_model
2026-05-15 13:48:10+00:00,13.87,20260618,C,20.0,0.9,1.1,1.0,0.95,0.0,2959910.0,1.5515465098672658,0.9999999999999991,0.045,0.0,1.0060104174080342,quote_mid;trade_last;iv_solved;prev_iv_model
2026-05-15 13:48:20+00:00,13.86,20260618,C,15.0,1.95,2.25,2.1,2.1,1.0,2959900.0,1.492769851693406,2.0999999999999988,0.045,0.0,2.1197209694961963,quote_mid;trade_last;iv_solved;prev_iv_model
2026-05-15 13:48:20+00:00,13.86,20260618,C,20.0,0.9,1.1,1.0,0.95,0.0,2959900.0,1.5535815543720815,0.9999999999999996,0.045,0.0,0.9969953721483735,quote_mid;trade_last;iv_solved;prev_iv_model
2026-05-15 13:48:30+00:00,13.885,20260618,C,15.0,1.95,2.2,2.075,2.1,5.0,2959890.0,1.4702322109189359,2.075,0.045,0.0,2.1131637180353504,quote_mid;trade_last;iv_solved;prev_iv_model
2026-05-15 13:48:30+00:00,13.885,20260618,C,20.0,0.9,1.1,1.0,0.95,0.0,2959890.0,1.5485054588124263,1.0000000000000004,0.045,0.0,1.0075191116536408,quote_mid;trade_last;iv_solved;prev_iv_model
2026-05-15 13:48:40+00:00,13.96,20260618,C,15.0,1.95,2.2,2.075,2.1,1.0,2959880.0,1.4469850929433736,2.0749999999999993,0.045,0.0,2.1145612009089936,quote_mid;trade_last;iv_solved;prev_iv_model
2026-05-15 13:48:40+00:00,13.96,20260618,C,20.0,0.9,1.1,1.0,0.95,0.0,2959880.0,1.5333162891868328,1.0000000000000018,0.045,0.0,1.0226779677230615,quote_mid;trade_last;iv_solved;prev_iv_model
2026-05-15 13:48:50+00:00,13.94,20260618,C,15.0,1.95,2.2,2.075,2.1,0.0,2959870.0,1.453186484427495,2.075000000000001,0.045,0.0,2.064457830262742,quote_mid;trade_last;iv_solved;prev_iv_model
2026-05-15 13:48:50+00:00,13.94,20260618,C,20.0,0.9,1.1,1.0,0.95,0.0,2959870.0,1.537363592401598,1.0000000000000009,0.045,0.0,0.9939866445449734,quote_mid;trade_last;iv_solved;prev_iv_model
2026-05-15 13:49:00+00:00,13.93,20260618,C,15.0,1.95,2.2,2.075,2.1,0.0,2959860.0,1.4562886862491426,2.0749999999999993,0.045,0.0,2.069730005975684,quote_mid;trade_last;iv_solved;prev_iv_model
2026-05-15 13:49:00+00:00,13.93,20260618,C,20.0,0.9,1.1,1.0,0.95,0.0,2959860.0,1.5393903236991155,1.0,0.045,0.0,0.9969902211401065,quote_mid;trade_last;iv_solved;prev_iv_model
2026-05-15 13:49:10+00:00,13.985,20260618,C,15.0,1.95,2.2,2.075,2.1,0.0,2959850.0,1.4392446878990017,2.075000000000002,0.045,0.0,2.1040541284375758,quote_mid;trade_last;iv_solved;prev_iv_model
2026-05-15 13:49:10+00:00,13.985,20260618,C,20.0,0.9,1.1,1.0,0.95,0.0,2959850.0,1.5282748463446603,1.0,0.045,0.0,1.0166189943538457,quote_mid;trade_last;iv_solved;prev_iv_model
2026-05-15 13:49:20+00:00,14.0,20260618,C,15.0,1.95,2.2,2.075,2.1,0.0,2959840.0,1.434598768806565,2.0749999999999993,0.045,0.0,2.082928374101984,quote_mid;trade_last;iv_solved;prev_iv_model
2026-05-15 13:49:20+00:00,14.0,20260618,C,20.0,0.9,1.1,1.0,0.95,0.0,2959840.0,1.5252513529431777,1.0,0.045,0.0,1.004520007920739,quote_mid;trade_last;iv_solved;prev_iv_model
2026-05-15 13:49:30+00:00,14.05,20260618,C,15.0,1.95,2.25,2.1,2.15,1.0,2959830.0,1.433711295393386,2.1000000000000005,0.045,0.0,2.101519038555417,quote_mid;trade_last;iv_solved;prev_iv_model
2026-05-15 13:49:30+00:00,14.05,20260618,C,20.0,0.9,1.1,1.0,0.95,0.0,2959830.0,1.515185637828513,0.9999999999999996,0.045,0.0,1.0151282114186944,quote_mid;trade_last;iv_solved;prev_iv_model
2026-05-15 13:49:40+00:00,14.06,20260618,C,15.0,1.95,2.25,2.1,2.15,0.0,2959820.0,1.4306057471099085,2.1000000000000014,0.045,0.0,2.105318884766124,quote_mid;trade_last;iv_solved;prev_iv_model
2026-05-15 13:49:40+00:00,14.06,20260618,C,20.0,0.9,1.1,1.0,0.95,0.0,2959820.0,1.513177992194374,0.9999999999999991,0.045,0.0,1.0030158154119544,quote_mid;trade_last;iv_solved;prev_iv_model
2026-05-15 13:49:50+00:00,14.045,20260618,C,15.0,1.95,2.25,2.1,2.15,0.0,2959810.0,1.4352702550987493,2.1000000000000005,0.045,0.0,2.0920181798928157,quote_mid;trade_last;iv_solved;prev_iv_model
2026-05-15 13:49:50+00:00,14.045,20260618,C,20.0,0.9,1.1,1.0,0.95,0.0,2959810.0,1.5161963655873425,1.0000000000000004,0.045,0.0,0.9954753937682295,quote_mid;trade_last;iv_solved;prev_iv_model
2026-05-15 13:50:00+00:00,14.09,20260618,C,15.0,1.95,2.25,2.1,2.15,0.0,2959800.0,1.421286722357594,2.0999999999999988,0.045,0.0,2.1239928508800983,quote_mid;trade_last;iv_solved;prev_iv_model
2026-05-15 13:50:00+00:00,14.09,20260618,C,20.0,0.9,1.1,1.0,0.95,0.0,2959800.0,1.507159246488801,1.0,0.045,0.0,1.0136250634286008,quote_mid;trade_last;iv_solved;prev_iv_model
2026-05-15 13:50:10+00:00,14.04,20260618,C,15.0,1.95,2.25,2.1,2.15,0.0,2959790.0,1.436829238310895,2.1000000000000014,0.045,0.0,2.0734097747762457,quote_mid;trade_last;iv_solved;prev_iv_model
2026-05-15 13:50:10+00:00,14.04,20260618,C,20.0,0.9,1.1,1.0,0.95,0.0,2959790.0,1.5172073855154342,1.0000000000000009,0.045,0.0,0.984961933317213,quote_mid;trade_last;iv_solved;prev_iv_model
2026-05-15 13:50:20+00:00,13.97,20260618,C,15.0,1.95,2.25,2.1,2.15,0.0,2959780.0,1.4585907200931585,2.0999999999999988,0.045,0.0,2.0629379182446073,quote_mid;trade_last;iv_solved;prev_iv_model
2026-05-15 13:50:20+00:00,13.97,20260618,C,20.0,0.9,1.1,1.0,0.95,0.0,2959780.0,1.5313218793860424,1.0,0.045,0.0,0.979013276573037,quote_mid;trade_last;iv_solved;prev_iv_model
2026-05-15 13:50:30+00:00,13.935,20260618,C,15.0,1.95,2.1,2.025,2.1,1.0,2959770.0,1.4253444792279066,2.0249999999999995,0.045,0.0,2.081507006493756,quote_mid;trade_last;iv_solved;prev_iv_model
2026-05-15 13:50:30+00:00,13.935,20260618,C,20.0,0.9,1.1,1.0,0.95,0.0,2959770.0,1.538401789945636,0.9999999999999996,0.045,0.0,0.989490851555729,quote_mid;trade_last;iv_solved;prev_iv_model
2026-05-15 13:50:40+00:00,13.9,20260618,C,15.0,1.95,2.1,2.025,2.1,0.0,2959760.0,1.4361283211879128,2.0250000000000012,0.045,0.0,2.0067078161826393,quote_mid;trade_last;iv_solved;prev_iv_model
2026-05-15 13:50:40+00:00,13.9,20260618,C,20.0,0.9,1.1,1.0,0.95,0.0,2959760.0,1.5454961217485845,1.0,0.045,0.0,0.9895000406530805,quote_mid;trade_last;iv_solved;prev_iv_model
2026-05-15 13:50:50+00:00,13.9442,20260618,C,15.0,1.95,2.1,2.025,2.1,0.0,2959750.0,1.4225156799430536,2.0250000000000004,0.045,0.0,2.0481546373069683,quote_mid;trade_last;iv_solved;prev_iv_model
2026-05-15 13:50:50+00:00,13.9442,20260618,C,20.0,0.9,1.1,1.0,0.95,0.0,2959750.0,1.5365453362733206,0.9999999999999991,0.045,0.0,1.0133322381575591,quote_mid;trade_last;iv_solved;prev_iv_model
2026-05-15 13:51:00+00:00,13.88,20260618,C,15.0,1.95,2.1,2.025,2.1,0.0,2959740.0,1.4422949564740515,2.0249999999999986,0.045,0.0,1.9914925522208717,quote_mid;trade_last;iv_solved;prev_iv_model
2026-05-15 13:51:00+00:00,13.88,20260618,C,20.0,0.9,1.1,1.0,0.95,0.0,2959740.0,1.5495603350019498,0.9999999999999996,0.045,0.0,0.9807886343830856,quote_mid;trade_last;iv_solved;prev_iv_model
2026-05-15 13:51:10+00:00,13.88,20260618,C,15.0,1.95,2.1,2.025,2.1,0.0,2959730.0,1.4422974369667836,2.0249999999999995,0.045,0.0,2.0249957984768026,quote_mid;trade_last;iv_solved;prev_iv_model
2026-05-15 13:51:10+00:00,13.88,20260618,C,20.0,0.9,1.1,1.0,0.95,0.0,2959730.0,1.5495629833125384,1.0000000000000004,0.045,0.0,0.9999960821907625,quote_mid;trade_last;iv_solved;prev_iv_model
2026-05-15 13:51:20+00:00,13.88,20260618,C,15.0,1.95,2.1,2.025,2.1,0.0,2959720.0,1.4422999174720106,2.0250000000000012,0.045,0.0,2.024995798462731,quote_mid;trade_last;iv_solved;prev_iv_model
2026-05-15 13:51:20+00:00,13.88,20260618,C,20.0,0.9,1.1,1.0,0.95,0.0,2959720.0,1.549565631636498,1.0000000000000004,0.045,0.0,0.9999960821776224,quote_mid;trade_last;iv_solved;prev_iv_model
2026-05-15 13:51:30+00:00,13.92,20260618,C,15.0,1.95,2.1,2.025,2.1,0.0,2959710.0,1.4299796133287255,2.0249999999999986,0.045,0.0,2.0459226563636115,quote_mid;trade_last;iv_solved;prev_iv_model
2026-05-15 13:51:30+00:00,13.92,20260618,C,20.0,0.9,1.1,1.0,0.95,0.0,2959710.0,1.5414551230289844,1.0,0.045,0.0,1.0120546242093402,quote_mid;trade_last;iv_solved;prev_iv_model
2026-05-15 13:51:40+00:00,13.9,20260618,C,15.0,1.95,2.1,2.025,2.1,0.0,2959700.0,1.4361431423491515,2.0249999999999986,0.045,0.0,2.0145455229525346,quote_mid;trade_last;iv_solved;prev_iv_model
2026-05-15 13:51:40+00:00,13.9,20260618,C,20.0,0.9,1.1,1.0,0.95,0.0,2959700.0,1.5455119706712712,1.0000000000000009,0.045,0.0,0.9939926287947158,quote_mid;trade_last;iv_solved;prev_iv_model
2026-05-15 13:51:50+00:00,13.91,20260618,C,15.0,1.95,2.1,2.025,2.1,0.0,2959690.0,1.433064996216166,2.0250000000000004,0.045,0.0,2.030224242378825,quote_mid;trade_last;iv_solved;prev_iv_model
2026-05-15 13:51:50+00:00,13.91,20260618,C,20.0,0.9,1.1,1.0,0.95,0.0,2959690.0,1.543486910787586,0.9999999999999996,0.045,0.0,1.003004271748876,quote_mid;trade_last;iv_solved;prev_iv_model
2026-05-15 13:52:00+00:00,13.94,20260618,C,15.0,1.95,2.1,2.025,2.1,0.0,2959680.0,1.4238264626050783,2.0250000000000012,0.045,0.0,2.040710406197774,quote_mid;trade_last;iv_solved;prev_iv_model
2026-05-15 13:52:00+00:00,13.94,20260618,C,20.0,0.9,1.1,1.0,0.95,0.0,2959680.0,1.5374135204374144,0.9999999999999996,0.045,0.0,1.009038744872222,quote_mid;trade_last;iv_solved;prev_iv_model
2026-05-15 13:52:10+00:00,13.96,20260618,C,15.0,1.95,2.1,2.025,2.1,0.0,2959670.0,1.417668821525476,2.0250000000000012,0.045,0.0,2.0354854486566527,quote_mid;trade_last;iv_solved;prev_iv_model
2026-05-15 13:52:10+00:00,13.96,20260618,C,20.0,0.9,1.1,1.0,0.95,0.0,2959670.0,1.5333713298829577,1.0000000000000004,0.045,0.0,1.0060237436423742,quote_mid;trade_last;iv_solved;prev_iv_model
2026-05-15 13:52:20+00:00,13.9599,20260618,C,15.0,1.95,2.1,2.025,2.1,0.0,2959660.0,1.4177020604617145,2.0250000000000004,0.045,0.0,2.0249433971854494,quote_mid;trade_last;iv_solved;prev_iv_model
2026-05-15 13:52:20+00:00,13.9599,20260618,C,20.0,0.9,1.1,1.0,0.95,0.0,2959660.0,1.5333941635024377,0.9999999999999996,0.045,0.0,0.9999659965192049,quote_mid;trade_last;iv_solved;prev_iv_model
2026-05-15 13:52:30+00:00,13.96,20260618,C,15.0,1.95,2.45,2.2,2.1,11.0,2959650.0,1.5205344595399621,2.2,0.045,0.0,2.0250482949735185,quote_mid;trade_last;iv_solved;prev_iv_model
2026-05-15 13:52:30+00:00,13.96,20260618,C,20.0,0.9,1.1,1.0,0.95,0.0,2959650.0,1.5333765721583386,0.9999999999999991,0.045,0.0,1.0000261971151758,quote_mid;trade_last;iv_solved;prev_iv_model
2026-05-15 13:52:40+00:00,13.98,20260618,C,15.0,1.95,2.45,2.2,2.1,0.0,2959640.0,1.5142425193677123,2.200000000000002,0.045,0.0,2.2107067691836217,quote_mid;trade_last;iv_solved;prev_iv_model
2026-05-15 13:52:40+00:00,13.98,20260618,C,20.0,0.9,1.1,1.0,0.95,0.0,2959640.0,1.529339024751362,1.0000000000000004,0.045,0.0,1.0060267874872948,quote_mid;trade_last;iv_solved;prev_iv_model
2026-05-15 13:52:50+00:00,13.923,20260618,C,15.0,1.95,2.45,2.2,2.1,0.0,2959630.0,1.5321876631707858,2.2,0.045,0.0,2.1695687401327195,quote_mid;trade_last;iv_solved;prev_iv_model
2026-05-15 13:52:50+00:00,13.923,20260618,C,20.0,0.9,1.1,1.0,0.95,0.0,2959630.0,1.5408684695813073,0.9999999999999987,0.045,0.0,0.9829165647521534,quote_mid;trade_last;iv_solved;prev_iv_model
2026-05-15 13:53:00+00:00,13.93,20260618,C,15.0,1.95,2.45,2.2,2.1,0.0,2959620.0,1.5299862957367871,2.2,0.045,0.0,2.203733978274463,quote_mid;trade_last;iv_solved;prev_iv_model
2026-05-15 13:53:00+00:00,13.93,20260618,C,20.0,0.9,1.1,1.0,0.95,0.0,2959620.0,1.5394534735495555,0.9999999999999996,0.045,0.0,1.0021024612710345,quote_mid;trade_last;iv_solved;prev_iv_model
2026-05-15 13:53:10+00:00,13.94,20260618,C,15.0,1.95,2.2,2.075,2.1,0.0,2959610.0,1.4532514640466654,2.0749999999999993,0.045,0.0,2.2053391497082933,quote_mid;trade_last;iv_solved;prev_iv_model
2026-05-15 13:53:10+00:00,13.94,20260618,C,20.0,0.9,1.1,1.0,0.95,0.0,2959610.0,1.537431916184135,1.0000000000000004,0.045,0.0,1.0030065121505323,quote_mid;trade_last;iv_solved;prev_iv_model
2026-05-15 13:53:20+00:00,13.93,20260618,C,15.0,1.95,2.2,2.075,2.1,0.0,2959600.0,1.4563538009865664,2.075000000000002,0.045,0.0,2.0697300077304925,quote_mid;trade_last;iv_solved;prev_iv_model
2026-05-15 13:53:20+00:00,13.93,20260618,C,20.0,0.9,1.1,1.0,0.95,0.0,2959600.0,1.5394587363824654,1.0000000000000004,0.045,0.0,0.9969902217485336,quote_mid;trade_last;iv_solved;prev_iv_model
2026-05-15 13:53:30+00:00,13.96,20260618,C,15.0,1.95,2.2,2.075,2.1,0.0,2959590.0,1.4470572697510362,2.075000000000001,0.045,0.0,2.090821803779595,quote_mid;trade_last;iv_solved;prev_iv_model
2026-05-15 13:53:30+00:00,13.96,20260618,C,20.0,0.9,1.1,1.0,0.95,0.0,2959590.0,1.5333922993020592,0.9999999999999996,0.045,0.0,1.00904325181734,quote_mid;trade_last;iv_solved;prev_iv_model
2026-05-15 13:53:40+00:00,13.99,20260618,C,15.0,2.0,2.2,2.1,2.1,0.0,2959580.0,1.452423247565311,2.0999999999999988,0.045,0.0,2.0908508774189345,quote_mid;trade_last;iv_solved;prev_iv_model
2026-05-15 13:53:40+00:00,13.99,20260618,C,20.0,0.9,1.1,1.0,0.95,0.0,2959580.0,1.5273363501782664,1.0,0.045,0.0,1.0090500983182382,quote_mid;trade_last;iv_solved;prev_iv_model
2026-05-15 13:53:50+00:00,14.0,20260618,C,15.0,2.0,2.2,2.1,2.1,0.0,2959570.0,1.449317119253517,2.1000000000000014,0.045,0.0,2.1052990423413105,quote_mid;trade_last;iv_solved;prev_iv_model
2026-05-15 13:53:50+00:00,14.0,20260618,C,20.0,0.9,1.1,1.0,0.95,0.0,2959570.0,1.5253217551703333,1.0000000000000004,0.045,0.0,1.0030110948354856,quote_mid;trade_last;iv_solved;prev_iv_model
2026-05-15 13:54:00+00:00,14.0175,20260618,C,15.0,2.0,2.2,2.1,2.1,0.0,2959560.0,1.4438797753674564,2.0999999999999996,0.045,0.0,2.109286419933751,quote_mid;trade_last;iv_solved;prev_iv_model
2026-05-15 13:54:00+00:00,14.0175,20260618,C,20.0,0.9,1.1,1.0,0.95,0.0,2959560.0,1.5217970242908034,1.0000000000000009,0.045,0.0,1.0052771928695141,quote_mid;trade_last;iv_solved;prev_iv_model
2026-05-15 13:54:10+00:00,14.03,20260618,C,15.0,2.0,2.2,2.1,2.1,0.0,2959550.0,1.4399968297103434,2.1000000000000005,0.045,0.0,2.1066371329100866,quote_mid;trade_last;iv_solved;prev_iv_model
2026-05-15 13:54:10+00:00,14.03,20260618,C,20.0,0.9,1.1,1.0,0.95,0.0,2959550.0,1.519282251254881,1.0,0.045,0.0,1.003768357343739,quote_mid;trade_last;iv_solved;prev_iv_model
2026-05-15 13:54:20+00:00,14.05,20260618,C,15.0,2.0,2.2,2.1,2.1,0.0,2959540.0,1.4337828364629535,2.0999999999999996,0.045,0.0,2.11063505113081,quote_mid;trade_last;iv_solved;prev_iv_model
2026-05-15 13:54:20+00:00,14.05,20260618,C,20.0,0.9,1.1,1.0,0.95,0.0,2959540.0,1.515260764506249,0.9999999999999987,0.045,0.0,1.0060376794057104,quote_mid;trade_last;iv_solved;prev_iv_model
2026-05-15 13:54:30+00:00,14.1,20260618,C,15.0,2.0,2.2,2.1,2.1,0.0,2959530.0,1.4182446410369396,2.1000000000000014,0.045,0.0,2.1266756295811904,quote_mid;trade_last;iv_solved;prev_iv_model
2026-05-15 13:54:30+00:00,14.1,20260618,C,20.0,0.9,1.1,1.0,0.95,0.0,2959530.0,1.5052230227221721,0.9999999999999991,0.045,0.0,1.0151480747074375,quote_mid;trade_last;iv_solved;prev_iv_model
2026-05-15 13:54:40+00:00,14.06,20260618,C,15.0,2.1,2.2,2.1500000000000004,2.1,0.0,2959520.0,1.459882605049645,2.1499999999999995,0.045,0.0,2.0787003507744144,quote_mid;trade_last;iv_solved;prev_iv_model
2026-05-15 13:54:40+00:00,14.06,20260618,C,20.0,0.9,1.1,1.0,0.95,0.0,2959520.0,1.5132556085640747,0.9999999999999996,0.045,0.0,0.9879548438792316,quote_mid;trade_last;iv_solved;prev_iv_model
2026-05-15 13:54:50+00:00,14.09,20260618,C,15.0,2.1,2.2,2.1500000000000004,2.1,0.0,2959510.0,1.4505048608776683,2.150000000000002,0.045,0.0,2.166080110792138,quote_mid;trade_last;iv_solved;prev_iv_model
2026-05-15 13:54:50+00:00,14.09,20260618,C,20.0,0.9,1.1,1.0,0.95,0.0,2959510.0,1.5072339822818739,0.9999999999999996,0.045,0.0,1.0090736597536898,quote_mid;trade_last;iv_solved;prev_iv_model
2026-05-15 13:55:00+00:00,14.09,20260618,C,15.0,2.1,2.2,2.1500000000000004,2.15,2.0,2959500.0,1.4505073564401956,2.1500000000000004,0.045,0.0,2.1499957203941227,quote_mid;trade_last;iv_solved;prev_iv_model
2026-05-15 13:55:00+00:00,14.09,20260618,C,20.0,0.9,1.1,1.0,0.95,0.0,2959500.0,1.5072365595733261,1.0000000000000009,0.045,0.0,0.9999961203532082,quote_mid;trade_last;iv_solved;prev_iv_model
2026-05-15 13:55:10+00:00,14.095,20260618,C,15.0,2.1,2.2,2.1500000000000004,2.15,0.0,2959490.0,1.448946522286335,2.150000000000002,0.045,0.0,2.1526774498968777,quote_mid;trade_last;iv_solved;prev_iv_model
2026-05-15 13:55:10+00:00,14.095,20260618,C,20.0,0.9,1.1,1.0,0.95,0.0,2959490.0,1.506236086847832,1.0000000000000004,0.045,0.0,1.0015069083556982,quote_mid;trade_last;iv_solved;prev_iv_model
2026-05-15 13:55:20+00:00,14.095,20260618,C,15.0,2.1,2.2,2.1500000000000004,2.15,0.0,2959480.0,1.4489490152603208,2.1500000000000004,0.045,0.0,2.149995723493329,quote_mid;trade_last;iv_solved;prev_iv_model
2026-05-15 13:55:20+00:00,14.095,20260618,C,20.0,0.9,1.1,1.0,0.95,0.0,2959480.0,1.5062386624775819,0.9999999999999991,0.045,0.0,0.9999961212581905,quote_mid;trade_last;iv_solved;prev_iv_model
2026-05-15 13:55:30+00:00,14.09,20260618,C,15.0,2.1,2.2,2.1500000000000004,2.15,0.0,2959470.0,1.4505148432032082,2.1500000000000012,0.045,0.0,2.1473147503624306,quote_mid;trade_last;iv_solved;prev_iv_model
2026-05-15 13:55:30+00:00,14.09,20260618,C,20.0,0.9,1.1,1.0,0.95,0.0,2959470.0,1.5072442915257422,1.0000000000000009,0.045,0.0,0.9984864710327881,quote_mid;trade_last;iv_solved;prev_iv_model
2026-05-15 13:55:40+00:00,14.07,20260618,C,15.0,2.1,2.2,2.1500000000000004,2.15,0.0,2959460.0,1.4567708241753854,2.1500000000000012,0.045,0.0,2.1392846739016393,quote_mid;trade_last;iv_solved;prev_iv_model
2026-05-15 13:55:40+00:00,14.07,20260618,C,20.0,0.9,1.1,1.0,0.95,0.0,2959460.0,1.5112619123261752,1.0000000000000004,0.045,0.0,0.99396636939084,quote_mid;trade_last;iv_solved;prev_iv_model
2026-05-15 13:55:50+00:00,14.06,20260618,C,15.0,2.1,2.2,2.1500000000000004,2.15,0.0,2959450.0,1.4599001839508077,2.1499999999999995,0.045,0.0,2.1446436014100456,quote_mid;trade_last;iv_solved;prev_iv_model
2026-05-15 13:55:50+00:00,14.06,20260618,C,20.0,0.9,1.1,1.0,0.95,0.0,2959450.0,1.5132737207417053,1.0,0.045,0.0,0.9969801685699866,quote_mid;trade_last;iv_solved;prev_iv_model
2026-05-15 13:56:00+00:00,14.04,20260618,C,15.0,2.0,2.2,2.1,2.15,5.0,2959440.0,1.4369157658983638,2.0999999999999996,0.045,0.0,2.139304353556171,quote_mid;trade_last;iv_solved;prev_iv_model
2026-05-15 13:56:00+00:00,14.04,20260618,C,20.0,1.0,1.1,1.05,0.95,0.0,2959440.0,1.5504705157146184,1.0500000000000003,0.045,0.0,0.9939711630159715,quote_mid;trade_last;iv_solved;prev_iv_model
2026-05-15 13:56:10+00:00,14.085,20260618,C,15.0,2.0,2.2,2.1,2.15,0.0,2959430.0,1.4229313176909306,2.0999999999999996,0.045,0.0,2.123985282236265,quote_mid;trade_last;iv_solved;prev_iv_model
2026-05-15 13:56:10+00:00,14.085,20260618,C,20.0,0.9,1.1,1.0,1.05,1.0,2959430.0,1.5082579430626448,0.9999999999999996,0.045,0.0,1.0639564336320064,quote_mid;trade_last;iv_solved;prev_iv_model
2026-05-15 13:56:20+00:00,14.13,20260618,C,15.0,2.0,2.2,2.1,2.15,0.0,2959420.0,1.4089467192720027,2.1000000000000005,0.045,0.0,2.124054001759176,quote_mid;trade_last;iv_solved;prev_iv_model
2026-05-15 13:56:20+00:00,14.13,20260618,C,20.0,0.9,1.1,1.0,1.05,0.0,2959420.0,1.499240545635446,1.0000000000000009,0.045,0.0,1.0136396230197104,quote_mid;trade_last;iv_solved;prev_iv_model
2026-05-15 13:56:30+00:00,14.04,20260618,C,15.0,2.05,2.2,2.125,2.1,3.0,2959410.0,1.4515415098670537,2.125,0.045,0.0,2.0521350695391884,quote_mid;trade_last;iv_solved;prev_iv_model
2026-05-15 13:56:30+00:00,14.04,20260618,C,20.0,0.9,1.1,1.0,1.05,0.0,2959410.0,1.5173059602024166,0.9999999999999991,0.045,0.0,0.9730022752366314,quote_mid;trade_last;iv_solved;prev_iv_model
2026-05-15 13:56:40+00:00,14.01,20260618,C,15.0,2.05,2.2,2.125,2.1,0.0,2959400.0,1.4608976573220107,2.124999999999999,0.045,0.0,2.109031177367057,quote_mid;trade_last;iv_solved;prev_iv_model
2026-05-15 13:56:40+00:00,14.01,20260618,C,20.0,0.9,1.1,1.0,1.05,0.0,2959400.0,1.5233499789455078,1.0000000000000009,0.045,0.0,0.9909714357649442,quote_mid;trade_last;iv_solved;prev_iv_model
2026-05-15 13:56:50+00:00,14.02,20260618,C,15.0,2.05,2.2,2.125,2.1,0.0,2959390.0,1.4577821700350366,2.124999999999999,0.045,0.0,2.130320196497747,quote_mid;trade_last;iv_solved;prev_iv_model
2026-05-15 13:56:50+00:00,14.02,20260618,C,20.0,0.9,1.1,1.0,1.05,0.0,2959390.0,1.521337623800632,1.0,0.045,0.0,1.0030126517932763,quote_mid;trade_last;iv_solved;prev_iv_model
2026-05-15 13:57:00+00:00,13.98,20260618,C,15.0,2.05,2.2,2.125,2.1,0.0,2959380.0,1.4702575325554506,2.1249999999999982,0.045,0.0,2.1037483753950914,quote_mid;trade_last;iv_solved;prev_iv_model
2026-05-15 13:57:00+00:00,13.98,20260618,C,20.0,0.9,1.1,1.0,1.05,0.0,2959380.0,1.5294070027242959,0.9999999999999991,0.045,0.0,0.9879801171908378,quote_mid;trade_last;iv_solved;prev_iv_model
2026-05-15 13:57:10+00:00,13.9099,20260618,C,15.0,2.0,2.2,2.1,2.1,0.0,2959370.0,1.4773824381569125,2.1000000000000005,0.045,0.0,2.0879161318663693,quote_mid;trade_last;iv_solved;prev_iv_model
2026-05-15 13:57:10+00:00,13.9099,20260618,C,20.0,0.9,1.1,1.0,1.05,0.0,2959370.0,1.5435916099586855,0.9999999999999996,0.045,0.0,0.9790156818708331,quote_mid;trade_last;iv_solved;prev_iv_model
2026-05-15 13:57:20+00:00,13.8867,20260618,C,15.0,2.0,2.2,2.1,2.1,0.0,2959360.0,1.4846014528566798,2.0999999999999988,0.045,0.0,2.0877754736219245,quote_mid;trade_last;iv_solved;prev_iv_model
2026-05-15 13:57:20+00:00,13.8867,20260618,C,20.0,0.9,1.1,1.0,1.05,0.0,2959360.0,1.5483006215155437,1.0000000000000004,0.045,0.0,0.9930357723253205,quote_mid;trade_last;iv_solved;prev_iv_model
2026-05-15 13:57:30+00:00,13.9,20260618,C,15.0,2.0,2.2,2.1,2.1,0.0,2959350.0,1.4804668024641985,2.0999999999999996,0.045,0.0,2.107007037692255,quote_mid;trade_last;iv_solved;prev_iv_model
2026-05-15 13:57:30+00:00,13.9,20260618,C,20.0,0.9,1.1,1.0,1.05,0.0,2959350.0,1.5456044322892515,1.0000000000000009,0.045,0.0,1.0039968241808297,quote_mid;trade_last;iv_solved;prev_iv_model
2026-05-15 13:57:40+00:00,13.9177,20260618,C,15.0,2.0,2.2,2.1,2.1,0.0,2959340.0,1.4749641159485876,2.1000000000000005,0.045,0.0,2.109336313473796,quote_mid;trade_last;iv_solved;prev_iv_model
2026-05-15 13:57:40+00:00,13.9177,20260618,C,20.0,0.9,1.1,1.0,1.05,0.0,2959340.0,1.5420186377947358,1.0,0.045,0.0,1.005324175672349,quote_mid;trade_last;iv_solved;prev_iv_model
2026-05-15 13:57:50+00:00,13.84,20260618,C,15.0,2.0,2.2,2.1,2.1,0.0,2959330.0,1.4991399640455363,2.1000000000000005,0.045,0.0,2.0591840609338785,quote_mid;trade_last;iv_solved;prev_iv_model
2026-05-15 13:57:50+00:00,13.84,20260618,C,20.0,0.9,1.1,1.0,1.05,0.0,2959330.0,1.5578016822646505,1.0,0.045,0.0,0.9767926224424355,quote_mid;trade_last;iv_solved;prev_iv_model
2026-05-15 13:58:00+00:00,13.7948,20260618,C,15.0,1.95,2.2,2.075,2.1,0.0,2959320.0,1.4983589608707355,2.075,0.045,0.0,2.07631456522322,quote_mid;trade_last;iv_solved;prev_iv_model
2026-05-15 13:58:00+00:00,13.7948,20260618,C,20.0,0.9,1.1,1.0,1.05,0.0,2959320.0,1.567017586911359,1.0000000000000004,0.045,0.0,0.986484515743121,quote_mid;trade_last;iv_solved;prev_iv_model
2026-05-15 13:58:10+00:00,13.81,20260618,C,15.0,1.95,2.1,2.025,2.1,0.0,2959310.0,1.4639758969602088,2.0250000000000012,0.045,0.0,2.0829436336635734,quote_mid;trade_last;iv_solved;prev_iv_model
2026-05-15 13:58:10+00:00,13.81,20260618,C,20.0,0.9,1.1,1.0,1.05,0.0,2959310.0,1.5639192360426146,1.0,0.045,0.0,1.0045590668783508,quote_mid;trade_last;iv_solved;prev_iv_model
2026-05-15 13:58:20+00:00,13.76,20260618,C,15.0,1.95,2.1,2.025,2.1,0.0,2959300.0,1.47939690982535,2.0250000000000004,0.045,0.0,1.999092616373586,quote_mid;trade_last;iv_solved;prev_iv_model
2026-05-15 13:58:20+00:00,13.76,20260618,C,20.0,0.9,1.1,1.0,1.05,0.0,2959300.0,1.5741333040644379,1.0000000000000009,0.045,0.0,0.985066486641132,quote_mid;trade_last;iv_solved;prev_iv_model
2026-05-15 13:58:30+00:00,13.7502,20260618,C,15.0,1.9,2.1,2.0,2.1,0.0,2959290.0,1.4675313452681769,2.000000000000001,0.045,0.0,2.0199209139936762,quote_mid;trade_last;iv_solved;prev_iv_model
2026-05-15 13:58:30+00:00,13.7502,20260618,C,20.0,0.9,1.1,1.0,1.05,0.0,2959290.0,1.5761410232245114,1.0,0.045,0.0,0.9970629122973671,quote_mid;trade_last;iv_solved;prev_iv_model
2026-05-15 13:58:40+00:00,13.675,20260618,C,15.0,1.9,2.1,2.0,2.1,0.0,2959280.0,1.4906646133009054,2.0,0.045,0.0,1.9613593509675846,quote_mid;trade_last;iv_solved;prev_iv_model
2026-05-15 13:58:40+00:00,13.675,20260618,C,20.0,0.9,1.1,1.0,1.05,0.0,2959280.0,1.59156890913677,1.0000000000000009,0.045,0.0,0.9776223319793669,quote_mid;trade_last;iv_solved;prev_iv_model
2026-05-15 13:58:50+00:00,13.6804,20260618,C,15.0,1.9,2.1,2.0,2.1,0.0,2959270.0,1.4890054458598003,2.0000000000000018,0.045,0.0,2.002772118605373,quote_mid;trade_last;iv_solved;prev_iv_model
2026-05-15 13:58:50+00:00,13.6804,20260618,C,20.0,0.9,1.1,1.0,1.05,0.0,2959270.0,1.5904616133859428,1.0,0.045,0.0,1.001611333931148,quote_mid;trade_last;iv_solved;prev_iv_model
2026-05-15 13:59:00+00:00,13.6683,20260618,C,15.0,1.9,2.1,2.0,2.1,0.0,2959260.0,1.4927316879312875,2.0,0.045,0.0,1.9937793963571044,quote_mid;trade_last;iv_solved;prev_iv_model
2026-05-15 13:59:00+00:00,13.6683,20260618,C,20.0,0.9,1.1,1.0,1.05,0.0,2959260.0,1.592952101055062,1.0000000000000004,0.045,0.0,0.9963816879374314,quote_mid;trade_last;iv_solved;prev_iv_model
2026-05-15 13:59:10+00:00,13.6201,20260618,C,15.0,1.9,2.1,2.0,2.1,0.0,2959250.0,1.507573985843051,2.0000000000000018,0.045,0.0,1.9753057052387408,quote_mid;trade_last;iv_solved;prev_iv_model
2026-05-15 13:59:10+00:00,13.6201,20260618,C,20.0,0.9,1.1,1.0,0.95,21.0,2959250.0,1.6028831574846967,1.0000000000000004,0.045,0.0,0.9856474404667113,quote_mid;trade_last;iv_solved;prev_iv_model
2026-05-15 13:59:20+00:00,13.645,20260618,C,15.0,1.9,2.1,2.0,2.1,0.0,2959240.0,1.4999090507643258,2.0,0.045,0.0,2.012774046426676,quote_mid;trade_last;iv_solved;prev_iv_model
2026-05-15 13:59:20+00:00,13.645,20260618,C,20.0,0.9,1.1,1.0,0.95,0.0,2959240.0,1.5977532589342003,0.9999999999999996,0.045,0.0,1.0074480621458677,quote_mid;trade_last;iv_solved;prev_iv_model
2026-05-15 13:59:30+00:00,13.65,20260618,C,15.0,1.9,2.0,1.95,2.1,0.0,2959230.0,1.468385909475371,1.950000000000001,0.045,0.0,2.002562038455733,quote_mid;trade_last;iv_solved;prev_iv_model
2026-05-15 13:59:30+00:00,13.65,20260618,C,20.0,0.9,1.1,1.0,0.95,0.0,2959230.0,1.5967262856319158,1.0000000000000009,0.045,0.0,1.0014906483586854,quote_mid;trade_last;iv_solved;prev_iv_model
2026-05-15 13:59:40+00:00,13.6765,20260618,C,15.0,1.9,2.0,1.95,2.1,0.0,2959220.0,1.4602882751296122,1.9499999999999993,0.045,0.0,1.963528852343357,quote_mid;trade_last;iv_solved;prev_iv_model
2026-05-15 13:59:40+00:00,13.6765,20260618,C,20.0,0.9,1.1,1.0,0.95,0.0,2959220.0,1.5912768490128628,0.9999999999999996,0.045,0.0,1.0079331325874699,quote_mid;trade_last;iv_solved;prev_iv_model
2026-05-15 13:59:50+00:00,13.67,20260618,C,15.0,1.9,2.0,1.95,2.1,0.0,2959210.0,1.4622773686217205,1.9499999999999993,0.045,0.0,1.94667819997795,quote_mid;trade_last;iv_solved;prev_iv_model
2026-05-15 13:59:50+00:00,13.67,20260618,C,20.0,0.9,1.1,1.0,0.95,0.0,2959210.0,1.5926160745056586,0.9999999999999996,0.045,0.0,0.9980536664432482,quote_mid;trade_last;iv_solved;prev_iv_model
2026-05-15 14:00:00+00:00,13.65,20260618,C,15.0,1.9,2.0,1.95,2.1,0.0,2959200.0,1.468393481197618,1.9500000000000002,0.045,0.0,1.9398004818923242,quote_mid;trade_last;iv_solved;prev_iv_model
2026-05-15 14:00:00+00:00,13.65,20260618,C,20.0,0.9,1.1,1.0,0.95,0.0,2959200.0,1.5967344701393862,0.9999999999999996,0.045,0.0,0.994027370868058,quote_mid;trade_last;iv_solved;prev_iv_model
2026-05-15 14:00:10+00:00,13.63,20260618,C,15.0,1.9,2.0,1.95,2.1,0.0,2959190.0,1.4745112369576105,1.9499999999999984,0.045,0.0,1.9398123599377657,quote_mid;trade_last;iv_solved;prev_iv_model
2026-05-15 14:00:10+00:00,13.63,20260618,C,20.0,0.9,1.1,1.0,0.95,0.0,2959190.0,1.600857940681553,0.9999999999999996,0.045,0.0,0.9940299560365795,quote_mid;trade_last;iv_solved;prev_iv_model
2026-05-15 14:00:20+00:00,13.63,20260618,C,15.0,1.9,2.0,1.95,2.1,0.0,2959180.0,1.474513771140932,1.9499999999999993,0.045,0.0,1.9499957800234373,quote_mid;trade_last;iv_solved;prev_iv_model
2026-05-15 14:00:20+00:00,13.63,20260618,C,20.0,0.9,1.0,0.95,0.9,3.0,2959180.0,1.5661430913810883,0.9499999999999993,0.045,0.0,0.9999960372546117,quote_mid;trade_last;iv_solved;prev_iv_model
2026-05-15 14:00:30+00:00,13.58,20260618,C,15.0,1.9,1.95,1.9249999999999998,2.1,0.0,2959170.0,1.4747456151575995,1.9249999999999998,0.045,0.0,1.924615285758268,quote_mid;trade_last;iv_solved;prev_iv_model
2026-05-15 14:00:30+00:00,13.58,20260618,C,20.0,0.75,1.0,0.875,0.9,5.0,2959170.0,1.5231792752363154,0.8749999999999991,0.045,0.0,0.9355142891413508,quote_mid;trade_last;iv_solved;prev_iv_model
2026-05-15 14:00:40+00:00,13.6,20260618,C,15.0,1.9,1.95,1.9249999999999998,2.1,0.0,2959160.0,1.468650173595576,1.9250000000000007,0.045,0.0,1.9351290567756854,quote_mid;trade_last;iv_solved;prev_iv_model
2026-05-15 14:00:40+00:00,13.6,20260618,C,20.0,0.75,1.0,0.875,0.9,0.0,2959160.0,1.51919640811135,0.875,0.045,0.0,0.8805764939002221,quote_mid;trade_last;iv_solved;prev_iv_model
2026-05-15 14:00:50+00:00,13.65,20260618,C,15.0,1.9,1.95,1.9249999999999998,2.1,0.0,2959150.0,1.4534152309822996,1.9250000000000007,0.045,0.0,1.9504070145381762,quote_mid;trade_last;iv_solved;prev_iv_model
2026-05-15 14:00:50+00:00,13.65,20260618,C,20.0,0.75,1.0,0.875,0.9,0.0,2959150.0,1.5092565629245365,0.8750000000000018,0.045,0.0,0.8889932394356017,quote_mid;trade_last;iv_solved;prev_iv_model
2026-05-15 14:01:00+00:00,13.68,20260618,C,15.0,1.9,1.95,1.9249999999999998,2.1,0.0,2959140.0,1.444279893356072,1.9249999999999998,0.045,0.0,1.9402677974342808,quote_mid;trade_last;iv_solved;prev_iv_model
2026-05-15 14:01:00+00:00,13.68,20260618,C,20.0,0.75,1.0,0.875,0.9,0.0,2959140.0,1.503308117137057,0.8750000000000004,0.045,0.0,0.8833888871625986,quote_mid;trade_last;iv_solved;prev_iv_model
2026-05-15 14:01:10+00:00,13.68,20260618,C,15.0,1.9,1.95,1.9249999999999998,2.1,0.0,2959130.0,1.4442823767463855,1.9250000000000007,0.045,0.0,1.9249958494129986,quote_mid;trade_last;iv_solved;prev_iv_model
2026-05-15 14:01:10+00:00,13.68,20260618,C,20.0,0.75,1.0,0.875,0.9,0.0,2959130.0,1.5033106870766333,0.8750000000000009,0.045,0.0,0.874996380079677,quote_mid;trade_last;iv_solved;prev_iv_model
2026-05-15 14:01:20+00:00,13.67,20260618,C,15.0,1.9,2.1,2.0,1.95,3.0,2959120.0,1.4922443878591296,2.000000000000001,0.045,0.0,1.9199092241270481,quote_mid;trade_last;iv_solved;prev_iv_model
2026-05-15 14:01:20+00:00,13.67,20260618,C,20.0,0.75,1.0,0.875,0.9,0.0,2959120.0,1.5052957419722546,0.875,0.045,0.0,0.8722074441238257,quote_mid;trade_last;iv_solved;prev_iv_model
2026-05-15 14:01:30+00:00,13.71,20260618,C,15.0,1.95,2.1,2.025,2.0,1.0,2959110.0,1.4948729080603087,2.0250000000000004,0.045,0.0,2.0205998918951,quote_mid;trade_last;iv_solved;prev_iv_model
2026-05-15 14:01:30+00:00,13.71,20260618,C,20.0,0.75,1.0,0.875,0.9,0.0,2959110.0,1.4973755074329609,0.8749999999999996,0.045,0.0,0.8862026619827597,quote_mid;trade_last;iv_solved;prev_iv_model
2026-05-15 14:01:40+00:00,13.71,20260618,C,15.0,1.9,2.1,2.0,2.0,0.0,2959100.0,1.479942075734031,2.0000000000000018,0.045,0.0,2.0249956995841334,quote_mid;trade_last;iv_solved;prev_iv_model
2026-05-15 14:01:40+00:00,13.71,20260618,C,20.0,0.75,1.0,0.875,0.9,0.0,2959100.0,1.497378067411855,0.8750000000000009,0.045,0.0,0.8749963848874658,quote_mid;trade_last;iv_solved;prev_iv_model
2026-05-15 14:01:50+00:00,13.718,20260618,C,15.0,1.9,2.0,1.95,2.0,0.0,2959090.0,1.4476406624693543,1.9499999999999984,0.045,0.0,2.0041178314710164,quote_mid;trade_last;iv_solved;prev_iv_model
2026-05-15 14:01:50+00:00,13.718,20260618,C,20.0,0.75,1.0,0.875,0.9,0.0,2959090.0,1.4957983395938386,0.8750000000000004,0.045,0.0,0.8772330746516261,quote_mid;trade_last;iv_solved;prev_iv_model
2026-05-15 14:02:00+00:00,13.7386,20260618,C,15.0,1.9,2.1,2.0,1.95,1.0,2959080.0,1.4711511237758979,2.000000000000001,0.045,0.0,1.9605543463401283,quote_mid;trade_last;iv_solved;prev_iv_model
2026-05-15 14:02:00+00:00,13.7386,20260618,C,20.0,0.75,1.0,0.875,0.9,0.0,2959080.0,1.4917299752488082,0.875,0.045,0.0,0.8807639851421811,quote_mid;trade_last;iv_solved;prev_iv_model
2026-05-15 14:02:10+00:00,13.75,20260618,C,15.0,1.9,2.1,2.0,1.95,0.0,2959070.0,1.4676483439730656,2.000000000000001,0.045,0.0,2.0058807501788394,quote_mid;trade_last;iv_solved;prev_iv_model
2026-05-15 14:02:10+00:00,13.75,20260618,C,20.0,0.75,1.0,0.875,0.9,0.0,2959070.0,1.48948182690058,0.875,0.045,0.0,0.8781870533360641,quote_mid;trade_last;iv_solved;prev_iv_model
2026-05-15 14:02:20+00:00,13.745,20260618,C,15.0,1.9,2.1,2.0,1.95,0.0,2959060.0,1.4691882314153704,2.0,0.045,0.0,1.9974155432199954,quote_mid;trade_last;iv_solved;prev_iv_model
2026-05-15 14:02:20+00:00,13.745,20260618,C,20.0,0.75,1.05,0.9,0.95,10.0,2959060.0,1.508059590569717,0.8999999999999995,0.045,0.0,0.8735987622025614,quote_mid;trade_last;iv_solved;prev_iv_model
2026-05-15 14:02:30+00:00,13.8,20260618,C,15.0,1.9,2.1,2.0,1.95,0.0,2959050.0,1.4522840583819012,1.9999999999999991,0.045,0.0,2.0284760475039842,quote_mid;trade_last;iv_solved;prev_iv_model
2026-05-15 14:02:30+00:00,13.8,20260618,C,20.0,0.75,1.05,0.9,0.95,0.0,2959050.0,1.497139491910639,0.9000000000000008,0.045,0.0,0.9156822559698385,quote_mid;trade_last;iv_solved;prev_iv_model
2026-05-15 14:02:40+00:00,13.8,20260618,C,15.0,1.9,2.1,2.0,1.95,0.0,2959040.0,1.45228655593422,2.0,0.045,0.0,1.999995792287356,quote_mid;trade_last;iv_solved;prev_iv_model
2026-05-15 14:02:40+00:00,13.8,20260618,C,20.0,0.75,1.05,0.9,0.95,0.0,2959040.0,1.4971420517623097,0.9000000000000008,0.045,0.0,0.8999963316322934,quote_mid;trade_last;iv_solved;prev_iv_model
2026-05-15 14:02:50+00:00,13.7601,20260618,C,15.0,1.9,2.1,2.0,1.95,0.0,2959030.0,1.46455319900506,2.000000000000001,0.045,0.0,1.9793896000187523,quote_mid;trade_last;iv_solved;prev_iv_model
2026-05-15 14:02:50+00:00,13.7601,20260618,C,20.0,0.75,1.05,0.9,0.95,0.0,2959030.0,1.5050649939229412,0.8999999999999999,0.045,0.0,0.8887021587316704,quote_mid;trade_last;iv_solved;prev_iv_model
2026-05-15 14:03:00+00:00,13.765,20260618,C,15.0,1.9,2.1,2.0,1.95,0.0,2959020.0,1.463049331927457,2.0000000000000018,0.045,0.0,2.0025274557361845,quote_mid;trade_last;iv_solved;prev_iv_model
2026-05-15 14:03:00+00:00,13.765,20260618,C,20.0,0.9,1.05,0.9750000000000001,0.95,0.0,2959020.0,1.5560728738711878,0.9749999999999996,0.045,0.0,0.9013877802534425,quote_mid;trade_last;iv_solved;prev_iv_model
2026-05-15 14:03:10+00:00,13.7717,20260618,C,15.0,1.9,2.1,2.0,1.95,0.0,2959010.0,1.4609922151657582,2.000000000000001,0.045,0.0,2.0034588584783046,quote_mid;trade_last;iv_solved;prev_iv_model
2026-05-15 14:03:10+00:00,13.7717,20260618,C,20.0,0.9,1.05,0.9750000000000001,0.95,0.0,2959010.0,1.5547153201318182,0.975000000000001,0.045,0.0,0.9769789191520921,quote_mid;trade_last;iv_solved;prev_iv_model
2026-05-15 14:03:20+00:00,13.75,20260618,C,15.0,1.9,2.1,2.0,1.95,0.0,2959000.0,1.4676660069804517,2.0,0.045,0.0,1.9887949895309713,quote_mid;trade_last;iv_solved;prev_iv_model
2026-05-15 14:03:20+00:00,13.75,20260618,C,20.0,0.9,1.05,0.9750000000000001,0.95,0.0,2959000.0,1.5591254334788696,0.9750000000000005,0.045,0.0,0.9685894579495962,quote_mid;trade_last;iv_solved;prev_iv_model
2026-05-15 14:03:30+00:00,13.75,20260618,C,15.0,1.9,2.1,2.0,1.95,0.0,2958990.0,1.4676685303180892,2.000000000000001,0.045,0.0,1.999995763589152,quote_mid;trade_last;iv_solved;prev_iv_model
2026-05-15 14:03:30+00:00,13.75,20260618,C,20.0,0.9,1.05,0.9750000000000001,0.95,0.0,2958990.0,1.5591280983464153,0.975000000000001,0.045,0.0,0.9749961233615001,quote_mid;trade_last;iv_solved;prev_iv_model
2026-05-15 14:03:40+00:00,13.77,20260618,C,15.0,1.9,2.1,2.0,1.95,0.0,2958980.0,1.4615223343957,1.9999999999999991,0.045,0.0,2.010332758841945,quote_mid;trade_last;iv_solved;prev_iv_model
2026-05-15 14:03:40+00:00,13.77,20260618,C,20.0,0.9,1.05,0.9750000000000001,0.95,0.0,2958980.0,1.5550683713616524,0.9750000000000014,0.045,0.0,0.9809198169073228,quote_mid;trade_last;iv_solved;prev_iv_model
2026-05-15 14:03:50+00:00,13.77,20260618,C,15.0,1.9,2.1,2.0,1.95,0.0,2958970.0,1.4615248474675377,2.0,0.045,0.0,1.9999957749692596,quote_mid;trade_last;iv_solved;prev_iv_model
2026-05-15 14:03:50+00:00,13.77,20260618,C,20.0,0.9,1.05,0.9750000000000001,0.95,0.0,2958970.0,1.555071029417678,0.9750000000000005,0.045,0.0,0.9749961268220346,quote_mid;trade_last;iv_solved;prev_iv_model
2026-05-15 14:04:00+00:00,13.75,20260618,C,15.0,1.9,2.1,2.0,1.95,0.0,2958960.0,1.4676761004073078,2.0000000000000018,0.045,0.0,1.9896724094153173,quote_mid;trade_last;iv_solved;prev_iv_model
2026-05-15 14:04:00+00:00,13.75,20260618,C,20.0,0.9,1.05,0.9750000000000001,0.95,0.0,2958960.0,1.559136093029799,0.9749999999999992,0.045,0.0,0.9690907040831056,quote_mid;trade_last;iv_solved;prev_iv_model
2026-05-15 14:04:10+00:00,13.73,20260618,C,15.0,1.9,2.1,2.0,1.95,12.0,2958950.0,1.4738287107248431,2.000000000000001,0.045,0.0,1.9896845623943156,quote_mid;trade_last;iv_solved;prev_iv_model
2026-05-15 14:04:10+00:00,13.73,20260618,C,20.0,0.9,1.05,0.9750000000000001,0.95,0.0,2958950.0,1.563206054675752,0.9749999999999983,0.045,0.0,0.9690934685086527,quote_mid;trade_last;iv_solved;prev_iv_model
2026-05-15 14:04:20+00:00,13.76,20260618,C,15.0,1.9,2.1,2.0,1.95,0.0,2958940.0,1.4646066061465968,1.9999999999999991,0.045,0.0,2.015492722401728,quote_mid;trade_last;iv_solved;prev_iv_model
2026-05-15 14:04:20+00:00,13.76,20260618,C,20.0,0.9,1.05,0.9750000000000001,0.95,0.0,2958940.0,1.55710960430164,0.9750000000000005,0.045,0.0,0.9838853878458882,quote_mid;trade_last;iv_solved;prev_iv_model
2026-05-15 14:04:30+00:00,13.71,20260618,C,15.0,1.9,2.1,2.0,1.95,0.0,2958930.0,1.4799853220962835,2.0,0.045,0.0,1.9742511197581276,quote_mid;trade_last;iv_solved;prev_iv_model
2026-05-15 14:04:30+00:00,13.71,20260618,C,20.0,0.9,1.05,0.9750000000000001,0.95,0.0,2958930.0,1.5672836181818264,0.9750000000000005,0.045,0.0,0.9602755031760606,quote_mid;trade_last;iv_solved;prev_iv_model
2026-05-15 14:04:40+00:00,13.76,20260618,C,15.0,1.9,2.1,2.0,2.0,1.0,2958920.0,1.4646116426949818,2.0,0.045,0.0,2.025826045532729,quote_mid;trade_last;iv_solved;prev_iv_model
2026-05-15 14:04:40+00:00,13.76,20260618,C,20.0,0.9,1.05,0.9750000000000001,0.95,0.0,2958920.0,1.5571149273710145,0.9750000000000019,0.045,0.0,0.9898309299394801,quote_mid;trade_last;iv_solved;prev_iv_model
2026-05-15 14:04:50+00:00,13.715,20260618,C,15.0,1.9,2.1,2.0,2.0,0.0,2958910.0,1.4784523789246542,2.000000000000001,0.045,0.0,1.9768183029899937,quote_mid;trade_last;iv_solved;prev_iv_model
2026-05-15 14:04:50+00:00,13.715,20260618,C,20.0,0.9,1.05,0.9750000000000001,0.95,0.0,2958910.0,1.5662704554673867,0.9749999999999996,0.045,0.0,0.9617416462868285,quote_mid;trade_last;iv_solved;prev_iv_model
2026-05-15 14:05:00+00:00,13.7301,20260618,C,15.0,1.9,2.1,2.0,2.0,0.0,2958900.0,1.473810625148503,2.0,0.045,0.0,2.0077818731014183,quote_mid;trade_last;iv_solved;prev_iv_model
2026-05-15 14:05:00+00:00,13.7301,20260618,C,20.0,0.9,0.95,0.925,0.95,0.0,2958900.0,1.5285564426952662,0.9250000000000007,0.045,0.0,0.9794629212939632,quote_mid;trade_last;iv_solved;prev_iv_model
2026-05-15 14:05:10+00:00,13.775,20260618,C,15.0,1.9,2.1,2.0,2.0,0.0,2958890.0,1.46000794662744,2.000000000000001,0.045,0.0,2.0232111550472176,quote_mid;trade_last;iv_solved;prev_iv_model
2026-05-15 14:05:10+00:00,13.775,20260618,C,20.0,0.9,0.95,0.925,0.95,0.0,2958890.0,1.5195650557343217,0.9249999999999998,0.045,0.0,0.9379656618360142,quote_mid;trade_last;iv_solved;prev_iv_model
2026-05-15 14:05:20+00:00,13.73,20260618,C,15.0,1.9,2.1,2.0,2.0,0.0,2958880.0,1.473846446862935,2.000000000000001,0.045,0.0,1.9767977767279064,quote_mid;trade_last;iv_solved;prev_iv_model
2026-05-15 14:05:20+00:00,13.73,20260618,C,20.0,0.9,1.05,0.9750000000000001,0.9,1.0,2958880.0,1.5632247574310654,0.9750000000000005,0.045,0.0,0.9120910748127384,quote_mid;trade_last;iv_solved;prev_iv_model
2026-05-15 14:05:30+00:00,13.7391,20260618,C,15.0,1.9,2.1,2.0,2.0,0.0,2958870.0,1.4710504814892045,2.0000000000000018,0.045,0.0,2.004690389727622,quote_mid;trade_last;iv_solved;prev_iv_model
2026-05-15 14:05:30+00:00,13.7391,20260618,C,20.0,0.9,1.05,0.9750000000000001,0.9,0.0,2958870.0,1.561376177164179,0.9750000000000001,0.045,0.0,0.9776875354019219,quote_mid;trade_last;iv_solved;prev_iv_model
2026-05-15 14:05:40+00:00,13.74,20260618,C,15.0,1.9,2.1,2.0,2.0,0.0,2958860.0,1.4707762513025178,2.000000000000001,0.045,0.0,2.0004600712156364,quote_mid;trade_last;iv_solved;prev_iv_model
2026-05-15 14:05:40+00:00,13.74,20260618,C,20.0,0.9,1.05,0.9750000000000001,0.9,0.0,2958860.0,1.5611958099002807,0.975000000000001,0.045,0.0,0.9752621676694155,quote_mid;trade_last;iv_solved;prev_iv_model
2026-05-15 14:05:50+00:00,13.775,20260618,C,15.0,1.9,2.1,2.0,2.0,0.0,2958850.0,1.4600179891568237,1.9999999999999991,0.045,0.0,2.018091756661647,quote_mid;trade_last;iv_solved;prev_iv_model
2026-05-15 14:05:50+00:00,13.775,20260618,C,20.0,0.9,1.05,0.9750000000000001,0.9,0.0,2958850.0,1.554088067195249,0.9750000000000001,0.045,0.0,0.9853739547431717,quote_mid;trade_last;iv_solved;prev_iv_model
2026-05-15 14:06:00+00:00,13.78,20260618,C,15.0,1.9,2.1,2.0,2.0,0.0,2958840.0,1.458483556771156,2.000000000000001,0.045,0.0,2.0025814293095303,quote_mid;trade_last;iv_solved;prev_iv_model
2026-05-15 14:06:00+00:00,13.78,20260618,C,20.0,0.9,1.05,0.9750000000000001,0.9,0.0,2958840.0,1.553076165384644,0.9749999999999996,0.045,0.0,0.9764759498781528,quote_mid;trade_last;iv_solved;prev_iv_model
2026-05-15 14:06:10+00:00,13.76,20260618,C,15.0,1.9,2.1,2.0,2.0,0.0,2958830.0,1.4646343077909751,2.0,0.045,0.0,1.9896662860771093,quote_mid;trade_last;iv_solved;prev_iv_model
2026-05-15 14:06:10+00:00,13.76,20260618,C,20.0,0.9,1.05,0.9750000000000001,0.95,1.0,2958830.0,1.557138881848537,0.975000000000001,0.045,0.0,0.9690893118517643,quote_mid;trade_last;iv_solved;prev_iv_model
2026-05-15 14:06:20+00:00,13.7601,20260618,C,15.0,1.9,2.1,2.0,2.0,0.0,2958820.0,1.4646060818157918,1.9999999999999991,0.045,0.0,2.0000474202978307,quote_mid;trade_last;iv_solved;prev_iv_model
2026-05-15 14:06:20+00:00,13.7601,20260618,C,20.0,0.9,1.05,0.9750000000000001,0.95,0.0,2958820.0,1.5571212310840594,0.9750000000000001,0.045,0.0,0.9750256979458949,quote_mid;trade_last;iv_solved;prev_iv_model
2026-05-15 14:06:30+00:00,13.75,20260618,C,15.0,1.9,2.1,2.0,2.0,0.0,2958810.0,1.4677139525703518,1.9999999999999991,0.045,0.0,1.9947822888089233,quote_mid;trade_last;iv_solved;prev_iv_model
2026-05-15 14:06:30+00:00,13.75,20260618,C,20.0,0.9,1.05,0.9750000000000001,0.95,0.0,2958810.0,1.559176068263593,0.9750000000000005,0.045,0.0,0.9720119495188451,quote_mid;trade_last;iv_solved;prev_iv_model
2026-05-15 14:06:40+00:00,13.78,20260618,C,15.0,1.9,2.1,2.0,2.0,0.0,2958800.0,1.4584935892641409,2.0,0.045,0.0,2.0155109117922594,quote_mid;trade_last;iv_solved;prev_iv_model
2026-05-15 14:06:40+00:00,13.78,20260618,C,20.0,0.9,1.05,0.9750000000000001,0.95,0.0,2958800.0,1.553086784775524,0.9750000000000028,0.045,0.0,0.9838895521676174,quote_mid;trade_last;iv_solved;prev_iv_model
2026-05-15 14:06:50+00:00,13.74,20260618,C,15.0,1.9,2.1,2.0,2.0,0.0,2958790.0,1.4707939522095552,1.9999999999999991,0.045,0.0,1.9793627317456544,quote_mid;trade_last;iv_solved;prev_iv_model
2026-05-15 14:06:50+00:00,13.74,20260618,C,20.0,0.9,1.05,0.9750000000000001,0.95,0.0,2958790.0,1.5612144895328646,0.9750000000000005,0.045,0.0,0.9632035737581548,quote_mid;trade_last;iv_solved;prev_iv_model
2026-05-15 14:07:00+00:00,13.75,20260618,C,15.0,1.9,2.1,2.0,2.0,0.0,2958780.0,1.4677215233463716,1.9999999999999991,0.045,0.0,2.0051580022896545,quote_mid;trade_last;iv_solved;prev_iv_model
2026-05-15 14:07:00+00:00,13.75,20260618,C,20.0,0.9,1.05,0.9750000000000001,0.95,0.0,2958780.0,1.5591840636737482,0.975000000000001,0.045,0.0,0.9779546454095249,quote_mid;trade_last;iv_solved;prev_iv_model
2026-05-15 14:07:10+00:00,13.75,20260618,C,15.0,1.9,2.1,2.0,2.0,0.0,2958770.0,1.4677240469638186,2.0,0.045,0.0,1.999995763276818,quote_mid;trade_last;iv_solved;prev_iv_model
2026-05-15 14:07:10+00:00,13.75,20260618,C,20.0,0.9,1.05,0.9750000000000001,0.95,0.0,2958770.0,1.5591867288373868,0.975000000000001,0.045,0.0,0.974996123075365,quote_mid;trade_last;iv_solved;prev_iv_model
2026-05-15 14:07:20+00:00,13.72,20260618,C,15.0,1.9,2.1,2.0,2.0,0.0,2958760.0,1.4769525268912234,2.0,0.045,0.0,1.9845386513973073,quote_mid;trade_last;iv_solved;prev_iv_model
2026-05-15 14:07:20+00:00,13.72,20260618,C,20.0,0.9,1.05,0.9750000000000001,0.95,0.0,2958760.0,1.5652923737916566,0.975000000000001,0.045,0.0,0.9661500310933264,quote_mid;trade_last;iv_solved;prev_iv_model
2026-05-15 14:07:30+00:00,13.745,20260618,C,15.0,1.9,2.1,2.0,2.0,0.0,2958750.0,1.469266538205213,2.0,0.045,0.0,2.0128983606711905,quote_mid;trade_last;iv_solved;prev_iv_model
2026-05-15 14:07:30+00:00,13.745,20260618,C,20.0,0.9,1.05,0.9750000000000001,0.95,0.0,2958750.0,1.5602084587179856,0.9749999999999992,0.045,0.0,0.9823988375985495,quote_mid;trade_last;iv_solved;prev_iv_model
2026-05-15 14:07:40+00:00,13.73,20260618,C,15.0,1.9,2.1,2.0,2.0,0.0,2958740.0,1.4738819210164862,1.9999999999999991,0.045,0.0,1.9922622088609385,quote_mid;trade_last;iv_solved;prev_iv_model
2026-05-15 14:07:40+00:00,13.73,20260618,C,20.0,0.9,1.05,0.9750000000000001,0.95,0.0,2958740.0,1.5632621649252783,0.9750000000000019,0.045,0.0,0.9705676762920499,quote_mid;trade_last;iv_solved;prev_iv_model
2026-05-15 14:07:50+00:00,13.7496,20260618,C,15.0,1.9,2.1,2.0,2.0,0.0,2958730.0,1.467857134394381,2.000000000000001,0.045,0.0,2.01011388973836,quote_mid;trade_last;iv_solved;prev_iv_model
2026-05-15 14:07:50+00:00,13.7496,20260618,C,20.0,0.9,1.05,0.9750000000000001,0.95,0.0,2958730.0,1.5592786906217513,0.9750000000000005,0.045,0.0,0.9807984191259593,quote_mid;trade_last;iv_solved;prev_iv_model
2026-05-15 14:08:00+00:00,13.7484,20260618,C,15.0,1.9,2.1,2.0,2.0,0.0,2958720.0,1.4682286406163514,2.000000000000001,0.045,0.0,1.999376377894328,quote_mid;trade_last;iv_solved;prev_iv_model
2026-05-15 14:08:00+00:00,13.7484,20260618,C,20.0,0.9,0.95,0.925,0.95,0.0,2958720.0,1.5249347580811956,0.9250000000000003,0.045,0.0,0.9746413738204267,quote_mid;trade_last;iv_solved;prev_iv_model
2026-05-15 14:08:10+00:00,13.7899,20260618,C,15.0,1.9,2.1,2.0,2.0,0.0,2958710.0,1.4554731667365517,2.0,0.045,0.0,2.0214717145363474,quote_mid;trade_last;iv_solved;prev_iv_model
2026-05-15 14:08:10+00:00,13.7899,20260618,C,20.0,0.9,1.0,0.95,0.9,2.0,2958710.0,1.5339214785093542,0.9500000000000006,0.045,0.0,0.9369852433433863,quote_mid;trade_last;iv_solved;prev_iv_model
2026-05-15 14:08:20+00:00,13.76,20260618,C,15.0,1.9,2.1,2.0,2.0,0.0,2958700.0,1.4646670480780792,2.0,0.045,0.0,1.9845536805739306,quote_mid;trade_last;iv_solved;prev_iv_model
2026-05-15 14:08:20+00:00,13.76,20260618,C,20.0,0.9,1.0,0.95,0.9,0.0,2958700.0,1.539949179729919,0.9499999999999993,0.045,0.0,0.9412877160571282,quote_mid;trade_last;iv_solved;prev_iv_model
2026-05-15 14:08:30+00:00,13.82,20260618,C,15.0,1.9,2.1,2.0,2.0,0.0,2958690.0,1.4462278600836127,2.000000000000001,0.045,0.0,2.0311023624469,quote_mid;trade_last;iv_solved;prev_iv_model
2026-05-15 14:08:30+00:00,13.82,20260618,C,20.0,0.9,1.05,0.9750000000000001,0.9,0.0,2958690.0,1.545010190406117,0.9750000000000001,0.045,0.0,0.9676014399420478,quote_mid;trade_last;iv_solved;prev_iv_model
2026-05-15 14:08:40+00:00,13.83,20260618,C,15.0,1.9,2.1,2.0,2.0,0.0,2958680.0,1.4431576576515286,1.9999999999999991,0.045,0.0,2.0051827431003932,quote_mid;trade_last;iv_solved;prev_iv_model
2026-05-15 14:08:40+00:00,13.83,20260618,C,20.0,0.9,1.05,0.9750000000000001,0.9,0.0,2958680.0,1.5429893846084424,0.9749999999999996,0.045,0.0,0.9779602959766791,quote_mid;trade_last;iv_solved;prev_iv_model
2026-05-15 14:08:50+00:00,13.833,20260618,C,15.0,1.9,2.1,2.0,2.0,0.0,2958670.0,1.4422383774971914,2.000000000000001,0.045,0.0,2.001552155313356,quote_mid;trade_last;iv_solved;prev_iv_model
2026-05-15 14:08:50+00:00,13.833,20260618,C,20.0,0.9,1.05,0.9750000000000001,0.9,0.0,2958670.0,1.5423852208122155,0.9750000000000014,0.045,0.0,0.9758850461295672,quote_mid;trade_last;iv_solved;prev_iv_model
2026-05-15 14:09:00+00:00,13.88,20260618,C,15.0,1.9,2.15,2.025,2.0,0.0,2958660.0,1.4425629219123062,2.0249999999999986,0.045,0.0,2.0244503762249835,quote_mid;trade_last;iv_solved;prev_iv_model
2026-05-15 14:09:00+00:00,13.88,20260618,C,20.0,0.9,1.05,0.9750000000000001,0.9,0.0,2958660.0,1.5328952707534302,0.9749999999999996,0.045,0.0,0.9889781055631075,quote_mid;trade_last;iv_solved;prev_iv_model
2026-05-15 14:09:10+00:00,13.9001,20260618,C,15.0,1.9,2.15,2.025,2.0,0.0,2958650.0,1.4363717728809475,2.0249999999999995,0.045,0.0,2.035498556730235,quote_mid;trade_last;iv_solved;prev_iv_model
2026-05-15 14:09:10+00:00,13.9001,20260618,C,20.0,0.9,1.05,0.9750000000000001,0.9,0.0,2958650.0,1.5288462696791587,0.9750000000000005,0.045,0.0,0.9809683026498894,quote_mid;trade_last;iv_solved;prev_iv_model
2026-05-15 14:09:20+00:00,13.89,20260618,C,15.0,1.9,2.15,2.025,2.0,0.0,2958640.0,1.4394863810718874,2.0250000000000004,0.045,0.0,2.0197216795108526,quote_mid;trade_last;iv_solved;prev_iv_model
2026-05-15 14:09:20+00:00,13.89,20260618,C,20.0,0.9,1.05,0.9750000000000001,0.9,0.0,2958640.0,1.5308841823588213,0.9750000000000014,0.045,0.0,0.9720018049006249,quote_mid;trade_last;iv_solved;prev_iv_model
2026-05-15 14:09:30+00:00,13.92,20260618,C,15.0,1.9,2.15,2.025,2.0,0.0,2958630.0,1.4302453564291508,2.0249999999999986,0.045,0.0,2.04069086734056,quote_mid;trade_last;iv_solved;prev_iv_model
2026-05-15 14:09:30+00:00,13.92,20260618,C,20.0,0.9,1.05,0.9750000000000001,0.9,0.0,2958630.0,1.524844851534533,0.9750000000000005,0.045,0.0,0.9839199377771468,quote_mid;trade_last;iv_solved;prev_iv_model
2026-05-15 14:09:40+00:00,13.944,20260618,C,15.0,1.9,2.15,2.025,2.0,0.0,2958620.0,1.422853927865655,2.0249999999999995,0.045,0.0,2.037570638517793,quote_mid;trade_last;iv_solved;prev_iv_model
2026-05-15 14:09:40+00:00,13.944,20260618,C,20.0,0.9,1.05,0.9750000000000001,0.9,0.0,2958620.0,1.5200214667893026,0.975000000000001,0.045,0.0,0.9821367830398033,quote_mid;trade_last;iv_solved;prev_iv_model
2026-05-15 14:09:50+00:00,13.92,20260618,C,15.0,2.0,2.15,2.075,2.0,0.0,2958610.0,1.4597023490315095,2.075,0.045,0.0,2.0124397357100694,quote_mid;trade_last;iv_solved;prev_iv_model
2026-05-15 14:09:50+00:00,13.92,20260618,C,20.0,0.9,1.05,0.9750000000000001,0.9,0.0,2958610.0,1.5248500665276428,0.9750000000000014,0.045,0.0,0.9678818421441977,quote_mid;trade_last;iv_solved;prev_iv_model
2026-05-15 14:10:00+00:00,13.9499,20260618,C,15.0,2.0,2.15,2.075,2.0,0.0,2958600.0,1.4504347792688996,2.075000000000001,0.045,0.0,2.0907593729284164,quote_mid;trade_last;iv_solved;prev_iv_model
2026-05-15 14:10:00+00:00,13.9499,20260618,C,20.0,0.9,1.05,0.9750000000000001,0.9,0.0,2958600.0,1.5188412974523269,0.9749999999999992,0.045,0.0,0.983896883400313,quote_mid;trade_last;iv_solved;prev_iv_model
2026-05-15 14:10:10+00:00,13.925,20260618,C,15.0,2.0,2.15,2.075,2.0,0.0,2958590.0,1.458157075763097,2.075000000000001,0.045,0.0,2.0618880846759,quote_mid;trade_last;iv_solved;prev_iv_model
2026-05-15 14:10:10+00:00,13.925,20260618,C,20.0,0.9,1.05,0.9750000000000001,0.9,0.0,2958590.0,1.5238493079072817,0.9749999999999996,0.045,0.0,0.967614538181421,quote_mid;trade_last;iv_solved;prev_iv_model
2026-05-15 14:10:20+00:00,13.915,20260618,C,15.0,2.0,2.15,2.075,2.0,0.0,2958580.0,1.4612602289165015,2.075000000000001,0.045,0.0,2.0697347898893286,quote_mid;trade_last;iv_solved;prev_iv_model
2026-05-15 14:10:20+00:00,13.915,20260618,C,20.0,0.9,1.05,0.9750000000000001,0.9,0.0,2958580.0,1.525864156556179,0.9750000000000014,0.045,0.0,0.9720295636090621,quote_mid;trade_last;iv_solved;prev_iv_model
2026-05-15 14:10:30+00:00,13.93,20260618,C,15.0,2.0,2.15,2.075,2.0,0.0,2958570.0,1.4566118393702117,2.0749999999999993,0.045,0.0,2.082894392652947,quote_mid;trade_last;iv_solved;prev_iv_model
2026-05-15 14:10:30+00:00,13.93,20260618,C,20.0,0.9,1.05,0.9750000000000001,0.9,0.0,2958570.0,1.5228488342624056,0.9750000000000019,0.045,0.0,0.9794548851471219,quote_mid;trade_last;iv_solved;prev_iv_model
2026-05-15 14:10:40+00:00,13.93,20260618,C,15.0,2.0,2.15,2.075,2.0,0.0,2958560.0,1.456614345253766,2.075000000000002,0.045,0.0,2.0749957440747613,quote_mid;trade_last;iv_solved;prev_iv_model
2026-05-15 14:10:40+00:00,13.93,20260618,C,20.0,0.9,1.05,0.9750000000000001,0.9,0.0,2958560.0,1.522851438445045,0.9750000000000005,0.045,0.0,0.9749961545724819,quote_mid;trade_last;iv_solved;prev_iv_model
2026-05-15 14:10:50+00:00,13.94,20260618,C,15.0,2.0,2.15,2.075,2.0,0.0,2958550.0,1.453516469066864,2.075,0.045,0.0,2.080264690444534,quote_mid;trade_last;iv_solved;prev_iv_model
2026-05-15 14:10:50+00:00,13.94,20260618,C,20.0,0.9,1.05,0.9750000000000001,0.9,0.0,2958550.0,1.520843538710969,0.9750000000000001,0.045,0.0,0.977968448552645,quote_mid;trade_last;iv_solved;prev_iv_model
2026-05-15 14:11:00+00:00,13.91,20260618,C,15.0,2.0,2.15,2.075,2.0,0.0,2958540.0,1.4628206912966588,2.0749999999999993,0.045,0.0,2.0592178066187667,quote_mid;trade_last;iv_solved;prev_iv_model
2026-05-15 14:11:00+00:00,13.91,20260618,C,20.0,0.9,1.05,0.9750000000000001,0.9,0.0,2958540.0,1.5268811603173273,0.9750000000000005,0.045,0.0,0.9661089690492664,quote_mid;trade_last;iv_solved;prev_iv_model
2026-05-15 14:11:10+00:00,13.84,20260618,C,15.0,2.0,2.15,2.075,2.0,0.0,2958530.0,1.4845351782771234,2.075,0.045,0.0,2.0383367320026364,quote_mid;trade_last;iv_solved;prev_iv_model
2026-05-15 14:11:10+00:00,13.84,20260618,C,20.0,0.9,1.05,0.9750000000000001,0.9,0.0,2958530.0,1.5410066537531795,0.9750000000000005,0.045,0.0,0.9543495748545632,quote_mid;trade_last;iv_solved;prev_iv_model
2026-05-15 14:11:20+00:00,13.83,20260618,C,15.0,2.0,2.15,2.075,2.0,0.0,2958520.0,1.4876405424107966,2.075000000000001,0.045,0.0,2.0697611383908576,quote_mid;trade_last;iv_solved;prev_iv_model
2026-05-15 14:11:20+00:00,13.83,20260618,C,20.0,0.9,1.05,0.9750000000000001,0.9,0.0,2958520.0,1.543031594045925,0.9750000000000014,0.045,0.0,0.9720358251807832,quote_mid;trade_last;iv_solved;prev_iv_model
2026-05-15 14:11:30+00:00,13.83,20260618,C,15.0,2.0,2.15,2.075,2.0,0.0,2958510.0,1.487643100265064,2.075000000000001,0.045,0.0,2.0749956849192968,quote_mid;trade_last;iv_solved;prev_iv_model
2026-05-15 14:11:30+00:00,13.83,20260618,C,20.0,0.9,1.05,0.9750000000000001,0.9,0.0,2958510.0,1.5430342322490187,0.9750000000000005,0.045,0.0,0.9749961367497062,quote_mid;trade_last;iv_solved;prev_iv_model
2026-05-15 14:11:40+00:00,13.875,20260618,C,15.0,2.0,2.15,2.075,2.05,2.0,2958500.0,1.4736852367049313,2.0749999999999993,0.045,0.0,2.09861567856644,quote_mid;trade_last;iv_solved;prev_iv_model
2026-05-15 14:11:40+00:00,13.875,20260618,C,20.0,0.9,1.05,0.9750000000000001,0.9,0.0,2958500.0,1.5339458401257535,0.9749999999999996,0.045,0.0,0.988379758393263,quote_mid;trade_last;iv_solved;prev_iv_model
2026-05-15 14:11:50+00:00,13.89,20260618,C,15.0,2.0,2.15,2.075,2.05,0.0,2958490.0,1.46903549399318,2.075000000000001,0.045,0.0,2.0828755459686983,quote_mid;trade_last;iv_solved;prev_iv_model
2026-05-15 14:11:50+00:00,13.89,20260618,C,20.0,0.9,1.05,0.9750000000000001,0.9,0.0,2958490.0,1.5309234484588163,0.9749999999999992,0.045,0.0,0.9794503910148271,quote_mid;trade_last;iv_solved;prev_iv_model
2026-05-15 14:12:00+00:00,13.87,20260618,C,15.0,2.0,2.15,2.075,2.05,0.0,2958480.0,1.475241192599495,2.075000000000002,0.045,0.0,2.0645022254507497,quote_mid;trade_last;iv_solved;prev_iv_model
2026-05-15 14:12:00+00:00,13.87,20260618,C,20.0,0.9,1.05,0.9750000000000001,0.9,0.0,2958480.0,1.5349600164822452,0.9750000000000001,0.045,0.0,0.9690735120491563,quote_mid;trade_last;iv_solved;prev_iv_model
2026-05-15 14:12:10+00:00,13.89,20260618,C,15.0,2.0,2.15,2.075,2.05,0.0,2958470.0,1.469040547486625,2.075,0.045,0.0,2.0855022284227234,quote_mid;trade_last;iv_solved;prev_iv_model
2026-05-15 14:12:10+00:00,13.89,20260618,C,20.0,0.9,1.05,0.9750000000000001,0.9,0.0,2958470.0,1.5309286841635652,0.9749999999999996,0.045,0.0,0.9809370514922433,quote_mid;trade_last;iv_solved;prev_iv_model
2026-05-15 14:12:20+00:00,13.9,20260618,C,15.0,2.0,2.15,2.075,2.05,0.0,2958460.0,1.4659418371566812,2.075,0.045,0.0,2.080252025577768,quote_mid;trade_last;iv_solved;prev_iv_model
2026-05-15 14:12:20+00:00,13.9,20260618,C,20.0,0.9,1.05,0.9750000000000001,0.9,0.0,2958460.0,1.5289160880941424,0.9750000000000005,0.045,0.0,0.9779654314898374,quote_mid;trade_last;iv_solved;prev_iv_model
2026-05-15 14:12:30+00:00,13.92,20260618,C,15.0,2.0,2.15,2.075,2.05,0.0,2958450.0,1.4597425268830837,2.0749999999999993,0.045,0.0,2.085520980102398,quote_mid;trade_last;iv_solved;prev_iv_model
2026-05-15 14:12:30+00:00,13.92,20260618,C,20.0,0.9,1.05,0.9750000000000001,1.0,1.0,2958450.0,1.5248917883687931,0.9749999999999996,0.045,0.0,0.9809415265210215,quote_mid;trade_last;iv_solved;prev_iv_model
2026-05-15 14:12:40+00:00,13.97,20260618,C,15.0,2.0,2.2,2.1,2.05,0.0,2958440.0,1.4589269583450117,2.0999999999999996,0.045,0.0,2.101388395041786,quote_mid;trade_last;iv_solved;prev_iv_model
2026-05-15 14:12:40+00:00,13.97,20260618,C,20.0,0.9,1.05,0.9750000000000001,1.0,0.0,2958440.0,1.5148474859598808,0.9750000000000005,0.045,0.0,0.9899070678494035,quote_mid;trade_last;iv_solved;prev_iv_model
2026-05-15 14:12:50+00:00,13.9799,20260618,C,15.0,2.0,2.2,2.1,2.05,0.0,2958430.0,1.4558510717998234,2.1000000000000005,0.045,0.0,2.1052395583887744,quote_mid;trade_last;iv_solved;prev_iv_model
2026-05-15 14:12:50+00:00,13.9799,20260618,C,20.0,0.9,1.05,0.9750000000000001,1.0,0.0,2958430.0,1.5128642160970753,0.975000000000001,0.045,0.0,0.9779417443186125,quote_mid;trade_last;iv_solved;prev_iv_model
2026-05-15 14:13:00+00:00,13.985,20260618,C,15.0,2.0,2.2,2.1,2.05,0.0,2958420.0,1.4542677888292879,2.0999999999999996,0.045,0.0,2.102697946369437,quote_mid;trade_last;iv_solved;prev_iv_model
2026-05-15 14:13:00+00:00,13.985,20260618,C,20.0,0.9,1.05,0.9750000000000001,1.0,0.0,2958420.0,1.5118442227825546,0.975000000000001,0.045,0.0,0.976513322529887,quote_mid;trade_last;iv_solved;prev_iv_model
2026-05-15 14:13:10+00:00,14.0199,20260618,C,15.0,2.0,2.2,2.1,2.05,0.0,2958410.0,1.4434193607820567,2.0999999999999996,0.045,0.0,2.1185262803433353,quote_mid;trade_last;iv_solved;prev_iv_model
2026-05-15 14:13:10+00:00,14.0199,20260618,C,20.0,0.9,1.05,0.9750000000000001,1.0,0.0,2958410.0,1.5048571307419532,0.9750000000000005,0.045,0.0,0.9854074911098589,quote_mid;trade_last;iv_solved;prev_iv_model
2026-05-15 14:13:20+00:00,14.03,20260618,C,15.0,2.0,2.25,2.125,2.05,0.0,2958400.0,1.4549120838033005,2.125000000000001,0.045,0.0,2.105362001396247,quote_mid;trade_last;iv_solved;prev_iv_model
2026-05-15 14:13:20+00:00,14.03,20260618,C,20.0,0.9,1.05,0.9750000000000001,1.0,0.0,2958400.0,1.5028394919446506,0.9750000000000005,0.045,0.0,0.9780052665267984,quote_mid;trade_last;iv_solved;prev_iv_model
2026-05-15 14:13:30+00:00,14.075,20260618,C,15.0,2.0,2.25,2.125,2.05,0.0,2958390.0,1.4408828259996969,2.1250000000000018,0.045,0.0,2.149035120195891,quote_mid;trade_last;iv_solved;prev_iv_model
2026-05-15 14:13:30+00:00,14.075,20260618,C,20.0,0.9,1.05,0.9750000000000001,1.0,0.0,2958390.0,1.4938551228122212,0.9750000000000001,0.045,0.0,0.9884487923469059,quote_mid;trade_last;iv_solved;prev_iv_model
2026-05-15 14:13:40+00:00,14.055,20260618,C,15.0,2.0,2.25,2.125,2.05,0.0,2958380.0,1.4471214810130362,2.125,0.045,0.0,2.114323235677122,quote_mid;trade_last;iv_solved;prev_iv_model
2026-05-15 14:13:40+00:00,14.055,20260618,C,20.0,0.95,1.1,1.025,1.0,2.0,2958380.0,1.5311690840096879,1.024999999999999,0.045,0.0,0.9690449155705911,quote_mid;trade_last;iv_solved;prev_iv_model
2026-05-15 14:13:50+00:00,14.065,20260618,C,15.0,2.0,2.25,2.125,2.05,0.0,2958370.0,1.4440058524252084,2.1250000000000018,0.045,0.0,2.1303349376167704,quote_mid;trade_last;iv_solved;prev_iv_model
2026-05-15 14:13:50+00:00,14.065,20260618,C,20.0,0.95,1.1,1.025,1.0,0.0,2958370.0,1.5291477970283083,1.024999999999999,0.045,0.0,1.0280535193678086,quote_mid;trade_last;iv_solved;prev_iv_model
2026-05-15 14:14:00+00:00,14.105,20260618,C,15.0,2.0,2.25,2.125,2.05,0.0,2958360.0,1.4315362292477012,2.124999999999999,0.045,0.0,2.146404110058586,quote_mid;trade_last;iv_solved;prev_iv_model
2026-05-15 14:14:00+00:00,14.105,20260618,C,20.0,1.0,1.1,1.05,1.0,0.0,2958360.0,1.5375223988812499,1.0499999999999998,0.045,0.0,1.0372610303469125,quote_mid;trade_last;iv_solved;prev_iv_model
2026-05-15 14:14:10+00:00,14.115,20260618,C,15.0,2.0,2.25,2.125,2.05,0.0,2958350.0,1.4284206870649112,2.125000000000001,0.045,0.0,2.1303517496698943,quote_mid;trade_last;iv_solved;prev_iv_model
2026-05-15 14:14:10+00:00,14.115,20260618,C,20.0,1.0,1.05,1.025,1.05,1.0,2958350.0,1.5190506090003408,1.0250000000000008,0.045,0.0,1.0530941754055072,quote_mid;trade_last;iv_solved;prev_iv_model
2026-05-15 14:14:20+00:00,14.12,20260618,C,15.0,2.0,2.25,2.125,2.05,0.0,2958340.0,1.426864134343854,2.125,0.045,0.0,2.1276746668756275,quote_mid;trade_last;iv_solved;prev_iv_model
2026-05-15 14:14:20+00:00,14.12,20260618,C,20.0,1.0,1.1,1.05,1.05,0.0,2958340.0,1.5344804520006412,1.0500000000000003,0.045,0.0,1.0265265284848155,quote_mid;trade_last;iv_solved;prev_iv_model
2026-05-15 14:14:30+00:00,14.1067,20260618,C,15.0,2.0,2.25,2.125,2.05,0.0,2958330.0,1.4310135607829504,2.125000000000001,0.045,0.0,2.117875488906053,quote_mid;trade_last;iv_solved;prev_iv_model
2026-05-15 14:14:30+00:00,14.1067,20260618,C,20.0,1.0,1.1,1.05,1.05,0.0,2958330.0,1.5371848079645,1.049999999999999,0.045,0.0,1.0458820515957354,quote_mid;trade_last;iv_solved;prev_iv_model
2026-05-15 14:14:40+00:00,14.035,20260618,C,15.0,2.0,2.25,2.125,2.05,0.0,2958320.0,1.453372931440272,2.125,0.045,0.0,2.0867778171310833,quote_mid;trade_last;iv_solved;prev_iv_model
2026-05-15 14:14:40+00:00,14.035,20260618,C,20.0,0.95,1.05,1.0,1.0,10.0,2958320.0,1.5185951892203713,0.9999999999999996,0.045,0.0,1.027936539280911,quote_mid;trade_last;iv_solved;prev_iv_model
2026-05-15 14:14:50+00:00,14.06,20260618,C,15.0,2.0,2.25,2.125,2.05,0.0,2958310.0,1.4455798328623808,2.125000000000001,0.045,0.0,2.138339175211488,quote_mid;trade_last;iv_solved;prev_iv_model
2026-05-15 14:14:50+00:00,14.06,20260618,C,20.0,0.95,1.05,1.0,1.0,0.0,2958310.0,1.5135687806099813,1.0,0.045,0.0,1.0075523862404343,quote_mid;trade_last;iv_solved;prev_iv_model
2026-05-15 14:15:00+00:00,14.08,20260618,C,15.0,2.0,2.25,2.125,2.05,0.0,2958300.0,1.439346112301239,2.125,0.045,0.0,2.135683835304989,quote_mid;trade_last;iv_solved;prev_iv_model
2026-05-15 14:15:00+00:00,14.08,20260618,C,20.0,0.95,1.05,1.0,1.0,0.0,2958300.0,1.5095532772226536,0.9999999999999987,0.045,0.0,1.0060424512550057,quote_mid;trade_last;iv_solved;prev_iv_model
2026-05-15 14:15:10+00:00,14.04,20260618,C,15.0,2.0,2.25,2.125,2.05,0.0,2958290.0,1.4518212690482781,2.124999999999999,0.045,0.0,2.1036697070330845,quote_mid;trade_last;iv_solved;prev_iv_model
2026-05-15 14:15:10+00:00,14.04,20260618,C,20.0,0.95,1.05,1.0,1.0,0.0,2958290.0,1.5175966061609967,1.0000000000000018,0.045,0.0,0.987961270051446,quote_mid;trade_last;iv_solved;prev_iv_model
2026-05-15 14:15:20+00:00,13.98,20260618,C,15.0,2.0,2.25,2.125,2.05,0.0,2958280.0,1.4705357414878812,2.125,0.045,0.0,2.0931241373446534,quote_mid;trade_last;iv_solved;prev_iv_model
2026-05-15 14:15:20+00:00,13.98,20260618,C,20.0,0.9,1.05,0.9750000000000001,1.0,0.0,2958280.0,1.5128829759794002,0.9750000000000001,0.045,0.0,0.9819948392760369,quote_mid;trade_last;iv_solved;prev_iv_model
2026-05-15 14:15:30+00:00,14.06,20260618,C,15.0,2.0,2.25,2.125,2.05,0.0,2958270.0,1.4455897853539823,2.125,0.045,0.0,2.1676909521277636,quote_mid;trade_last;iv_solved;prev_iv_model
2026-05-15 14:15:30+00:00,14.06,20260618,C,20.0,0.9,1.1,1.0,1.0,0.0,2958270.0,1.513579136672547,0.9999999999999996,0.045,0.0,0.9989550025124112,quote_mid;trade_last;iv_solved;prev_iv_model
2026-05-15 14:15:40+00:00,14.085,20260618,C,15.0,2.0,2.25,2.125,2.05,0.0,2958260.0,1.4377969848681356,2.125,0.045,0.0,2.1383598439738707,quote_mid;trade_last;iv_solved;prev_iv_model
2026-05-15 14:15:40+00:00,14.085,20260618,C,20.0,0.9,1.1,1.0,1.0,0.0,2958260.0,1.5085597842474665,1.0000000000000004,0.045,0.0,1.007557378705532,quote_mid;trade_last;iv_solved;prev_iv_model
2026-05-15 14:15:50+00:00,14.115,20260618,C,15.0,2.0,2.25,2.125,2.05,0.0,2958250.0,1.428445281359922,2.125,0.045,0.0,2.1410625977073163,quote_mid;trade_last;iv_solved;prev_iv_model
2026-05-15 14:15:50+00:00,14.115,20260618,C,20.0,0.9,1.1,1.0,1.0,0.0,2958250.0,1.5025453388645413,1.0000000000000004,0.045,0.0,1.009079714186393,quote_mid;trade_last;iv_solved;prev_iv_model
2026-05-15 14:16:00+00:00,14.115,20260618,C,15.0,2.0,2.3,2.15,2.05,0.0,2958240.0,1.4430036969648485,2.1500000000000004,0.045,0.0,2.12499577511114,quote_mid;trade_last;iv_solved;prev_iv_model
2026-05-15 14:16:00+00:00,14.115,20260618,C,20.0,0.9,1.1,1.0,1.0,0.0,2958240.0,1.5025479093570513,0.9999999999999996,0.045,0.0,0.9999961233776036,quote_mid;trade_last;iv_solved;prev_iv_model
2026-05-15 14:16:10+00:00,14.15,20260618,C,15.0,2.0,2.3,2.15,2.05,0.0,2958230.0,1.4320607471087357,2.1500000000000004,0.045,0.0,2.1688304438459447,quote_mid;trade_last;iv_solved;prev_iv_model
2026-05-15 14:16:10+00:00,14.15,20260618,C,20.0,0.9,1.1,1.0,1.0,0.0,2958230.0,1.495543330561298,1.0000000000000013,0.045,0.0,1.0106069563004545,quote_mid;trade_last;iv_solved;prev_iv_model
2026-05-15 14:16:20+00:00,14.1127,20260618,C,15.0,2.0,2.3,2.15,2.05,0.0,2958220.0,1.443727935714326,2.1499999999999986,0.045,0.0,2.129965100215406,quote_mid;trade_last;iv_solved;prev_iv_model
2026-05-15 14:16:20+00:00,14.1127,20260618,C,20.0,0.9,1.1,1.0,1.0,0.0,2958220.0,1.5030140001109684,1.0000000000000004,0.045,0.0,0.9887497437866206,quote_mid;trade_last;iv_solved;prev_iv_model
2026-05-15 14:16:30+00:00,14.085,20260618,C,15.0,2.0,2.25,2.125,2.05,0.0,2958210.0,1.4378093606361135,2.125,0.045,0.0,2.135146823476213,quote_mid;trade_last;iv_solved;prev_iv_model
2026-05-15 14:16:30+00:00,14.085,20260618,C,20.0,0.9,1.1,1.0,1.0,0.0,2958210.0,1.508572687417082,1.0000000000000009,0.045,0.0,0.9916455636057795,quote_mid;trade_last;iv_solved;prev_iv_model
2026-05-15 14:16:40+00:00,14.08,20260618,C,15.0,2.0,2.25,2.125,2.05,0.0,2958200.0,1.439370889724867,2.125000000000001,0.045,0.0,2.122323552363122,quote_mid;trade_last;iv_solved;prev_iv_model
2026-05-15 14:16:40+00:00,14.08,20260618,C,20.0,0.9,1.1,1.0,1.0,0.0,2958200.0,1.5095791002638514,1.0,0.045,0.0,0.9984868742047959,quote_mid;trade_last;iv_solved;prev_iv_model
2026-05-15 14:16:50+00:00,14.09,20260618,C,15.0,2.0,2.25,2.125,2.05,0.0,2958190.0,1.4362552606930774,2.125,0.045,0.0,2.1303432856522857,quote_mid;trade_last;iv_solved;prev_iv_model
2026-05-15 14:16:50+00:00,14.09,20260618,C,20.0,0.95,1.1,1.025,1.0,0.0,2958190.0,1.5241399697790947,1.024999999999999,0.045,0.0,1.003018218483557,quote_mid;trade_last;iv_solved;prev_iv_model
2026-05-15 14:17:00+00:00,14.085,20260618,C,15.0,2.0,2.25,2.125,2.05,0.0,2958180.0,1.4378167862465823,2.1249999999999982,0.045,0.0,2.122322714798038,quote_mid;trade_last;iv_solved;prev_iv_model
2026-05-15 14:17:00+00:00,14.085,20260618,C,20.0,0.95,1.1,1.025,1.0,0.0,2958180.0,1.5251529885522936,1.025,0.045,0.0,1.0234679268664366,quote_mid;trade_last;iv_solved;prev_iv_model
2026-05-15 14:17:10+00:00,14.04,20260618,C,15.0,2.0,2.25,2.125,2.05,0.0,2958170.0,1.4518512526122636,2.125,0.045,0.0,2.101003673346491,quote_mid;trade_last;iv_solved;prev_iv_model
2026-05-15 14:17:10+00:00,14.04,20260618,C,20.0,0.95,1.1,1.025,1.0,0.0,2958170.0,1.5342621992326255,1.025,0.045,0.0,1.0112926596239413,quote_mid;trade_last;iv_solved;prev_iv_model
2026-05-15 14:17:20+00:00,14.005,20260618,C,15.0,2.0,2.2,2.1,2.05,0.0,2958160.0,1.448114130094086,2.0999999999999996,0.045,0.0,2.106376035172028,quote_mid;trade_last;iv_solved;prev_iv_model
2026-05-15 14:17:20+00:00,14.005,20260618,C,20.0,0.95,1.1,1.025,1.05,15.0,2958160.0,1.5413639006849005,1.0250000000000008,0.045,0.0,1.0143408567183512,quote_mid;trade_last;iv_solved;prev_iv_model
2026-05-15 14:17:30+00:00,14.04,20260618,C,15.0,2.0,2.2,2.1,2.05,0.0,2958150.0,1.4372348136466866,2.1000000000000005,0.045,0.0,2.118602363905027,quote_mid;trade_last;iv_solved;prev_iv_model
2026-05-15 14:17:30+00:00,14.04,20260618,C,20.0,0.95,1.1,1.025,1.05,0.0,2958150.0,1.5342674475631068,1.0250000000000008,0.045,0.0,1.0357067323120166,quote_mid;trade_last;iv_solved;prev_iv_model
2026-05-15 14:17:40+00:00,14.04,20260618,C,15.0,2.0,2.2,2.1,2.05,0.0,2958140.0,1.4372372876952055,2.1000000000000005,0.045,0.0,2.0999957692091202,quote_mid;trade_last;iv_solved;prev_iv_model
2026-05-15 14:17:40+00:00,14.04,20260618,C,20.0,0.95,1.1,1.025,1.05,0.0,2958140.0,1.534270071748228,1.025,0.045,0.0,1.0249960453212248,quote_mid;trade_last;iv_solved;prev_iv_model
2026-05-15 14:17:50+00:00,14.025,20260618,C,15.0,2.0,2.2,2.1,2.05,0.0,2958130.0,1.4419032855171565,2.0999999999999996,0.045,0.0,2.0920282144587716,quote_mid;trade_last;iv_solved;prev_iv_model
2026-05-15 14:17:50+00:00,14.025,20260618,C,20.0,0.95,1.1,1.025,1.05,0.0,2958130.0,1.5373134330657718,1.0249999999999995,0.045,0.0,1.0204215686776332,quote_mid;trade_last;iv_solved;prev_iv_model
2026-05-15 14:18:00+00:00,14.06,20260618,C,15.0,2.0,2.25,2.125,2.05,0.0,2958120.0,1.445627108984405,2.125000000000001,0.045,0.0,2.1186254928245027,quote_mid;trade_last;iv_solved;prev_iv_model
2026-05-15 14:18:00+00:00,14.06,20260618,C,20.0,0.95,1.1,1.025,1.05,0.0,2958120.0,1.5302250371949615,1.0249999999999986,0.045,0.0,1.035712183195837,quote_mid;trade_last;iv_solved;prev_iv_model
2026-05-15 14:18:10+00:00,14.075,20260618,C,15.0,2.0,2.25,2.125,2.05,0.0,2958110.0,1.4409522757974198,2.125,0.045,0.0,2.1330094167729143,quote_mid;trade_last;iv_solved;prev_iv_model
2026-05-15 14:18:10+00:00,14.075,20260618,C,20.0,0.95,1.1,1.025,1.05,0.0,2958110.0,1.5271929537728415,1.025,0.045,0.0,1.0295848412936355,quote_mid;trade_last;iv_solved;prev_iv_model
2026-05-15 14:18:20+00:00,14.075,20260618,C,15.0,2.0,2.25,2.125,2.05,0.0,2958100.0,1.4409547563285927,2.124999999999999,0.045,0.0,2.124995749888275,quote_mid;trade_last;iv_solved;prev_iv_model
2026-05-15 14:18:20+00:00,14.075,20260618,C,20.0,0.95,1.1,1.025,1.05,0.0,2958100.0,1.5271955660838232,1.025,0.045,0.0,1.024996051849215,quote_mid;trade_last;iv_solved;prev_iv_model
2026-05-15 14:18:30+00:00,14.0901,20260618,C,15.0,2.0,2.25,2.125,2.05,0.0,2958090.0,1.4362488058609042,2.1250000000000018,0.045,0.0,2.133070454372943,quote_mid;trade_last;iv_solved;prev_iv_model
2026-05-15 14:18:30+00:00,14.0901,20260618,C,20.0,0.95,1.1,1.025,1.05,0.0,2958090.0,1.524145835752265,1.0250000000000012,0.045,0.0,1.029617275783591,quote_mid;trade_last;iv_solved;prev_iv_model
2026-05-15 14:18:40+00:00,14.11,20260618,C,15.0,2.0,2.25,2.125,2.05,0.0,2958080.0,1.430046169706467,2.125000000000001,0.045,0.0,2.135650421906261,quote_mid;trade_last;iv_solved;prev_iv_model
2026-05-15 14:18:40+00:00,14.11,20260618,C,20.0,0.95,1.1,1.025,1.05,0.0,2958080.0,1.5201297785345744,1.0250000000000008,0.045,0.0,1.0310912284478002,quote_mid;trade_last;iv_solved;prev_iv_model
2026-05-15 14:18:50+00:00,14.13,20260618,C,15.0,2.0,2.25,2.125,2.05,0.0,2958070.0,1.4238122854096327,2.125000000000001,0.045,0.0,2.1357175588498905,quote_mid;trade_last;iv_solved;prev_iv_model
2026-05-15 14:18:50+00:00,14.13,20260618,C,20.0,0.95,1.1,1.025,1.05,0.0,2958070.0,1.516098035098147,1.0249999999999995,0.045,0.0,1.031125130760199,quote_mid;trade_last;iv_solved;prev_iv_model
2026-05-15 14:19:00+00:00,14.13,20260618,C,15.0,2.0,2.25,2.125,2.05,0.0,2958060.0,1.423814737308756,2.125000000000001,0.045,0.0,2.124995784307461,quote_mid;trade_last;iv_solved;prev_iv_model
2026-05-15 14:19:00+00:00,14.13,20260618,C,20.0,0.95,1.1,1.025,1.05,0.0,2958060.0,1.5161006287671808,1.0250000000000008,0.045,0.0,1.024996062209715,quote_mid;trade_last;iv_solved;prev_iv_model
2026-05-15 14:19:10+00:00,14.09,20260618,C,15.0,2.0,2.25,2.125,2.05,0.0,2958050.0,1.436289878345674,2.124999999999999,0.045,0.0,2.103602163665813,quote_mid;trade_last;iv_solved;prev_iv_model
2026-05-15 14:19:10+00:00,14.09,20260618,C,20.0,0.95,1.1,1.025,1.05,0.0,2958050.0,1.524176470396255,1.0250000000000004,0.045,0.0,1.0127955541606464,quote_mid;trade_last;iv_solved;prev_iv_model
2026-05-15 14:19:20+00:00,14.107,20260618,C,15.0,2.0,2.25,2.125,2.05,0.0,2958040.0,1.4309914689341157,2.124999999999999,0.045,0.0,2.134096095298295,quote_mid;trade_last;iv_solved;prev_iv_model
2026-05-15 14:19:20+00:00,14.107,20260618,C,20.0,0.95,1.1,1.025,1.05,0.0,2958040.0,1.5207457254136196,1.0250000000000012,0.045,0.0,1.030201658734891,quote_mid;trade_last;iv_solved;prev_iv_model
2026-05-15 14:19:30+00:00,14.13,20260618,C,15.0,2.0,2.25,2.125,2.05,0.0,2958030.0,1.423822093080262,2.125000000000001,0.045,0.0,2.1373256844154414,quote_mid;trade_last;iv_solved;prev_iv_model
2026-05-15 14:19:30+00:00,14.13,20260618,C,20.0,0.95,1.1,1.025,1.05,0.0,2958030.0,1.5161084098528814,1.0250000000000004,0.045,0.0,1.032045772589862,quote_mid;trade_last;iv_solved;prev_iv_model
2026-05-15 14:19:40+00:00,14.12,20260618,C,15.0,2.0,2.25,2.125,2.05,0.0,2958020.0,1.426942757419532,2.1250000000000018,0.045,0.0,2.119637693507811,quote_mid;trade_last;iv_solved;prev_iv_model
2026-05-15 14:19:40+00:00,14.12,20260618,C,20.0,0.95,1.1,1.025,1.05,0.0,2958020.0,1.5181276273996613,1.0249999999999995,0.045,0.0,1.0219379153750752,quote_mid;trade_last;iv_solved;prev_iv_model
2026-05-15 14:19:50+00:00,14.13,20260618,C,15.0,2.0,2.25,2.125,2.05,0.0,2958010.0,1.4238269969897126,2.1250000000000018,0.045,0.0,2.13035687846099,quote_mid;trade_last;iv_solved;prev_iv_model
2026-05-15 14:19:50+00:00,14.13,20260618,C,20.0,0.95,1.1,1.025,1.05,0.0,2958010.0,1.5161135973088475,1.0250000000000017,0.045,0.0,1.0280587383235726,quote_mid;trade_last;iv_solved;prev_iv_model
2026-05-15 14:20:00+00:00,14.1,20260618,C,15.0,2.0,2.25,2.125,2.05,0.0,2958000.0,1.4331840539450722,2.1250000000000027,0.045,0.0,2.1089408787032307,quote_mid;trade_last;iv_solved;prev_iv_model
2026-05-15 14:20:00+00:00,14.1,20260618,C,20.0,0.95,1.1,1.025,1.05,1.0,2958000.0,1.522169476550876,1.0250000000000008,0.045,0.0,1.0158376621582632,quote_mid;trade_last;iv_solved;prev_iv_model
2026-05-15 14:20:10+00:00,14.115,20260618,C,15.0,2.0,2.25,2.125,2.05,0.0,2957990.0,1.4285092323274209,2.125000000000001,0.045,0.0,2.1330295902851617,quote_mid;trade_last;iv_solved;prev_iv_model
2026-05-15 14:20:10+00:00,14.115,20260618,C,20.0,0.95,1.1,1.025,1.05,0.0,2957990.0,1.5191441594633193,1.025,0.045,0.0,1.029589644249746,quote_mid;trade_last;iv_solved;prev_iv_model
2026-05-15 14:20:20+00:00,14.095,20260618,C,15.0,2.0,2.2,2.1,2.05,0.0,2957980.0,1.4201776359241882,2.1000000000000005,0.045,0.0,2.1142963076040777,quote_mid;trade_last;iv_solved;prev_iv_model
2026-05-15 14:20:20+00:00,14.095,20260618,C,20.0,0.95,1.1,1.025,1.05,0.0,2957980.0,1.5231845608348835,1.0250000000000008,0.045,0.0,1.0188875397231802,quote_mid;trade_last;iv_solved;prev_iv_model
2026-05-15 14:20:30+00:00,14.02,20260618,C,15.0,2.0,2.2,2.1,2.05,0.0,2957970.0,1.4434975844300513,2.0999999999999996,0.045,0.0,2.0601651193141475,quote_mid;trade_last;iv_solved;prev_iv_model
2026-05-15 14:20:30+00:00,14.02,20260618,C,20.0,0.95,1.1,1.025,1.05,0.0,2957970.0,1.5383696895138947,1.0250000000000012,0.045,0.0,1.0022111188398943,quote_mid;trade_last;iv_solved;prev_iv_model
2026-05-15 14:20:40+00:00,13.991,20260618,C,15.0,2.0,2.15,2.075,2.05,0.0,2957960.0,1.4378528595694688,2.075,0.045,0.0,2.084624044874168,quote_mid;trade_last;iv_solved;prev_iv_model
2026-05-15 14:20:40+00:00,13.991,20260618,C,20.0,0.9,1.1,1.0,1.05,0.0,2957960.0,1.5275576857522157,1.0,0.045,0.0,1.0161673137886598,quote_mid;trade_last;iv_solved;prev_iv_model
2026-05-15 14:20:50+00:00,14.015,20260618,C,15.0,2.0,2.15,2.075,2.05,0.0,2957950.0,1.4304157725885416,2.0749999999999993,0.045,0.0,2.0876996093449813,quote_mid;trade_last;iv_solved;prev_iv_model
2026-05-15 14:20:50+00:00,14.015,20260618,C,20.0,0.9,1.1,1.0,1.05,0.0,2957950.0,1.5227199016352877,1.0000000000000004,0.045,0.0,1.007241195719553,quote_mid;trade_last;iv_solved;prev_iv_model
2026-05-15 14:21:00+00:00,14.02,20260618,C,15.0,2.0,2.2,2.1,2.05,0.0,2957940.0,1.4435050384940982,2.0999999999999996,0.045,0.0,2.07764334292078,quote_mid;trade_last;iv_solved;prev_iv_model
2026-05-15 14:21:00+00:00,14.02,20260618,C,20.0,0.9,1.1,1.0,1.05,0.0,2957940.0,1.5217149244817012,1.0,0.045,0.0,1.0015039039666744,quote_mid;trade_last;iv_solved;prev_iv_model
2026-05-15 14:21:10+00:00,14.02,20260618,C,15.0,2.0,2.2,2.1,2.05,0.0,2957930.0,1.443507523207161,2.0999999999999996,0.045,0.0,2.099995756619541,quote_mid;trade_last;iv_solved;prev_iv_model
2026-05-15 14:21:10+00:00,14.02,20260618,C,20.0,0.9,1.1,1.0,1.05,0.0,2957930.0,1.521717527514769,1.0000000000000009,0.045,0.0,0.9999961053435458,quote_mid;trade_last;iv_solved;prev_iv_model
2026-05-15 14:21:20+00:00,14.0091,20260618,C,15.0,2.0,2.2,2.1,2.05,0.0,2957920.0,1.4468991149957855,2.1000000000000014,0.045,0.0,2.0942117763524433,quote_mid;trade_last;iv_solved;prev_iv_model
2026-05-15 14:21:20+00:00,14.0091,20260618,C,20.0,0.9,1.1,1.0,1.05,0.0,2957920.0,1.5239170365576813,1.0000000000000009,0.045,0.0,0.9967132971384749,quote_mid;trade_last;iv_solved;prev_iv_model
2026-05-15 14:21:30+00:00,13.9929,20260618,C,15.0,2.0,2.2,2.1,2.05,0.0,2957910.0,1.4519388658845709,2.0999999999999988,0.045,0.0,2.0914079230393607,quote_mid;trade_last;iv_solved;prev_iv_model
2026-05-15 14:21:30+00:00,13.9929,20260618,C,20.0,0.9,1.1,1.0,1.05,0.0,2957910.0,1.5271873068327597,1.0,0.045,0.0,0.9951207296379438,quote_mid;trade_last;iv_solved;prev_iv_model
2026-05-15 14:21:40+00:00,14.01,20260618,C,15.0,2.0,2.2,2.1,2.05,0.0,2957900.0,1.4466242559893892,2.1000000000000005,0.045,0.0,2.109069852275006,quote_mid;trade_last;iv_solved;prev_iv_model
2026-05-15 14:21:40+00:00,14.01,20260618,C,20.0,0.9,1.1,1.0,1.05,0.0,2957900.0,1.5237408017471594,1.0,0.045,0.0,1.0051553426134077,quote_mid;trade_last;iv_solved;prev_iv_model
2026-05-15 14:21:50+00:00,14.02,20260618,C,15.0,2.0,2.2,2.1,2.05,0.0,2957890.0,1.4435174621846518,2.0999999999999996,0.045,0.0,2.105305568644998,quote_mid;trade_last;iv_solved;prev_iv_model
2026-05-15 14:21:50+00:00,14.02,20260618,C,20.0,0.9,1.1,1.0,1.05,0.0,2957890.0,1.521727939778518,0.9999999999999991,0.045,0.0,1.0030126442526273,quote_mid;trade_last;iv_solved;prev_iv_model
2026-05-15 14:22:00+00:00,14.045,20260618,C,15.0,2.0,2.2,2.1,2.05,0.0,2957880.0,1.4357470764402809,2.0999999999999996,0.045,0.0,2.113290550921059,quote_mid;trade_last;iv_solved;prev_iv_model
2026-05-15 14:22:00+00:00,14.045,20260618,C,20.0,0.9,1.1,1.0,1.05,0.0,2957880.0,1.5166968853695169,1.0000000000000013,0.045,0.0,1.0075494146283606,quote_mid;trade_last;iv_solved;prev_iv_model
2026-05-15 14:22:10+00:00,13.988,20260618,C,15.0,2.0,2.2,2.1,2.05,0.0,2957870.0,1.4534725492868024,2.0999999999999988,0.045,0.0,2.0697868220458506,quote_mid;trade_last;iv_solved;prev_iv_model
2026-05-15 14:22:10+00:00,13.988,20260618,C,20.0,0.9,1.1,1.0,1.0,5.0,2957870.0,1.5281867279348367,1.0000000000000009,0.045,0.0,0.9828881234047113,quote_mid;trade_last;iv_solved;prev_iv_model
2026-05-15 14:22:20+00:00,13.9791,20260618,C,15.0,2.0,2.2,2.1,2.05,0.0,2957860.0,1.4562426521548426,2.0999999999999988,0.045,0.0,2.095281762183693,quote_mid;trade_last;iv_solved;prev_iv_model
2026-05-15 14:22:20+00:00,13.9791,20260618,C,20.0,0.9,1.1,1.0,1.0,0.0,2957860.0,1.529986353082132,0.9999999999999996,0.045,0.0,0.9973173739574466,quote_mid;trade_last;iv_solved;prev_iv_model
2026-05-15 14:22:30+00:00,13.97,20260618,C,15.0,2.0,2.2,2.1,2.05,0.0,2957850.0,1.4590750755570672,2.0999999999999988,0.045,0.0,2.095178497563875,quote_mid;trade_last;iv_solved;prev_iv_model
2026-05-15 14:22:30+00:00,13.97,20260618,C,20.0,0.9,1.1,1.0,1.0,0.0,2957850.0,1.5318273183628168,1.0000000000000013,0.045,0.0,0.9972578460339054,quote_mid;trade_last;iv_solved;prev_iv_model
2026-05-15 14:22:40+00:00,13.99,20260618,C,15.0,2.0,2.2,2.1,2.05,0.0,2957840.0,1.4528581333815112,2.0999999999999996,0.045,0.0,2.1105957471833268,quote_mid;trade_last;iv_solved;prev_iv_model
2026-05-15 14:22:40+00:00,13.99,20260618,C,20.0,0.9,1.1,1.0,1.0,0.0,2957840.0,1.5277908722954927,1.0000000000000009,0.045,0.0,1.0060283051901524,quote_mid;trade_last;iv_solved;prev_iv_model
2026-05-15 14:22:50+00:00,14.01,20260618,C,15.0,2.0,2.2,2.1,2.05,0.0,2957830.0,1.4466416860092082,2.0999999999999996,0.045,0.0,2.110608698246196,quote_mid;trade_last;iv_solved;prev_iv_model
2026-05-15 14:22:50+00:00,14.01,20260618,C,20.0,0.9,1.1,1.0,1.0,0.0,2957830.0,1.52375904737612,1.0000000000000009,0.045,0.0,1.0060313944585646,quote_mid;trade_last;iv_solved;prev_iv_model
2026-05-15 14:23:00+00:00,14.0288,20260618,C,15.0,2.0,2.2,2.1,2.05,0.0,2957820.0,1.4407987269041587,2.1000000000000014,0.045,0.0,2.109983504152291,quote_mid;trade_last;iv_solved;prev_iv_model
2026-05-15 14:23:00+00:00,14.0288,20260618,C,20.0,0.9,1.1,1.0,1.0,0.0,2957820.0,1.5199734795396114,1.0000000000000027,0.045,0.0,1.0056716082437012,quote_mid;trade_last;iv_solved;prev_iv_model
2026-05-15 14:23:10+00:00,13.95,20260618,C,15.0,2.0,2.2,2.1,2.05,0.0,2957810.0,1.465305227945274,2.1000000000000005,0.045,0.0,2.0583307437224185,quote_mid;trade_last;iv_solved;prev_iv_model
2026-05-15 14:23:10+00:00,13.95,20260618,C,20.0,0.9,1.1,1.0,1.0,0.0,2957810.0,1.5358815450336274,1.0,0.045,0.0,0.9764008179649735,quote_mid;trade_last;iv_solved;prev_iv_model
2026-05-15 14:23:20+00:00,13.95,20260618,C,15.0,2.0,2.1,2.05,2.05,0.0,2957800.0,1.435902986766433,2.0500000000000007,0.045,0.0,2.0999957139001397,quote_mid;trade_last;iv_solved;prev_iv_model
2026-05-15 14:23:20+00:00,13.95,20260618,C,20.0,0.9,1.1,1.0,1.0,0.0,2957800.0,1.5358841720331253,1.0000000000000004,0.045,0.0,0.9999960923451265,quote_mid;trade_last;iv_solved;prev_iv_model
2026-05-15 14:23:30+00:00,13.99,20260618,C,15.0,2.0,2.15,2.075,2.05,0.0,2957790.0,1.4382049375218173,2.075,0.045,0.0,2.071075342627286,quote_mid;trade_last;iv_solved;prev_iv_model
2026-05-15 14:23:30+00:00,13.99,20260618,C,20.0,0.9,1.1,1.0,1.0,0.0,2957790.0,1.5278039391803757,0.9999999999999996,0.045,0.0,1.0120756271444633,quote_mid;trade_last;iv_solved;prev_iv_model
2026-05-15 14:23:40+00:00,13.99,20260618,C,15.0,2.0,2.15,2.075,2.05,0.0,2957780.0,1.43820741326169,2.075000000000001,0.045,0.0,2.0749957791409006,quote_mid;trade_last;iv_solved;prev_iv_model
2026-05-15 14:23:40+00:00,13.99,20260618,C,20.0,0.9,1.1,1.0,1.0,0.0,2957780.0,1.5278065525969557,1.0000000000000018,0.045,0.0,0.999996099632706,quote_mid;trade_last;iv_solved;prev_iv_model
2026-05-15 14:23:50+00:00,13.9714,20260618,C,15.0,2.0,2.15,2.075,2.05,0.0,2957770.0,1.443976126686087,2.075000000000001,0.045,0.0,2.065176509361163,quote_mid;trade_last;iv_solved;prev_iv_model
2026-05-15 14:23:50+00:00,13.9714,20260618,C,20.0,0.9,1.1,1.0,1.0,0.0,2957770.0,1.5315653904912891,1.0000000000000004,0.045,0.0,0.9944023790975014,quote_mid;trade_last;iv_solved;prev_iv_model
2026-05-15 14:24:00+00:00,14.0175,20260618,C,15.0,2.0,2.2,2.1,2.05,0.0,2957760.0,1.4443270943531754,2.1000000000000014,0.045,0.0,2.0994007315907437,quote_mid;trade_last;iv_solved;prev_iv_model
2026-05-15 14:24:00+00:00,14.0175,20260618,C,20.0,0.9,1.1,1.0,1.0,0.0,2957760.0,1.522265551346588,1.0000000000000004,0.045,0.0,1.013932809506664,quote_mid;trade_last;iv_solved;prev_iv_model
2026-05-15 14:24:10+00:00,14.0013,20260618,C,15.0,2.0,2.2,2.1,2.05,0.0,2957750.0,1.4493668289787616,2.1000000000000014,0.045,0.0,2.091403470812698,quote_mid;trade_last;iv_solved;prev_iv_model
2026-05-15 14:24:10+00:00,14.0013,20260618,C,20.0,0.9,1.1,1.0,1.0,0.0,2957750.0,1.5255343366210607,1.0000000000000018,0.045,0.0,0.9951196745079693,quote_mid;trade_last;iv_solved;prev_iv_model
2026-05-15 14:24:20+00:00,13.98,20260618,C,15.0,2.0,2.2,2.1,2.05,0.0,2957740.0,1.455992845656533,2.1000000000000005,0.045,0.0,2.0887132468415706,quote_mid;trade_last;iv_solved;prev_iv_model
2026-05-15 14:24:20+00:00,13.98,20260618,C,20.0,0.9,1.1,1.0,1.0,0.0,2957740.0,1.5298359926093217,1.0000000000000013,0.045,0.0,0.9935900678156999,quote_mid;trade_last;iv_solved;prev_iv_model
2026-05-15 14:24:30+00:00,14.02,20260618,C,15.0,2.0,2.2,2.1,2.05,0.0,2957730.0,1.4435572200985511,2.0999999999999996,0.045,0.0,2.1212341608003706,quote_mid;trade_last;iv_solved;prev_iv_model
2026-05-15 14:24:30+00:00,14.02,20260618,C,20.0,0.9,1.1,1.0,1.0,0.0,2957730.0,1.5217695909373332,0.9999999999999996,0.045,0.0,1.0120848664836175,quote_mid;trade_last;iv_solved;prev_iv_model
2026-05-15 14:24:40+00:00,13.99,20260618,C,15.0,2.0,2.2,2.1,2.05,0.0,2957720.0,1.4528881395665874,2.1000000000000005,0.045,0.0,2.0840949556545834,quote_mid;trade_last;iv_solved;prev_iv_model
2026-05-15 14:24:40+00:00,13.99,20260618,C,20.0,0.9,1.1,1.0,1.0,0.0,2957720.0,1.5278222333736649,0.9999999999999996,0.045,0.0,0.9909761329115812,quote_mid;trade_last;iv_solved;prev_iv_model
2026-05-15 14:24:50+00:00,13.99,20260618,C,15.0,2.0,2.2,2.1,2.05,0.0,2957710.0,1.452890640163944,2.1000000000000014,0.045,0.0,2.099995737984594,quote_mid;trade_last;iv_solved;prev_iv_model
2026-05-15 14:24:50+00:00,13.99,20260618,C,20.0,0.9,1.1,1.0,1.0,0.0,2957710.0,1.5278248468826572,0.9999999999999996,0.045,0.0,0.9999960995410913,quote_mid;trade_last;iv_solved;prev_iv_model
2026-05-15 14:25:00+00:00,13.976,20260618,C,15.0,2.0,2.2,2.1,2.05,0.0,2957700.0,1.4572467992257536,2.1000000000000005,0.045,0.0,2.092581874949466,quote_mid;trade_last;iv_solved;prev_iv_model
2026-05-15 14:25:00+00:00,13.976,20260618,C,20.0,0.9,1.1,1.0,1.0,0.0,2957700.0,1.530654385270752,1.0,0.045,0.0,0.9957840592439804,quote_mid;trade_last;iv_solved;prev_iv_model
2026-05-15 14:25:10+00:00,13.975,20260618,C,15.0,2.05,2.2,2.125,2.1,1.0,2957690.0,1.4722447482412964,2.125000000000001,0.045,0.0,2.099466204559679,quote_mid;trade_last;iv_solved;prev_iv_model
2026-05-15 14:25:10+00:00,13.975,20260618,C,20.0,0.9,1.1,1.0,1.0,0.0,2957690.0,1.5308590142376177,0.9999999999999996,0.045,0.0,0.9996949986443537,quote_mid;trade_last;iv_solved;prev_iv_model
2026-05-15 14:25:20+00:00,13.98,20260618,C,15.0,2.05,2.2,2.125,2.1,0.0,2957680.0,1.4706875568390028,2.124999999999999,0.045,0.0,2.1276515301422645,quote_mid;trade_last;iv_solved;prev_iv_model
2026-05-15 14:25:20+00:00,13.98,20260618,C,20.0,0.9,1.1,1.0,1.0,0.0,2957680.0,1.529851694099944,1.0000000000000018,0.045,0.0,1.0015023473499731,quote_mid;trade_last;iv_solved;prev_iv_model
2026-05-15 14:25:30+00:00,13.9601,20260618,C,15.0,2.05,2.2,2.125,2.1,0.0,2957670.0,1.476898071737185,2.1249999999999982,0.045,0.0,2.1144379359100824,quote_mid;trade_last;iv_solved;prev_iv_model
2026-05-15 14:25:30+00:00,13.9601,20260618,C,20.0,0.9,1.1,1.0,1.0,0.0,2957670.0,1.5338756004213545,1.0000000000000009,0.045,0.0,0.99401363084618,quote_mid;trade_last;iv_solved;prev_iv_model
2026-05-15 14:25:40+00:00,14.01,20260618,C,15.0,2.05,2.2,2.125,2.1,0.0,2957660.0,1.4613350762039392,2.1250000000000018,0.045,0.0,2.1515479700858897,quote_mid;trade_last;iv_solved;prev_iv_model
2026-05-15 14:25:40+00:00,14.01,20260618,C,20.0,0.9,1.1,1.0,1.0,0.0,2957660.0,1.5238033608753105,0.9999999999999996,0.045,0.0,1.0150822899535568,quote_mid;trade_last;iv_solved;prev_iv_model
2026-05-15 14:25:50+00:00,13.98,20260618,C,15.0,2.05,2.2,2.125,2.1,0.0,2957650.0,1.4706951488120081,2.125,0.045,0.0,2.1090603720791608,quote_mid;trade_last;iv_solved;prev_iv_model
2026-05-15 14:25:50+00:00,13.98,20260618,C,20.0,0.9,1.1,1.0,1.0,0.0,2957650.0,1.5298595450237182,1.0000000000000004,0.045,0.0,0.9909784568658346,quote_mid;trade_last;iv_solved;prev_iv_model
2026-05-15 14:26:00+00:00,13.98,20260618,C,15.0,2.05,2.2,2.125,2.1,0.0,2957640.0,1.470697679495193,2.124999999999999,0.045,0.0,2.124995690805175,quote_mid;trade_last;iv_solved;prev_iv_model
2026-05-15 14:26:00+00:00,13.98,20260618,C,20.0,0.9,1.1,1.0,1.0,0.0,2957640.0,1.5298621620247497,1.0000000000000004,0.045,0.0,0.999996097616735,quote_mid;trade_last;iv_solved;prev_iv_model
2026-05-15 14:26:10+00:00,13.97,20260618,C,15.0,2.05,2.2,2.125,2.1,0.0,2957630.0,1.4738197299682434,2.125000000000001,0.045,0.0,2.1196871572978715,quote_mid;trade_last;iv_solved;prev_iv_model
2026-05-15 14:26:10+00:00,13.97,20260618,C,20.0,0.9,1.1,1.0,1.0,0.0,2957630.0,1.5318849644544525,0.9999999999999996,0.045,0.0,0.9969872009906462,quote_mid;trade_last;iv_solved;prev_iv_model
2026-05-15 14:26:20+00:00,13.935,20260618,C,15.0,2.05,2.2,2.125,2.1,0.0,2957620.0,1.4847421422109832,2.125,0.045,0.0,2.106454525007953,quote_mid;trade_last;iv_solved;prev_iv_model
2026-05-15 14:26:20+00:00,13.935,20260618,C,20.0,0.9,1.1,1.0,1.0,0.0,2957620.0,1.5389674395803308,0.9999999999999996,0.045,0.0,0.9894908762622459,quote_mid;trade_last;iv_solved;prev_iv_model
2026-05-15 14:26:30+00:00,13.9298,20260618,C,15.0,2.05,2.2,2.125,2.1,0.0,2957610.0,1.4863673083139202,2.1250000000000018,0.045,0.0,2.122241777634703,quote_mid;trade_last;iv_solved;prev_iv_model
2026-05-15 14:26:30+00:00,13.9298,20260618,C,20.0,0.9,1.1,1.0,1.0,2.0,2957610.0,1.5400231634962007,0.9999999999999987,0.045,0.0,0.9984325735983686,quote_mid;trade_last;iv_solved;prev_iv_model
2026-05-15 14:26:40+00:00,13.95,20260618,C,15.0,2.05,2.2,2.125,2.1,0.0,2957600.0,1.4800669748568454,2.124999999999999,0.045,0.0,2.1357062868154237,quote_mid;trade_last;iv_solved;prev_iv_model
2026-05-15 14:26:40+00:00,13.95,20260618,C,20.0,0.9,1.1,1.0,1.0,0.0,2957600.0,1.5359367148099974,0.9999999999999991,0.045,0.0,1.0060825528585005,quote_mid;trade_last;iv_solved;prev_iv_model
2026-05-15 14:26:50+00:00,13.93,20260618,C,15.0,2.0,2.2,2.1,2.1,0.0,2957590.0,1.4715817701516767,2.0999999999999988,0.045,0.0,2.1144037866223027,quote_mid;trade_last;iv_solved;prev_iv_model
2026-05-15 14:26:50+00:00,13.93,20260618,C,20.0,0.9,1.1,1.0,1.0,0.0,2957590.0,1.5399879222688972,0.9999999999999996,0.045,0.0,0.9939881652076115,quote_mid;trade_last;iv_solved;prev_iv_model
2026-05-15 14:27:00+00:00,13.94,20260618,C,15.0,2.0,2.2,2.1,2.1,0.0,2957580.0,1.4684736633312045,2.1000000000000005,0.045,0.0,2.1052798096147436,quote_mid;trade_last;iv_solved;prev_iv_model
2026-05-15 14:27:00+00:00,13.94,20260618,C,20.0,0.9,1.1,1.0,1.0,0.0,2957580.0,1.5379656757868219,1.0,0.045,0.0,1.0030065020665253,quote_mid;trade_last;iv_solved;prev_iv_model
2026-05-15 14:27:10+00:00,13.988,20260618,C,15.0,2.0,2.2,2.1,2.1,0.0,2957570.0,1.453547598240092,2.0999999999999996,0.045,0.0,2.1254323608094827,quote_mid;trade_last;iv_solved;prev_iv_model
2026-05-15 14:27:10+00:00,13.988,20260618,C,20.0,0.9,1.1,1.0,1.0,0.0,2957570.0,1.5282651533988805,0.9999999999999996,0.045,0.0,1.0144980534104024,quote_mid;trade_last;iv_solved;prev_iv_model
2026-05-15 14:27:20+00:00,13.94,20260618,C,15.0,2.0,2.2,2.1,2.1,0.0,2957560.0,1.4684787169432112,2.1000000000000014,0.045,0.0,2.0746321137543164,quote_mid;trade_last;iv_solved;prev_iv_model
2026-05-15 14:27:20+00:00,13.94,20260618,C,20.0,0.9,1.1,1.0,1.0,0.0,2957560.0,1.5379709372250336,1.0000000000000004,0.045,0.0,0.9855989677095276,quote_mid;trade_last;iv_solved;prev_iv_model
2026-05-15 14:27:30+00:00,13.95,20260618,C,15.0,2.0,2.2,2.1,2.1,0.0,2957550.0,1.4653707859043337,2.0999999999999988,0.045,0.0,2.1052829689774635,quote_mid;trade_last;iv_solved;prev_iv_model
2026-05-15 14:27:30+00:00,13.95,20260618,C,20.0,0.9,1.1,1.0,1.0,0.0,2957550.0,1.5359498513337129,1.0000000000000027,0.045,0.0,1.0030072563127184,quote_mid;trade_last;iv_solved;prev_iv_model
2026-05-15 14:27:40+00:00,13.97,20260618,C,15.0,2.0,2.2,2.1,2.1,0.0,2957540.0,1.4591529175100666,2.1000000000000014,0.045,0.0,2.1105829282745505,quote_mid;trade_last;iv_solved;prev_iv_model
2026-05-15 14:27:40+00:00,13.97,20260618,C,20.0,0.9,1.1,1.0,1.0,0.0,2957540.0,1.5319085487930595,1.0,0.045,0.0,1.0060252434691246,quote_mid;trade_last;iv_solved;prev_iv_model
2026-05-15 14:27:50+00:00,13.97,20260618,C,15.0,2.0,2.2,2.1,2.1,0.0,2957530.0,1.4591554287433546,2.0999999999999988,0.045,0.0,2.0999957255892197,quote_mid;trade_last;iv_solved;prev_iv_model
2026-05-15 14:27:50+00:00,13.97,20260618,C,20.0,0.9,1.1,1.0,1.0,0.0,2957530.0,1.5319111693413192,0.9999999999999991,0.045,0.0,0.9999960956426803,quote_mid;trade_last;iv_solved;prev_iv_model
2026-05-15 14:28:00+00:00,13.97,20260618,C,15.0,2.0,2.2,2.1,2.1,0.0,2957520.0,1.4591579399893062,2.0999999999999996,0.045,0.0,2.0999957255748853,quote_mid;trade_last;iv_solved;prev_iv_model
2026-05-15 14:28:00+00:00,13.97,20260618,C,20.0,0.9,1.1,1.0,1.0,0.0,2957520.0,1.531913789902815,1.0000000000000004,0.045,0.0,0.9999960956295793,quote_mid;trade_last;iv_solved;prev_iv_model
2026-05-15 14:28:10+00:00,13.97,20260618,C,15.0,2.0,2.2,2.1,2.1,0.0,2957510.0,1.459160451247917,2.1000000000000014,0.045,0.0,2.099995725560558,quote_mid;trade_last;iv_solved;prev_iv_model
2026-05-15 14:28:10+00:00,13.97,20260618,C,20.0,0.9,1.1,1.0,1.0,0.0,2957510.0,1.5319164104775518,0.9999999999999987,0.045,0.0,0.999996095616476,quote_mid;trade_last;iv_solved;prev_iv_model
2026-05-15 14:28:20+00:00,13.95,20260618,C,15.0,2.0,2.2,2.1,2.1,0.0,2957500.0,1.4653833941893688,2.1000000000000005,0.045,0.0,2.0894212036733544,quote_mid;trade_last;iv_solved;prev_iv_model
2026-05-15 14:28:20+00:00,13.95,20260618,C,20.0,0.9,1.1,1.0,1.0,0.0,2957500.0,1.5359629881892523,1.0000000000000004,0.045,0.0,0.9939851443416141,quote_mid;trade_last;iv_solved;prev_iv_model
2026-05-15 14:28:30+00:00,14.0,20260618,C,15.0,2.0,2.2,2.1,2.1,0.0,2957490.0,1.4498359480826188,2.0999999999999988,0.045,0.0,2.126511327154928,quote_mid;trade_last;iv_solved;prev_iv_model
2026-05-15 14:28:30+00:00,14.0,20260618,C,20.0,0.9,1.1,1.0,1.0,0.0,2957490.0,1.5258644349654018,0.9999999999999991,0.045,0.0,1.015108773485787,quote_mid;trade_last;iv_solved;prev_iv_model
2026-05-15 14:28:40+00:00,13.977,20260618,C,15.0,2.0,2.2,2.1,2.1,40.0,2957480.0,1.4569909798900547,2.1000000000000005,0.045,0.0,2.0878149947319864,quote_mid;trade_last;iv_solved;prev_iv_model
2026-05-15 14:28:40+00:00,13.977,20260618,C,20.0,0.9,1.1,1.0,1.0,0.0,2957480.0,1.5305099846386736,1.0000000000000018,0.045,0.0,0.993080061341991,quote_mid;trade_last;iv_solved;prev_iv_model
2026-05-15 14:28:50+00:00,13.98,20260618,C,15.0,2.0,2.2,2.1,2.1,0.0,2957470.0,1.4560605060395524,2.1000000000000005,0.045,0.0,2.1015847832199492,quote_mid;trade_last;iv_solved;prev_iv_model
2026-05-15 14:28:50+00:00,13.98,20260618,C,20.0,0.9,1.1,1.0,1.0,0.0,2957470.0,1.5299066530650727,1.0000000000000004,0.045,0.0,1.0008997334934024,quote_mid;trade_last;iv_solved;prev_iv_model
2026-05-15 14:29:00+00:00,13.95,20260618,C,15.0,2.0,2.2,2.1,2.1,0.0,2957460.0,1.4653934810462421,2.1000000000000005,0.045,0.0,2.084133909776101,quote_mid;trade_last;iv_solved;prev_iv_model
2026-05-15 14:29:00+00:00,13.95,20260618,C,20.0,0.9,1.1,1.0,1.0,0.0,2957460.0,1.5359734979126092,1.0000000000000004,0.045,0.0,0.9909853606686143,quote_mid;trade_last;iv_solved;prev_iv_model
2026-05-15 14:29:10+00:00,13.935,20260618,C,15.0,2.0,2.2,2.1,2.1,0.0,2957450.0,1.4700618405665318,2.1000000000000005,0.045,0.0,2.0920719861750294,quote_mid;trade_last;iv_solved;prev_iv_model
2026-05-15 14:29:10+00:00,13.935,20260618,C,20.0,0.9,1.1,1.0,1.0,0.0,2957450.0,1.5390121915749058,1.0000000000000004,0.045,0.0,0.995488157849858,quote_mid;trade_last;iv_solved;prev_iv_model
2026-05-15 14:29:20+00:00,13.905,20260618,C,15.0,2.0,2.15,2.075,2.1,0.0,2957440.0,1.4646483054731747,2.075000000000001,0.045,0.0,2.0841767409080507,quote_mid;trade_last;iv_solved;prev_iv_model
2026-05-15 14:29:20+00:00,13.905,20260618,C,20.0,0.9,1.1,1.0,1.0,0.0,2957440.0,1.5450949136530192,1.0,0.045,0.0,0.9909955240604935,quote_mid;trade_last;iv_solved;prev_iv_model
2026-05-15 14:29:30+00:00,13.925,20260618,C,15.0,2.0,2.15,2.075,2.1,0.0,2957430.0,1.4584481405616825,2.075000000000001,0.045,0.0,2.085524116762583,quote_mid;trade_last;iv_solved;prev_iv_model
2026-05-15 14:29:30+00:00,13.925,20260618,C,20.0,0.9,1.1,1.0,1.0,0.0,2957430.0,1.5410429767761626,0.9999999999999987,0.045,0.0,1.0060184694413006,quote_mid;trade_last;iv_solved;prev_iv_model
2026-05-15 14:29:40+00:00,13.91,20260618,C,15.0,2.0,2.15,2.075,2.1,0.0,2957420.0,1.4631025955199308,2.075000000000002,0.045,0.0,2.067106728609976,quote_mid;trade_last;iv_solved;prev_iv_model
2026-05-15 14:29:40+00:00,13.91,20260618,C,20.0,0.9,1.1,1.0,1.0,0.0,2957420.0,1.54408610927978,0.9999999999999996,0.045,0.0,0.9954909614308072,quote_mid;trade_last;iv_solved;prev_iv_model
2026-05-15 14:29:50+00:00,13.92,20260618,C,15.0,2.0,2.15,2.075,2.1,0.0,2957410.0,1.4600037619163935,2.075000000000001,0.045,0.0,2.0802583137994466,quote_mid;trade_last;iv_solved;prev_iv_model
2026-05-15 14:29:50+00:00,13.92,20260618,C,20.0,0.9,1.1,1.0,1.0,0.0,2957410.0,1.5420614541417739,1.0000000000000004,0.045,0.0,1.0030050036577238,quote_mid;trade_last;iv_solved;prev_iv_model
2026-05-15 14:30:00+00:00,13.93,20260618,C,15.0,2.0,2.15,2.075,2.1,0.0,2957400.0,1.4569051134756212,2.0749999999999993,0.045,0.0,2.080261488071203,quote_mid;trade_last;iv_solved;prev_iv_model
2026-05-15 14:30:00+00:00,13.93,20260618,C,20.0,0.9,1.1,1.0,1.0,0.0,2957400.0,1.5400379726132418,1.0000000000000004,0.045,0.0,1.0030057505219583,quote_mid;trade_last;iv_solved;prev_iv_model
2026-05-15 14:30:10+00:00,13.95,20260618,C,15.0,2.05,2.1,2.075,2.1,0.0,2957390.0,1.4507058215893158,2.075000000000001,0.045,0.0,2.08554001584875,quote_mid;trade_last;iv_solved;prev_iv_model
2026-05-15 14:30:10+00:00,13.95,20260618,C,20.0,0.9,1.1,1.0,1.0,0.0,2957390.0,1.535991890439539,0.9999999999999996,0.045,0.0,1.0060222131754992,quote_mid;trade_last;iv_solved;prev_iv_model
2026-05-15 14:30:20+00:00,13.9133,20260618,C,15.0,2.05,2.1,2.075,2.1,0.0,2957380.0,1.4620891929605953,2.075,0.045,0.0,2.0556902638076844,quote_mid;trade_last;iv_solved;prev_iv_model
2026-05-15 14:30:20+00:00,13.9133,20260618,C,20.0,0.9,1.1,1.0,1.0,0.0,2957380.0,1.5434275321583435,1.0,0.045,0.0,0.9889878070502292,quote_mid;trade_last;iv_solved;prev_iv_model
2026-05-15 14:30:30+00:00,13.945,20260618,C,15.0,2.05,2.1,2.075,2.1,0.0,2957370.0,1.4522612081549235,2.075,0.045,0.0,2.091703383348012,quote_mid;trade_last;iv_solved;prev_iv_model
2026-05-15 14:30:30+00:00,13.945,20260618,C,20.0,0.9,1.1,1.0,1.0,0.0,2957370.0,1.5370088879685437,1.0000000000000018,0.045,0.0,1.009553341251753,quote_mid;trade_last;iv_solved;prev_iv_model
2026-05-15 14:30:40+00:00,13.925,20260618,C,15.0,2.0,2.1,2.05,2.1,0.0,2957360.0,1.4437397046908593,2.05,0.045,0.0,2.064467517058242,quote_mid;trade_last;iv_solved;prev_iv_model
2026-05-15 14:30:40+00:00,13.925,20260618,C,20.0,0.9,1.1,1.0,1.0,0.0,2957360.0,1.5410614292487264,1.0,0.045,0.0,0.9939889172625307,quote_mid;trade_last;iv_solved;prev_iv_model
2026-05-15 14:30:50+00:00,13.92,20260618,C,15.0,2.0,2.1,2.05,2.1,0.0,2957350.0,1.4452878971766814,2.0500000000000007,0.045,0.0,2.04737219500302,quote_mid;trade_last;iv_solved;prev_iv_model
2026-05-15 14:30:50+00:00,13.92,20260618,C,20.0,0.9,1.1,1.0,1.0,0.0,2957350.0,1.5420772809044236,0.9999999999999996,0.045,0.0,0.9984930545748449,quote_mid;trade_last;iv_solved;prev_iv_model
2026-05-15 14:31:00+00:00,13.98,20260618,C,15.0,2.0,2.1,2.05,2.1,0.0,2957340.0,1.4267441498331914,2.05,0.045,0.0,2.0815949715630833,quote_mid;trade_last;iv_solved;prev_iv_model
2026-05-15 14:31:00+00:00,13.98,20260618,C,20.0,0.9,1.1,1.0,1.0,0.0,2957340.0,1.5299406782035976,1.0000000000000004,0.045,0.0,1.0181335075227036,quote_mid;trade_last;iv_solved;prev_iv_model
2026-05-15 14:31:10+00:00,13.95,20260618,C,15.0,2.0,2.1,2.05,2.1,0.0,2957330.0,1.4360191676883418,2.0500000000000007,0.045,0.0,2.034224710750892,quote_mid;trade_last;iv_solved;prev_iv_model
2026-05-15 14:31:10+00:00,13.95,20260618,C,20.0,0.9,1.1,1.0,1.0,0.0,2957330.0,1.536007655980339,1.0000000000000004,0.045,0.0,0.990985361929154,quote_mid;trade_last;iv_solved;prev_iv_model
2026-05-15 14:31:20+00:00,13.97,20260618,C,15.0,2.0,2.1,2.05,2.1,0.0,2957320.0,1.4298398178939036,2.049999999999999,0.045,0.0,2.060522602749854,quote_mid;trade_last;iv_solved;prev_iv_model
2026-05-15 14:31:20+00:00,13.97,20260618,C,20.0,0.9,1.1,1.0,1.0,0.0,2957320.0,1.5319662039130661,1.0000000000000004,0.045,0.0,1.006025241562054,quote_mid;trade_last;iv_solved;prev_iv_model
2026-05-15 14:31:30+00:00,13.9514,20260618,C,15.0,2.0,2.1,2.05,2.1,0.0,2957310.0,1.4355913686200261,2.05,0.045,0.0,2.040216960895287,quote_mid;trade_last;iv_solved;prev_iv_model
2026-05-15 14:31:30+00:00,13.9514,20260618,C,20.0,0.9,1.1,1.0,1.0,0.0,2957310.0,1.5357296730156333,0.9999999999999996,0.045,0.0,0.9944052201870401,quote_mid;trade_last;iv_solved;prev_iv_model
2026-05-15 14:31:40+00:00,13.9457,20260618,C,15.0,2.0,2.1,2.05,2.1,0.0,2957300.0,1.4373557432920778,2.0500000000000016,0.045,0.0,2.0470001467244945,quote_mid;trade_last;iv_solved;prev_iv_model
2026-05-15 14:31:40+00:00,13.9457,20260618,C,20.0,0.9,1.1,1.0,1.0,0.0,2957300.0,1.5368856300123719,1.0000000000000009,0.045,0.0,0.9982816106925867,quote_mid;trade_last;iv_solved;prev_iv_model
2026-05-15 14:31:50+00:00,13.9613,20260618,C,15.0,2.0,2.1,2.05,2.1,0.0,2957290.0,1.4325362542486229,2.0500000000000016,0.045,0.0,2.0582022789316667,quote_mid;trade_last;iv_solved;prev_iv_model
2026-05-15 14:31:50+00:00,13.9613,20260618,C,20.0,0.9,1.1,1.0,1.0,0.0,2957290.0,1.5337326759404002,1.0000000000000004,0.045,0.0,1.0046964975621946,quote_mid;trade_last;iv_solved;prev_iv_model
2026-05-15 14:32:00+00:00,13.97,20260618,C,15.0,2.0,2.1,2.05,2.1,0.0,2957280.0,1.429849665571426,2.0500000000000007,0.045,0.0,2.0545750074306124,quote_mid;trade_last;iv_solved;prev_iv_model
2026-05-15 14:32:00+00:00,13.97,20260618,C,20.0,0.9,1.1,1.0,1.0,0.0,2957280.0,1.531976687350658,1.0,0.045,0.0,1.0026169125361348,quote_mid;trade_last;iv_solved;prev_iv_model
2026-05-15 14:32:10+00:00,13.97,20260618,C,15.0,2.0,2.1,2.05,2.1,3.0,2957270.0,1.4298521275218352,2.0500000000000007,0.045,0.0,2.049995807440297,quote_mid;trade_last;iv_solved;prev_iv_model
2026-05-15 14:32:10+00:00,13.97,20260618,C,20.0,0.9,1.1,1.0,1.0,0.0,2957270.0,1.5319793082431588,0.9999999999999996,0.045,0.0,0.9999960953019973,quote_mid;trade_last;iv_solved;prev_iv_model
2026-05-15 14:32:20+00:00,13.97,20260618,C,15.0,2.0,2.1,2.05,2.1,0.0,2957260.0,1.429854589484656,2.0500000000000007,0.045,0.0,2.049995807426243,quote_mid;trade_last;iv_solved;prev_iv_model
2026-05-15 14:32:20+00:00,13.97,20260618,C,20.0,0.9,1.0,0.95,1.0,0.0,2957260.0,1.4982249363483864,0.9499999999999993,0.045,0.0,0.9999960952888922,quote_mid;trade_last;iv_solved;prev_iv_model
2026-05-15 14:32:30+00:00,13.96,20260618,C,15.0,2.0,2.1,2.05,2.1,0.0,2957250.0,1.4329479419631168,2.0500000000000007,0.045,0.0,2.0447355629662303,quote_mid;trade_last;iv_solved;prev_iv_model
2026-05-15 14:32:30+00:00,13.96,20260618,C,20.0,0.9,1.0,0.95,1.0,0.0,2957250.0,1.5002207921682333,0.9500000000000006,0.045,0.0,0.9470649804972449,quote_mid;trade_last;iv_solved;prev_iv_model
2026-05-15 14:32:40+00:00,13.94,20260618,C,15.0,2.0,2.1,2.05,2.1,0.0,2957240.0,1.4391325545000893,2.049999999999999,0.045,0.0,2.039488407656961,quote_mid;trade_last;iv_solved;prev_iv_model
2026-05-15 14:32:40+00:00,13.94,20260618,C,20.0,0.9,1.0,0.95,1.0,0.0,2957240.0,1.5042133869150578,0.9500000000000002,0.045,0.0,0.9441406544900968,quote_mid;trade_last;iv_solved;prev_iv_model
2026-05-15 14:32:50+00:00,13.95,20260618,C,15.0,2.0,2.1,2.05,2.1,0.0,2957230.0,1.4360438905851596,2.0500000000000007,0.045,0.0,2.055252680693269,quote_mid;trade_last;iv_solved;prev_iv_model
2026-05-15 14:32:50+00:00,13.95,20260618,C,20.0,0.9,1.0,0.95,1.0,0.0,2957230.0,1.5022203696549425,0.9499999999999993,0.045,0.0,0.9529305007307225,quote_mid;trade_last;iv_solved;prev_iv_model
2026-05-15 14:33:00+00:00,13.95,20260618,C,15.0,2.0,2.1,2.05,2.1,0.0,2957220.0,1.4360463629433942,2.05,0.045,0.0,2.0499957953257306,quote_mid;trade_last;iv_solved;prev_iv_model
2026-05-15 14:33:00+00:00,13.95,20260618,C,20.0,0.9,1.0,0.95,1.0,0.0,2957220.0,1.5022229400625156,0.9500000000000006,0.045,0.0,0.9499962218889144,quote_mid;trade_last;iv_solved;prev_iv_model
2026-05-15 14:33:10+00:00,13.95,20260618,C,15.0,2.0,2.1,2.05,2.1,0.0,2957210.0,1.4360488353140948,2.0500000000000016,0.045,0.0,2.0499957953116343,quote_mid;trade_last;iv_solved;prev_iv_model
2026-05-15 14:33:10+00:00,13.95,20260618,C,20.0,0.9,1.0,0.95,1.0,0.0,2957210.0,1.5022255104830737,0.9499999999999988,0.045,0.0,0.9499962218762361,quote_mid;trade_last;iv_solved;prev_iv_model
2026-05-15 14:33:20+00:00,13.935,20260618,C,15.0,2.0,2.1,2.05,2.1,0.0,2957200.0,1.4406880950714802,2.05,0.045,0.0,2.04211772458046,quote_mid;trade_last;iv_solved;prev_iv_model
2026-05-15 14:33:20+00:00,13.935,20260618,C,20.0,0.9,1.0,0.95,1.0,0.0,2957200.0,1.5052219138614538,0.9499999999999984,0.045,0.0,0.9456036929590592,quote_mid;trade_last;iv_solved;prev_iv_model
2026-05-15 14:33:30+00:00,13.91,20260618,C,15.0,2.0,2.1,2.05,2.1,0.0,2957190.0,1.4484193274002748,2.05,0.045,0.0,2.036885974603872,quote_mid;trade_last;iv_solved;prev_iv_model
2026-05-15 14:33:30+00:00,13.91,20260618,C,20.0,0.9,1.0,0.95,1.0,0.0,2957190.0,1.5102199852144436,0.9499999999999993,0.045,0.0,0.942684913140539,quote_mid;trade_last;iv_solved;prev_iv_model
2026-05-15 14:33:40+00:00,13.9196,20260618,C,15.0,2.0,2.1,2.05,2.1,0.0,2957180.0,1.44545385218641,2.0500000000000016,0.045,0.0,2.055032947155511,quote_mid;trade_last;iv_solved;prev_iv_model
2026-05-15 14:33:40+00:00,13.9196,20260618,C,20.0,0.9,1.0,0.95,1.0,0.0,2957180.0,1.5083034407729334,0.9499999999999997,0.045,0.0,0.9528108129508097,quote_mid;trade_last;iv_solved;prev_iv_model
2026-05-15 14:33:50+00:00,13.95,20260618,C,15.0,2.05,2.1,2.075,2.1,0.0,2957170.0,1.4507607583687268,2.075000000000002,0.045,0.0,2.0659766314056327,quote_mid;trade_last;iv_solved;prev_iv_model
2026-05-15 14:33:50+00:00,13.95,20260618,C,20.0,0.9,1.0,0.95,1.0,0.0,2957170.0,1.5022357922951741,0.9500000000000024,0.045,0.0,0.9589282542710538,quote_mid;trade_last;iv_solved;prev_iv_model
2026-05-15 14:34:00+00:00,13.925,20260618,C,15.0,2.0,2.1,2.05,2.1,0.0,2957160.0,1.4437894096737343,2.0500000000000007,0.045,0.0,2.061835470802734,quote_mid;trade_last;iv_solved;prev_iv_model
2026-05-15 14:34:00+00:00,13.925,20260618,C,20.0,0.9,1.0,0.95,1.0,0.0,2957160.0,1.507229557542626,0.9499999999999993,0.045,0.0,0.942682041777255,quote_mid;trade_last;iv_solved;prev_iv_model
2026-05-15 14:34:10+00:00,13.88,20260618,C,15.0,2.0,2.05,2.025,2.1,0.0,2957150.0,1.4429378218963538,2.0249999999999995,0.045,0.0,2.0264418040813776,quote_mid;trade_last;iv_solved;prev_iv_model
2026-05-15 14:34:10+00:00,13.88,20260618,C,20.0,0.9,1.0,0.95,1.0,0.0,2957150.0,1.5162345288933459,0.9500000000000011,0.045,0.0,0.9368633721079864,quote_mid;trade_last;iv_solved;prev_iv_model
2026-05-15 14:34:20+00:00,13.88,20260618,C,15.0,2.0,2.05,2.025,2.1,0.0,2957140.0,1.442940305629067,2.0250000000000004,0.045,0.0,2.02499579482875,quote_mid;trade_last;iv_solved;prev_iv_model
2026-05-15 14:34:20+00:00,13.88,20260618,C,20.0,0.9,1.0,0.95,1.0,0.0,2957140.0,1.5162371229724534,0.9499999999999993,0.045,0.0,0.9499962094796581,quote_mid;trade_last;iv_solved;prev_iv_model
2026-05-15 14:34:30+00:00,13.89,20260618,C,15.0,2.0,2.05,2.025,2.1,0.0,2957130.0,1.4398605060039755,2.0249999999999995,0.045,0.0,2.0302177586257404,quote_mid;trade_last;iv_solved;prev_iv_model
2026-05-15 14:34:30+00:00,13.89,20260618,C,20.0,0.9,1.0,0.95,1.0,0.0,2957130.0,1.5142371427811305,0.9499999999999997,0.045,0.0,0.9529259223381521,quote_mid;trade_last;iv_solved;prev_iv_model
2026-05-15 14:34:40+00:00,13.865,20260618,C,15.0,2.0,2.05,2.025,2.1,0.0,2957120.0,1.4475690730845523,2.0250000000000004,0.045,0.0,2.011961320557198,quote_mid;trade_last;iv_solved;prev_iv_model
2026-05-15 14:34:40+00:00,13.865,20260618,C,20.0,0.9,1.0,0.95,1.0,0.0,2957120.0,1.5192483704490973,0.9499999999999997,0.045,0.0,0.9426934035832168,quote_mid;trade_last;iv_solved;prev_iv_model
2026-05-15 14:34:50+00:00,13.89,20260618,C,15.0,2.0,2.05,2.025,2.1,0.0,2957110.0,1.4398654632123522,2.0250000000000004,0.045,0.0,2.0380508608324863,quote_mid;trade_last;iv_solved;prev_iv_model
2026-05-15 14:34:50+00:00,13.89,20260618,C,20.0,0.9,1.0,0.95,1.0,0.0,2957110.0,1.5142423242592788,0.9499999999999997,0.045,0.0,0.957327679406442,quote_mid;trade_last;iv_solved;prev_iv_model
2026-05-15 14:35:00+00:00,13.92,20260618,C,15.0,2.0,2.1,2.05,2.1,0.0,2957100.0,1.4453500941846813,2.049999999999998,0.045,0.0,2.0406908274227815,quote_mid;trade_last;iv_solved;prev_iv_model
2026-05-15 14:35:00+00:00,13.92,20260618,C,20.0,0.9,1.0,0.95,1.0,0.0,2957100.0,1.5082441450995412,0.9499999999999993,0.045,0.0,0.9588036234297022,quote_mid;trade_last;iv_solved;prev_iv_model
2026-05-15 14:35:10+00:00,13.885,20260618,C,15.0,2.0,2.05,2.025,2.1,0.0,2957090.0,1.4414115491044073,2.0250000000000004,0.045,0.0,2.0316702949545355,quote_mid;trade_last;iv_solved;prev_iv_model
2026-05-15 14:35:10+00:00,13.885,20260618,C,20.0,0.9,1.0,0.95,1.0,0.0,2957090.0,1.5152486537455268,0.9499999999999993,0.045,0.0,0.9397737441524296,quote_mid;trade_last;iv_solved;prev_iv_model
2026-05-15 14:35:20+00:00,13.92,20260618,C,15.0,2.0,2.1,2.05,2.1,0.0,2957080.0,1.4453550702840148,2.05,0.045,0.0,2.0433066893866725,quote_mid;trade_last;iv_solved;prev_iv_model
2026-05-15 14:35:20+00:00,13.92,20260618,C,20.0,0.9,1.05,0.9750000000000001,1.0,0.0,2957080.0,1.5252491697066444,0.9750000000000001,0.045,0.0,0.9602748707723086,quote_mid;trade_last;iv_solved;prev_iv_model
2026-05-15 14:35:30+00:00,13.885,20260618,C,15.0,2.0,2.1,2.05,2.1,0.0,2957070.0,1.456179285353572,2.05,0.045,0.0,2.0316702954983796,quote_mid;trade_last;iv_solved;prev_iv_model
2026-05-15 14:35:30+00:00,13.885,20260618,C,20.0,0.9,1.05,0.9750000000000001,1.0,0.0,2957070.0,1.5323035993104068,0.9750000000000005,0.045,0.0,0.9646377057117967,quote_mid;trade_last;iv_solved;prev_iv_model
2026-05-15 14:35:40+00:00,13.88,20260618,C,15.0,2.0,2.1,2.05,2.1,0.0,2957060.0,1.4577279563144243,2.049999999999999,0.045,0.0,2.047378559335238,quote_mid;trade_last;iv_solved;prev_iv_model
2026-05-15 14:35:40+00:00,13.88,20260618,C,20.0,0.9,1.05,0.9750000000000001,1.0,0.0,2957060.0,1.5333148016311888,0.975000000000001,0.045,0.0,0.9735136820921797,quote_mid;trade_last;iv_solved;prev_iv_model
2026-05-15 14:35:50+00:00,13.89,20260618,C,15.0,2.0,2.1,2.05,2.1,0.0,2957050.0,1.4546381840168192,2.049999999999999,0.045,0.0,2.055233389931309,quote_mid;trade_last;iv_solved;prev_iv_model
2026-05-15 14:35:50+00:00,13.89,20260618,C,20.0,0.9,1.05,0.9750000000000001,1.0,0.0,2957050.0,1.531300554427598,0.9750000000000005,0.045,0.0,0.9779646797025672,quote_mid;trade_last;iv_solved;prev_iv_model
2026-05-15 14:36:00+00:00,13.89,20260618,C,15.0,2.0,2.1,2.05,2.1,0.0,2957040.0,1.4546406876510636,2.049999999999999,0.045,0.0,2.049995759301228,quote_mid;trade_last;iv_solved;prev_iv_model
2026-05-15 14:36:00+00:00,13.89,20260618,C,20.0,0.9,1.05,0.9750000000000001,1.0,0.0,2957040.0,1.5313031741783485,0.9750000000000014,0.045,0.0,0.9749961454712701,quote_mid;trade_last;iv_solved;prev_iv_model
2026-05-15 14:36:10+00:00,13.88,20260618,C,15.0,2.0,2.1,2.05,2.1,0.0,2957030.0,1.4577354827486557,2.0500000000000016,0.045,0.0,2.044761393321565,quote_mid;trade_last;iv_solved;prev_iv_model
2026-05-15 14:36:10+00:00,13.88,20260618,C,20.0,0.9,1.05,0.9750000000000001,1.0,0.0,2957030.0,1.5333226710743713,0.9749999999999996,0.045,0.0,0.9720321776927432,quote_mid;trade_last;iv_solved;prev_iv_model
2026-05-15 14:36:20+00:00,13.89,20260618,C,15.0,2.0,2.1,2.05,2.1,0.0,2957020.0,1.4546456949574278,2.05,0.045,0.0,2.0552333896460215,quote_mid;trade_last;iv_solved;prev_iv_model
2026-05-15 14:36:20+00:00,13.89,20260618,C,20.0,0.9,1.05,0.9750000000000001,1.0,0.0,2957020.0,1.5313084137195632,0.9750000000000005,0.045,0.0,0.977964679555261,quote_mid;trade_last;iv_solved;prev_iv_model
2026-05-15 14:36:30+00:00,13.87,20260618,C,15.0,2.0,2.1,2.05,2.1,0.0,2957010.0,1.4608330232566882,2.0500000000000007,0.045,0.0,2.0395334694993172,quote_mid;trade_last;iv_solved;prev_iv_model
2026-05-15 14:36:30+00:00,13.87,20260618,C,20.0,0.9,1.05,0.9750000000000001,1.0,0.0,2957010.0,1.53534598234013,0.9749999999999996,0.045,0.0,0.9690735207426644,quote_mid;trade_last;iv_solved;prev_iv_model
2026-05-15 14:36:40+00:00,13.87,20260618,C,15.0,2.0,2.1,2.05,2.1,0.0,2957000.0,1.4608355372965693,2.0500000000000007,0.045,0.0,2.049995747440266,quote_mid;trade_last;iv_solved;prev_iv_model
2026-05-15 14:36:40+00:00,13.87,20260618,C,20.0,0.9,1.05,0.9750000000000001,1.0,0.0,2957000.0,1.535348608939938,0.975000000000001,0.045,0.0,0.9749961418660478,quote_mid;trade_last;iv_solved;prev_iv_model
2026-05-15 14:36:50+00:00,13.8669,20260618,C,15.0,2.0,2.1,2.05,2.1,0.0,2956990.0,1.461796783565763,2.049999999999997,0.045,0.0,2.0483743597222084,quote_mid;trade_last;iv_solved;prev_iv_model
2026-05-15 14:36:50+00:00,13.8669,20260618,C,20.0,0.9,1.05,0.9750000000000001,1.0,0.0,2956990.0,1.5359770780627726,0.9749999999999996,0.045,0.0,0.9740772019098625,quote_mid;trade_last;iv_solved;prev_iv_model
2026-05-15 14:37:00+00:00,13.875,20260618,C,15.0,2.0,2.1,2.05,2.1,0.0,2956980.0,1.459294267787334,2.049999999999999,0.045,0.0,2.05423439819781,quote_mid;trade_last;iv_solved;prev_iv_model
2026-05-15 14:37:00+00:00,13.875,20260618,C,20.0,0.9,1.05,0.9750000000000001,1.0,0.0,2956980.0,1.534344676812426,0.975000000000001,0.045,0.0,0.9773994632417935,quote_mid;trade_last;iv_solved;prev_iv_model
2026-05-15 14:37:10+00:00,13.87,20260618,C,15.0,2.0,2.1,2.05,2.1,0.0,2956970.0,1.4608430794922804,2.049999999999999,0.045,0.0,2.0473801292851075,quote_mid;trade_last;iv_solved;prev_iv_model
2026-05-15 14:37:10+00:00,13.87,20260618,C,20.0,0.9,1.05,0.9750000000000001,1.0,0.0,2956970.0,1.5353564888189952,0.975000000000001,0.045,0.0,0.9735140495618695,quote_mid;trade_last;iv_solved;prev_iv_model
2026-05-15 14:37:20+00:00,13.875,20260618,C,15.0,2.0,2.1,2.05,2.1,0.0,2956960.0,1.4592992907777318,2.0500000000000007,0.045,0.0,2.0526121885385535,quote_mid;trade_last;iv_solved;prev_iv_model
2026-05-15 14:37:20+00:00,13.875,20260618,C,20.0,0.9,1.05,0.9750000000000001,1.0,0.0,2956960.0,1.5343499267053202,0.9749999999999996,0.045,0.0,0.9764793769656914,quote_mid;trade_last;iv_solved;prev_iv_model
2026-05-15 14:37:30+00:00,13.8914,20260618,C,15.0,2.0,2.1,2.05,2.1,0.0,2956950.0,1.4542303112129362,2.0500000000000016,0.045,0.0,2.0585862556289447,quote_mid;trade_last;iv_solved;prev_iv_model
2026-05-15 14:37:30+00:00,13.8914,20260618,C,20.0,0.9,1.05,0.9750000000000001,1.0,0.0,2956950.0,1.5310444799946215,0.9750000000000019,0.045,0.0,0.9798667186916967,quote_mid;trade_last;iv_solved;prev_iv_model
2026-05-15 14:37:40+00:00,13.89,20260618,C,15.0,2.0,2.1,2.05,2.1,0.0,2956940.0,1.4546657246878842,2.05,0.045,0.0,2.049262499102295,quote_mid;trade_last;iv_solved;prev_iv_model
2026-05-15 14:37:40+00:00,13.89,20260618,C,20.0,0.9,1.05,0.9750000000000001,1.0,0.0,2956940.0,1.5313293724139263,0.9750000000000019,0.045,0.0,0.9745808558618414,quote_mid;trade_last;iv_solved;prev_iv_model
2026-05-15 14:37:50+00:00,13.88,20260618,C,15.0,2.0,2.1,2.05,2.1,0.0,2956930.0,1.4577605716850934,2.0500000000000007,0.045,0.0,2.04476139398931,quote_mid;trade_last;iv_solved;prev_iv_model
2026-05-15 14:37:50+00:00,13.88,20260618,C,20.0,0.9,1.05,0.9750000000000001,1.0,0.0,2956930.0,1.5333489034132057,0.9750000000000005,0.045,0.0,0.9720321779243948,quote_mid;trade_last;iv_solved;prev_iv_model
2026-05-15 14:38:00+00:00,13.87,20260618,C,15.0,2.0,2.1,2.05,2.05,5.0,2956920.0,1.4608556500720296,2.05,0.045,0.0,2.0447645456190067,quote_mid;trade_last;iv_solved;prev_iv_model
2026-05-15 14:38:00+00:00,13.87,20260618,C,20.0,0.9,1.05,0.9750000000000001,1.0,0.0,2956920.0,1.5353696222162108,0.9750000000000005,0.045,0.0,0.9720329154725449,quote_mid;trade_last;iv_solved;prev_iv_model
2026-05-15 14:38:10+00:00,13.89,20260618,C,15.0,2.0,2.1,2.05,2.05,0.0,2956910.0,1.454673236045127,2.05,0.045,0.0,2.060471133365886,quote_mid;trade_last;iv_solved;prev_iv_model
2026-05-15 14:38:10+00:00,13.89,20260618,C,20.0,0.9,1.05,0.9750000000000001,1.0,0.0,2956910.0,1.5313372321427416,0.9749999999999996,0.045,0.0,0.9809370381947913,quote_mid;trade_last;iv_solved;prev_iv_model
2026-05-15 14:38:20+00:00,13.865,20260618,C,15.0,2.0,2.1,2.05,2.05,0.0,2956900.0,1.4624070552705395,2.0500000000000007,0.045,0.0,2.036921926919409,quote_mid;trade_last;iv_solved;prev_iv_model
2026-05-15 14:38:20+00:00,13.865,20260618,C,20.0,0.9,1.05,0.9750000000000001,1.0,0.0,2956900.0,1.536384370657232,0.9750000000000005,0.045,0.0,0.96759618443207,quote_mid;trade_last;iv_solved;prev_iv_model
2026-05-15 14:38:30+00:00,13.86,20260618,C,15.0,2.0,2.1,2.05,2.05,0.0,2956890.0,1.463956011678754,2.0500000000000016,0.045,0.0,2.0473816908308615,quote_mid;trade_last;iv_solved;prev_iv_model
2026-05-15 14:38:30+00:00,13.86,20260618,C,20.0,0.9,1.05,0.9750000000000001,1.0,0.0,2956890.0,1.537396792204218,0.975000000000001,0.045,0.0,0.9735144151860373,quote_mid;trade_last;iv_solved;prev_iv_model
2026-05-15 14:38:40+00:00,13.8557,20260618,C,15.0,2.0,2.1,2.05,2.05,0.0,2956880.0,1.4652885207354576,2.0500000000000007,0.045,0.0,2.0477482301148777,quote_mid;trade_last;iv_solved;prev_iv_model
2026-05-15 14:38:40+00:00,13.8557,20260618,C,20.0,0.9,1.05,0.9750000000000001,1.0,0.0,2956880.0,1.5382680832594553,0.9749999999999996,0.045,0.0,0.9737219335023344,quote_mid;trade_last;iv_solved;prev_iv_model
2026-05-15 14:38:50+00:00,13.88,20260618,C,15.0,2.0,2.1,2.05,2.05,0.0,2956870.0,1.4577756256542531,2.05,0.045,0.0,2.06271578741606,quote_mid;trade_last;iv_solved;prev_iv_model
2026-05-15 14:38:50+00:00,13.88,20260618,C,20.0,0.9,1.05,0.9750000000000001,1.0,0.0,2956870.0,1.533364643452773,0.9749999999999992,0.045,0.0,0.9822145363168286,quote_mid;trade_last;iv_solved;prev_iv_model
2026-05-15 14:39:00+00:00,13.89,20260618,C,15.0,2.0,2.1,2.05,2.05,0.0,2956860.0,1.4546857552263859,2.049999999999999,0.045,0.0,2.055233388124476,quote_mid;trade_last;iv_solved;prev_iv_model
2026-05-15 14:39:00+00:00,13.89,20260618,C,20.0,0.9,1.05,0.9750000000000001,1.0,0.0,2956860.0,1.5313503319555424,0.9750000000000019,0.045,0.0,0.977964678769605,quote_mid;trade_last;iv_solved;prev_iv_model
2026-05-15 14:39:10+00:00,13.885,20260618,C,15.0,2.0,2.1,2.05,2.05,0.0,2956850.0,1.4562344246175574,2.049999999999999,0.045,0.0,2.0473777718745856,quote_mid;trade_last;iv_solved;prev_iv_model
2026-05-15 14:39:10+00:00,13.885,20260618,C,20.0,0.9,1.05,0.9750000000000001,1.0,0.0,2956850.0,1.532361273665225,0.9750000000000001,0.045,0.0,0.9735134977968367,quote_mid;trade_last;iv_solved;prev_iv_model
2026-05-15 14:39:20+00:00,13.8899,20260618,C,15.0,2.0,2.1,2.05,2.05,0.0,2956840.0,1.4547216858346812,2.0500000000000016,0.045,0.0,2.052562168426678,quote_mid;trade_last;iv_solved;prev_iv_model
2026-05-15 14:39:20+00:00,13.8899,20260618,C,20.0,0.9,1.05,0.9750000000000001,1.0,0.0,2956840.0,1.5313757355542577,0.975000000000001,0.045,0.0,0.976450244980474,quote_mid;trade_last;iv_solved;prev_iv_model
2026-05-15 14:39:30+00:00,13.877,20260618,C,15.0,2.0,2.1,2.05,2.05,0.0,2956830.0,1.4587134228886298,2.05,0.045,0.0,2.0432446744752344,quote_mid;trade_last;iv_solved;prev_iv_model
2026-05-15 14:39:30+00:00,13.877,20260618,C,20.0,0.9,1.05,0.9750000000000001,1.0,0.0,2956830.0,1.5339804507573258,0.975000000000001,0.045,0.0,0.9711736306386491,quote_mid;trade_last;iv_solved;prev_iv_model
2026-05-15 14:39:40+00:00,13.8811,20260618,C,15.0,2.0,2.1,2.05,2.05,0.0,2956820.0,1.4574479963759868,2.0500000000000007,0.045,0.0,2.0521420165913424,quote_mid;trade_last;iv_solved;prev_iv_model
2026-05-15 14:39:40+00:00,13.8811,20260618,C,20.0,0.9,1.05,0.9750000000000001,1.0,0.0,2956820.0,1.533155838430205,0.9749999999999996,0.045,0.0,0.9762125093601943,quote_mid;trade_last;iv_solved;prev_iv_model
2026-05-15 14:39:50+00:00,13.875,20260618,C,15.0,2.0,2.1,2.05,2.05,0.0,2956810.0,1.4593369648205634,2.05,0.045,0.0,2.046803741211148,quote_mid;trade_last;iv_solved;prev_iv_model
2026-05-15 14:39:50+00:00,13.875,20260618,C,20.0,0.9,1.05,0.9750000000000001,1.0,0.0,2956810.0,1.534389302593247,0.9749999999999996,0.045,0.0,0.9731878938779621,quote_mid;trade_last;iv_solved;prev_iv_model
2026-05-15 14:40:00+00:00,13.875,20260618,C,15.0,2.0,2.1,2.05,2.05,0.0,2956800.0,1.4593394765247485,2.05,0.045,0.0,2.0499957501007415,quote_mid;trade_last;iv_solved;prev_iv_model
2026-05-15 14:40:00+00:00,13.875,20260618,C,20.0,0.9,1.05,0.9750000000000001,1.0,0.0,2956800.0,1.5343919277585627,0.9750000000000005,0.045,0.0,0.9749961424944438,quote_mid;trade_last;iv_solved;prev_iv_model
2026-05-15 14:40:10+00:00,13.885,20260618,C,15.0,2.0,2.1,2.05,2.05,0.0,2956790.0,1.456249463660344,2.05,0.045,0.0,2.055231807739192,quote_mid;trade_last;iv_solved;prev_iv_model
2026-05-15 14:40:10+00:00,13.885,20260618,C,20.0,0.9,1.05,0.9750000000000001,1.0,0.0,2956790.0,1.5323770041474978,0.9750000000000019,0.045,0.0,0.9779643073879818,quote_mid;trade_last;iv_solved;prev_iv_model
2026-05-15 14:40:20+00:00,13.915,20260618,C,15.0,2.0,2.1,2.05,2.05,0.0,2956780.0,1.4469756145996069,2.05,0.045,0.0,2.0657326776167677,quote_mid;trade_last;iv_solved;prev_iv_model
2026-05-15 14:40:20+00:00,13.915,20260618,C,20.0,0.9,1.05,0.9750000000000001,1.0,0.0,2956780.0,1.5263340338948783,0.975000000000001,0.045,0.0,0.9839187926371906,quote_mid;trade_last;iv_solved;prev_iv_model
2026-05-15 14:40:30+00:00,13.915,20260618,C,15.0,2.0,2.1,2.05,2.05,0.0,2956770.0,1.4469781056325361,2.0500000000000007,0.045,0.0,2.0499957737572787,quote_mid;trade_last;iv_solved;prev_iv_model
2026-05-15 14:40:30+00:00,13.915,20260618,C,20.0,0.9,1.05,0.9750000000000001,1.0,0.0,2956770.0,1.526336645518263,0.975000000000001,0.045,0.0,0.9749961495794297,quote_mid;trade_last;iv_solved;prev_iv_model
2026-05-15 14:40:40+00:00,13.915,20260618,C,15.0,2.0,2.1,2.05,2.05,0.0,2956760.0,1.4469805966780256,2.049999999999999,0.045,0.0,2.0499957737431096,quote_mid;trade_last;iv_solved;prev_iv_model
2026-05-15 14:40:40+00:00,13.915,20260618,C,20.0,0.9,1.05,0.9750000000000001,1.0,0.0,2956760.0,1.5263392571548455,0.9749999999999996,0.045,0.0,0.9749961495665032,quote_mid;trade_last;iv_solved;prev_iv_model
2026-05-15 14:40:50+00:00,14.0,20260618,C,15.0,2.0,2.1,2.05,2.05,0.0,2956750.0,1.420707261097986,2.0500000000000007,0.045,0.0,2.094815821184296,quote_mid;trade_last;iv_solved;prev_iv_model
2026-05-15 14:40:50+00:00,14.0,20260618,C,20.0,0.9,1.05,0.9750000000000001,1.0,0.0,2956750.0,1.5092695243867293,0.975000000000001,0.045,0.0,1.000420590474155,quote_mid;trade_last;iv_solved;prev_iv_model
2026-05-15 14:41:00+00:00,13.99,20260618,C,15.0,2.0,2.1,2.05,2.05,0.0,2956740.0,1.4238006051523082,2.0500000000000016,0.045,0.0,2.04472559179134,quote_mid;trade_last;iv_solved;prev_iv_model
2026-05-15 14:41:00+00:00,13.99,20260618,C,20.0,0.9,1.05,0.9750000000000001,1.0,0.0,2956740.0,1.5112762948330327,0.975000000000001,0.045,0.0,0.9720238204441238,quote_mid;trade_last;iv_solved;prev_iv_model
2026-05-15 14:41:10+00:00,13.99,20260618,C,15.0,2.0,2.1,2.05,2.05,0.0,2956730.0,1.423803057426369,2.049999999999999,0.045,0.0,2.049995818789239,quote_mid;trade_last;iv_solved;prev_iv_model
2026-05-15 14:41:10+00:00,13.99,20260618,C,20.0,0.9,1.05,0.9750000000000001,1.0,0.0,2956730.0,1.5112788811289457,0.9749999999999992,0.045,0.0,0.974996163003099,quote_mid;trade_last;iv_solved;prev_iv_model
2026-05-15 14:41:20+00:00,13.99,20260618,C,15.0,2.0,2.1,2.05,2.05,0.0,2956720.0,1.4238055097127953,2.05,0.045,0.0,2.0499958187752183,quote_mid;trade_last;iv_solved;prev_iv_model
2026-05-15 14:41:20+00:00,13.99,20260618,C,20.0,0.9,1.0,0.95,1.0,0.0,2956720.0,1.4943798737512513,0.9499999999999997,0.045,0.0,0.9749961629902231,quote_mid;trade_last;iv_solved;prev_iv_model
2026-05-15 14:41:30+00:00,13.965,20260618,C,15.0,2.0,2.1,2.05,2.05,0.0,2956710.0,1.4315355881643654,2.0500000000000007,0.045,0.0,2.0368408566757843,quote_mid;trade_last;iv_solved;prev_iv_model
2026-05-15 14:41:30+00:00,13.965,20260618,C,20.0,0.9,1.0,0.95,1.0,0.0,2956710.0,1.4993625503431938,0.9500000000000015,0.045,0.0,0.9426742852849324,quote_mid;trade_last;iv_solved;prev_iv_model
2026-05-15 14:41:40+00:00,13.95,20260618,C,15.0,2.0,2.1,2.05,2.05,0.0,2956700.0,1.4361749427503985,2.0500000000000007,0.045,0.0,2.0421103591342273,quote_mid;trade_last;iv_solved;prev_iv_model
2026-05-15 14:41:40+00:00,13.95,20260618,C,20.0,0.9,1.0,0.95,1.0,0.0,2956700.0,1.5023566191537405,0.9500000000000002,0.045,0.0,0.9456019561927889,quote_mid;trade_last;iv_solved;prev_iv_model
2026-05-15 14:41:50+00:00,13.935,20260618,C,15.0,2.0,2.1,2.05,2.05,0.0,2956690.0,1.4408145989854892,2.0500000000000016,0.045,0.0,2.0421177302052262,quote_mid;trade_last;iv_solved;prev_iv_model
2026-05-15 14:41:50+00:00,13.935,20260618,C,20.0,0.9,1.0,0.95,1.0,0.0,2956690.0,1.5053532803656173,0.9499999999999993,0.045,0.0,0.9456036951071738,quote_mid;trade_last;iv_solved;prev_iv_model
2026-05-15 14:42:00+00:00,13.92,20260618,C,15.0,2.0,2.05,2.025,2.05,0.0,2956680.0,1.4307255368557716,2.0249999999999995,0.045,0.0,2.0421250423082693,quote_mid;trade_last;iv_solved;prev_iv_model
2026-05-15 14:42:00+00:00,13.92,20260618,C,20.0,0.9,1.0,0.95,1.0,0.0,2956680.0,1.5083525442657297,0.9500000000000006,0.045,0.0,0.9456054214465892,quote_mid;trade_last;iv_solved;prev_iv_model
2026-05-15 14:42:10+00:00,13.945,20260618,C,15.0,2.0,2.1,2.05,2.05,0.0,2956670.0,1.4377280606916738,2.049999999999999,0.045,0.0,2.038095361257234,quote_mid;trade_last;iv_solved;prev_iv_model
2026-05-15 14:42:10+00:00,13.945,20260618,C,20.0,0.9,1.0,0.95,1.0,0.0,2956670.0,1.5033620784500763,0.9500000000000002,0.045,0.0,0.9573381018835838,quote_mid;trade_last;iv_solved;prev_iv_model
2026-05-15 14:42:20+00:00,13.945,20260618,C,15.0,2.0,2.1,2.05,2.05,0.0,2956660.0,1.4377305363355468,2.049999999999999,0.045,0.0,2.049995791534191,quote_mid;trade_last;iv_solved;prev_iv_model
2026-05-15 14:42:20+00:00,13.945,20260618,C,20.0,0.9,1.0,0.95,1.0,0.0,2956660.0,1.5033646512656444,0.9499999999999984,0.045,0.0,0.9499962202951764,quote_mid;trade_last;iv_solved;prev_iv_model
2026-05-15 14:42:30+00:00,13.97,20260618,C,15.0,2.0,2.1,2.05,2.05,0.0,2956650.0,1.430004792690967,2.05,0.045,0.0,2.063154237260374,quote_mid;trade_last;iv_solved;prev_iv_model
2026-05-15 14:42:30+00:00,13.97,20260618,C,20.0,0.9,1.0,0.95,1.0,0.0,2956650.0,1.4983813428936363,0.9499999999999993,0.045,0.0,0.9573429343635977,quote_mid;trade_last;iv_solved;prev_iv_model
2026-05-15 14:42:40+00:00,13.97,20260618,C,15.0,2.0,2.1,2.05,2.05,0.0,2956640.0,1.430007255423503,2.049999999999999,0.045,0.0,2.0499958065547563,quote_mid;trade_last;iv_solved;prev_iv_model
2026-05-15 14:42:40+00:00,13.97,20260618,C,20.0,0.9,1.0,0.95,1.0,0.0,2956640.0,1.4983839073369984,0.9499999999999993,0.045,0.0,0.9499962246948388,quote_mid;trade_last;iv_solved;prev_iv_model
2026-05-15 14:42:50+00:00,13.97,20260618,C,15.0,2.0,2.1,2.05,2.05,0.0,2956630.0,1.4300097181684595,2.0500000000000016,0.045,0.0,2.0499958065406974,quote_mid;trade_last;iv_solved;prev_iv_model
2026-05-15 14:42:50+00:00,13.97,20260618,C,20.0,0.9,1.0,0.95,1.0,0.0,2956630.0,1.4983864717933213,0.9500000000000006,0.045,0.0,0.9499962246821685,quote_mid;trade_last;iv_solved;prev_iv_model
2026-05-15 14:43:00+00:00,13.93,20260618,C,15.0,2.0,2.05,2.025,2.05,0.0,2956620.0,1.4276584132864722,2.0250000000000004,0.045,0.0,2.0289939499051073,quote_mid;trade_last;iv_solved;prev_iv_model
2026-05-15 14:43:00+00:00,13.93,20260618,C,20.0,0.9,1.0,0.95,1.0,0.0,2956620.0,1.5063699311397922,0.9499999999999993,0.045,0.0,0.938303465131233,quote_mid;trade_last;iv_solved;prev_iv_model
2026-05-15 14:43:10+00:00,13.91,20260618,C,15.0,2.0,2.05,2.025,2.05,0.0,2956610.0,1.433824833836793,2.0250000000000004,0.045,0.0,2.0145390341388607,quote_mid;trade_last;iv_solved;prev_iv_model
2026-05-15 14:43:10+00:00,13.91,20260618,C,20.0,0.9,1.0,0.95,1.0,0.0,2956610.0,1.5103698738436013,0.9500000000000002,0.045,0.0,0.944145263235233,quote_mid;trade_last;iv_solved;prev_iv_model
2026-05-15 14:43:20+00:00,13.95,20260618,C,15.0,2.0,2.05,2.025,2.05,0.0,2956600.0,1.4214998635574179,2.0249999999999995,0.045,0.0,2.045961515602845,quote_mid;trade_last;iv_solved;prev_iv_model
2026-05-15 14:43:20+00:00,13.95,20260618,C,20.0,0.9,1.0,0.95,1.0,0.0,2956600.0,1.5023823306982735,0.9500000000000002,0.045,0.0,0.9617562096077537,quote_mid;trade_last;iv_solved;prev_iv_model
2026-05-15 14:43:30+00:00,13.95,20260618,C,15.0,2.0,2.05,2.025,2.05,0.0,2956590.0,1.4215023118610324,2.0250000000000004,0.045,0.0,2.0249958356737974,quote_mid;trade_last;iv_solved;prev_iv_model
2026-05-15 14:43:30+00:00,13.95,20260618,C,20.0,0.9,1.0,0.95,1.0,0.0,2956590.0,1.502384901924187,0.9499999999999984,0.045,0.0,0.9499962210900463,quote_mid;trade_last;iv_solved;prev_iv_model
2026-05-15 14:43:40+00:00,13.93,20260618,C,15.0,2.0,2.05,2.025,2.05,0.0,2956580.0,1.4276682477444989,2.0249999999999986,0.045,0.0,2.0145258578427523,quote_mid;trade_last;iv_solved;prev_iv_model
2026-05-15 14:43:40+00:00,13.93,20260618,C,20.0,0.9,1.0,0.95,1.0,0.0,2956580.0,1.5063802429198119,0.9500000000000015,0.045,0.0,0.9441422009001954,quote_mid;trade_last;iv_solved;prev_iv_model
2026-05-15 14:43:50+00:00,13.96,20260618,C,15.0,2.0,2.1,2.05,2.05,0.0,2956570.0,1.4331157372001262,2.05,0.045,0.0,2.0407300447491314,quote_mid;trade_last;iv_solved;prev_iv_model
2026-05-15 14:43:50+00:00,13.96,20260618,C,20.0,0.9,1.0,0.95,1.0,0.0,2956570.0,1.500395379270758,0.9499999999999997,0.045,0.0,0.9588128051966591,quote_mid;trade_last;iv_solved;prev_iv_model
2026-05-15 14:44:00+00:00,13.95,20260618,C,15.0,2.0,2.1,2.05,2.05,0.0,2956560.0,1.4362095661513345,2.0500000000000007,0.045,0.0,2.0447388571789435,quote_mid;trade_last;iv_solved;prev_iv_model
2026-05-15 14:44:00+00:00,13.95,20260618,C,20.0,0.9,1.0,0.95,1.0,0.0,2956560.0,1.502392615679884,0.9500000000000006,0.045,0.0,0.9470657581858761,quote_mid;trade_last;iv_solved;prev_iv_model
2026-05-15 14:44:10+00:00,13.97,20260618,C,15.0,2.0,2.1,2.05,2.05,0.0,2956550.0,1.4300294205751602,2.0500000000000016,0.045,0.0,2.0605225888423506,quote_mid;trade_last;iv_solved;prev_iv_model
2026-05-15 14:44:10+00:00,13.97,20260618,C,20.0,0.9,1.0,0.95,1.0,0.0,2956550.0,1.4984069879104078,0.9500000000000006,0.045,0.0,0.9558716882817744,quote_mid;trade_last;iv_solved;prev_iv_model
2026-05-15 14:44:20+00:00,13.95,20260618,C,15.0,2.0,2.1,2.05,2.05,0.0,2956540.0,1.436214512551008,2.049999999999999,0.045,0.0,2.039481842515679,quote_mid;trade_last;iv_solved;prev_iv_model
2026-05-15 14:44:20+00:00,13.95,20260618,C,20.0,0.9,1.0,0.95,1.0,0.0,2956540.0,1.5023977582486472,0.9499999999999993,0.045,0.0,0.9441391088453766,quote_mid;trade_last;iv_solved;prev_iv_model
2026-05-15 14:44:30+00:00,13.93,20260618,C,15.0,2.0,2.05,2.025,2.05,0.0,2956530.0,1.427680541095985,2.0249999999999986,0.045,0.0,2.0394949591505735,quote_mid;trade_last;iv_solved;prev_iv_model
2026-05-15 14:44:30+00:00,13.93,20260618,C,20.0,0.9,1.0,0.95,1.0,0.0,2956530.0,1.5063931329379514,0.9500000000000006,0.045,0.0,0.9441422012017617,quote_mid;trade_last;iv_solved;prev_iv_model
2026-05-15 14:44:40+00:00,13.95,20260618,C,15.0,2.0,2.05,2.025,2.05,0.0,2956520.0,1.421519450332009,2.0249999999999995,0.045,0.0,2.0354787722437058,quote_mid;trade_last;iv_solved;prev_iv_model
2026-05-15 14:44:40+00:00,13.95,20260618,C,20.0,0.9,1.0,0.95,1.0,0.0,2956520.0,1.5024029008693867,0.9500000000000015,0.045,0.0,0.9558685870922679,quote_mid;trade_last;iv_solved;prev_iv_model
2026-05-15 14:44:50+00:00,13.955,20260618,C,15.0,2.0,2.1,2.05,2.05,0.0,2956510.0,1.434676223791946,2.05,0.045,0.0,2.027617430411498,quote_mid;trade_last;iv_solved;prev_iv_model
2026-05-15 14:44:50+00:00,13.955,20260618,C,20.0,0.9,1.0,0.95,1.0,0.0,2956510.0,1.501407986271273,0.9500000000000002,0.045,0.0,0.9514630768243078,quote_mid;trade_last;iv_solved;prev_iv_model
2026-05-15 14:45:00+00:00,13.99,20260618,C,15.0,2.0,2.1,2.05,2.05,0.0,2956500.0,1.4238594631425845,2.049999999999999,0.045,0.0,2.0684404598882464,quote_mid;trade_last;iv_solved;prev_iv_model
2026-05-15 14:45:00+00:00,13.99,20260618,C,20.0,0.9,1.0,0.95,1.0,0.0,2956500.0,1.4944361448853734,0.9499999999999997,0.045,0.0,0.9602937354758332,quote_mid;trade_last;iv_solved;prev_iv_model
2026-05-15 14:45:10+00:00,13.99,20260618,C,15.0,2.0,2.1,2.05,2.05,0.0,2956490.0,1.4238619157134216,2.0500000000000007,0.045,0.0,2.0499958184528015,quote_mid;trade_last;iv_solved;prev_iv_model
2026-05-15 14:45:10+00:00,13.99,20260618,C,20.0,0.9,1.0,0.95,1.0,0.0,2956490.0,1.4944387028128343,0.9500000000000002,0.045,0.0,0.9499962280571772,quote_mid;trade_last;iv_solved;prev_iv_model
2026-05-15 14:45:20+00:00,13.93,20260618,C,15.0,2.0,2.1,2.05,2.05,0.0,2956480.0,1.4424125519053175,2.049999999999999,0.045,0.0,2.0184926033020103,quote_mid;trade_last;iv_solved;prev_iv_model
2026-05-15 14:45:20+00:00,13.93,20260618,C,20.0,0.9,1.05,0.9750000000000001,1.0,0.0,2956480.0,1.5233933944588456,0.9750000000000014,0.045,0.0,0.9324800132831372,quote_mid;trade_last;iv_solved;prev_iv_model
2026-05-15 14:45:30+00:00,13.95,20260618,C,15.0,2.0,2.1,2.05,2.05,0.0,2956470.0,1.4362318253427317,2.049999999999999,0.045,0.0,2.0605095151928303,quote_mid;trade_last;iv_solved;prev_iv_model
2026-05-15 14:45:30+00:00,13.95,20260618,C,20.0,0.9,1.05,0.9750000000000001,1.0,0.0,2956470.0,1.5193747474810677,0.9750000000000005,0.045,0.0,0.9809460516425847,quote_mid;trade_last;iv_solved;prev_iv_model
2026-05-15 14:45:40+00:00,13.9475,20260618,C,15.0,2.0,2.1,2.05,2.05,0.0,2956460.0,1.437007171160396,2.05,0.045,0.0,2.048681769495535,quote_mid;trade_last;iv_solved;prev_iv_model
2026-05-15 14:45:40+00:00,13.9475,20260618,C,20.0,0.9,1.05,0.9750000000000001,1.0,0.0,2956460.0,1.5198797510900555,0.9750000000000005,0.045,0.0,0.9742535355684114,quote_mid;trade_last;iv_solved;prev_iv_model
2026-05-15 14:45:50+00:00,13.94,20260618,C,15.0,2.0,2.05,2.025,2.05,0.0,2956450.0,1.4246183439158258,2.0250000000000012,0.045,0.0,2.0460555484368026,quote_mid;trade_last;iv_solved;prev_iv_model
2026-05-15 14:45:50+00:00,13.94,20260618,C,20.0,0.9,1.0,0.95,1.0,0.0,2956450.0,1.5044167536559754,0.9499999999999993,0.045,0.0,0.9727694386366927,quote_mid;trade_last;iv_solved;prev_iv_model
2026-05-15 14:46:00+00:00,13.92,20260618,C,15.0,2.0,2.1,2.05,2.05,0.0,2956440.0,1.4455143319626518,2.049999999999999,0.045,0.0,2.0145324660029837,quote_mid;trade_last;iv_solved;prev_iv_model
2026-05-15 14:46:00+00:00,13.92,20260618,C,20.0,0.9,1.05,0.9750000000000001,1.0,0.0,2956440.0,1.5254162063612329,0.9750000000000001,0.045,0.0,0.9441437367148398,quote_mid;trade_last;iv_solved;prev_iv_model
2026-05-15 14:46:10+00:00,13.94,20260618,C,15.0,2.0,2.1,2.05,2.05,0.0,2956430.0,1.439333274042344,2.05,0.045,0.0,2.060503030552179,quote_mid;trade_last;iv_solved;prev_iv_model
2026-05-15 14:46:10+00:00,13.94,20260618,C,20.0,0.9,1.05,0.9750000000000001,1.0,0.0,2956430.0,1.521395207455004,0.9750000000000001,0.045,0.0,0.9809445298013579,quote_mid;trade_last;iv_solved;prev_iv_model
2026-05-15 14:46:20+00:00,13.91,20260618,C,15.0,2.0,2.1,2.05,2.05,0.0,2956420.0,1.4486113333222552,2.05,0.045,0.0,2.034264040188246,quote_mid;trade_last;iv_solved;prev_iv_model
2026-05-15 14:46:20+00:00,13.91,20260618,C,20.0,0.9,1.05,0.9750000000000001,1.0,0.0,2956420.0,1.5274349867495887,0.9750000000000019,0.045,0.0,0.9661089894406634,quote_mid;trade_last;iv_solved;prev_iv_model
2026-05-15 14:46:30+00:00,13.9001,20260618,C,15.0,2.0,2.1,2.05,2.05,0.0,2956410.0,1.451675114392355,2.05,0.045,0.0,2.0448074188913132,quote_mid;trade_last;iv_solved;prev_iv_model
2026-05-15 14:46:30+00:00,13.9001,20260618,C,20.0,0.9,1.05,0.9750000000000001,1.0,0.0,2956410.0,1.529432182236,0.9750000000000005,0.045,0.0,0.972060321236818,quote_mid;trade_last;iv_solved;prev_iv_model
2026-05-15 14:46:40+00:00,13.885,20260618,C,15.0,2.0,2.1,2.05,2.05,0.0,2956400.0,1.4563472285315062,2.05,0.045,0.0,2.0420895216290287,quote_mid;trade_last;iv_solved;prev_iv_model
2026-05-15 14:46:40+00:00,13.885,20260618,C,20.0,0.9,1.05,0.9750000000000001,1.0,0.0,2956400.0,1.5324792639090057,0.9750000000000005,0.045,0.0,0.9705214717719501,quote_mid;trade_last;iv_solved;prev_iv_model
2026-05-15 14:46:50+00:00,13.8824,20260618,C,15.0,2.0,2.1,2.05,2.05,0.0,2956390.0,1.4571538246606588,2.05,0.045,0.0,2.048634613642088,quote_mid;trade_last;iv_solved;prev_iv_model
2026-05-15 14:46:50+00:00,13.8824,20260618,C,20.0,0.9,1.05,0.9750000000000001,1.0,0.0,2956390.0,1.5330063706534198,0.9750000000000001,0.045,0.0,0.9742250982141063,quote_mid;trade_last;iv_solved;prev_iv_model
2026-05-15 14:47:00+00:00,13.8625,20260618,C,15.0,2.0,2.1,2.05,2.05,0.0,2956380.0,1.4633112223078832,2.049999999999999,0.045,0.0,2.0395904934373545,quote_mid;trade_last;iv_solved;prev_iv_model
2026-05-15 14:47:00+00:00,13.8625,20260618,C,20.0,0.9,1.05,0.9750000000000001,1.0,0.0,2956380.0,1.5370259703237168,0.9750000000000005,0.045,0.0,0.9691041993399505,quote_mid;trade_last;iv_solved;prev_iv_model
2026-05-15 14:47:10+00:00,13.88,20260618,C,15.0,2.0,2.1,2.05,2.05,0.0,2956370.0,1.4579010931133802,2.0500000000000007,0.045,0.0,2.059156176058792,quote_mid;trade_last;iv_solved;prev_iv_model
2026-05-15 14:47:10+00:00,13.88,20260618,C,20.0,0.9,1.05,0.9750000000000001,1.0,0.0,2956370.0,1.5334958290103429,0.9750000000000005,0.045,0.0,0.9801922923365041,quote_mid;trade_last;iv_solved;prev_iv_model
2026-05-15 14:47:20+00:00,13.87,20260618,C,15.0,2.0,2.1,2.05,2.05,0.0,2956360.0,1.4609964622234282,2.049999999999998,0.045,0.0,2.0447645493390008,quote_mid;trade_last;iv_solved;prev_iv_model
2026-05-15 14:47:20+00:00,13.87,20260618,C,20.0,0.9,1.05,0.9750000000000001,1.0,0.0,2956360.0,1.5355167389386488,0.9750000000000001,0.045,0.0,0.9720329167648809,quote_mid;trade_last;iv_solved;prev_iv_model
2026-05-15 14:47:30+00:00,13.87,20260618,C,15.0,2.0,2.1,2.05,2.05,0.0,2956350.0,1.4609989770875877,2.0500000000000016,0.045,0.0,2.0499957465132272,quote_mid;trade_last;iv_solved;prev_iv_model
2026-05-15 14:47:30+00:00,13.87,20260618,C,20.0,0.9,1.05,0.9750000000000001,1.0,0.0,2956350.0,1.5355193664013806,0.9750000000000014,0.045,0.0,0.9749961410241226,quote_mid;trade_last;iv_solved;prev_iv_model
2026-05-15 14:47:40+00:00,13.855,20260618,C,15.0,2.0,2.1,2.05,2.05,0.0,2956340.0,1.4656412398358132,2.049999999999999,0.045,0.0,2.042156061893377,quote_mid;trade_last;iv_solved;prev_iv_model
2026-05-15 14:47:40+00:00,13.855,20260618,C,20.0,0.9,1.05,0.9750000000000001,1.0,0.0,2956340.0,1.538551654254094,0.975000000000001,0.045,0.0,0.97055439418788,quote_mid;trade_last;iv_solved;prev_iv_model
2026-05-15 14:47:50+00:00,13.8609,20260618,C,15.0,2.0,2.1,2.05,2.05,0.0,2956330.0,1.463818726258948,2.05,0.045,0.0,2.053080538558188,quote_mid;trade_last;iv_solved;prev_iv_model
2026-05-15 14:47:50+00:00,13.8609,20260618,C,20.0,0.9,1.05,0.9750000000000001,1.0,0.0,2956330.0,1.5373622998559138,0.9749999999999996,0.045,0.0,0.9767458457133187,quote_mid;trade_last;iv_solved;prev_iv_model
2026-05-15 14:48:00+00:00,13.85,20260618,C,15.0,2.0,2.1,2.05,2.05,0.0,2956320.0,1.4671929976783584,2.0500000000000016,0.045,0.0,2.044300567406901,quote_mid;trade_last;iv_solved;prev_iv_model
2026-05-15 14:48:00+00:00,13.85,20260618,C,20.0,0.9,1.05,0.9750000000000001,1.0,0.0,2956320.0,1.5395674035625753,0.9749999999999996,0.045,0.0,0.9717680110867799,quote_mid;trade_last;iv_solved;prev_iv_model
2026-05-15 14:48:10+00:00,13.82,20260618,C,15.0,1.95,2.1,2.025,2.0,1.0,2956310.0,1.4616472661952904,2.0250000000000012,0.045,0.0,2.034349468673682,quote_mid;trade_last;iv_solved;prev_iv_model
2026-05-15 14:48:10+00:00,13.82,20260618,C,20.0,0.9,1.05,0.9750000000000001,1.0,0.0,2956310.0,1.5456392160104038,0.975000000000001,0.045,0.0,0.966128933813621,quote_mid;trade_last;iv_solved;prev_iv_model
2026-05-15 14:48:20+00:00,13.805,20260618,C,15.0,1.95,2.1,2.025,2.0,0.0,2956300.0,1.4662764023951866,2.0250000000000004,0.045,0.0,2.0172033046770377,quote_mid;trade_last;iv_solved;prev_iv_model
2026-05-15 14:48:20+00:00,13.805,20260618,C,20.0,0.9,1.05,0.9750000000000001,1.0,0.0,2956300.0,1.548680498628948,0.975000000000001,0.045,0.0,0.9705598131083581,quote_mid;trade_last;iv_solved;prev_iv_model
2026-05-15 14:48:30+00:00,13.82,20260618,C,15.0,1.95,2.1,2.025,2.0,0.0,2956290.0,1.4616522977464275,2.0250000000000004,0.045,0.0,2.0327957346789622,quote_mid;trade_last;iv_solved;prev_iv_model
2026-05-15 14:48:30+00:00,13.82,20260618,C,20.0,0.9,1.05,0.9750000000000001,1.0,0.0,2956290.0,1.5456445051456629,0.9750000000000014,0.045,0.0,0.979442725873775,quote_mid;trade_last;iv_solved;prev_iv_model
2026-05-15 14:48:40+00:00,13.82,20260618,C,15.0,1.95,2.1,2.025,2.0,0.0,2956280.0,1.4616548135410325,2.0250000000000004,0.045,0.0,2.024995758517969,quote_mid;trade_last;iv_solved;prev_iv_model
2026-05-15 14:48:40+00:00,13.82,20260618,C,20.0,0.9,1.05,0.9750000000000001,1.0,0.0,2956280.0,1.5456471497333424,0.9750000000000014,0.045,0.0,0.9749961320949261,quote_mid;trade_last;iv_solved;prev_iv_model
2026-05-15 14:48:50+00:00,13.8001,20260618,C,15.0,1.95,2.1,2.025,2.0,0.0,2956270.0,1.4677954832177171,2.0250000000000004,0.045,0.0,2.0146609140761047,quote_mid;trade_last;iv_solved;prev_iv_model
2026-05-15 14:48:50+00:00,13.8001,20260618,C,20.0,0.9,1.05,0.9750000000000001,1.0,0.0,2956270.0,1.5496816612387017,0.9749999999999996,0.045,0.0,0.9691131921963199,quote_mid;trade_last;iv_solved;prev_iv_model
2026-05-15 14:49:00+00:00,13.8051,20260618,C,15.0,1.95,2.1,2.025,2.0,0.0,2956260.0,1.4662556501330184,2.0250000000000012,0.045,0.0,2.0275933820619754,quote_mid;trade_last;iv_solved;prev_iv_model
2026-05-15 14:49:00+00:00,13.8051,20260618,C,20.0,0.9,1.05,0.9750000000000001,1.0,0.0,2956260.0,1.5486708307998298,0.9750000000000005,0.045,0.0,0.9764768329309925,quote_mid;trade_last;iv_solved;prev_iv_model
2026-05-15 14:49:10+00:00,13.83,20260618,C,15.0,1.95,2.1,2.025,2.0,0.0,2956250.0,1.458578264305498,2.0250000000000012,0.045,0.0,2.037951716777264,quote_mid;trade_last;iv_solved;prev_iv_model
2026-05-15 14:49:10+00:00,13.83,20260618,C,20.0,0.9,1.05,0.9750000000000001,1.0,0.0,2956250.0,1.5436308081467645,0.9750000000000005,0.045,0.0,0.9823840050978982,quote_mid;trade_last;iv_solved;prev_iv_model
2026-05-15 14:49:20+00:00,13.82,20260618,C,15.0,1.95,2.1,2.025,2.0,1.0,2956240.0,1.4616648768463514,2.0250000000000004,0.045,0.0,2.019796078843986,quote_mid;trade_last;iv_solved;prev_iv_model
2026-05-15 14:49:20+00:00,13.82,20260618,C,20.0,0.9,1.05,0.9750000000000001,1.0,0.0,2956240.0,1.5456577282177277,0.975000000000001,0.045,0.0,0.9720365495467109,quote_mid;trade_last;iv_solved;prev_iv_model
2026-05-15 14:49:30+00:00,13.82,20260618,C,15.0,1.95,2.1,2.025,2.0,0.0,2956230.0,1.461667392704408,2.0249999999999995,0.045,0.0,2.0249957584468428,quote_mid;trade_last;iv_solved;prev_iv_model
2026-05-15 14:49:30+00:00,13.82,20260618,C,20.0,0.9,1.05,0.9750000000000001,1.0,0.0,2956230.0,1.5456603728722427,0.9749999999999996,0.045,0.0,0.9749961320299918,quote_mid;trade_last;iv_solved;prev_iv_model
2026-05-15 14:49:40+00:00,13.81,20260618,C,15.0,1.95,2.1,2.025,2.0,0.0,2956220.0,1.4647542928358508,2.0250000000000004,0.045,0.0,2.0197991781604774,quote_mid;trade_last;iv_solved;prev_iv_model
2026-05-15 14:49:40+00:00,13.81,20260618,C,20.0,0.9,1.05,0.9750000000000001,1.0,0.0,2956220.0,1.5476885029608765,0.9749999999999988,0.045,0.0,0.9720372651248255,quote_mid;trade_last;iv_solved;prev_iv_model
2026-05-15 14:49:50+00:00,13.8,20260618,C,15.0,1.95,2.1,2.025,2.0,0.0,2956210.0,1.4678414882150008,2.0249999999999995,0.045,0.0,2.019802260905169,quote_mid;trade_last;iv_solved;prev_iv_model
2026-05-15 14:49:50+00:00,13.8,20260618,C,20.0,0.9,1.0,0.95,1.0,1.0,2956210.0,1.532543854720486,0.9499999999999997,0.045,0.0,0.9720379770406482,quote_mid;trade_last;iv_solved;prev_iv_model
2026-05-15 14:50:00+00:00,13.77,20260618,C,15.0,1.95,2.1,2.025,2.0,0.0,2956200.0,1.4770998897204937,2.0249999999999995,0.045,0.0,2.009443783805011,quote_mid;trade_last;iv_solved;prev_iv_model
2026-05-15 14:50:00+00:00,13.77,20260618,C,20.0,0.9,1.0,0.95,1.0,0.0,2956200.0,1.5385906344843185,0.9500000000000015,0.045,0.0,0.9412565392132741,quote_mid;trade_last;iv_solved;prev_iv_model
2026-05-15 14:50:10+00:00,13.74,20260618,C,15.0,1.9,2.1,2.0,2.0,0.0,2956190.0,1.4714518571909196,2.0,0.045,0.0,2.0094710450073077,quote_mid;trade_last;iv_solved;prev_iv_model
2026-05-15 14:50:10+00:00,13.74,20260618,C,20.0,0.9,1.0,0.95,1.0,0.0,2956190.0,1.5446482625339248,0.9500000000000006,0.045,0.0,0.9412629056284549,quote_mid;trade_last;iv_solved;prev_iv_model
2026-05-15 14:50:20+00:00,13.7303,20260618,C,15.0,1.9,2.1,2.0,2.0,0.0,2956180.0,1.4744387284922928,2.000000000000001,0.045,0.0,1.994994549110146,quote_mid;trade_last;iv_solved;prev_iv_model
2026-05-15 14:50:20+00:00,13.7303,20260618,C,20.0,0.9,1.0,0.95,1.0,0.0,2956180.0,1.5466110209151167,0.9500000000000002,0.045,0.0,0.9471692514041874,quote_mid;trade_last;iv_solved;prev_iv_model
2026-05-15 14:50:30+00:00,13.745,20260618,C,15.0,1.9,2.1,2.0,2.0,0.0,2956170.0,1.4699187277842163,2.000000000000001,0.045,0.0,2.0075821409939163,quote_mid;trade_last;iv_solved;prev_iv_model
2026-05-15 14:50:30+00:00,13.745,20260618,C,20.0,0.9,1.0,0.95,1.0,0.0,2956170.0,1.5436436233165622,0.9500000000000006,0.045,0.0,0.9542887743448496,quote_mid;trade_last;iv_solved;prev_iv_model
2026-05-15 14:50:40+00:00,13.74,20260618,C,15.0,1.9,2.1,2.0,2.0,0.0,2956160.0,1.4714594534378467,2.0000000000000018,0.045,0.0,1.9974163044229236,quote_mid;trade_last;iv_solved;prev_iv_model
2026-05-15 14:50:40+00:00,13.74,20260618,C,20.0,0.9,1.0,0.95,1.0,0.0,2956160.0,1.5446561909489565,0.9500000000000002,0.045,0.0,0.9485382081844795,quote_mid;trade_last;iv_solved;prev_iv_model
2026-05-15 14:50:50+00:00,13.75,20260618,C,15.0,1.9,2.1,2.0,2.0,0.0,2956150.0,1.4683856732911384,2.000000000000001,0.045,0.0,2.0051579779825808,quote_mid;trade_last;iv_solved;prev_iv_model
2026-05-15 14:50:50+00:00,13.75,20260618,C,20.0,0.9,1.0,0.95,1.0,0.0,2956150.0,1.542639280065933,0.9500000000000006,0.045,0.0,0.9529157503828265,quote_mid;trade_last;iv_solved;prev_iv_model
2026-05-15 14:51:00+00:00,13.74,20260618,C,15.0,1.9,2.1,2.0,2.0,0.0,2956140.0,1.4714645176663343,2.0000000000000018,0.045,0.0,1.994836954213854,quote_mid;trade_last;iv_solved;prev_iv_model
2026-05-15 14:51:00+00:00,13.74,20260618,C,20.0,0.9,1.0,0.95,1.0,0.0,2956140.0,1.544661476625771,0.9500000000000011,0.045,0.0,0.9470812042649199,quote_mid;trade_last;iv_solved;prev_iv_model
2026-05-15 14:51:10+00:00,13.73,20260618,C,15.0,1.9,2.1,2.0,2.0,0.0,2956130.0,1.4745437192841861,2.0,0.045,0.0,1.994839969638619,quote_mid;trade_last;iv_solved;prev_iv_model
2026-05-15 14:51:10+00:00,13.73,20260618,C,20.0,0.9,1.0,0.95,1.0,0.0,2956130.0,1.5466848924474288,0.9499999999999993,0.045,0.0,0.9470818998359083,quote_mid;trade_last;iv_solved;prev_iv_model
2026-05-15 14:51:20+00:00,13.72,20260618,C,15.0,1.9,2.0,1.95,2.0,0.0,2956120.0,1.4477692799051591,1.9500000000000002,0.045,0.0,1.9948429690198788,quote_mid;trade_last;iv_solved;prev_iv_model
2026-05-15 14:51:20+00:00,13.72,20260618,C,20.0,0.9,1.0,0.95,1.0,0.0,2956120.0,1.5487095306556404,0.9499999999999984,0.045,0.0,0.947082591830446,quote_mid;trade_last;iv_solved;prev_iv_model
2026-05-15 14:51:30+00:00,13.7101,20260618,C,15.0,1.9,2.0,1.95,2.0,0.0,2956110.0,1.4507976063563888,1.950000000000001,0.045,0.0,1.9449308959463432,quote_mid;trade_last;iv_solved;prev_iv_model
2026-05-15 14:51:30+00:00,13.7101,20260618,C,20.0,0.9,1.0,0.95,1.0,0.0,2956110.0,1.550715156196047,0.9499999999999993,0.045,0.0,0.9471123831490331,quote_mid;trade_last;iv_solved;prev_iv_model
2026-05-15 14:51:40+00:00,13.72,20260618,C,15.0,1.9,2.0,1.95,2.0,0.0,2956100.0,1.4477742639067257,1.9499999999999984,0.045,0.0,1.9550641638085304,quote_mid;trade_last;iv_solved;prev_iv_model
2026-05-15 14:51:40+00:00,13.72,20260618,C,20.0,0.9,1.0,0.95,1.0,0.0,2956100.0,1.5487148300636666,0.9499999999999997,0.045,0.0,0.9528844696651113,quote_mid;trade_last;iv_solved;prev_iv_model
2026-05-15 14:51:50+00:00,13.725,20260618,C,15.0,1.9,2.0,1.95,2.0,0.0,2956090.0,1.4462486714426968,1.9499999999999984,0.045,0.0,1.9525563138573556,quote_mid;trade_last;iv_solved;prev_iv_model
2026-05-15 14:51:50+00:00,13.725,20260618,C,20.0,0.9,1.0,0.95,1.0,0.0,2956090.0,1.5477063265701498,0.9499999999999993,0.045,0.0,0.9514546086433389,quote_mid;trade_last;iv_solved;prev_iv_model
2026-05-15 14:52:00+00:00,13.702,20260618,C,15.0,1.9,2.0,1.95,2.0,0.0,2956080.0,1.4532810343559368,1.950000000000001,0.045,0.0,1.9382351748253006,quote_mid;trade_last;iv_solved;prev_iv_model
2026-05-15 14:52:00+00:00,13.702,20260618,C,20.0,0.9,1.0,0.95,1.0,0.0,2956080.0,1.552362812742465,0.9499999999999997,0.045,0.0,0.9433036060783047,quote_mid;trade_last;iv_solved;prev_iv_model
2026-05-15 14:52:10+00:00,13.725,20260618,C,15.0,1.9,2.0,1.95,2.0,0.0,2956070.0,1.446253650399517,1.9499999999999993,0.045,0.0,1.9617749011619283,quote_mid;trade_last;iv_solved;prev_iv_model
2026-05-15 14:52:10+00:00,13.725,20260618,C,20.0,0.9,1.0,0.95,1.0,0.0,2956070.0,1.5477116226508456,0.9499999999999993,0.045,0.0,0.9567130058710069,quote_mid;trade_last;iv_solved;prev_iv_model
2026-05-15 14:52:20+00:00,13.7572,20260618,C,15.0,1.9,2.0,1.95,2.0,0.0,2956060.0,1.4364170351804098,1.9499999999999993,0.045,0.0,1.96651904230115,quote_mid;trade_last;iv_solved;prev_iv_model
2026-05-15 14:52:20+00:00,13.7572,20260618,C,20.0,0.9,1.0,0.95,1.0,0.0,2956060.0,1.5412096838045235,0.9500000000000011,0.045,0.0,0.9594126834255832,quote_mid;trade_last;iv_solved;prev_iv_model
2026-05-15 14:52:30+00:00,13.735,20260618,C,15.0,1.9,2.0,1.95,1.95,1.0,2956050.0,1.443202673473984,1.950000000000001,0.045,0.0,1.9386214994332587,quote_mid;trade_last;iv_solved;prev_iv_model
2026-05-15 14:52:30+00:00,13.735,20260618,C,20.0,0.9,1.0,0.95,1.0,0.0,2956050.0,1.5456955111824358,0.9500000000000006,0.045,0.0,0.9435309700910435,quote_mid;trade_last;iv_solved;prev_iv_model
2026-05-15 14:52:40+00:00,13.76,20260618,C,15.0,1.9,2.0,1.95,1.95,0.0,2956040.0,1.4355665437723526,1.9499999999999984,0.045,0.0,1.962826282240579,quote_mid;trade_last;iv_solved;prev_iv_model
2026-05-15 14:52:40+00:00,13.76,20260618,C,20.0,0.9,1.0,0.95,1.0,0.0,2956040.0,1.5406499328624501,0.9499999999999997,0.045,0.0,0.9573041272557803,quote_mid;trade_last;iv_solved;prev_iv_model
2026-05-15 14:52:50+00:00,13.7525,20260618,C,15.0,1.9,2.0,1.95,1.95,0.0,2956030.0,1.4378604178083876,1.9500000000000002,0.045,0.0,1.9461488687635864,quote_mid;trade_last;iv_solved;prev_iv_model
2026-05-15 14:52:50+00:00,13.7525,20260618,C,20.0,0.9,1.0,0.95,1.0,0.0,2956030.0,1.5421662446971434,0.9500000000000015,0.045,0.0,0.9478089299901997,quote_mid;trade_last;iv_solved;prev_iv_model
2026-05-15 14:53:00+00:00,13.7601,20260618,C,15.0,1.9,2.0,1.95,1.95,0.0,2956020.0,1.4355409359738105,1.9500000000000002,0.045,0.0,1.9538961092661058,quote_mid;trade_last;iv_solved;prev_iv_model
2026-05-15 14:53:00+00:00,13.7601,20260618,C,20.0,0.9,1.0,0.95,1.0,0.0,2956020.0,1.540635027462224,0.9499999999999993,0.045,0.0,0.9522152401925008,quote_mid;trade_last;iv_solved;prev_iv_model
2026-05-15 14:53:10+00:00,13.8063,20260618,C,15.0,1.9,2.0,1.95,1.95,0.0,2956010.0,1.4214314646133803,1.9499999999999993,0.045,0.0,1.973775088876625,quote_mid;trade_last;iv_solved;prev_iv_model
2026-05-15 14:53:10+00:00,13.8063,20260618,C,20.0,0.9,1.0,0.95,1.0,0.0,2956010.0,1.5313283590212712,0.9499999999999997,0.045,0.0,0.9635353494254693,quote_mid;trade_last;iv_solved;prev_iv_model
2026-05-15 14:53:20+00:00,13.78,20260618,C,15.0,1.9,2.0,1.95,1.95,0.0,2956000.0,1.4294667184873981,1.9499999999999984,0.045,0.0,1.9364835026273939,quote_mid;trade_last;iv_solved;prev_iv_model
2026-05-15 14:53:20+00:00,13.78,20260618,C,20.0,0.9,1.0,0.95,1.0,0.0,2956000.0,1.5366273025083,0.950000000000002,0.045,0.0,0.9423306675062277,quote_mid;trade_last;iv_solved;prev_iv_model
2026-05-15 14:53:30+00:00,13.79,20260618,C,15.0,1.9,2.0,1.95,1.95,0.0,2955990.0,1.426414690408631,1.9500000000000002,0.045,0.0,1.9551372642219285,quote_mid;trade_last;iv_solved;prev_iv_model
2026-05-15 14:53:30+00:00,13.79,20260618,C,20.0,0.9,1.0,0.95,1.0,0.0,2955990.0,1.53461514256806,0.9499999999999993,0.045,0.0,0.9529185817894676,quote_mid;trade_last;iv_solved;prev_iv_model
2026-05-15 14:53:40+00:00,13.76,20260618,C,15.0,1.9,2.0,1.95,1.95,0.0,2955980.0,1.4355813736729517,1.9500000000000002,0.045,0.0,1.9346018230151714,quote_mid;trade_last;iv_solved;prev_iv_model
2026-05-15 14:53:40+00:00,13.76,20260618,C,20.0,0.9,1.0,0.95,1.0,0.0,2955980.0,1.5406657501897008,0.9499999999999997,0.045,0.0,0.9412586741523539,quote_mid;trade_last;iv_solved;prev_iv_model
2026-05-15 14:53:50+00:00,13.77,20260618,C,15.0,1.9,2.0,1.95,1.95,0.0,2955970.0,1.4325288459609924,1.9499999999999984,0.045,0.0,1.9551309222834474,quote_mid;trade_last;iv_solved;prev_iv_model
2026-05-15 14:53:50+00:00,13.77,20260618,C,20.0,0.9,1.0,0.95,1.0,0.0,2955970.0,1.5386511870989752,0.9499999999999988,0.045,0.0,0.9529171583906688,quote_mid;trade_last;iv_solved;prev_iv_model
2026-05-15 14:54:00+00:00,13.78,20260618,C,15.0,1.9,2.0,1.95,1.95,0.0,2955960.0,1.429476564300363,1.950000000000001,0.045,0.0,1.9551340846248983,quote_mid;trade_last;iv_solved;prev_iv_model
2026-05-15 14:54:00+00:00,13.78,20260618,C,20.0,0.9,1.0,0.95,1.0,0.0,2955960.0,1.5366378203686621,0.9500000000000006,0.045,0.0,0.9529178681862573,quote_mid;trade_last;iv_solved;prev_iv_model
2026-05-15 14:54:10+00:00,13.785,20260618,C,15.0,1.9,2.0,1.95,1.95,0.0,2955950.0,1.42795174118007,1.9500000000000002,0.045,0.0,1.9525657356533666,quote_mid;trade_last;iv_solved;prev_iv_model
2026-05-15 14:54:10+00:00,13.785,20260618,C,20.0,0.9,1.0,0.95,1.0,0.0,2955950.0,1.5356328985726022,0.950000000000002,0.045,0.0,0.9514567239462361,quote_mid;trade_last;iv_solved;prev_iv_model
2026-05-15 14:54:20+00:00,13.795,20260618,C,15.0,1.9,2.0,1.95,1.95,0.0,2955940.0,1.424899801864949,1.9499999999999993,0.045,0.0,1.9551388597601216,quote_mid;trade_last;iv_solved;prev_iv_model
2026-05-15 14:54:20+00:00,13.795,20260618,C,20.0,0.9,1.0,0.95,1.0,0.0,2955940.0,1.5336213188866075,0.9500000000000006,0.045,0.0,0.952918939635806,quote_mid;trade_last;iv_solved;prev_iv_model
2026-05-15 14:54:30+00:00,13.795,20260618,C,15.0,1.9,2.0,1.95,1.95,0.0,2955930.0,1.42490225569985,1.9499999999999993,0.045,0.0,1.9499958681722989,quote_mid;trade_last;iv_solved;prev_iv_model
2026-05-15 14:54:30+00:00,13.795,20260618,C,20.0,0.9,1.0,0.95,1.0,0.0,2955930.0,1.5336239433197068,0.9499999999999993,0.045,0.0,0.949996193164167,quote_mid;trade_last;iv_solved;prev_iv_model
2026-05-15 14:54:40+00:00,13.77,20260618,C,15.0,1.9,2.0,1.95,1.95,0.0,2955920.0,1.4325411790289704,1.9499999999999993,0.045,0.0,1.9371593730639862,quote_mid;trade_last;iv_solved;prev_iv_model
2026-05-15 14:54:40+00:00,13.77,20260618,C,20.0,0.9,1.0,0.95,1.0,0.0,2955920.0,1.5386643516424385,0.9499999999999993,0.045,0.0,0.9427107268962667,quote_mid;trade_last;iv_solved;prev_iv_model
2026-05-15 14:54:50+00:00,13.78,20260618,C,15.0,1.9,2.0,1.95,1.95,0.0,2955910.0,1.4294888718459333,1.9499999999999993,0.045,0.0,1.9551340841510898,quote_mid;trade_last;iv_solved;prev_iv_model
2026-05-15 14:54:50+00:00,13.78,20260618,C,20.0,0.9,1.0,0.95,1.0,0.0,2955910.0,1.536650967993182,0.9499999999999997,0.045,0.0,0.9529178679458039,quote_mid;trade_last;iv_solved;prev_iv_model
2026-05-15 14:55:00+00:00,13.83,20260618,C,15.0,1.9,2.0,1.95,1.95,0.0,2955900.0,1.414220829395283,1.950000000000001,0.045,0.0,1.9757688865401022,quote_mid;trade_last;iv_solved;prev_iv_model
2026-05-15 14:55:00+00:00,13.83,20260618,C,20.0,0.9,1.0,0.95,1.0,0.0,2955900.0,1.526591436463781,0.9499999999999984,0.045,0.0,0.9646611260221345,quote_mid;trade_last;iv_solved;prev_iv_model
2026-05-15 14:55:10+00:00,13.785,20260618,C,15.0,1.9,2.0,1.95,1.95,0.0,2955890.0,1.4279664949970372,1.9499999999999993,0.045,0.0,1.9268694732259908,quote_mid;trade_last;iv_solved;prev_iv_model
2026-05-15 14:55:10+00:00,13.785,20260618,C,20.0,0.9,1.0,0.95,1.0,0.0,2955890.0,1.5356486656548975,0.9499999999999993,0.045,0.0,0.9368949525427235,quote_mid;trade_last;iv_solved;prev_iv_model
2026-05-15 14:55:20+00:00,13.82,20260618,C,15.0,1.9,2.0,1.95,1.95,0.0,2955880.0,1.4172794038237178,1.9499999999999984,0.045,0.0,1.968025261038215,quote_mid;trade_last;iv_solved;prev_iv_model
2026-05-15 14:55:20+00:00,13.82,20260618,C,20.0,0.9,1.0,0.95,1.0,0.0,2955880.0,1.5286067191779087,0.9500000000000015,0.045,0.0,0.9602489954483264,quote_mid;trade_last;iv_solved;prev_iv_model
2026-05-15 14:55:30+00:00,13.79,20260618,C,15.0,1.9,2.0,1.95,1.95,0.0,2955870.0,1.426444167196811,1.9499999999999984,0.045,0.0,1.9345729863416983,quote_mid;trade_last;iv_solved;prev_iv_model
2026-05-15 14:55:30+00:00,13.79,20260618,C,20.0,0.9,1.0,0.95,1.0,0.0,2955870.0,1.5346466562059886,0.9499999999999993,0.045,0.0,0.9412522440225044,quote_mid;trade_last;iv_solved;prev_iv_model
2026-05-15 14:55:40+00:00,13.83,20260618,C,15.0,1.9,2.0,1.95,1.95,0.0,2955860.0,1.4142305733996925,1.9499999999999993,0.045,0.0,1.9706139114315926,quote_mid;trade_last;iv_solved;prev_iv_model
2026-05-15 14:55:40+00:00,13.83,20260618,C,20.0,0.9,1.0,0.95,1.0,0.0,2955860.0,1.5266018870345617,0.9499999999999997,0.045,0.0,0.9617204262845838,quote_mid;trade_last;iv_solved;prev_iv_model
2026-05-15 14:55:50+00:00,13.82,20260618,C,15.0,1.9,2.0,1.95,1.95,0.0,2955850.0,1.417286727224805,1.9499999999999984,0.045,0.0,1.9448450179673449,quote_mid;trade_last;iv_solved;prev_iv_model
2026-05-15 14:55:50+00:00,13.82,20260618,C,20.0,0.9,1.0,0.95,1.0,0.0,2955850.0,1.5286145673264837,0.9500000000000002,0.045,0.0,0.947075510965949,quote_mid;trade_last;iv_solved;prev_iv_model
2026-05-15 14:56:00+00:00,13.85,20260618,C,15.0,1.9,2.0,1.95,1.95,0.0,2955840.0,1.4081285201514429,1.9500000000000002,0.045,0.0,1.965478610469967,quote_mid;trade_last;iv_solved;prev_iv_model
2026-05-15 14:56:00+00:00,13.85,20260618,C,20.0,0.9,1.0,0.95,1.0,0.0,2955840.0,1.5225905211291826,0.9499999999999993,0.045,0.0,0.9587879568688225,quote_mid;trade_last;iv_solved;prev_iv_model
2026-05-15 14:56:10+00:00,13.84,20260618,C,15.0,1.9,2.0,1.95,1.95,0.0,2955830.0,1.4111843314427799,1.9499999999999993,0.045,0.0,1.9448384773942955,quote_mid;trade_last;iv_solved;prev_iv_model
2026-05-15 14:56:10+00:00,13.84,20260618,C,20.0,0.9,1.0,0.95,1.0,0.0,2955830.0,1.5246008353189189,0.9499999999999997,0.045,0.0,0.9470740512777174,quote_mid;trade_last;iv_solved;prev_iv_model
2026-05-15 14:56:20+00:00,13.83,20260618,C,15.0,1.9,2.0,1.95,1.95,0.0,2955820.0,1.4142403176006941,1.9499999999999984,0.045,0.0,1.9448417565611846,quote_mid;trade_last;iv_solved;prev_iv_model
2026-05-15 14:56:20+00:00,13.83,20260618,C,20.0,0.9,1.0,0.95,1.0,0.0,2955820.0,1.5266123378166498,0.9500000000000011,0.045,0.0,0.9470747829907311,quote_mid;trade_last;iv_solved;prev_iv_model
2026-05-15 14:56:30+00:00,13.835,20260618,C,15.0,1.9,2.0,1.95,1.95,0.0,2955810.0,1.4127159521114687,1.9500000000000002,0.045,0.0,1.9525738200004925,quote_mid;trade_last;iv_solved;prev_iv_model
2026-05-15 14:56:30+00:00,13.835,20260618,C,20.0,0.9,1.0,0.95,1.0,0.0,2955810.0,1.5256103543850807,0.9499999999999993,0.045,0.0,0.9514585363873707,quote_mid;trade_last;iv_solved;prev_iv_model
2026-05-15 14:56:40+00:00,13.78,20260618,C,15.0,1.9,2.0,1.95,1.95,0.0,2955800.0,1.429515949538874,1.9499999999999984,0.045,0.0,1.9217397171993769,quote_mid;trade_last;iv_solved;prev_iv_model
2026-05-15 14:56:40+00:00,13.78,20260618,C,20.0,0.9,1.0,0.95,1.0,0.0,2955800.0,1.536679893936875,0.9500000000000002,0.045,0.0,0.9339961975062256,quote_mid;trade_last;iv_solved;prev_iv_model
2026-05-15 14:56:50+00:00,13.78,20260618,C,15.0,1.9,2.0,1.95,1.95,0.0,2955790.0,1.4295184112218275,1.9500000000000002,0.045,0.0,1.9499958593876308,quote_mid;trade_last;iv_solved;prev_iv_model
2026-05-15 14:56:50+00:00,13.78,20260618,C,20.0,0.9,1.0,0.95,1.0,0.0,2955790.0,1.5366825236478792,0.9500000000000002,0.045,0.0,0.9499961903974552,quote_mid;trade_last;iv_solved;prev_iv_model
2026-05-15 14:57:00+00:00,13.775,20260618,C,15.0,1.9,2.0,1.95,1.95,0.0,2955780.0,1.4310482618638751,1.9500000000000002,0.045,0.0,1.947427636811164,quote_mid;trade_last;iv_solved;prev_iv_model
2026-05-15 14:57:00+00:00,13.775,20260618,C,20.0,0.9,1.0,0.95,1.0,0.0,2955780.0,1.537693033549524,0.9499999999999993,0.045,0.0,0.9485369815683993,quote_mid;trade_last;iv_solved;prev_iv_model
2026-05-15 14:57:10+00:00,13.785,20260618,C,15.0,1.9,2.0,1.95,1.95,0.0,2955770.0,1.4279960039706117,1.9499999999999984,0.045,0.0,1.9551356703620648,quote_mid;trade_last;iv_solved;prev_iv_model
2026-05-15 14:57:10+00:00,13.785,20260618,C,20.0,0.9,1.0,0.95,1.0,0.0,2955770.0,1.5356802012541868,0.9499999999999993,0.045,0.0,0.9529182235488962,quote_mid;trade_last;iv_solved;prev_iv_model
2026-05-15 14:57:20+00:00,13.805,20260618,C,15.0,1.9,2.0,1.95,1.95,0.0,2955760.0,1.4218897063846652,1.9500000000000002,0.045,0.0,1.9602884644404774,quote_mid;trade_last;iv_solved;prev_iv_model
2026-05-15 14:57:20+00:00,13.805,20260618,C,20.0,0.9,1.0,0.95,1.0,0.0,2955760.0,1.5316554875523933,0.9499999999999997,0.045,0.0,0.9558469857044294,quote_mid;trade_last;iv_solved;prev_iv_model
2026-05-15 14:57:30+00:00,13.815,20260618,C,15.0,1.9,2.0,1.95,1.95,0.0,2955750.0,1.4188380946948733,1.9500000000000002,0.045,0.0,1.9551452846572452,quote_mid;trade_last;iv_solved;prev_iv_model
2026-05-15 14:57:30+00:00,13.815,20260618,C,20.0,0.9,1.0,0.95,1.0,0.0,2955750.0,1.529646224623015,0.9499999999999988,0.045,0.0,0.9529203801387074,quote_mid;trade_last;iv_solved;prev_iv_model
2026-05-15 14:57:40+00:00,13.815,20260618,C,15.0,1.9,2.0,1.95,1.95,0.0,2955740.0,1.4188405385337735,1.9499999999999984,0.045,0.0,1.949995879414117,quote_mid;trade_last;iv_solved;prev_iv_model
2026-05-15 14:57:40+00:00,13.815,20260618,C,20.0,0.9,1.0,0.95,1.0,0.0,2955740.0,1.5296488425256105,0.9499999999999997,0.045,0.0,0.949996196380908,quote_mid;trade_last;iv_solved;prev_iv_model
2026-05-15 14:57:50+00:00,13.82,20260618,C,15.0,1.9,2.0,1.95,1.95,0.0,2955730.0,1.417316021937364,1.9500000000000002,0.045,0.0,1.952571371390901,quote_mid;trade_last;iv_solved;prev_iv_model
2026-05-15 14:57:50+00:00,13.82,20260618,C,20.0,0.9,1.0,0.95,1.0,0.0,2955730.0,1.5286459611109855,0.9499999999999997,0.045,0.0,0.9514579875031144,quote_mid;trade_last;iv_solved;prev_iv_model
2026-05-15 14:58:00+00:00,13.82,20260618,C,15.0,1.9,2.0,1.95,1.95,0.0,2955720.0,1.417318463243452,1.9499999999999993,0.045,0.0,1.9499958822718675,quote_mid;trade_last;iv_solved;prev_iv_model
2026-05-15 14:58:00+00:00,13.82,20260618,C,20.0,0.9,1.0,0.95,1.0,0.0,2955720.0,1.5286485773456575,0.950000000000002,0.045,0.0,0.9499961972219242,quote_mid;trade_last;iv_solved;prev_iv_model
2026-05-15 14:58:10+00:00,13.8,20260618,C,15.0,1.9,2.0,1.95,1.95,0.0,2955710.0,1.423429070029603,1.950000000000001,0.045,0.0,1.9397072973513447,quote_mid;trade_last;iv_solved;prev_iv_model
2026-05-15 14:58:10+00:00,13.8,20260618,C,20.0,0.9,1.0,0.95,1.0,0.0,2955710.0,1.5326749899065208,0.9499999999999997,0.045,0.0,0.944161585348295,quote_mid;trade_last;iv_solved;prev_iv_model
2026-05-15 14:58:20+00:00,13.76,20260618,C,15.0,1.9,2.0,1.95,1.95,0.0,2955700.0,1.435650585810908,1.9499999999999993,0.045,0.0,1.9294710166156355,quote_mid;trade_last;iv_solved;prev_iv_model
2026-05-15 14:58:20+00:00,13.76,20260618,C,20.0,0.9,1.0,0.95,1.0,0.0,2955700.0,1.5407395707271703,0.9500000000000015,0.045,0.0,0.938353932865486,quote_mid;trade_last;iv_solved;prev_iv_model
2026-05-15 14:58:30+00:00,13.78,20260618,C,15.0,1.9,2.0,1.95,1.95,0.0,2955690.0,1.4295430287343738,1.9499999999999993,0.045,0.0,1.9602725792244602,quote_mid;trade_last;iv_solved;prev_iv_model
2026-05-15 14:58:30+00:00,13.78,20260618,C,20.0,0.9,1.0,0.95,1.0,0.0,2955690.0,1.5367088214890976,0.9500000000000015,0.045,0.0,0.9558434174047754,quote_mid;trade_last;iv_solved;prev_iv_model
2026-05-15 14:58:40+00:00,13.78,20260618,C,15.0,1.9,2.0,1.95,1.95,0.0,2955680.0,1.4295454905539304,1.9499999999999984,0.045,0.0,1.949995859234881,quote_mid;trade_last;iv_solved;prev_iv_model
2026-05-15 14:58:40+00:00,13.78,20260618,C,20.0,0.9,1.0,0.95,1.0,0.0,2955680.0,1.536711451346338,0.9500000000000011,0.045,0.0,0.9499961902567322,quote_mid;trade_last;iv_solved;prev_iv_model
2026-05-15 14:58:50+00:00,13.775,20260618,C,15.0,1.9,2.0,1.95,1.95,0.0,2955670.0,1.431075369477794,1.950000000000001,0.045,0.0,1.9474276371041048,quote_mid;trade_last;iv_solved;prev_iv_model
2026-05-15 14:58:50+00:00,13.775,20260618,C,20.0,0.9,1.0,0.95,1.0,0.0,2955670.0,1.537721980077432,0.9499999999999993,0.045,0.0,0.948536981621654,quote_mid;trade_last;iv_solved;prev_iv_model
2026-05-15 14:59:00+00:00,13.775,20260618,C,15.0,1.9,2.0,1.95,1.95,0.0,2955660.0,1.4310778338809227,1.9499999999999993,0.045,0.0,1.9499958563506121,quote_mid;trade_last;iv_solved;prev_iv_model
2026-05-15 14:59:00+00:00,13.775,20260618,C,20.0,0.9,1.0,0.95,1.0,0.0,2955660.0,1.5377246116597885,0.9500000000000006,0.045,0.0,0.9499961893698377,quote_mid;trade_last;iv_solved;prev_iv_model
2026-05-15 14:59:10+00:00,13.685,20260618,C,15.0,1.9,2.0,1.95,1.95,0.0,2955650.0,1.45858612284133,1.9500000000000002,0.045,0.0,1.9040354547389606,quote_mid;trade_last;iv_solved;prev_iv_model
2026-05-15 14:59:10+00:00,13.685,20260618,C,20.0,0.9,1.0,0.95,1.0,0.0,2955650.0,1.5559212316524378,0.9499999999999988,0.045,0.0,0.9239360854531995,quote_mid;trade_last;iv_solved;prev_iv_model
2026-05-15 14:59:20+00:00,13.67,20260618,C,15.0,1.85,2.0,1.925,1.95,0.0,2955640.0,1.4481972164777415,1.9250000000000007,0.045,0.0,1.942340157283545,quote_mid;trade_last;iv_solved;prev_iv_model
2026-05-15 14:59:20+00:00,13.67,20260618,C,20.0,0.8,0.95,0.875,0.9,4.0,2955640.0,1.5061920366357966,0.875,0.045,0.0,0.9456323802055251,quote_mid;trade_last;iv_solved;prev_iv_model
2026-05-15 14:59:30+00:00,13.665,20260618,C,15.0,1.85,2.0,1.925,1.95,0.0,2955630.0,1.4497235303470606,1.9250000000000007,0.045,0.0,1.9224532402138772,quote_mid;trade_last;iv_solved;prev_iv_model
2026-05-15 14:59:30+00:00,13.665,20260618,C,20.0,0.8,0.95,0.875,0.9,0.0,2955630.0,1.507186888364989,0.8750000000000009,0.045,0.0,0.8736015946133389,quote_mid;trade_last;iv_solved;prev_iv_model
2026-05-15 14:59:40+00:00,13.66,20260618,C,15.0,1.85,2.0,1.925,1.95,0.0,2955620.0,1.451249939871024,1.9249999999999998,0.045,0.0,1.9224539965257996,quote_mid;trade_last;iv_solved;prev_iv_model
2026-05-15 14:59:40+00:00,13.66,20260618,C,20.0,0.8,0.9,0.8500000000000001,0.9,0.0,2955620.0,1.490327007967441,0.8500000000000001,0.045,0.0,0.8736017677934749,quote_mid;trade_last;iv_solved;prev_iv_model
2026-05-15 14:59:50+00:00,13.6602,20260618,C,15.0,1.85,2.0,1.925,1.95,0.0,2955610.0,1.4511914794649319,1.9250000000000016,0.045,0.0,1.9250975108950676,quote_mid;trade_last;iv_solved;prev_iv_model
2026-05-15 14:59:50+00:00,13.6602,20260618,C,20.0,0.8,0.9,0.8500000000000001,0.9,0.0,2955610.0,1.4902901555325467,0.8500000000000005,0.045,0.0,0.8500514084935471,quote_mid;trade_last;iv_solved;prev_iv_model
2026-05-15 15:00:00+00:00,13.6508,20260618,C,15.0,1.85,2.0,1.925,1.95,0.0,2955600.0,1.4540591888912053,1.9249999999999998,0.045,0.0,1.9202199010973615,quote_mid;trade_last;iv_solved;prev_iv_model
2026-05-15 15:00:00+00:00,13.6508,20260618,C,20.0,0.8,0.9,0.8500000000000001,0.9,0.0,2955600.0,1.4921451794048304,0.8500000000000019,0.045,0.0,0.8474154014319941,quote_mid;trade_last;iv_solved;prev_iv_model
2026-05-15 15:00:10+00:00,13.665,20260618,C,15.0,1.9,2.0,1.95,1.95,0.0,2955590.0,1.4647173288214739,1.950000000000001,0.045,0.0,1.9322175073260421,quote_mid;trade_last;iv_solved;prev_iv_model
2026-05-15 15:00:10+00:00,13.665,20260618,C,20.0,0.8,0.9,0.8500000000000001,0.9,0.0,2955590.0,1.4893497166400547,0.8500000000000001,0.045,0.0,0.8539034882964489,quote_mid;trade_last;iv_solved;prev_iv_model
2026-05-15 15:00:20+00:00,13.66,20260618,C,15.0,1.9,2.0,1.95,1.95,0.0,2955580.0,1.4662491264348327,1.9500000000000002,0.045,0.0,1.9474452819603592,quote_mid;trade_last;iv_solved;prev_iv_model
2026-05-15 15:00:20+00:00,13.66,20260618,C,20.0,0.8,0.9,0.8500000000000001,0.9,0.0,2955580.0,1.490337211601239,0.8500000000000005,0.045,0.0,0.8486227915160103,quote_mid;trade_last;iv_solved;prev_iv_model
2026-05-15 15:00:30+00:00,13.67,20260618,C,15.0,1.9,2.0,1.95,1.95,0.0,2955570.0,1.46319318812625,1.950000000000001,0.045,0.0,1.9551002022988184,quote_mid;trade_last;iv_solved;prev_iv_model
2026-05-15 15:00:30+00:00,13.67,20260618,C,20.0,0.8,0.9,0.8500000000000001,0.9,0.0,2955570.0,1.4883701642286327,0.8500000000000005,0.045,0.0,0.852747406645761,quote_mid;trade_last;iv_solved;prev_iv_model
2026-05-15 15:00:40+00:00,13.66,20260618,C,15.0,1.9,2.0,1.95,1.95,0.0,2955560.0,1.4662541732829881,1.9499999999999993,0.045,0.0,1.944894906118341,quote_mid;trade_last;iv_solved;prev_iv_model
2026-05-15 15:00:40+00:00,13.66,20260618,C,20.0,0.8,0.9,0.8500000000000001,0.9,0.0,2955560.0,1.4903423134955145,0.850000000000001,0.045,0.0,0.8472501284552472,quote_mid;trade_last;iv_solved;prev_iv_model
2026-05-15 15:00:50+00:00,13.66,20260618,C,15.0,1.9,2.0,1.95,1.95,0.0,2955550.0,1.4662566967261674,1.9499999999999993,0.045,0.0,1.9499957914693562,quote_mid;trade_last;iv_solved;prev_iv_model
2026-05-15 15:00:50+00:00,13.66,20260618,C,20.0,0.85,0.9,0.875,0.9,0.0,2955550.0,1.5082001116943338,0.875,0.045,0.0,0.84999644157396,quote_mid;trade_last;iv_solved;prev_iv_model
2026-05-15 15:01:00+00:00,13.665,20260618,C,15.0,1.9,2.0,1.95,1.95,0.0,2955540.0,1.4647299331578836,1.9499999999999993,0.045,0.0,1.9525471840279796,quote_mid;trade_last;iv_solved;prev_iv_model
2026-05-15 15:01:00+00:00,13.665,20260618,C,20.0,0.85,0.9,0.875,0.9,0.0,2955540.0,1.5072101044837831,0.875,0.045,0.0,0.8763921364662397,quote_mid;trade_last;iv_solved;prev_iv_model
2026-05-15 15:01:10+00:00,13.69,20260618,C,15.0,1.9,2.0,1.95,1.95,0.0,2955530.0,1.4570874296855614,1.9499999999999993,0.045,0.0,1.9627727493672982,quote_mid;trade_last;iv_solved;prev_iv_model
2026-05-15 15:01:10+00:00,13.69,20260618,C,20.0,0.85,0.9,0.875,0.9,1.0,2955530.0,1.5022542189254984,0.8750000000000004,0.045,0.0,0.8819893909023624,quote_mid;trade_last;iv_solved;prev_iv_model
2026-05-15 15:01:20+00:00,13.675,20260618,C,15.0,1.9,2.0,1.95,1.95,0.0,2955520.0,1.4616766799853549,1.950000000000001,0.045,0.0,1.9423378976888381,quote_mid;trade_last;iv_solved;prev_iv_model
2026-05-15 15:01:20+00:00,13.675,20260618,C,20.0,0.85,0.9,0.875,0.9,0.0,2955520.0,1.5052309783500384,0.8750000000000009,0.045,0.0,0.8708139422705865,quote_mid;trade_last;iv_solved;prev_iv_model
2026-05-15 15:01:30+00:00,13.675,20260618,C,15.0,1.9,2.0,1.95,1.95,0.0,2955510.0,1.46167919579042,1.9499999999999993,0.045,0.0,1.9499957997515898,quote_mid;trade_last;iv_solved;prev_iv_model
2026-05-15 15:01:30+00:00,13.675,20260618,C,20.0,0.85,0.9,0.875,0.9,0.0,2955510.0,1.5052335546657036,0.8749999999999996,0.045,0.0,0.8749963748734202,quote_mid;trade_last;iv_solved;prev_iv_model
2026-05-15 15:01:40+00:00,13.68,20260618,C,15.0,1.9,2.0,1.95,1.95,0.0,2955500.0,1.4601527005793602,1.9500000000000002,0.045,0.0,1.9525494383444997,quote_mid;trade_last;iv_solved;prev_iv_model
2026-05-15 15:01:40+00:00,13.68,20260618,C,20.0,0.85,0.9,0.875,0.9,0.0,2955500.0,1.5042444333232496,0.8750000000000013,0.045,0.0,0.8763926621171914,quote_mid;trade_last;iv_solved;prev_iv_model
2026-05-15 15:01:50+00:00,13.6071,20260618,C,15.0,1.9,2.0,1.95,1.95,0.0,2955490.0,1.4824581578350529,1.9500000000000002,0.045,0.0,1.9129382804637896,quote_mid;trade_last;iv_solved;prev_iv_model
2026-05-15 15:01:50+00:00,13.6071,20260618,C,20.0,0.8,0.9,0.8500000000000001,0.9,0.0,2955490.0,1.5007993082043494,0.8500000000000014,0.045,0.0,0.8547873875700995,quote_mid;trade_last;iv_solved;prev_iv_model
2026-05-15 15:02:00+00:00,13.64,20260618,C,15.0,1.9,2.0,1.95,1.95,0.0,2955480.0,1.472392570668331,1.9500000000000002,0.045,0.0,1.966762345585649,quote_mid;trade_last;iv_solved;prev_iv_model
2026-05-15 15:02:00+00:00,13.64,20260618,C,20.0,0.85,1.1,0.9750000000000001,0.85,10.0,2955480.0,1.582508665570904,0.9749999999999988,0.045,0.0,0.859055107751026,quote_mid;trade_last;iv_solved;prev_iv_model
2026-05-15 15:02:10+00:00,13.62,20260618,C,15.0,1.9,2.0,1.95,1.95,0.0,2955470.0,1.4785149965835256,1.9500000000000002,0.045,0.0,1.9398183032935892,quote_mid;trade_last;iv_solved;prev_iv_model
2026-05-15 15:02:10+00:00,13.62,20260618,C,20.0,0.85,1.1,0.9750000000000001,0.85,0.0,2955470.0,1.5866083859638596,0.9750000000000005,0.045,0.0,0.969108181706396,quote_mid;trade_last;iv_solved;prev_iv_model
2026-05-15 15:02:20+00:00,13.64,20260618,C,15.0,1.9,2.0,1.95,1.95,0.0,2955460.0,1.4723976382818273,1.9499999999999993,0.045,0.0,1.960187425022311,quote_mid;trade_last;iv_solved;prev_iv_model
2026-05-15 15:02:20+00:00,13.64,20260618,C,20.0,0.85,1.1,0.9750000000000001,0.85,0.0,2955460.0,1.5825140804651556,0.9750000000000005,0.045,0.0,0.9809022868542887,quote_mid;trade_last;iv_solved;prev_iv_model
2026-05-15 15:02:30+00:00,13.615,20260618,C,15.0,1.9,2.0,1.95,1.95,0.0,2955450.0,1.4800503354844237,1.950000000000001,0.045,0.0,1.9372779934099942,quote_mid;trade_last;iv_solved;prev_iv_model
2026-05-15 15:02:30+00:00,13.615,20260618,C,20.0,0.8,1.0,0.9,0.85,0.0,2955450.0,1.5349676462903599,0.9000000000000017,0.045,0.0,0.9676394649168301,quote_mid;trade_last;iv_solved;prev_iv_model
2026-05-15 15:02:40+00:00,13.64,20260618,C,15.0,1.9,2.0,1.95,1.95,0.0,2955440.0,1.4724027059464695,1.9499999999999993,0.045,0.0,1.9627357187353782,quote_mid;trade_last;iv_solved;prev_iv_model
2026-05-15 15:02:40+00:00,13.64,20260618,C,20.0,0.8,1.0,0.9,0.85,0.0,2955440.0,1.5299589035811696,0.8999999999999995,0.045,0.0,0.9070835392819974,quote_mid;trade_last;iv_solved;prev_iv_model
2026-05-15 15:02:50+00:00,13.64,20260618,C,15.0,1.9,2.0,1.95,1.95,0.0,2955430.0,1.4724052397979714,1.9500000000000002,0.045,0.0,1.9499957802290764,quote_mid;trade_last;iv_solved;prev_iv_model
2026-05-15 15:02:50+00:00,13.64,20260618,C,20.0,0.8,1.0,0.9,0.85,0.0,2955430.0,1.529961521861353,0.8999999999999999,0.045,0.0,0.8999963007563339,quote_mid;trade_last;iv_solved;prev_iv_model
2026-05-15 15:03:00+00:00,13.62,20260618,C,15.0,1.9,2.0,1.95,1.95,0.0,2955420.0,1.478527717072451,1.9500000000000002,0.045,0.0,1.9398183039882602,quote_mid;trade_last;iv_solved;prev_iv_model
2026-05-15 15:03:00+00:00,13.62,20260618,C,20.0,0.8,1.0,0.9,0.85,0.0,2955420.0,1.5339726375832643,0.8999999999999999,0.045,0.0,0.894346944663142,quote_mid;trade_last;iv_solved;prev_iv_model
2026-05-15 15:03:10+00:00,13.64,20260618,C,15.0,1.9,2.0,1.95,1.95,0.0,2955410.0,1.4724103075393358,1.9499999999999993,0.045,0.0,1.960187424188093,quote_mid;trade_last;iv_solved;prev_iv_model
2026-05-15 15:03:10+00:00,13.64,20260618,C,20.0,0.8,1.0,0.9,0.85,0.0,2955410.0,1.52996675846143,0.9000000000000004,0.045,0.0,0.905664121920291,quote_mid;trade_last;iv_solved;prev_iv_model
2026-05-15 15:03:20+00:00,13.66,20260618,C,15.0,1.9,2.0,1.95,1.95,0.0,2955400.0,1.4662945499019155,1.9500000000000002,0.045,0.0,1.9601992037576705,quote_mid;trade_last;iv_solved;prev_iv_model
2026-05-15 15:03:20+00:00,13.66,20260618,C,20.0,0.8,1.0,0.9,0.85,0.0,2955400.0,1.5259657402555127,0.8999999999999986,0.045,0.0,0.9056668419144986,quote_mid;trade_last;iv_solved;prev_iv_model
2026-05-15 15:03:30+00:00,13.66,20260618,C,15.0,1.9,2.0,1.95,1.95,0.0,2955390.0,1.466297073548842,1.9499999999999993,0.045,0.0,1.9499957912434462,quote_mid;trade_last;iv_solved;prev_iv_model
2026-05-15 15:03:30+00:00,13.66,20260618,C,20.0,0.8,1.0,0.9,0.85,0.0,2955390.0,1.5259683518403926,0.8999999999999999,0.045,0.0,0.899996303975295,quote_mid;trade_last;iv_solved;prev_iv_model
2026-05-15 15:03:40+00:00,13.66,20260618,C,15.0,1.9,2.0,1.95,1.95,0.0,2955380.0,1.4662995972085038,1.950000000000001,0.045,0.0,1.9499957912293269,quote_mid;trade_last;iv_solved;prev_iv_model
2026-05-15 15:03:40+00:00,13.66,20260618,C,20.0,0.8,1.0,0.9,0.85,0.0,2955380.0,1.5259709634384757,0.899999999999999,0.045,0.0,0.8999963039628831,quote_mid;trade_last;iv_solved;prev_iv_model
2026-05-15 15:03:50+00:00,13.675,20260618,C,15.0,1.9,2.0,1.95,1.95,0.0,2955370.0,1.4617144183943416,1.950000000000002,0.045,0.0,1.9576548425985987,quote_mid;trade_last;iv_solved;prev_iv_model
2026-05-15 15:03:50+00:00,13.675,20260618,C,20.0,0.8,1.0,0.9,0.85,0.0,2955370.0,1.522974016433706,0.8999999999999995,0.045,0.0,0.9042492791170469,quote_mid;trade_last;iv_solved;prev_iv_model
2026-05-15 15:04:00+00:00,13.66,20260618,C,15.0,1.9,2.0,1.95,1.95,0.0,2955360.0,1.4663046445660326,1.9500000000000002,0.045,0.0,1.9423446637867192,quote_mid;trade_last;iv_solved;prev_iv_model
2026-05-15 15:04:00+00:00,13.66,20260618,C,20.0,0.8,1.0,0.9,0.85,0.0,2955360.0,1.5259761866742574,0.9000000000000012,0.045,0.0,0.8957537211959936,quote_mid;trade_last;iv_solved;prev_iv_model
2026-05-15 15:04:10+00:00,13.65,20260618,C,15.0,1.9,2.0,1.95,1.95,0.0,2955350.0,1.4693661366527762,1.9499999999999984,0.045,0.0,1.944897886295255,quote_mid;trade_last;iv_solved;prev_iv_model
2026-05-15 15:04:10+00:00,13.65,20260618,C,20.0,0.8,1.0,0.9,0.85,0.0,2955350.0,1.5279800256867433,0.8999999999999986,0.045,0.0,0.8971676169797731,quote_mid;trade_last;iv_solved;prev_iv_model
2026-05-15 15:04:20+00:00,13.69,20260618,C,15.0,1.9,2.0,1.95,1.95,0.0,2955340.0,1.4571350858493766,1.9499999999999993,0.045,0.0,1.9704404357871823,quote_mid;trade_last;iv_solved;prev_iv_model
2026-05-15 15:04:20+00:00,13.69,20260618,C,20.0,0.8,1.0,0.9,0.85,0.0,2955340.0,1.519984979943433,0.899999999999999,0.045,0.0,0.9113613285661732,quote_mid;trade_last;iv_solved;prev_iv_model
2026-05-15 15:04:30+00:00,13.67,20260618,C,15.0,1.9,2.0,1.95,1.95,0.0,2955330.0,1.463253630937642,1.9499999999999993,0.045,0.0,1.9397885317377517,quote_mid;trade_last;iv_solved;prev_iv_model
2026-05-15 15:04:30+00:00,13.67,20260618,C,20.0,0.8,1.0,0.9,0.85,0.0,2955330.0,1.5239839999363145,0.9000000000000004,0.045,0.0,0.8943401120547887,quote_mid;trade_last;iv_solved;prev_iv_model
2026-05-15 15:04:40+00:00,13.71,20260618,C,15.0,1.9,2.0,1.95,1.95,0.0,2955320.0,1.4510254838926229,1.9499999999999993,0.045,0.0,1.970464431497402,quote_mid;trade_last;iv_solved;prev_iv_model
2026-05-15 15:04:40+00:00,13.71,20260618,C,20.0,0.8,1.0,0.9,0.85,0.0,2955320.0,1.5159985706292631,0.8999999999999999,0.045,0.0,0.9113668790987539,quote_mid;trade_last;iv_solved;prev_iv_model
2026-05-15 15:04:50+00:00,13.735,20260618,C,15.0,1.9,2.0,1.95,1.95,0.0,2955310.0,1.4433865531273988,1.9500000000000002,0.045,0.0,1.9628069226135016,quote_mid;trade_last;iv_solved;prev_iv_model
2026-05-15 15:04:50+00:00,13.735,20260618,C,20.0,0.8,1.0,0.9,0.85,0.0,2955310.0,1.5110183719800228,0.8999999999999999,0.045,0.0,0.9070999785557077,quote_mid;trade_last;iv_solved;prev_iv_model
2026-05-15 15:05:00+00:00,13.735,20260618,C,15.0,1.9,2.0,1.95,1.95,0.0,2955300.0,1.4433890384577457,1.9500000000000002,0.045,0.0,1.9499958331238414,quote_mid;trade_last;iv_solved;prev_iv_model
2026-05-15 15:05:00+00:00,13.735,20260618,C,20.0,0.8,1.0,0.9,0.85,0.0,2955300.0,1.5110209584500534,0.9000000000000004,0.045,0.0,0.8999963162103843,quote_mid;trade_last;iv_solved;prev_iv_model
2026-05-15 15:05:10+00:00,13.72,20260618,C,15.0,1.9,2.0,1.95,1.95,0.0,2955290.0,1.447976158237163,1.9499999999999984,0.045,0.0,1.9423172793016574,quote_mid;trade_last;iv_solved;prev_iv_model
2026-05-15 15:05:10+00:00,13.72,20260618,C,20.0,0.8,1.0,0.9,0.85,0.0,2955290.0,1.5140123360182347,0.9000000000000008,0.045,0.0,0.8957474391890643,quote_mid;trade_last;iv_solved;prev_iv_model
2026-05-15 15:05:20+00:00,13.735,20260618,C,15.0,1.9,2.0,1.95,1.95,0.0,2955280.0,1.44339400915606,1.9500000000000002,0.045,0.0,1.9576821944664076,quote_mid;trade_last;iv_solved;prev_iv_model
2026-05-15 15:05:20+00:00,13.735,20260618,C,20.0,0.8,1.0,0.9,0.85,0.0,2955280.0,1.511026131429344,0.8999999999999999,0.045,0.0,0.9042555832744137,quote_mid;trade_last;iv_solved;prev_iv_model
2026-05-15 15:05:30+00:00,13.72,20260618,C,15.0,1.9,2.0,1.95,1.95,0.0,2955270.0,1.447981144326238,1.9500000000000002,0.045,0.0,1.9423172795121966,quote_mid;trade_last;iv_solved;prev_iv_model
2026-05-15 15:05:30+00:00,13.72,20260618,C,20.0,0.8,1.0,0.9,0.85,0.0,2955270.0,1.514017519098859,0.9000000000000008,0.045,0.0,0.8957474392687068,quote_mid;trade_last;iv_solved;prev_iv_model
2026-05-15 15:05:40+00:00,13.69,20260618,C,15.0,1.9,2.0,1.95,1.95,0.0,2955260.0,1.4571551529695177,1.9499999999999984,0.045,0.0,1.934667362236091,quote_mid;trade_last;iv_solved;prev_iv_model
2026-05-15 15:05:40+00:00,13.69,20260618,C,20.0,0.8,1.0,0.9,0.85,0.0,2955260.0,1.5200057927671784,0.9000000000000004,0.045,0.0,0.8915137222996949,quote_mid;trade_last;iv_solved;prev_iv_model
2026-05-15 15:05:50+00:00,13.72,20260618,C,15.0,1.9,2.0,1.95,1.95,0.0,2955250.0,1.4479861304656327,1.9500000000000002,0.045,0.0,1.9653556855490901,quote_mid;trade_last;iv_solved;prev_iv_model
2026-05-15 15:05:50+00:00,13.72,20260618,C,20.0,0.8,1.0,0.9,0.85,0.0,2955250.0,1.514022702231895,0.9000000000000004,0.045,0.0,0.9085204661227317,quote_mid;trade_last;iv_solved;prev_iv_model
2026-05-15 15:06:00+00:00,13.72,20260618,C,15.0,1.9,2.0,1.95,1.95,0.0,2955240.0,1.4479886235541994,1.9499999999999993,0.045,0.0,1.9499958245757156,quote_mid;trade_last;iv_solved;prev_iv_model
2026-05-15 15:06:00+00:00,13.72,20260618,C,20.0,0.8,1.0,0.9,0.85,0.0,2955240.0,1.5140252938180687,0.9000000000000026,0.045,0.0,0.8999963136554614,quote_mid;trade_last;iv_solved;prev_iv_model
2026-05-15 15:06:10+00:00,13.7092,20260618,C,15.0,1.9,2.0,1.95,1.95,0.0,2955230.0,1.4512925297090828,1.9500000000000002,0.045,0.0,1.9444707729019823,quote_mid;trade_last;iv_solved;prev_iv_model
2026-05-15 15:06:10+00:00,13.7092,20260618,C,20.0,0.8,1.0,0.9,0.85,0.0,2955230.0,1.5161814996221548,0.9000000000000008,0.045,0.0,0.8969370601358109,quote_mid;trade_last;iv_solved;prev_iv_model
2026-05-15 15:06:20+00:00,13.685,20260618,C,15.0,1.9,2.0,1.95,1.95,0.0,2955220.0,1.4586940864433982,1.950000000000001,0.045,0.0,1.9376342436470635,quote_mid;trade_last;iv_solved;prev_iv_model
2026-05-15 15:06:20+00:00,13.685,20260618,C,20.0,0.85,1.0,0.925,0.85,10.0,2955220.0,1.5385830193960341,0.9249999999999998,0.045,0.0,0.8931517834143148,quote_mid;trade_last;iv_solved;prev_iv_model
2026-05-15 15:06:30+00:00,13.69,20260618,C,15.0,1.9,2.0,1.95,1.95,0.0,2955210.0,1.4571676953309973,1.950000000000001,0.045,0.0,1.9525509498296207,quote_mid;trade_last;iv_solved;prev_iv_model
2026-05-15 15:06:30+00:00,13.69,20260618,C,20.0,0.85,1.0,0.925,0.85,0.0,2955210.0,1.5375795499084224,0.9250000000000016,0.045,0.0,0.9264336284174681,quote_mid;trade_last;iv_solved;prev_iv_model
2026-05-15 15:06:40+00:00,13.69,20260618,C,15.0,1.9,2.0,1.95,1.95,0.0,2955200.0,1.4571702038412684,1.9499999999999984,0.045,0.0,1.9499958076852213,quote_mid;trade_last;iv_solved;prev_iv_model
2026-05-15 15:06:40+00:00,13.69,20260618,C,20.0,0.85,1.0,0.925,0.85,0.0,2955200.0,1.537582181449233,0.9249999999999994,0.045,0.0,0.9249962411100565,quote_mid;trade_last;iv_solved;prev_iv_model
2026-05-15 15:06:50+00:00,13.71,20260618,C,15.0,1.9,2.0,1.95,1.95,0.0,2955190.0,1.4510579604780314,1.950000000000001,0.045,0.0,1.9602292032934168,quote_mid;trade_last;iv_solved;prev_iv_model
2026-05-15 15:06:50+00:00,13.71,20260618,C,20.0,0.85,1.0,0.925,0.85,0.0,2955190.0,1.5335634240715308,0.9249999999999985,0.045,0.0,0.9307544170361117,quote_mid;trade_last;iv_solved;prev_iv_model
2026-05-15 15:07:00+00:00,13.7,20260618,C,15.0,1.9,2.0,1.95,1.95,0.0,2955180.0,1.4541176674681173,1.9499999999999984,0.045,0.0,1.9448828331678154,quote_mid;trade_last;iv_solved;prev_iv_model
2026-05-15 15:07:00+00:00,13.7,20260618,C,20.0,0.85,1.0,0.925,0.85,0.0,2955180.0,1.5355761403950159,0.9249999999999998,0.045,0.0,0.9221237115188394,quote_mid;trade_last;iv_solved;prev_iv_model
2026-05-15 15:07:10+00:00,13.7,20260618,C,15.0,1.9,2.0,1.95,1.95,0.0,2955170.0,1.4541201708917133,1.950000000000001,0.045,0.0,1.9499958132406716,quote_mid;trade_last;iv_solved;prev_iv_model
2026-05-15 15:07:10+00:00,13.7,20260618,C,20.0,0.85,1.0,0.925,0.85,0.0,2955170.0,1.5355787685854865,0.9249999999999972,0.045,0.0,0.9249962427459999,quote_mid;trade_last;iv_solved;prev_iv_model
2026-05-15 15:07:20+00:00,13.7,20260618,C,15.0,1.9,2.0,1.95,1.95,0.0,2955160.0,1.4541226743279414,1.9499999999999984,0.045,0.0,1.9499958132266269,quote_mid;trade_last;iv_solved;prev_iv_model
2026-05-15 15:07:20+00:00,13.7,20260618,C,20.0,0.85,1.0,0.925,0.85,0.0,2955160.0,1.5355813967892478,0.9249999999999998,0.045,0.0,0.9249962427333771,quote_mid;trade_last;iv_solved;prev_iv_model
2026-05-15 15:07:30+00:00,13.69,20260618,C,15.0,1.9,2.0,1.95,1.95,0.0,2955150.0,1.4571827465825113,1.9499999999999984,0.045,0.0,1.9448858763747419,quote_mid;trade_last;iv_solved;prev_iv_model
2026-05-15 15:07:30+00:00,13.69,20260618,C,20.0,0.85,1.0,0.925,0.85,0.0,2955150.0,1.5375953393528792,0.9249999999999998,0.045,0.0,0.9221244015687136,quote_mid;trade_last;iv_solved;prev_iv_model
2026-05-15 15:07:40+00:00,13.67,20260618,C,15.0,1.9,2.0,1.95,1.95,12.0,2955140.0,1.463301486688502,1.9499999999999984,0.045,0.0,1.9397885344365395,quote_mid;trade_last;iv_solved;prev_iv_model
2026-05-15 15:07:40+00:00,13.67,20260618,C,20.0,0.85,1.0,0.925,0.85,0.0,2955140.0,1.5416242568218448,0.9249999999999998,0.045,0.0,0.9192592239046014,quote_mid;trade_last;iv_solved;prev_iv_model
2026-05-15 15:07:50+00:00,13.6625,20260618,C,15.0,1.9,2.0,1.95,1.95,0.0,2955130.0,1.4655979845618177,1.9499999999999993,0.045,0.0,1.946169519882396,quote_mid;trade_last;iv_solved;prev_iv_model
2026-05-15 15:07:50+00:00,13.6625,20260618,C,20.0,0.85,1.0,0.925,0.85,0.0,2955130.0,1.5431380138097688,0.9250000000000007,0.045,0.0,0.9228434020047129,quote_mid;trade_last;iv_solved;prev_iv_model
2026-05-15 15:08:00+00:00,13.67,20260618,C,15.0,1.9,2.0,1.95,1.95,0.0,2955120.0,1.463306524402896,1.950000000000001,0.045,0.0,1.9538240481270162,quote_mid;trade_last;iv_solved;prev_iv_model
2026-05-15 15:08:00+00:00,13.67,20260618,C,20.0,0.85,1.0,0.925,0.85,0.0,2955120.0,1.5416295336768724,0.9250000000000007,0.045,0.0,0.9271516602393235,quote_mid;trade_last;iv_solved;prev_iv_model
2026-05-15 15:08:10+00:00,13.67,20260618,C,15.0,1.9,2.0,1.95,1.95,0.0,2955110.0,1.4633090432791591,1.9499999999999984,0.045,0.0,1.9499957964045151,quote_mid;trade_last;iv_solved;prev_iv_model
2026-05-15 15:08:10+00:00,13.67,20260618,C,20.0,0.85,1.0,0.925,0.9,2.0,2955110.0,1.5416321721243968,0.9250000000000007,0.045,0.0,0.9249962376563601,quote_mid;trade_last;iv_solved;prev_iv_model
2026-05-15 15:08:20+00:00,13.67,20260618,C,15.0,1.9,2.0,1.95,1.95,0.0,2955100.0,1.4633115621681365,1.9500000000000002,0.045,0.0,1.9499957963904082,quote_mid;trade_last;iv_solved;prev_iv_model
2026-05-15 15:08:20+00:00,13.67,20260618,C,20.0,0.85,1.0,0.925,0.9,0.0,2955100.0,1.5416348105852657,0.9249999999999998,0.045,0.0,0.9249962376437222,quote_mid;trade_last;iv_solved;prev_iv_model
2026-05-15 15:08:30+00:00,13.68,20260618,C,15.0,1.9,2.0,1.95,1.95,0.0,2955090.0,1.460255754960882,1.9500000000000002,0.045,0.0,1.9551031965559593,quote_mid;trade_last;iv_solved;prev_iv_model
2026-05-15 15:08:30+00:00,13.68,20260618,C,20.0,0.85,1.0,0.925,0.9,0.0,2955090.0,1.5396236797304894,0.9249999999999994,0.045,0.0,0.9278713071556077,quote_mid;trade_last;iv_solved;prev_iv_model
2026-05-15 15:08:40+00:00,13.6999,20260618,C,15.0,1.9,2.0,1.95,1.95,1.0,2955080.0,1.4541732765922393,1.950000000000002,0.045,0.0,1.9601719353425144,quote_mid;trade_last;iv_solved;prev_iv_model
2026-05-15 15:08:40+00:00,13.6999,20260618,C,20.0,0.85,1.0,0.925,0.9,0.0,2955080.0,1.535622530270698,0.9249999999999994,0.045,0.0,0.9307241977641021,quote_mid;trade_last;iv_solved;prev_iv_model
2026-05-15 15:08:50+00:00,13.6999,20260618,C,15.0,1.9,2.0,1.95,1.95,0.0,2955070.0,1.4541757801934154,1.9499999999999993,0.045,0.0,1.9499958130441586,quote_mid;trade_last;iv_solved;prev_iv_model
2026-05-15 15:08:50+00:00,13.6999,20260618,C,20.0,0.85,1.0,0.925,0.9,0.0,2955070.0,1.535625158627961,0.9249999999999994,0.045,0.0,0.9249962426030462,quote_mid;trade_last;iv_solved;prev_iv_model
2026-05-15 15:09:00+00:00,13.71,20260618,C,15.0,1.9,2.0,1.95,1.9,2.0,2955060.0,1.4510904391939907,1.9500000000000002,0.045,0.0,1.9551634553580168,quote_mid;trade_last;iv_solved;prev_iv_model
2026-05-15 15:09:00+00:00,13.71,20260618,C,20.0,0.85,1.0,0.925,0.9,0.0,2955060.0,1.5335975473639394,0.9250000000000007,0.045,0.0,0.9279021677817867,quote_mid;trade_last;iv_solved;prev_iv_model
2026-05-15 15:09:10+00:00,13.72,20260618,C,15.0,1.9,2.0,1.95,1.9,0.0,2955050.0,1.448035994627337,1.950000000000001,0.045,0.0,1.95511535144617,quote_mid;trade_last;iv_solved;prev_iv_model
2026-05-15 15:09:10+00:00,13.72,20260618,C,20.0,0.85,1.0,0.925,0.9,0.0,2955050.0,1.5315912463098789,0.9249999999999989,0.045,0.0,0.9278740736933804,quote_mid;trade_last;iv_solved;prev_iv_model
2026-05-15 15:09:20+00:00,13.74,20260618,C,15.0,1.9,2.0,1.95,1.9,0.0,2955040.0,1.4419255385076304,1.9500000000000002,0.045,0.0,1.960247589111611,quote_mid;trade_last;iv_solved;prev_iv_model
2026-05-15 15:09:20+00:00,13.74,20260618,C,20.0,0.85,1.0,0.925,0.9,0.0,2955040.0,1.5275796254135372,0.9249999999999998,0.045,0.0,0.9307586039029654,quote_mid;trade_last;iv_solved;prev_iv_model
2026-05-15 15:09:30+00:00,13.72,20260618,C,15.0,1.9,2.0,1.95,1.9,0.0,2955030.0,1.4480409813203008,1.9500000000000002,0.045,0.0,1.9397579587990395,quote_mid;trade_last;iv_solved;prev_iv_model
2026-05-15 15:09:30+00:00,13.72,20260618,C,20.0,0.85,1.0,0.925,0.9,0.0,2955030.0,1.5315964895001053,0.9250000000000007,0.045,0.0,0.9192522991928049,quote_mid;trade_last;iv_solved;prev_iv_model
2026-05-15 15:09:40+00:00,13.74,20260618,C,15.0,1.95,2.0,1.975,1.9,0.0,2955020.0,1.456838233765259,1.9750000000000005,0.045,0.0,1.9602475887661335,quote_mid;trade_last;iv_solved;prev_iv_model
2026-05-15 15:09:40+00:00,13.74,20260618,C,20.0,0.85,1.0,0.925,0.9,0.0,2955020.0,1.5275848550971531,0.9249999999999998,0.045,0.0,0.9307586037379201,quote_mid;trade_last;iv_solved;prev_iv_model
2026-05-15 15:09:50+00:00,13.755,20260618,C,15.0,1.95,2.0,1.975,1.9,0.0,2955010.0,1.4522411218428513,1.9750000000000005,0.045,0.0,1.9827166128318288,quote_mid;trade_last;iv_solved;prev_iv_model
2026-05-15 15:09:50+00:00,13.755,20260618,C,20.0,0.85,1.0,0.925,0.9,0.0,2955010.0,1.524579924993131,0.9250000000000012,0.045,0.0,0.9293181450621093,quote_mid;trade_last;iv_solved;prev_iv_model
2026-05-15 15:10:00+00:00,13.75,20260618,C,15.0,1.95,2.0,1.975,1.95,2.0,2955000.0,1.4537767542285884,1.9749999999999996,0.045,0.0,1.972423143340281,quote_mid;trade_last;iv_solved;prev_iv_model
2026-05-15 15:10:00+00:00,13.75,20260618,C,20.0,0.85,1.0,0.925,0.9,0.0,2955000.0,1.525584752046047,0.9249999999999994,0.045,0.0,0.9235577432355995,quote_mid;trade_last;iv_solved;prev_iv_model
2026-05-15 15:10:10+00:00,13.775,20260618,C,15.0,1.95,2.0,1.975,1.95,0.0,2954990.0,1.4461143249572768,1.9749999999999996,0.045,0.0,1.9878796623714932,quote_mid;trade_last;iv_solved;prev_iv_model
2026-05-15 15:10:10+00:00,13.775,20260618,C,20.0,0.85,1.0,0.925,0.9,0.0,2954990.0,1.520579254191003,0.9249999999999998,0.045,0.0,0.932207827815116,quote_mid;trade_last;iv_solved;prev_iv_model
2026-05-15 15:10:20+00:00,13.78,20260618,C,15.0,1.9,2.0,1.95,1.95,1.0,2954980.0,1.429717848790394,1.950000000000001,0.045,0.0,1.977573209545393,quote_mid;trade_last;iv_solved;prev_iv_model
2026-05-15 15:10:20+00:00,13.78,20260618,C,20.0,0.85,1.0,0.925,0.9,0.0,2954980.0,1.5195811273833302,0.9250000000000003,0.045,0.0,0.9264368079447522,quote_mid;trade_last;iv_solved;prev_iv_model
2026-05-15 15:10:30+00:00,13.77,20260618,C,15.0,1.9,2.0,1.95,1.95,0.0,2954970.0,1.432775566438031,1.9500000000000002,0.045,0.0,1.94486107312152,quote_mid;trade_last;iv_solved;prev_iv_model
2026-05-15 15:10:30+00:00,13.77,20260618,C,20.0,0.85,1.0,0.925,0.9,0.0,2954970.0,1.5215854893154162,0.9250000000000003,0.045,0.0,0.9221187824176185,quote_mid;trade_last;iv_solved;prev_iv_model
2026-05-15 15:10:40+00:00,13.805,20260618,C,15.0,1.9,2.0,1.95,1.95,0.0,2954960.0,1.4220856607776606,1.9499999999999993,0.045,0.0,1.9680084816034942,quote_mid;trade_last;iv_solved;prev_iv_model
2026-05-15 15:10:40+00:00,13.805,20260618,C,20.0,0.85,1.0,0.925,0.9,0.0,2954960.0,1.51458711115517,0.9249999999999994,0.045,0.0,0.9351067977725469,quote_mid;trade_last;iv_solved;prev_iv_model
2026-05-15 15:10:50+00:00,13.82,20260618,C,15.0,1.9,2.0,1.95,1.95,0.0,2954950.0,1.4175064808004274,1.950000000000001,0.045,0.0,1.9577224653782954,quote_mid;trade_last;iv_solved;prev_iv_model
2026-05-15 15:10:50+00:00,13.82,20260618,C,20.0,0.85,1.0,0.925,0.9,0.0,2954950.0,1.5115937116746947,0.9249999999999989,0.045,0.0,0.9293251802496698,quote_mid;trade_last;iv_solved;prev_iv_model
2026-05-15 15:11:00+00:00,13.805,20260618,C,15.0,1.9,2.0,1.95,1.95,0.0,2954940.0,1.422090560650903,1.9499999999999993,0.045,0.0,1.9422769567007592,quote_mid;trade_last;iv_solved;prev_iv_model
2026-05-15 15:11:00+00:00,13.805,20260618,C,20.0,0.85,1.0,0.925,0.9,0.0,2954940.0,1.5145922971787797,0.9250000000000012,0.045,0.0,0.9206777002113875,quote_mid;trade_last;iv_solved;prev_iv_model
2026-05-15 15:11:10+00:00,13.7501,20260618,C,15.0,1.9,2.0,1.95,1.95,0.0,2954930.0,1.4388662111552653,1.9499999999999984,0.045,0.0,1.9218439692094362,quote_mid;trade_last;iv_solved;prev_iv_model
2026-05-15 15:11:10+00:00,13.7501,20260618,C,20.0,0.85,1.0,0.925,0.9,0.0,2954930.0,1.525582985364736,0.9250000000000016,0.045,0.0,0.9092547108449405,quote_mid;trade_last;iv_solved;prev_iv_model
2026-05-15 15:11:20+00:00,13.71,20260618,C,15.0,1.9,2.0,1.95,1.95,0.0,2954920.0,1.4511254186556726,1.950000000000001,0.045,0.0,1.9294828817542449,quote_mid;trade_last;iv_solved;prev_iv_model
2026-05-15 15:11:20+00:00,13.71,20260618,C,20.0,0.85,1.0,0.925,0.9,0.0,2954920.0,1.53363429803363,0.9250000000000016,0.045,0.0,0.9134981815831256,quote_mid;trade_last;iv_solved;prev_iv_model
2026-05-15 15:11:30+00:00,13.75,20260618,C,15.0,1.9,2.0,1.95,1.95,0.0,2954910.0,1.4389017268000321,1.9499999999999984,0.045,0.0,1.9705131826315476,quote_mid;trade_last;iv_solved;prev_iv_model
2026-05-15 15:11:30+00:00,13.75,20260618,C,20.0,0.85,1.0,0.925,0.9,0.0,2954910.0,1.525608256091842,0.9249999999999994,0.045,0.0,0.9365393489390841,quote_mid;trade_last;iv_solved;prev_iv_model
2026-05-15 15:11:40+00:00,13.7536,20260618,C,15.0,1.9,2.0,1.95,1.95,0.0,2954900.0,1.4378040792723747,1.950000000000001,0.045,0.0,1.9518425760437754,quote_mid;trade_last;iv_solved;prev_iv_model
2026-05-15 15:11:40+00:00,13.7536,20260618,C,20.0,0.85,1.0,0.925,0.9,0.0,2954900.0,1.5248892289886058,0.9250000000000003,0.045,0.0,0.9260326713897786,quote_mid;trade_last;iv_solved;prev_iv_model
2026-05-15 15:11:50+00:00,13.775,20260618,C,15.0,1.9,2.0,1.95,1.95,0.0,2954890.0,1.4312676302641836,1.9500000000000002,0.045,0.0,1.9609886067786428,quote_mid;trade_last;iv_solved;prev_iv_model
2026-05-15 15:11:50+00:00,13.775,20260618,C,20.0,0.85,1.0,0.925,0.9,0.0,2954890.0,1.5206052855759844,0.9250000000000003,0.045,0.0,0.9311678641365515,quote_mid;trade_last;iv_solved;prev_iv_model
2026-05-15 15:12:00+00:00,13.755,20260618,C,15.0,1.9,2.0,1.95,1.95,0.0,2954880.0,1.4373812135749597,1.9499999999999993,0.045,0.0,1.9397360668718377,quote_mid;trade_last;iv_solved;prev_iv_model
2026-05-15 15:12:00+00:00,13.755,20260618,C,20.0,0.9,1.0,0.95,0.9,0.0,2954880.0,1.541965056783127,0.9500000000000006,0.045,0.0,0.9192473464623534,quote_mid;trade_last;iv_solved;prev_iv_model
2026-05-15 15:12:10+00:00,13.735,20260618,C,15.0,1.9,2.0,1.95,1.95,0.0,2954870.0,1.4434959195272876,1.9499999999999993,0.045,0.0,1.9397486279481315,quote_mid;trade_last;iv_solved;prev_iv_model
2026-05-15 15:12:10+00:00,13.735,20260618,C,20.0,0.9,1.0,0.95,0.9,0.0,2954870.0,1.5460076758547365,0.9500000000000002,0.045,0.0,0.9441708180733728,quote_mid;trade_last;iv_solved;prev_iv_model
2026-05-15 15:12:20+00:00,13.735,20260618,C,15.0,1.9,2.0,1.95,1.95,0.0,2954860.0,1.4434984054095121,1.9499999999999993,0.045,0.0,1.9499958325087299,quote_mid;trade_last;iv_solved;prev_iv_model
2026-05-15 15:12:20+00:00,13.735,20260618,C,20.0,0.9,1.0,0.95,0.9,0.0,2954860.0,1.5460103221140225,0.9499999999999993,0.045,0.0,0.9499961814770721,quote_mid;trade_last;iv_solved;prev_iv_model
2026-05-15 15:12:30+00:00,13.71,20260618,C,15.0,1.9,2.0,1.95,1.95,0.0,2954850.0,1.4511429093133055,1.9499999999999984,0.045,0.0,1.9372064730635978,quote_mid;trade_last;iv_solved;prev_iv_model
2026-05-15 15:12:30+00:00,13.71,20260618,C,20.0,0.85,1.0,0.925,0.9,0.0,2954850.0,1.5336526743441472,0.9250000000000003,0.045,0.0,0.9427212498554502,quote_mid;trade_last;iv_solved;prev_iv_model
2026-05-15 15:12:40+00:00,13.7342,20260618,C,15.0,1.9,2.0,1.95,1.95,0.0,2954840.0,1.4437478920183389,1.9500000000000002,0.045,0.0,1.9623963245982399,quote_mid;trade_last;iv_solved;prev_iv_model
2026-05-15 15:12:40+00:00,13.7342,20260618,C,20.0,0.9,1.0,0.95,0.9,0.0,2954840.0,1.5461773155365734,0.9500000000000002,0.045,0.0,0.9319696921202985,quote_mid;trade_last;iv_solved;prev_iv_model
2026-05-15 15:12:50+00:00,13.71,20260618,C,15.0,1.9,2.0,1.95,1.95,0.0,2954830.0,1.4511479067575506,1.950000000000001,0.045,0.0,1.9376156939979214,quote_mid;trade_last;iv_solved;prev_iv_model
2026-05-15 15:12:50+00:00,13.71,20260618,C,20.0,0.9,1.0,0.95,0.9,0.0,2954830.0,1.5510751027747234,0.9500000000000002,0.045,0.0,0.9429536704000694,quote_mid;trade_last;iv_solved;prev_iv_model
2026-05-15 15:13:00+00:00,13.75,20260618,C,15.0,1.9,2.0,1.95,1.95,0.0,2954820.0,1.4389240305944457,1.9499999999999984,0.045,0.0,1.9705131796525857,quote_mid;trade_last;iv_solved;prev_iv_model
2026-05-15 15:13:00+00:00,13.75,20260618,C,20.0,0.9,1.0,0.95,0.9,0.0,2954820.0,1.5429904430305363,0.9499999999999984,0.045,0.0,0.9616977328292755,quote_mid;trade_last;iv_solved;prev_iv_model
2026-05-15 15:13:10+00:00,13.7627,20260618,C,15.0,1.9,2.0,1.95,1.95,0.0,2954810.0,1.435045610317157,1.9500000000000002,0.045,0.0,1.9565145135344597,quote_mid;trade_last;iv_solved;prev_iv_model
2026-05-15 15:13:10+00:00,13.7627,20260618,C,20.0,0.9,1.0,0.95,0.9,0.0,2954810.0,1.540429414901678,0.9499999999999997,0.045,0.0,0.9537058238339253,quote_mid;trade_last;iv_solved;prev_iv_model
2026-05-15 15:13:20+00:00,13.74,20260618,C,15.0,1.9,2.0,1.95,1.95,0.0,2954800.0,1.44198513655991,1.9500000000000002,0.045,0.0,1.9383618069711535,quote_mid;trade_last;iv_solved;prev_iv_model
2026-05-15 15:13:20+00:00,13.74,20260618,C,20.0,0.9,1.0,0.95,0.9,0.0,2954800.0,1.54501573874392,0.9500000000000006,0.045,0.0,0.9433847921367096,quote_mid;trade_last;iv_solved;prev_iv_model
2026-05-15 15:13:30+00:00,13.775,20260618,C,15.0,1.9,2.0,1.95,1.95,0.0,2954790.0,1.4312922845556915,1.9499999999999993,0.045,0.0,1.9679753713410486,quote_mid;trade_last;iv_solved;prev_iv_model
2026-05-15 15:13:30+00:00,13.775,20260618,C,20.0,0.9,1.0,0.95,0.9,0.0,2954790.0,1.5379536102642444,0.9499999999999993,0.045,0.0,0.9602377614411197,quote_mid;trade_last;iv_solved;prev_iv_model
2026-05-15 15:13:40+00:00,13.77,20260618,C,15.0,1.9,2.0,1.95,1.95,0.0,2954780.0,1.432822457403152,1.9500000000000002,0.045,0.0,1.9474284293516293,quote_mid;trade_last;iv_solved;prev_iv_model
2026-05-15 15:13:40+00:00,13.77,20260618,C,20.0,0.9,1.0,0.95,0.9,0.0,2954780.0,1.5389645935397076,0.9500000000000011,0.045,0.0,0.9485371586544615,quote_mid;trade_last;iv_solved;prev_iv_model
2026-05-15 15:13:50+00:00,13.77,20260618,C,15.0,1.9,2.0,1.95,1.95,0.0,2954770.0,1.432824925473224,1.9499999999999993,0.045,0.0,1.949995852259641,quote_mid;trade_last;iv_solved;prev_iv_model
2026-05-15 15:13:50+00:00,13.77,20260618,C,20.0,0.9,1.0,0.95,0.9,0.0,2954770.0,1.538967228006352,0.9499999999999993,0.045,0.0,0.9499961873696816,quote_mid;trade_last;iv_solved;prev_iv_model
2026-05-15 15:14:00+00:00,13.79,20260618,C,15.0,1.9,2.0,1.95,1.95,0.0,2954760.0,1.4267169120985708,1.9500000000000002,0.045,0.0,1.9602788911081,quote_mid;trade_last;iv_solved;prev_iv_model
2026-05-15 15:14:00+00:00,13.79,20260618,C,20.0,0.9,1.0,0.95,0.9,0.0,2954760.0,1.5349382480078786,0.9499999999999988,0.045,0.0,0.9558448312902241,quote_mid;trade_last;iv_solved;prev_iv_model
2026-05-15 15:14:10+00:00,13.76,20260618,C,15.0,1.9,2.0,1.95,1.95,0.0,2954750.0,1.4358854855831837,1.9500000000000002,0.045,0.0,1.9346018512397114,quote_mid;trade_last;iv_solved;prev_iv_model
2026-05-15 15:14:10+00:00,13.76,20260618,C,20.0,0.9,1.0,0.95,0.9,0.0,2954750.0,1.5409901111560655,0.9500000000000006,0.045,0.0,0.9412586855596303,quote_mid;trade_last;iv_solved;prev_iv_model
2026-05-15 15:14:20+00:00,13.74,20260618,C,15.0,1.9,2.0,1.95,1.95,0.0,2954740.0,1.442000037200864,1.9499999999999993,0.045,0.0,1.9397455021704113,quote_mid;trade_last;iv_solved;prev_iv_model
2026-05-15 15:14:20+00:00,13.74,20260618,C,20.0,0.9,1.0,0.95,0.9,0.0,2954740.0,1.5450316068418921,0.9499999999999984,0.045,0.0,0.9441701197755652,quote_mid;trade_last;iv_solved;prev_iv_model
2026-05-15 15:14:30+00:00,13.72,20260618,C,15.0,1.9,2.0,1.95,1.95,0.0,2954730.0,1.4481157877548099,1.9499999999999993,0.045,0.0,1.9397579631563318,quote_mid;trade_last;iv_solved;prev_iv_model
2026-05-15 15:14:30+00:00,13.72,20260618,C,20.0,0.9,1.0,0.95,0.9,0.0,2954730.0,1.5490779670925678,0.9499999999999997,0.045,0.0,0.9441729052581027,quote_mid;trade_last;iv_solved;prev_iv_model
2026-05-15 15:14:40+00:00,13.735,20260618,C,15.0,1.9,2.0,1.95,1.95,0.0,2954720.0,1.4435332090779482,1.9499999999999984,0.045,0.0,1.9576821870193486,quote_mid;trade_last;iv_solved;prev_iv_model
2026-05-15 15:14:40+00:00,13.735,20260618,C,20.0,0.9,1.0,0.95,0.9,0.0,2954720.0,1.5460473711491831,0.9499999999999988,0.045,0.0,0.9543754125014714,quote_mid;trade_last;iv_solved;prev_iv_model
2026-05-15 15:14:50+00:00,13.74,20260618,C,15.0,1.9,2.0,1.95,1.95,0.0,2954710.0,1.4420074876905384,1.9499999999999993,0.045,0.0,1.9525586339743812,quote_mid;trade_last;iv_solved;prev_iv_model
2026-05-15 15:14:50+00:00,13.74,20260618,C,20.0,0.9,1.0,0.95,0.9,0.0,2954710.0,1.5450395410714362,0.9500000000000006,0.045,0.0,0.9514551273211267,quote_mid;trade_last;iv_solved;prev_iv_model
2026-05-15 15:15:00+00:00,13.75,20260618,C,15.0,1.9,2.0,1.95,1.95,0.0,2954700.0,1.438953770562816,1.9500000000000002,0.045,0.0,1.9551246357448209,quote_mid;trade_last;iv_solved;prev_iv_model
2026-05-15 15:15:00+00:00,13.75,20260618,C,20.0,0.9,1.0,0.95,0.9,0.0,2954700.0,1.54302213852324,0.9500000000000011,0.045,0.0,0.9529157434395494,quote_mid;trade_last;iv_solved;prev_iv_model
2026-05-15 15:15:10+00:00,13.715,20260618,C,15.0,1.9,2.0,1.95,1.95,0.0,2954690.0,1.44965428578013,1.9499999999999984,0.045,0.0,1.9320859891689972,quote_mid;trade_last;iv_solved;prev_iv_model
2026-05-15 15:15:10+00:00,13.715,20260618,C,20.0,0.9,1.0,0.95,0.9,0.0,2954690.0,1.5501002699992301,0.9499999999999997,0.045,0.0,0.9398168880351383,quote_mid;trade_last;iv_solved;prev_iv_model
2026-05-15 15:15:20+00:00,13.715,20260618,C,15.0,1.9,2.0,1.95,1.95,0.0,2954680.0,1.4496567821354462,1.9499999999999993,0.045,0.0,1.949995820976211,quote_mid;trade_last;iv_solved;prev_iv_model
2026-05-15 15:15:20+00:00,13.715,20260618,C,20.0,0.9,1.0,0.95,0.9,0.0,2954680.0,1.550102923318593,0.9500000000000006,0.045,0.0,0.9499961778272628,quote_mid;trade_last;iv_solved;prev_iv_model
2026-05-15 15:15:30+00:00,13.75,20260618,C,15.0,1.9,2.0,1.95,1.95,0.0,2954670.0,1.438961205836323,1.9500000000000002,0.045,0.0,1.9679481808670243,quote_mid;trade_last;iv_solved;prev_iv_model
2026-05-15 15:15:30+00:00,13.75,20260618,C,20.0,0.9,1.0,0.95,0.9,0.0,2954670.0,1.543030062696959,0.9500000000000002,0.045,0.0,0.9602316376751485,quote_mid;trade_last;iv_solved;prev_iv_model
2026-05-15 15:15:40+00:00,13.735,20260618,C,15.0,1.9,2.0,1.95,1.95,0.0,2954660.0,1.4435481256886273,1.9499999999999993,0.045,0.0,1.9423103017562688,quote_mid;trade_last;iv_solved;prev_iv_model
2026-05-15 15:15:40+00:00,13.735,20260618,C,20.0,0.9,1.0,0.95,0.9,0.0,2954660.0,1.5460632501101061,0.9499999999999984,0.045,0.0,0.9456257014238583,quote_mid;trade_last;iv_solved;prev_iv_model
2026-05-15 15:15:50+00:00,13.695,20260618,C,15.0,1.9,2.0,1.95,1.95,0.0,2954650.0,1.4557792349951706,1.9499999999999993,0.045,0.0,1.9295526078256309,quote_mid;trade_last;iv_solved;prev_iv_model
2026-05-15 15:15:50+00:00,13.695,20260618,C,20.0,0.9,1.0,0.95,0.9,0.0,2954650.0,1.554160752286284,0.9499999999999997,0.045,0.0,0.9383721304076316,quote_mid;trade_last;iv_solved;prev_iv_model
2026-05-15 15:16:00+00:00,13.71,20260618,C,15.0,1.9,2.0,1.95,1.95,0.0,2954640.0,1.451195384993821,1.9499999999999984,0.045,0.0,1.9576706827978878,quote_mid;trade_last;iv_solved;prev_iv_model
2026-05-15 15:16:00+00:00,13.71,20260618,C,20.0,0.9,1.0,0.95,0.9,0.0,2954640.0,1.5511255469829197,0.9499999999999997,0.045,0.0,0.9543728262894366,quote_mid;trade_last;iv_solved;prev_iv_model
2026-05-15 15:16:10+00:00,13.71,20260618,C,15.0,1.9,2.0,1.95,1.95,0.0,2954630.0,1.4511978839744821,1.9500000000000002,0.045,0.0,1.949995818094596,quote_mid;trade_last;iv_solved;prev_iv_model
2026-05-15 15:16:10+00:00,13.71,20260618,C,20.0,0.9,1.0,0.95,0.9,0.0,2954630.0,1.5511282020755175,0.9500000000000006,0.045,0.0,0.9499961769099436,quote_mid;trade_last;iv_solved;prev_iv_model
2026-05-15 15:16:20+00:00,13.7199,20260618,C,15.0,1.9,2.0,1.95,1.95,0.0,2954620.0,1.4481737896481577,1.9499999999999984,0.045,0.0,1.9550641197578242,quote_mid;trade_last;iv_solved;prev_iv_model
2026-05-15 15:16:20+00:00,13.7199,20260618,C,20.0,0.9,1.0,0.95,0.9,0.0,2954620.0,1.549127366174384,0.9499999999999997,0.045,0.0,0.9528844558285479,quote_mid;trade_last;iv_solved;prev_iv_model
2026-05-15 15:16:30+00:00,13.7199,20260618,C,15.0,1.9,2.0,1.95,1.95,0.0,2954610.0,1.448176283580727,1.9499999999999993,0.045,0.0,1.9499958236367352,quote_mid;trade_last;iv_solved;prev_iv_model
2026-05-15 15:16:30+00:00,13.7199,20260618,C,20.0,0.9,0.95,0.925,0.9,0.0,2954610.0,1.5317266935177245,0.9249999999999998,0.045,0.0,0.9499961785740645,quote_mid;trade_last;iv_solved;prev_iv_model
2026-05-15 15:16:40+00:00,13.6701,20260618,C,15.0,1.9,2.0,1.95,1.95,0.0,2954600.0,1.4634069351845937,1.9500000000000002,0.045,0.0,1.9245831480536832,quote_mid;trade_last;iv_solved;prev_iv_model
2026-05-15 15:16:40+00:00,13.6701,20260618,C,20.0,0.85,0.95,0.8999999999999999,0.9,5.0,2954600.0,1.524154444386098,0.8999999999999999,0.045,0.0,0.9107401288497012,quote_mid;trade_last;iv_solved;prev_iv_model
2026-05-15 15:16:50+00:00,13.6701,20260618,C,15.0,1.9,2.0,1.95,1.95,0.0,2954590.0,1.463409454670746,1.9500000000000002,0.045,0.0,1.949995795726621,quote_mid;trade_last;iv_solved;prev_iv_model
2026-05-15 15:16:50+00:00,13.6701,20260618,C,20.0,0.85,0.9,0.875,0.9,0.0,2954590.0,1.5064429341836267,0.8750000000000004,0.045,0.0,0.8999963046369426,quote_mid;trade_last;iv_solved;prev_iv_model
2026-05-15 15:17:00+00:00,13.665,20260618,C,15.0,1.9,2.0,1.95,1.95,0.0,2954580.0,1.464971998101754,1.9500000000000002,0.045,0.0,1.94739351584305,quote_mid;trade_last;iv_solved;prev_iv_model
2026-05-15 15:17:00+00:00,13.665,20260618,C,20.0,0.85,0.9,0.875,0.85,9.0,2954580.0,1.5074578088290775,0.8749999999999991,0.045,0.0,0.8735737096388974,quote_mid;trade_last;iv_solved;prev_iv_model
2026-05-15 15:17:10+00:00,13.69,20260618,C,15.0,1.9,2.0,1.95,1.95,0.0,2954570.0,1.4573282655131692,1.9500000000000002,0.045,0.0,1.9627727293606076,quote_mid;trade_last;iv_solved;prev_iv_model
2026-05-15 15:17:10+00:00,13.69,20260618,C,20.0,0.85,0.9,0.875,0.85,0.0,2954570.0,1.5025011220501345,0.8750000000000004,0.045,0.0,0.8819893814535931,quote_mid;trade_last;iv_solved;prev_iv_model
2026-05-15 15:17:20+00:00,13.72,20260618,C,15.0,1.9,2.0,1.95,1.95,0.0,2954560.0,1.4481581830954662,1.9499999999999993,0.045,0.0,1.9653556683234354,quote_mid;trade_last;iv_solved;prev_iv_model
2026-05-15 15:17:20+00:00,13.72,20260618,C,20.0,0.85,0.9,0.875,0.85,0.0,2954560.0,1.4965623831827792,0.875,0.045,0.0,0.8833972815448248,quote_mid;trade_last;iv_solved;prev_iv_model
2026-05-15 15:17:30+00:00,13.69,20260618,C,15.0,1.9,2.0,1.95,1.95,0.0,2954550.0,1.457333284167147,1.9500000000000002,0.045,0.0,1.9346673780435788,quote_mid;trade_last;iv_solved;prev_iv_model
2026-05-15 15:17:30+00:00,13.69,20260618,C,20.0,0.85,0.9,0.875,0.85,0.0,2954550.0,1.502506267139835,0.8749999999999991,0.045,0.0,0.8666371922479126,quote_mid;trade_last;iv_solved;prev_iv_model
2026-05-15 15:17:40+00:00,13.685,20260618,C,15.0,1.9,2.0,1.95,1.95,0.0,2954540.0,1.4588648674080327,1.950000000000001,0.045,0.0,1.9474415403219991,quote_mid;trade_last;iv_solved;prev_iv_model
2026-05-15 15:17:40+00:00,13.685,20260618,C,20.0,0.85,1.0,0.925,0.85,15.0,2954540.0,1.5387621089218744,0.9249999999999985,0.045,0.0,0.8736008980875365,quote_mid;trade_last;iv_solved;prev_iv_model
2026-05-15 15:17:50+00:00,13.71,20260618,C,15.0,1.9,2.0,1.95,1.95,0.0,2954530.0,1.4512228744748108,1.9499999999999993,0.045,0.0,1.9627878176619005,quote_mid;trade_last;iv_solved;prev_iv_model
2026-05-15 15:17:50+00:00,13.71,20260618,C,20.0,0.85,1.0,0.925,0.85,0.0,2954530.0,1.5337366886195962,0.9249999999999998,0.045,0.0,0.9321963954909234,quote_mid;trade_last;iv_solved;prev_iv_model
2026-05-15 15:18:00+00:00,13.705,20260618,C,15.0,1.9,2.0,1.95,1.95,0.0,2954520.0,1.4527541047399128,1.9500000000000002,0.045,0.0,1.9474385088625352,quote_mid;trade_last;iv_solved;prev_iv_model
2026-05-15 15:18:00+00:00,13.705,20260618,C,20.0,0.85,1.0,0.925,0.85,0.0,2954520.0,1.5347443204773539,0.9249999999999994,0.045,0.0,0.9235593162169287,quote_mid;trade_last;iv_solved;prev_iv_model
2026-05-15 15:18:10+00:00,13.72,20260618,C,15.0,1.9,2.0,1.95,1.95,0.0,2954510.0,1.4481706530055907,1.9499999999999993,0.045,0.0,1.957675263999679,quote_mid;trade_last;iv_solved;prev_iv_model
2026-05-15 15:18:10+00:00,13.72,20260618,C,20.0,0.85,1.0,0.925,0.85,0.0,2954510.0,1.5317328310604332,0.9250000000000007,0.045,0.0,0.9293144477972182,quote_mid;trade_last;iv_solved;prev_iv_model
2026-05-15 15:18:20+00:00,13.72,20260618,C,15.0,1.9,2.0,1.95,1.95,0.0,2954500.0,1.4481731470253782,1.9500000000000002,0.045,0.0,1.949995823538921,quote_mid;trade_last;iv_solved;prev_iv_model
2026-05-15 15:18:20+00:00,13.72,20260618,C,20.0,0.85,1.0,0.925,0.85,0.0,2954500.0,1.5317354533649117,0.9249999999999985,0.045,0.0,0.9249962452563714,quote_mid;trade_last;iv_solved;prev_iv_model
2026-05-15 15:18:30+00:00,13.71,20260618,C,15.0,1.9,2.0,1.95,1.95,0.0,2954490.0,1.4512328710281244,1.9500000000000002,0.045,0.0,1.9448797783819725,quote_mid;trade_last;iv_solved;prev_iv_model
2026-05-15 15:18:30+00:00,13.71,20260618,C,20.0,0.85,1.0,0.925,0.85,0.0,2954490.0,1.533747191360047,0.9249999999999994,0.045,0.0,0.9221230195161763,quote_mid;trade_last;iv_solved;prev_iv_model
2026-05-15 15:18:40+00:00,13.72,20260618,C,15.0,1.9,2.0,1.95,1.95,0.0,2954480.0,1.4481781351027192,1.9499999999999984,0.045,0.0,1.9551153461459299,quote_mid;trade_last;iv_solved;prev_iv_model
2026-05-15 15:18:40+00:00,13.72,20260618,C,20.0,0.85,1.0,0.925,0.85,0.0,2954480.0,1.5317406980136572,0.9249999999999998,0.045,0.0,0.9278740709897946,quote_mid;trade_last;iv_solved;prev_iv_model
2026-05-15 15:18:50+00:00,13.72,20260618,C,15.0,1.9,2.0,1.95,1.95,0.0,2954470.0,1.4481806291602726,1.9499999999999993,0.045,0.0,1.9499958234968755,quote_mid;trade_last;iv_solved;prev_iv_model
2026-05-15 15:18:50+00:00,13.72,20260618,C,20.0,0.85,1.0,0.925,0.85,0.0,2954470.0,1.531743320357922,0.9249999999999994,0.045,0.0,0.9249962452185292,quote_mid;trade_last;iv_solved;prev_iv_model
2026-05-15 15:19:00+00:00,13.7,20260618,C,15.0,1.9,2.0,1.95,1.95,0.0,2954460.0,1.4542979462635945,1.950000000000001,0.045,0.0,1.9397702957364649,quote_mid;trade_last;iv_solved;prev_iv_model
2026-05-15 15:19:00+00:00,13.7,20260618,C,20.0,0.85,1.0,0.925,0.85,0.0,2954460.0,1.5357654040827322,0.9250000000000007,0.045,0.0,0.9192550938363167,quote_mid;trade_last;iv_solved;prev_iv_model
2026-05-15 15:19:10+00:00,13.72,20260618,C,15.0,1.9,2.0,1.95,1.95,0.0,2954450.0,1.4481856173131433,1.9499999999999993,0.045,0.0,1.960235287507568,quote_mid;trade_last;iv_solved;prev_iv_model
2026-05-15 15:19:10+00:00,13.72,20260618,C,20.0,0.85,1.0,0.925,0.85,0.0,2954450.0,1.5317485650862417,0.9249999999999998,0.045,0.0,0.9307557998543414,quote_mid;trade_last;iv_solved;prev_iv_model
2026-05-15 15:19:20+00:00,13.71,20260618,C,15.0,1.9,2.0,1.95,1.95,0.0,2954440.0,1.4512453670035876,1.9499999999999993,0.045,0.0,1.9448797787072793,quote_mid;trade_last;iv_solved;prev_iv_model
2026-05-15 15:19:20+00:00,13.71,20260618,C,20.0,0.85,1.0,0.925,0.85,0.0,2954440.0,1.5337603200844034,0.9249999999999998,0.045,0.0,0.9221230196268801,quote_mid;trade_last;iv_solved;prev_iv_model
2026-05-15 15:19:30+00:00,13.71,20260618,C,15.0,1.9,2.0,1.95,1.95,0.0,2954430.0,1.4512478662365247,1.9499999999999993,0.045,0.0,1.9499958178139325,quote_mid;trade_last;iv_solved;prev_iv_model
2026-05-15 15:19:30+00:00,13.71,20260618,C,20.0,0.85,1.0,0.925,0.85,0.0,2954430.0,1.5337629458691135,0.9250000000000007,0.045,0.0,0.9249962434887182,quote_mid;trade_last;iv_solved;prev_iv_model
2026-05-15 15:19:40+00:00,13.7,20260618,C,15.0,1.9,2.0,1.95,1.95,0.0,2954420.0,1.45430796367325,1.9499999999999984,0.045,0.0,1.9448828380876062,quote_mid;trade_last;iv_solved;prev_iv_model
2026-05-15 15:19:40+00:00,13.7,20260618,C,20.0,0.85,1.0,0.925,0.85,0.0,2954420.0,1.535775920752826,0.9250000000000003,0.045,0.0,0.9221237131956297,quote_mid;trade_last;iv_solved;prev_iv_model
2026-05-15 15:19:50+00:00,13.68,20260618,C,15.0,1.9,2.0,1.95,1.95,0.0,2954410.0,1.4604267214414617,1.9499999999999993,0.045,0.0,1.939782494403305,quote_mid;trade_last;iv_solved;prev_iv_model
2026-05-15 15:19:50+00:00,13.68,20260618,C,20.0,0.85,1.0,0.925,0.85,0.0,2954410.0,1.5398028964122674,0.9250000000000003,0.045,0.0,0.9192578571235313,quote_mid;trade_last;iv_solved;prev_iv_model
2026-05-15 15:20:00+00:00,13.684,20260618,C,15.0,1.9,2.0,1.95,1.95,0.0,2954400.0,1.4592058682794873,1.9499999999999993,0.045,0.0,1.9520391802043058,quote_mid;trade_last;iv_solved;prev_iv_model
2026-05-15 15:20:00+00:00,13.684,20260618,C,20.0,0.85,1.0,0.925,0.85,0.0,2954400.0,1.5390002724730656,0.9249999999999994,0.045,0.0,0.9261459048026572,quote_mid;trade_last;iv_solved;prev_iv_model
2026-05-15 15:20:10+00:00,13.735,20260618,C,15.0,1.9,2.0,1.95,1.95,0.0,2954390.0,1.4436152560267912,1.9500000000000002,0.045,0.0,1.976133136291577,quote_mid;trade_last;iv_solved;prev_iv_model
2026-05-15 15:20:10+00:00,13.735,20260618,C,20.0,0.85,1.0,0.925,0.85,0.0,2954390.0,1.5287528366798635,0.9250000000000012,0.045,0.0,0.9397192703424704,quote_mid;trade_last;iv_solved;prev_iv_model
2026-05-15 15:20:20+00:00,13.735,20260618,C,15.0,1.9,2.0,1.95,1.95,0.0,2954380.0,1.443617742511301,1.9500000000000002,0.045,0.0,1.9499958318374855,quote_mid;trade_last;iv_solved;prev_iv_model
2026-05-15 15:20:20+00:00,13.735,20260618,C,20.0,0.85,1.0,0.925,0.85,0.0,2954380.0,1.5287554540661397,0.9250000000000007,0.045,0.0,0.924996247628878,quote_mid;trade_last;iv_solved;prev_iv_model
2026-05-15 15:20:30+00:00,13.735,20260618,C,15.0,1.9,2.0,1.95,1.95,0.0,2954370.0,1.44362022900836,1.9499999999999993,0.045,0.0,1.9499958318234993,quote_mid;trade_last;iv_solved;prev_iv_model
2026-05-15 15:20:30+00:00,13.735,20260618,C,20.0,0.85,1.0,0.925,0.85,0.0,2954370.0,1.528758071465655,0.9249999999999998,0.045,0.0,0.9249962476162725,quote_mid;trade_last;iv_solved;prev_iv_model
2026-05-15 15:20:40+00:00,13.74,20260618,C,15.0,1.9,2.0,1.95,1.95,0.0,2954360.0,1.4420944184056945,1.9499999999999984,0.045,0.0,1.9525586320903088,quote_mid;trade_last;iv_solved;prev_iv_model
2026-05-15 15:20:40+00:00,13.74,20260618,C,20.0,0.85,1.0,0.925,0.85,0.0,2954360.0,1.5277574643319682,0.9250000000000012,0.045,0.0,0.9264353747548988,quote_mid;trade_last;iv_solved;prev_iv_model
2026-05-15 15:20:50+00:00,13.76,20260618,C,15.0,1.9,2.0,1.95,1.95,0.0,2954350.0,1.435984424444011,1.950000000000001,0.045,0.0,1.9602600000283585,quote_mid;trade_last;iv_solved;prev_iv_model
2026-05-15 15:20:50+00:00,13.76,20260618,C,20.0,0.85,1.0,0.925,0.85,0.0,2954350.0,1.5237501723277473,0.9249999999999994,0.045,0.0,0.9307614260014807,quote_mid;trade_last;iv_solved;prev_iv_model
2026-05-15 15:21:00+00:00,13.76,20260618,C,15.0,1.9,2.0,1.95,1.95,0.0,2954340.0,1.4359868981714512,1.9500000000000002,0.045,0.0,1.9499958459635351,quote_mid;trade_last;iv_solved;prev_iv_model
2026-05-15 15:21:00+00:00,13.76,20260618,C,20.0,0.85,1.0,0.925,0.85,0.0,2954340.0,1.5237527813148044,0.9249999999999998,0.045,0.0,0.9249962517978148,quote_mid;trade_last;iv_solved;prev_iv_model
2026-05-15 15:21:10+00:00,13.755,20260618,C,15.0,1.9,2.0,1.95,1.95,0.0,2954330.0,1.4375173915752382,1.9500000000000002,0.045,0.0,1.9474307875527543,quote_mid;trade_last;iv_solved;prev_iv_model
2026-05-15 15:21:10+00:00,13.755,20260618,C,20.0,0.85,1.0,0.925,0.85,0.0,2954330.0,1.5247574218180646,0.9249999999999994,0.045,0.0,0.9235575665866191,quote_mid;trade_last;iv_solved;prev_iv_model
2026-05-15 15:21:20+00:00,13.755,20260618,C,15.0,1.9,2.0,1.95,1.95,0.0,2954320.0,1.4375198678887844,1.9499999999999993,0.045,0.0,1.9499958430921485,quote_mid;trade_last;iv_solved;prev_iv_model
2026-05-15 15:21:20+00:00,13.755,20260618,C,20.0,0.85,1.0,0.925,0.85,0.0,2954320.0,1.5247600325209407,0.9250000000000003,0.045,0.0,0.924996250927467,quote_mid;trade_last;iv_solved;prev_iv_model
2026-05-15 15:21:30+00:00,13.79,20260618,C,15.0,1.9,2.0,1.95,1.95,0.0,2954310.0,1.4268275278813451,1.9499999999999993,0.045,0.0,1.9679918436771233,quote_mid;trade_last;iv_solved;prev_iv_model
2026-05-15 15:21:30+00:00,13.79,20260618,C,20.0,0.85,1.0,0.925,0.85,0.0,2954310.0,1.5177546554997532,0.9249999999999998,0.045,0.0,0.9351030031738525,quote_mid;trade_last;iv_solved;prev_iv_model
2026-05-15 15:21:40+00:00,13.79,20260618,C,15.0,1.9,2.0,1.95,1.95,0.0,2954300.0,1.4268299862951865,1.9500000000000002,0.045,0.0,1.9499958630440233,quote_mid;trade_last;iv_solved;prev_iv_model
2026-05-15 15:21:40+00:00,13.79,20260618,C,20.0,0.85,1.0,0.925,0.85,0.0,2954300.0,1.5177572544136124,0.9250000000000003,0.045,0.0,0.9249962568320123,quote_mid;trade_last;iv_solved;prev_iv_model
2026-05-15 15:21:50+00:00,13.79,20260618,C,15.0,1.9,2.0,1.95,1.95,0.0,2954290.0,1.4268324447214344,1.9499999999999993,0.045,0.0,1.949995863030142,quote_mid;trade_last;iv_solved;prev_iv_model
2026-05-15 15:21:50+00:00,13.79,20260618,C,20.0,0.85,1.0,0.925,0.85,0.0,2954290.0,1.5177598533406136,0.9250000000000007,0.045,0.0,0.9249962568194405,quote_mid;trade_last;iv_solved;prev_iv_model
2026-05-15 15:22:00+00:00,13.825,20260618,C,15.0,1.9,2.0,1.95,1.95,0.0,2954280.0,1.41614285633201,1.9500000000000002,0.045,0.0,1.9680308268446494,quote_mid;trade_last;iv_solved;prev_iv_model
2026-05-15 15:22:00+00:00,13.825,20260618,C,20.0,0.85,1.0,0.925,0.85,0.0,2954280.0,1.510768945969005,0.9250000000000007,0.045,0.0,0.9351118804801599,quote_mid;trade_last;iv_solved;prev_iv_model
2026-05-15 15:22:10+00:00,13.83,20260618,C,15.0,1.9,2.0,1.95,1.95,0.0,2954270.0,1.4146180568651219,1.9500000000000002,0.045,0.0,1.9525729932822973,quote_mid;trade_last;iv_solved;prev_iv_model
2026-05-15 15:22:10+00:00,13.83,20260618,C,20.0,0.85,1.0,0.925,0.85,0.0,2954270.0,1.5097736365039531,0.9249999999999989,0.045,0.0,0.9264386355741454,quote_mid;trade_last;iv_solved;prev_iv_model
2026-05-15 15:22:20+00:00,13.83,20260618,C,15.0,1.9,2.0,1.95,1.95,0.0,2954260.0,1.414620494851889,1.9500000000000002,0.045,0.0,1.9499958860395168,quote_mid;trade_last;iv_solved;prev_iv_model
2026-05-15 15:22:20+00:00,13.83,20260618,C,20.0,0.85,1.0,0.925,0.85,0.0,2954260.0,1.5097762219971447,0.9250000000000003,0.045,0.0,0.9249962635974951,quote_mid;trade_last;iv_solved;prev_iv_model
2026-05-15 15:22:30+00:00,13.82,20260618,C,15.0,1.9,2.0,1.95,1.95,0.0,2954250.0,1.4176774692501208,1.950000000000001,0.045,0.0,1.9448450289813826,quote_mid;trade_last;iv_solved;prev_iv_model
2026-05-15 15:22:30+00:00,13.82,20260618,C,20.0,0.85,1.0,0.925,0.85,0.0,2954250.0,1.5117749010707837,0.9250000000000003,0.045,0.0,0.9221151552474853,quote_mid;trade_last;iv_solved;prev_iv_model
2026-05-15 15:22:40+00:00,13.82,20260618,C,15.0,1.9,2.0,1.95,1.95,0.0,2954240.0,1.4176799123798802,1.9499999999999993,0.045,0.0,1.9499958802272426,quote_mid;trade_last;iv_solved;prev_iv_model
2026-05-15 15:22:40+00:00,13.82,20260618,C,20.0,0.85,1.0,0.925,0.85,0.0,2954240.0,1.5117774899554521,0.9249999999999998,0.045,0.0,0.9249962618645364,quote_mid;trade_last;iv_solved;prev_iv_model
2026-05-15 15:22:50+00:00,13.81,20260618,C,15.0,1.9,2.0,1.95,1.95,0.0,2954230.0,1.420737093411153,1.9499999999999975,0.045,0.0,1.9448482732904466,quote_mid;trade_last;iv_solved;prev_iv_model
2026-05-15 15:22:50+00:00,13.81,20260618,C,20.0,0.85,1.0,0.925,0.95,1.0,2954230.0,1.5137773550152858,0.9250000000000007,0.045,0.0,0.9221158882859499,quote_mid;trade_last;iv_solved;prev_iv_model
2026-05-15 15:23:00+00:00,13.79,20260618,C,15.0,1.9,2.0,1.95,1.95,0.0,2954220.0,1.4268496540525915,1.9500000000000002,0.045,0.0,1.9397137700258948,quote_mid;trade_last;iv_solved;prev_iv_model
2026-05-15 15:23:00+00:00,13.79,20260618,C,20.0,0.85,1.0,0.925,0.95,0.0,2954220.0,1.517778046197677,0.9249999999999994,0.045,0.0,0.9192423088566035,quote_mid;trade_last;iv_solved;prev_iv_model
2026-05-15 15:23:10+00:00,13.78,20260618,C,15.0,1.9,2.0,1.95,1.95,0.0,2954210.0,1.4299075131793555,1.9500000000000002,0.045,0.0,1.9448579026120738,quote_mid;trade_last;iv_solved;prev_iv_model
2026-05-15 15:23:10+00:00,13.78,20260618,C,20.0,0.9,1.0,0.95,0.95,0.0,2954210.0,1.5370981850430572,0.9500000000000006,0.045,0.0,0.9221180655963175,quote_mid;trade_last;iv_solved;prev_iv_model
2026-05-15 15:23:20+00:00,13.74,20260618,C,15.0,1.9,2.0,1.95,1.95,0.0,2954200.0,1.4421341632761533,1.9499999999999993,0.045,0.0,1.9294964600830014,quote_mid;trade_last;iv_solved;prev_iv_model
2026-05-15 15:23:20+00:00,13.74,20260618,C,20.0,0.9,1.0,0.95,0.95,0.0,2954200.0,1.5451744413936188,0.9500000000000011,0.045,0.0,0.938359611586375,quote_mid;trade_last;iv_solved;prev_iv_model
2026-05-15 15:23:30+00:00,13.735,20260618,C,15.0,1.9,2.0,1.95,1.95,0.0,2954190.0,1.4436649881016264,1.9499999999999984,0.045,0.0,1.9474339013764563,quote_mid;trade_last;iv_solved;prev_iv_model
2026-05-15 15:23:30+00:00,13.735,20260618,C,20.0,0.9,1.0,0.95,0.95,0.0,2954190.0,1.5461876519760582,0.9499999999999997,0.045,0.0,0.9485383825663258,quote_mid;trade_last;iv_solved;prev_iv_model
2026-05-15 15:23:40+00:00,13.725,20260618,C,15.0,1.9,2.0,1.95,1.95,0.0,2954180.0,1.4467243886099497,1.9500000000000002,0.045,0.0,1.9448751608506871,quote_mid;trade_last;iv_solved;prev_iv_model
2026-05-15 15:23:40+00:00,13.725,20260618,C,20.0,0.9,1.0,0.95,0.95,0.0,2954180.0,1.5482123440081343,0.9499999999999993,0.045,0.0,0.9470822505724357,quote_mid;trade_last;iv_solved;prev_iv_model
2026-05-15 15:23:50+00:00,13.725,20260618,C,15.0,1.9,2.0,1.95,1.95,0.0,2954170.0,1.4467268804826268,1.9500000000000002,0.045,0.0,1.9499958258953392,quote_mid;trade_last;iv_solved;prev_iv_model
2026-05-15 15:23:50+00:00,13.725,20260618,C,20.0,0.9,1.0,0.95,0.95,0.0,2954170.0,1.5482149946004786,0.9499999999999984,0.045,0.0,0.9499961788807294,quote_mid;trade_last;iv_solved;prev_iv_model
2026-05-15 15:24:00+00:00,13.715,20260618,C,15.0,1.9,2.0,1.95,1.95,0.0,2954160.0,1.4497866099760195,1.9500000000000002,0.045,0.0,1.9448782447823776,quote_mid;trade_last;iv_solved;prev_iv_model
2026-05-15 15:24:00+00:00,13.715,20260618,C,20.0,0.85,1.0,0.925,0.95,0.0,2954160.0,1.5328290823176856,0.9249999999999998,0.045,0.0,0.947082940787499,quote_mid;trade_last;iv_solved;prev_iv_model
2026-05-15 15:24:10+00:00,13.74,20260618,C,15.0,1.9,2.0,1.95,1.95,0.0,2954150.0,1.4421465842064514,1.9499999999999984,0.045,0.0,1.9628107462616367,quote_mid;trade_last;iv_solved;prev_iv_model
2026-05-15 15:24:10+00:00,13.74,20260618,C,20.0,0.85,1.0,0.925,0.95,0.0,2954150.0,1.5278123975356488,0.9249999999999985,0.045,0.0,0.9322016190533953,quote_mid;trade_last;iv_solved;prev_iv_model
2026-05-15 15:24:20+00:00,13.74,20260618,C,15.0,1.9,2.0,1.95,1.95,0.0,2954140.0,1.4421490684301292,1.9499999999999975,0.045,0.0,1.9499958343312986,quote_mid;trade_last;iv_solved;prev_iv_model
2026-05-15 15:24:20+00:00,13.74,20260618,C,20.0,0.85,1.0,0.925,0.95,0.0,2954140.0,1.5278150135480315,0.9249999999999994,0.045,0.0,0.924996248168958,quote_mid;trade_last;iv_solved;prev_iv_model
2026-05-15 15:24:30+00:00,13.73,20260618,C,15.0,1.9,2.0,1.95,1.95,0.0,2954130.0,1.445208339988469,1.9499999999999993,0.045,0.0,1.944873613102449,quote_mid;trade_last;iv_solved;prev_iv_model
2026-05-15 15:24:30+00:00,13.73,20260618,C,20.0,0.85,1.0,0.925,0.95,0.0,2954130.0,1.5298244569821544,0.9250000000000003,0.045,0.0,0.9221216226018534,quote_mid;trade_last;iv_solved;prev_iv_model
2026-05-15 15:24:40+00:00,13.73,20260618,C,15.0,1.9,2.0,1.95,1.95,0.0,2954120.0,1.4452108293615868,1.950000000000001,0.045,0.0,1.9499958286477952,quote_mid;trade_last;iv_solved;prev_iv_model
2026-05-15 15:24:40+00:00,13.73,20260618,C,20.0,0.85,0.95,0.8999999999999999,0.95,5.0,2954120.0,1.5123224160612714,0.8999999999999999,0.045,0.0,0.9249962464590844,quote_mid;trade_last;iv_solved;prev_iv_model
2026-05-15 15:24:50+00:00,13.745,20260618,C,15.0,1.9,2.0,1.95,1.95,0.0,2954110.0,1.4406282336837313,1.9499999999999984,0.045,0.0,1.9576868231368678,quote_mid;trade_last;iv_solved;prev_iv_model
2026-05-15 15:24:50+00:00,13.745,20260618,C,20.0,0.85,0.95,0.8999999999999999,0.95,0.0,2954110.0,1.5093374056452453,0.8999999999999986,0.045,0.0,0.9042566451313139,quote_mid;trade_last;iv_solved;prev_iv_model
2026-05-15 15:25:00+00:00,13.75,20260618,C,15.0,1.9,2.0,1.95,1.95,0.0,2954100.0,1.4391024974248219,1.9500000000000002,0.045,0.0,1.952560192698014,quote_mid;trade_last;iv_solved;prev_iv_model
2026-05-15 15:25:00+00:00,13.75,20260618,C,20.0,0.85,0.95,0.8999999999999999,0.95,0.0,2954100.0,1.5083447157299874,0.8999999999999995,0.045,0.0,0.9014156299870528,quote_mid;trade_last;iv_solved;prev_iv_model
2026-05-15 15:25:10+00:00,13.75,20260618,C,15.0,1.9,2.0,1.95,1.95,0.0,2954090.0,1.439104976587469,1.9500000000000002,0.045,0.0,1.9499958399311303,quote_mid;trade_last;iv_solved;prev_iv_model
2026-05-15 15:25:10+00:00,13.75,20260618,C,20.0,0.85,0.95,0.8999999999999999,0.95,0.0,2954090.0,1.5083472987470752,0.9000000000000004,0.045,0.0,0.8999963172002929,quote_mid;trade_last;iv_solved;prev_iv_model
2026-05-15 15:25:20+00:00,13.745,20260618,C,15.0,1.9,2.0,1.95,1.95,0.0,2954080.0,1.4406356788570043,1.9499999999999984,0.045,0.0,1.947432349089591,quote_mid;trade_last;iv_solved;prev_iv_model
2026-05-15 15:25:20+00:00,13.745,20260618,C,20.0,0.9,0.95,0.925,0.95,0.0,2954080.0,1.5268277381108568,0.9249999999999994,0.045,0.0,0.8985781584649053,quote_mid;trade_last;iv_solved;prev_iv_model
2026-05-15 15:25:30+00:00,13.75,20260618,C,15.0,1.9,2.0,1.95,1.95,0.0,2954070.0,1.4391099349503036,1.9499999999999984,0.045,0.0,1.952560192536092,quote_mid;trade_last;iv_solved;prev_iv_model
2026-05-15 15:25:30+00:00,13.75,20260618,C,20.0,0.9,0.95,0.925,0.95,0.0,2954070.0,1.525827678779669,0.9249999999999989,0.045,0.0,0.9264357290157887,quote_mid;trade_last;iv_solved;prev_iv_model
2026-05-15 15:25:40+00:00,13.74,20260618,C,15.0,1.9,2.0,1.95,1.95,0.0,2954060.0,1.442168942670989,1.9500000000000002,0.045,0.0,1.9448705050036397,quote_mid;trade_last;iv_solved;prev_iv_model
2026-05-15 15:25:40+00:00,13.74,20260618,C,20.0,0.9,0.95,0.925,0.95,0.0,2954060.0,1.52783594212345,0.9250000000000003,0.045,0.0,0.9221209185556463,quote_mid;trade_last;iv_solved;prev_iv_model
2026-05-15 15:25:50+00:00,13.7353,20260618,C,15.0,1.9,2.0,1.95,1.95,0.0,2954050.0,1.44360809884303,1.9500000000000002,0.045,0.0,1.9475875713225514,quote_mid;trade_last;iv_solved;prev_iv_model
2026-05-15 15:25:50+00:00,13.7353,20260618,C,20.0,0.9,0.95,0.925,0.95,0.0,2954050.0,1.5287816301506947,0.9250000000000003,0.045,0.0,0.9236445131050455,quote_mid;trade_last;iv_solved;prev_iv_model
2026-05-15 15:26:00+00:00,13.755,20260618,C,15.0,1.9,2.0,1.95,1.95,0.0,2954040.0,1.4375892097429044,1.9499999999999993,0.045,0.0,1.9601029509476557,quote_mid;trade_last;iv_solved;prev_iv_model
2026-05-15 15:26:00+00:00,13.755,20260618,C,20.0,0.9,0.95,0.925,0.95,0.0,2954040.0,1.5248331375627036,0.9250000000000003,0.045,0.0,0.9306741318600094,quote_mid;trade_last;iv_solved;prev_iv_model
2026-05-15 15:26:10+00:00,13.77,20260618,C,15.0,1.9,2.0,1.95,1.95,3.0,2954030.0,1.4330075972275869,1.9500000000000002,0.045,0.0,1.9576985412928067,quote_mid;trade_last;iv_solved;prev_iv_model
2026-05-15 15:26:10+00:00,13.77,20260618,C,20.0,0.9,0.95,0.925,0.95,0.0,2954030.0,1.5218303974379945,0.9250000000000003,0.045,0.0,0.9293197419642651,quote_mid;trade_last;iv_solved;prev_iv_model
2026-05-15 15:26:20+00:00,13.775,20260618,C,15.0,1.9,2.0,1.95,1.95,0.0,2954020.0,1.4314821642809115,1.9499999999999993,0.045,0.0,1.9525641338000304,quote_mid;trade_last;iv_solved;prev_iv_model
2026-05-15 15:26:20+00:00,13.775,20260618,C,20.0,0.9,1.0,0.95,0.95,0.0,2954020.0,1.5381563712498245,0.9499999999999993,0.045,0.0,0.9264366245553903,quote_mid;trade_last;iv_solved;prev_iv_model
2026-05-15 15:26:30+00:00,13.8,20260618,C,15.0,1.9,2.0,1.95,1.95,0.0,2954010.0,1.4238460132242716,1.9499999999999993,0.045,0.0,1.9628577290321116,quote_mid;trade_last;iv_solved;prev_iv_model
2026-05-15 15:26:30+00:00,13.8,20260618,C,20.0,0.9,1.0,0.95,0.95,0.0,2954010.0,1.5331210975874514,0.9499999999999993,0.045,0.0,0.9573111863545609,quote_mid;trade_last;iv_solved;prev_iv_model
2026-05-15 15:26:40+00:00,13.8,20260618,C,15.0,1.9,2.0,1.95,1.95,0.0,2954000.0,1.423848466889666,1.9500000000000002,0.045,0.0,1.9499958683690206,quote_mid;trade_last;iv_solved;prev_iv_model
2026-05-15 15:26:40+00:00,13.8,20260618,C,20.0,0.9,1.0,0.95,0.95,0.0,2954000.0,1.5331237228851124,0.9500000000000015,0.045,0.0,0.9499961915599964,quote_mid;trade_last;iv_solved;prev_iv_model
2026-05-15 15:26:50+00:00,13.8,20260618,C,15.0,1.9,2.0,1.95,1.95,0.0,2953990.0,1.423850920567444,1.9499999999999984,0.045,0.0,1.9499958683551588,quote_mid;trade_last;iv_solved;prev_iv_model
2026-05-15 15:26:50+00:00,13.8,20260618,C,20.0,0.9,1.0,0.95,0.95,0.0,2953990.0,1.5331263481960522,0.9500000000000006,0.045,0.0,0.9499961915472022,quote_mid;trade_last;iv_solved;prev_iv_model
2026-05-15 15:27:00+00:00,13.805,20260618,C,15.0,1.9,2.0,1.95,1.95,0.0,2953980.0,1.422325812731327,1.9499999999999993,0.045,0.0,1.9525689331178189,quote_mid;trade_last;iv_solved;prev_iv_model
2026-05-15 15:27:00+00:00,13.805,20260618,C,20.0,0.9,1.0,0.95,0.95,0.0,2953980.0,1.5321222841717734,0.9500000000000011,0.045,0.0,0.9514574376224396,quote_mid;trade_last;iv_solved;prev_iv_model
2026-05-15 15:27:10+00:00,13.79,20260618,C,15.0,1.9,2.0,1.95,1.95,0.0,2953970.0,1.426911120913167,1.9499999999999993,0.045,0.0,1.9422842172207933,quote_mid;trade_last;iv_solved;prev_iv_model
2026-05-15 15:27:10+00:00,13.79,20260618,C,20.0,0.9,1.0,0.95,0.95,0.0,2953970.0,1.5351458770261246,0.9499999999999997,0.045,0.0,0.9456198725664358,quote_mid;trade_last;iv_solved;prev_iv_model
2026-05-15 15:27:20+00:00,13.76,20260618,C,15.0,1.9,2.0,1.95,1.95,4.0,2953960.0,1.4360809090667863,1.9499999999999993,0.045,0.0,1.9346018693667917,quote_mid;trade_last;iv_solved;prev_iv_model
2026-05-15 15:27:20+00:00,13.76,20260618,C,20.0,0.9,1.0,0.95,0.95,0.0,2953960.0,1.5411985469838507,0.9500000000000015,0.045,0.0,0.941258692885536,quote_mid;trade_last;iv_solved;prev_iv_model
2026-05-15 15:27:30+00:00,13.77,20260618,C,15.0,1.9,2.0,1.95,1.95,0.0,2953950.0,1.4330273496123032,1.9499999999999984,0.045,0.0,1.9551309032008328,quote_mid;trade_last;iv_solved;prev_iv_model
2026-05-15 15:27:30+00:00,13.77,20260618,C,20.0,0.9,0.95,0.925,0.95,1.0,2953950.0,1.5218512460592266,0.9250000000000003,0.045,0.0,0.9529171486889121,quote_mid;trade_last;iv_solved;prev_iv_model
2026-05-15 15:27:40+00:00,13.765,20260618,C,15.0,1.9,2.0,1.95,1.95,0.0,2953940.0,1.4345578052586445,1.9499999999999984,0.045,0.0,1.9474292193438787,quote_mid;trade_last;iv_solved;prev_iv_model
2026-05-15 15:27:40+00:00,13.765,20260618,C,20.0,0.9,1.0,0.95,0.95,0.0,2953940.0,1.540194729416808,0.9499999999999997,0.045,0.0,0.923557211478705,quote_mid;trade_last;iv_solved;prev_iv_model
2026-05-15 15:27:50+00:00,13.77,20260618,C,15.0,1.95,2.0,1.975,1.95,0.0,2953930.0,1.44791149165325,1.9750000000000005,0.045,0.0,1.9525633408083412,quote_mid;trade_last;iv_solved;prev_iv_model
2026-05-15 15:27:50+00:00,13.77,20260618,C,20.0,0.9,1.0,0.95,0.95,0.0,2953930.0,1.5391885707769535,0.9499999999999993,0.045,0.0,0.951456182787835,quote_mid;trade_last;iv_solved;prev_iv_model
2026-05-15 15:28:00+00:00,13.77,20260618,C,15.0,1.95,2.0,1.975,1.95,0.0,2953920.0,1.4479139859570878,1.9749999999999996,0.045,0.0,1.9749958094045548,quote_mid;trade_last;iv_solved;prev_iv_model
2026-05-15 15:28:00+00:00,13.77,20260618,C,20.0,0.9,1.0,0.95,0.95,0.0,2953920.0,1.539191206376413,0.9500000000000006,0.045,0.0,0.9499961862807469,quote_mid;trade_last;iv_solved;prev_iv_model
2026-05-15 15:28:10+00:00,13.735,20260618,C,15.0,1.95,2.0,1.975,1.95,0.0,2953910.0,1.4586503855170814,1.9749999999999996,0.045,0.0,1.9570052957844917,quote_mid;trade_last;iv_solved;prev_iv_model
2026-05-15 15:28:10+00:00,13.735,20260618,C,20.0,0.9,1.0,0.95,0.95,0.0,2953910.0,1.5462617777843155,0.9499999999999993,0.045,0.0,0.9398120137207586,quote_mid;trade_last;iv_solved;prev_iv_model
2026-05-15 15:28:20+00:00,13.74,20260618,C,15.0,1.9,2.0,1.95,1.95,3.0,2953900.0,1.4422086935605405,1.9500000000000002,0.045,0.0,1.977567000165502,quote_mid;trade_last;iv_solved;prev_iv_model
2026-05-15 15:28:20+00:00,13.74,20260618,C,20.0,0.9,1.0,0.95,0.95,0.0,2953900.0,1.5452538107810563,0.9500000000000006,0.045,0.0,0.9514551248644625,quote_mid;trade_last;iv_solved;prev_iv_model
2026-05-15 15:28:30+00:00,13.77,20260618,C,15.0,1.9,2.0,1.95,1.95,0.0,2953890.0,1.433042164424299,1.9499999999999984,0.045,0.0,1.9654019204951387,quote_mid;trade_last;iv_solved;prev_iv_model
2026-05-15 15:28:30+00:00,13.77,20260618,C,20.0,0.9,1.0,0.95,0.95,0.0,2953890.0,1.5391991132547793,0.949999999999998,0.045,0.0,0.9587707054308305,quote_mid;trade_last;iv_solved;prev_iv_model
2026-05-15 15:28:40+00:00,13.755,20260618,C,15.0,1.9,2.0,1.95,1.95,0.0,2953880.0,1.4376288380599496,1.9499999999999993,0.045,0.0,1.9423009105466944,quote_mid;trade_last;iv_solved;prev_iv_model
2026-05-15 15:28:40+00:00,13.755,20260618,C,20.0,0.9,1.0,0.95,0.95,0.0,2953880.0,1.5422290664381246,0.9499999999999988,0.045,0.0,0.945623602827319,quote_mid;trade_last;iv_solved;prev_iv_model
2026-05-15 15:28:50+00:00,13.795,20260618,C,15.0,1.9,2.0,1.95,1.95,0.0,2953870.0,1.4254080097404498,1.950000000000001,0.045,0.0,1.9705692615893469,quote_mid;trade_last;iv_solved;prev_iv_model
2026-05-15 15:28:50+00:00,13.795,20260618,C,20.0,0.9,1.0,0.95,0.95,0.0,2953870.0,1.5341648595521034,0.9500000000000002,0.045,0.0,0.9617103601156294,quote_mid;trade_last;iv_solved;prev_iv_model
2026-05-15 15:29:00+00:00,13.795,20260618,C,15.0,1.9,2.0,1.95,1.95,0.0,2953860.0,1.425410466139704,1.9499999999999993,0.045,0.0,1.9499958653022507,quote_mid;trade_last;iv_solved;prev_iv_model
2026-05-15 15:29:00+00:00,13.795,20260618,C,20.0,0.9,1.0,0.95,0.95,0.0,2953860.0,1.5341674867337156,0.9499999999999984,0.045,0.0,0.9499961905163659,quote_mid;trade_last;iv_solved;prev_iv_model
2026-05-15 15:29:10+00:00,13.8199,20260618,C,15.0,1.9,2.0,1.95,1.95,0.0,2953850.0,1.4178057524143415,1.9499999999999984,0.045,0.0,1.9628221300408164,quote_mid;trade_last;iv_solved;prev_iv_model
2026-05-15 15:29:10+00:00,13.8199,20260618,C,20.0,0.9,1.0,0.95,0.95,0.0,2953850.0,1.5291581592785217,0.9499999999999988,0.045,0.0,0.9572854384417986,quote_mid;trade_last;iv_solved;prev_iv_model
2026-05-15 15:29:20+00:00,13.7988,20260618,C,15.0,1.9,2.0,1.95,1.95,0.0,2953840.0,1.4242543586200958,1.9499999999999993,0.045,0.0,1.9391422955879545,quote_mid;trade_last;iv_solved;prev_iv_model
2026-05-15 15:29:20+00:00,13.7988,20260618,C,20.0,0.9,0.95,0.925,0.95,0.0,2953840.0,1.516116959843087,0.9249999999999994,0.045,0.0,0.9438413248557405,quote_mid;trade_last;iv_solved;prev_iv_model
2026-05-15 15:29:30+00:00,13.8,20260618,C,15.0,1.9,2.0,1.95,1.95,0.0,2953830.0,1.423890181096282,1.9500000000000002,0.045,0.0,1.950613205476011,quote_mid;trade_last;iv_solved;prev_iv_model
2026-05-15 15:29:30+00:00,13.8,20260618,C,20.0,0.9,0.95,0.925,0.95,0.0,2953830.0,1.5158796462475523,0.9250000000000007,0.045,0.0,0.9253420750971051,quote_mid;trade_last;iv_solved;prev_iv_model
2026-05-15 15:29:40+00:00,13.805,20260618,C,15.0,1.9,2.0,1.95,1.95,0.0,2953820.0,1.4223650324939587,1.950000000000001,0.045,0.0,1.9525689322416984,quote_mid;trade_last;iv_solved;prev_iv_model
2026-05-15 15:29:40+00:00,13.805,20260618,C,20.0,0.9,0.95,0.925,0.95,0.0,2953820.0,1.5148827982300532,0.9249999999999998,0.045,0.0,0.9264377136558526,quote_mid;trade_last;iv_solved;prev_iv_model
2026-05-15 15:29:50+00:00,13.83,20260618,C,15.0,1.9,2.0,1.95,1.95,0.0,2953810.0,1.4147302169922282,1.950000000000002,0.045,0.0,1.9628817862471388,quote_mid;trade_last;iv_solved;prev_iv_model
2026-05-15 15:29:50+00:00,13.83,20260618,C,20.0,0.9,0.95,0.925,0.95,0.0,2953810.0,1.5098925827262564,0.9250000000000007,0.045,0.0,0.9322177823383262,quote_mid;trade_last;iv_solved;prev_iv_model
2026-05-15 15:30:00+00:00,13.85,20260618,C,15.0,1.95,2.0,1.975,1.95,0.0,2953800.0,1.4234209503470696,1.9749999999999996,0.045,0.0,1.9603175589063806,quote_mid;trade_last;iv_solved;prev_iv_model
2026-05-15 15:30:00+00:00,13.85,20260618,C,20.0,0.9,0.95,0.925,0.95,0.0,2953800.0,1.505906194398055,0.9250000000000003,0.045,0.0,0.9307745035548507,quote_mid;trade_last;iv_solved;prev_iv_model
2026-05-15 15:30:10+00:00,13.84,20260618,C,15.0,1.95,2.0,1.975,1.95,0.0,2953790.0,1.4264880159150408,1.9750000000000005,0.045,0.0,1.969822128019727,quote_mid;trade_last;iv_solved;prev_iv_model
2026-05-15 15:30:10+00:00,13.84,20260618,C,20.0,0.9,0.95,0.925,0.95,0.0,2953790.0,1.5079026794339008,0.9250000000000003,0.045,0.0,0.922113679430486,quote_mid;trade_last;iv_solved;prev_iv_model
2026-05-15 15:30:20+00:00,13.82,20260618,C,15.0,1.95,2.0,1.975,1.95,0.0,2953780.0,1.4326202984905891,1.9749999999999988,0.045,0.0,1.9646614672067466,quote_mid;trade_last;iv_solved;prev_iv_model
2026-05-15 15:30:20+00:00,13.82,20260618,C,20.0,0.9,0.95,0.925,0.95,0.0,2953780.0,1.5118965928060453,0.9249999999999998,0.045,0.0,0.919237919841227,quote_mid;trade_last;iv_solved;prev_iv_model
2026-05-15 15:30:30+00:00,13.8051,20260618,C,15.0,1.95,2.0,1.975,1.95,0.0,2953770.0,1.4371900558490576,1.9749999999999996,0.045,0.0,1.9673037722799034,quote_mid;trade_last;iv_solved;prev_iv_model
2026-05-15 15:30:30+00:00,13.8051,20260618,C,20.0,0.9,0.95,0.925,0.95,0.0,2953770.0,1.5148757848238867,0.9250000000000003,0.045,0.0,0.9207064555808753,quote_mid;trade_last;iv_solved;prev_iv_model
2026-05-15 15:30:40+00:00,13.805,20260618,C,15.0,1.95,2.0,1.975,1.95,0.0,2953760.0,1.4372231870446188,1.9750000000000005,0.045,0.0,1.9749442034830622,quote_mid;trade_last;iv_solved;prev_iv_model
2026-05-15 15:30:40+00:00,13.805,20260618,C,20.0,0.9,0.95,0.925,0.95,0.0,2953760.0,1.5148983654308177,0.9250000000000003,0.045,0.0,0.9249674394872964,quote_mid;trade_last;iv_solved;prev_iv_model
2026-05-15 15:30:50+00:00,13.805,20260618,C,15.0,1.95,2.0,1.975,1.95,0.0,2953750.0,1.4372256635738836,1.9750000000000014,0.045,0.0,1.9749958292646275,quote_mid;trade_last;iv_solved;prev_iv_model
2026-05-15 15:30:50+00:00,13.805,20260618,C,20.0,0.9,0.95,0.925,0.95,0.0,2953750.0,1.5149009600102135,0.9250000000000003,0.045,0.0,0.9249962586917859,quote_mid;trade_last;iv_solved;prev_iv_model
2026-05-15 15:31:00+00:00,13.82,20260618,C,15.0,1.95,2.0,1.975,1.95,0.0,2953740.0,1.432630173754569,1.9750000000000014,0.045,0.0,1.982747090849771,quote_mid;trade_last;iv_solved;prev_iv_model
2026-05-15 15:31:00+00:00,13.82,20260618,C,20.0,0.9,0.95,0.925,0.95,0.0,2953740.0,1.5119069508853644,0.9250000000000007,0.045,0.0,0.929325172272792,quote_mid;trade_last;iv_solved;prev_iv_model
2026-05-15 15:31:10+00:00,13.82,20260618,C,15.0,1.95,2.0,1.975,1.95,0.0,2953730.0,1.4326326426017189,1.9750000000000005,0.045,0.0,1.974995837904797,quote_mid;trade_last;iv_solved;prev_iv_model
2026-05-15 15:31:10+00:00,13.82,20260618,C,20.0,0.9,0.95,0.925,0.95,0.0,2953730.0,1.5119095404379412,0.9250000000000012,0.045,0.0,0.9249962612240048,quote_mid;trade_last;iv_solved;prev_iv_model
2026-05-15 15:31:20+00:00,13.82,20260618,C,15.0,1.95,2.0,1.975,1.95,0.0,2953720.0,1.4326351114613325,1.9749999999999988,0.045,0.0,1.974995837890826,quote_mid;trade_last;iv_solved;prev_iv_model
2026-05-15 15:31:20+00:00,13.82,20260618,C,20.0,0.9,0.95,0.925,0.95,0.0,2953720.0,1.511912130003616,0.9249999999999985,0.045,0.0,0.9249962612114433,quote_mid;trade_last;iv_solved;prev_iv_model
2026-05-15 15:31:30+00:00,13.83,20260618,C,15.0,1.95,2.0,1.975,1.95,0.0,2953710.0,1.429572529711984,1.9749999999999996,0.045,0.0,1.9801664884260708,quote_mid;trade_last;iv_solved;prev_iv_model
2026-05-15 15:31:30+00:00,13.83,20260618,C,20.0,0.9,0.95,0.925,0.95,0.0,2953710.0,1.5099184442630138,0.9249999999999998,0.045,0.0,0.9278819711697515,quote_mid;trade_last;iv_solved;prev_iv_model
2026-05-15 15:31:40+00:00,13.83,20260618,C,15.0,1.95,2.0,1.975,1.95,0.0,2953700.0,1.4295749934591102,1.9749999999999996,0.045,0.0,1.9749958436599382,quote_mid;trade_last;iv_solved;prev_iv_model
2026-05-15 15:31:40+00:00,13.83,20260618,C,20.0,0.9,0.95,0.925,0.95,0.0,2953700.0,1.5099210304886386,0.9250000000000007,0.045,0.0,0.9249962628944939,quote_mid;trade_last;iv_solved;prev_iv_model
2026-05-15 15:31:50+00:00,13.83,20260618,C,15.0,1.95,2.0,1.975,1.95,0.0,2953690.0,1.4295774572186732,1.9750000000000005,0.045,0.0,1.9749958436459902,quote_mid;trade_last;iv_solved;prev_iv_model
2026-05-15 15:31:50+00:00,13.83,20260618,C,20.0,0.9,0.95,0.925,0.95,0.0,2953690.0,1.509923616727348,0.9249999999999998,0.045,0.0,0.9249962628819346,quote_mid;trade_last;iv_solved;prev_iv_model
2026-05-15 15:32:00+00:00,13.83,20260618,C,15.0,1.95,2.0,1.975,1.95,0.0,2953680.0,1.429579920990672,1.9749999999999996,0.045,0.0,1.9749958436320414,quote_mid;trade_last;iv_solved;prev_iv_model
2026-05-15 15:32:00+00:00,13.83,20260618,C,20.0,0.9,0.95,0.925,0.95,0.0,2953680.0,1.509926202979139,0.9250000000000003,0.045,0.0,0.9249962628693793,quote_mid;trade_last;iv_solved;prev_iv_model
2026-05-15 15:32:10+00:00,13.8395,20260618,C,15.0,1.95,2.0,1.975,1.95,0.0,2953670.0,1.4266707574899922,1.9749999999999988,0.045,0.0,1.979910854522835,quote_mid;trade_last;iv_solved;prev_iv_model
2026-05-15 15:32:10+00:00,13.8395,20260618,C,20.0,0.9,0.95,0.925,0.95,0.0,2953670.0,1.5080334013621663,0.9250000000000003,0.045,0.0,0.9277382619122032,quote_mid;trade_last;iv_solved;prev_iv_model
2026-05-15 15:32:20+00:00,13.8395,20260618,C,15.0,1.95,2.0,1.975,1.95,0.0,2953660.0,1.4266732164067535,1.9750000000000005,0.045,0.0,1.97499584912498,quote_mid;trade_last;iv_solved;prev_iv_model
2026-05-15 15:32:20+00:00,13.8395,20260618,C,20.0,0.9,0.95,0.925,0.95,0.0,2953660.0,1.5080359844439797,0.9250000000000007,0.045,0.0,0.9249962644694683,quote_mid;trade_last;iv_solved;prev_iv_model
2026-05-15 15:32:30+00:00,13.84,20260618,C,15.0,1.95,2.0,1.975,1.95,0.0,2953650.0,1.426522436198399,1.9749999999999996,0.045,0.0,1.9752545387799376,quote_mid;trade_last;iv_solved;prev_iv_model
2026-05-15 15:32:30+00:00,13.84,20260618,C,20.0,0.85,0.95,0.8999999999999999,0.95,5.0,2953650.0,1.4905949570059445,0.8999999999999995,0.045,0.0,0.9251404951523914,quote_mid;trade_last;iv_solved;prev_iv_model
2026-05-15 15:32:40+00:00,13.845,20260618,C,15.0,1.95,2.0,1.975,1.95,0.0,2953640.0,1.4249925270769879,1.9750000000000005,0.045,0.0,1.9775835688002124,quote_mid;trade_last;iv_solved;prev_iv_model
2026-05-15 15:32:40+00:00,13.845,20260618,C,20.0,0.85,0.95,0.8999999999999999,0.95,0.0,2953640.0,1.4896077229371416,0.9000000000000004,0.045,0.0,0.9014191318001776,quote_mid;trade_last;iv_solved;prev_iv_model
2026-05-15 15:32:50+00:00,13.845,20260618,C,15.0,1.95,2.0,1.975,1.95,0.0,2953630.0,1.4249949832058415,1.9750000000000005,0.045,0.0,1.974995852285561,quote_mid;trade_last;iv_solved;prev_iv_model
2026-05-15 15:32:50+00:00,13.845,20260618,C,20.0,0.85,0.95,0.8999999999999999,0.95,0.0,2953630.0,1.4896102747580238,0.9000000000000004,0.045,0.0,0.8999963325194424,quote_mid;trade_last;iv_solved;prev_iv_model
2026-05-15 15:33:00+00:00,13.85,20260618,C,15.0,1.95,2.0,1.975,1.95,0.0,2953620.0,1.423465112767473,1.9750000000000014,0.045,0.0,1.977584381070069,quote_mid;trade_last;iv_solved;prev_iv_model
2026-05-15 15:33:00+00:00,13.85,20260618,C,20.0,0.85,0.95,0.8999999999999999,0.95,0.0,2953620.0,1.488623324772579,0.9000000000000004,0.045,0.0,0.9014193206495245,quote_mid;trade_last;iv_solved;prev_iv_model
2026-05-15 15:33:10+00:00,13.82,20260618,C,15.0,1.95,2.0,1.975,1.95,0.0,2953610.0,1.4326622697396432,1.9750000000000005,0.045,0.0,1.9594945152019463,quote_mid;trade_last;iv_solved;prev_iv_model
2026-05-15 15:33:10+00:00,13.82,20260618,C,20.0,0.85,0.95,0.8999999999999999,0.95,0.0,2953610.0,1.4945672394164569,0.9000000000000017,0.045,0.0,0.8914854938069481,quote_mid;trade_last;iv_solved;prev_iv_model
2026-05-15 15:33:20+00:00,13.8,20260618,C,15.0,1.95,2.0,1.975,1.95,0.0,2953600.0,1.4387956212406863,1.9750000000000005,0.045,0.0,1.9646742780552984,quote_mid;trade_last;iv_solved;prev_iv_model
2026-05-15 15:33:20+00:00,13.8,20260618,C,20.0,0.85,0.95,0.8999999999999999,0.95,0.0,2953600.0,1.4985365300532347,0.9000000000000008,0.045,0.0,0.8943215286886645,quote_mid;trade_last;iv_solved;prev_iv_model
2026-05-15 15:33:30+00:00,13.785,20260618,C,15.0,1.9,1.95,1.9249999999999998,1.95,0.0,2953590.0,1.4136700609987178,1.9250000000000007,0.045,0.0,1.9672617069841527,quote_mid;trade_last;iv_solved;prev_iv_model
2026-05-15 15:33:30+00:00,13.785,20260618,C,20.0,0.85,0.95,0.8999999999999999,0.95,0.0,2953590.0,1.5015172194625546,0.8999999999999999,0.045,0.0,0.8957404238072635,quote_mid;trade_last;iv_solved;prev_iv_model
2026-05-15 15:33:40+00:00,13.81,20260618,C,15.0,1.9,2.0,1.95,1.95,0.0,2953580.0,1.4208962568879109,1.9499999999999984,0.045,0.0,1.9378240518478114,quote_mid;trade_last;iv_solved;prev_iv_model
2026-05-15 15:33:40+00:00,13.81,20260618,C,20.0,0.85,0.95,0.8999999999999999,0.95,0.0,2953580.0,1.4965577085549588,0.8999999999999999,0.045,0.0,0.9071135076856893,quote_mid;trade_last;iv_solved;prev_iv_model
2026-05-15 15:33:50+00:00,13.81,20260618,C,15.0,1.9,2.0,1.95,1.95,0.0,2953570.0,1.4208987059646838,1.9500000000000002,0.045,0.0,1.9499958735295992,quote_mid;trade_last;iv_solved;prev_iv_model
2026-05-15 15:33:50+00:00,13.81,20260618,C,20.0,0.85,0.95,0.8999999999999999,0.95,0.0,2953570.0,1.4965602721474451,0.8999999999999986,0.045,0.0,0.8999963265650295,quote_mid;trade_last;iv_solved;prev_iv_model
2026-05-15 15:34:00+00:00,13.82,20260618,C,15.0,1.9,2.0,1.95,1.95,0.0,2953560.0,1.4178460741349186,1.9500000000000002,0.045,0.0,1.9551468810350494,quote_mid;trade_last;iv_solved;prev_iv_model
2026-05-15 15:34:00+00:00,13.82,20260618,C,20.0,0.85,0.95,0.8999999999999999,0.95,0.0,2953560.0,1.4945800405957717,0.9000000000000004,0.045,0.0,0.902841028996769,quote_mid;trade_last;iv_solved;prev_iv_model
2026-05-15 15:34:10+00:00,13.8,20260618,C,15.0,1.9,2.0,1.95,1.95,0.0,2953550.0,1.4239588946519897,1.9499999999999984,0.045,0.0,1.939707329876283,quote_mid;trade_last;iv_solved;prev_iv_model
2026-05-15 15:34:10+00:00,13.8,20260618,C,20.0,0.85,0.95,0.8999999999999999,0.95,0.0,2953550.0,1.498549364743997,0.9000000000000008,0.045,0.0,0.8943215289810937,quote_mid;trade_last;iv_solved;prev_iv_model
2026-05-15 15:34:20+00:00,13.82,20260618,C,15.0,1.9,2.0,1.95,1.95,0.0,2953540.0,1.4178509621087878,1.9499999999999993,0.045,0.0,1.9602980573732376,quote_mid;trade_last;iv_solved;prev_iv_model
2026-05-15 15:34:20+00:00,13.82,20260618,C,20.0,0.85,0.95,0.8999999999999999,0.95,0.0,2953540.0,1.4945851611581564,0.9000000000000008,0.045,0.0,0.9056896078536081,quote_mid;trade_last;iv_solved;prev_iv_model
2026-05-15 15:34:30+00:00,13.805,20260618,C,15.0,1.9,2.0,1.95,1.95,0.0,2953530.0,1.4224361263876601,1.950000000000001,0.045,0.0,1.9422769721473543,quote_mid;trade_last;iv_solved;prev_iv_model
2026-05-15 15:34:30+00:00,13.805,20260618,C,20.0,0.85,0.95,0.8999999999999999,0.95,0.0,2953530.0,1.4975623666299795,0.8999999999999999,0.045,0.0,0.8957382176629287,quote_mid;trade_last;iv_solved;prev_iv_model
2026-05-15 15:34:40+00:00,13.795,20260618,C,15.0,1.9,2.0,1.95,1.95,0.0,2953520.0,1.4254939910924573,1.9499999999999993,0.045,0.0,1.944853111990736,quote_mid;trade_last;iv_solved;prev_iv_model
2026-05-15 15:34:40+00:00,13.795,20260618,C,20.0,0.85,0.95,0.8999999999999999,0.95,0.0,2953520.0,1.4995494919470604,0.9000000000000004,0.045,0.0,0.8971573521409981,quote_mid;trade_last;iv_solved;prev_iv_model
2026-05-15 15:34:50+00:00,13.78,20260618,C,15.0,1.9,1.95,1.9249999999999998,1.95,0.0,2953510.0,1.4152122670245442,1.9250000000000007,0.045,0.0,1.942289023305186,quote_mid;trade_last;iv_solved;prev_iv_model
2026-05-15 15:34:50+00:00,13.78,20260618,C,20.0,0.85,0.95,0.8999999999999999,0.95,0.0,2953510.0,1.5025311030292254,0.899999999999999,0.045,0.0,0.8957409723530425,quote_mid;trade_last;iv_solved;prev_iv_model
2026-05-15 15:35:00+00:00,13.8,20260618,C,15.0,1.9,1.95,1.9249999999999998,1.95,8.0,2953500.0,1.4091241572861324,1.9249999999999998,0.045,0.0,1.9352518385591564,quote_mid;trade_last;iv_solved;prev_iv_model
2026-05-15 15:35:00+00:00,13.8,20260618,C,20.0,0.85,0.95,0.8999999999999999,0.95,0.0,2953500.0,1.4985621997593945,0.8999999999999995,0.045,0.0,0.9056866596128637,quote_mid;trade_last;iv_solved;prev_iv_model
2026-05-15 15:35:10+00:00,13.775,20260618,C,15.0,1.9,1.95,1.9249999999999998,1.95,0.0,2953490.0,1.4167399170062458,1.9249999999999998,0.045,0.0,1.9121974147652692,quote_mid;trade_last;iv_solved;prev_iv_model
2026-05-15 15:35:10+00:00,13.775,20260618,C,20.0,0.85,0.95,0.8999999999999999,0.95,0.0,2953490.0,1.5035298554696892,0.8999999999999995,0.045,0.0,0.8929098512770342,quote_mid;trade_last;iv_solved;prev_iv_model
2026-05-15 15:35:20+00:00,13.7752,20260618,C,15.0,1.9,2.0,1.95,1.95,0.0,2953480.0,1.4315542504170087,1.9500000000000002,0.045,0.0,1.9250982900276812,quote_mid;trade_last;iv_solved;prev_iv_model
2026-05-15 15:35:20+00:00,13.7752,20260618,C,20.0,0.85,0.95,0.8999999999999999,0.95,0.0,2953480.0,1.5034926809824354,0.9000000000000008,0.045,0.0,0.9000531107868568,quote_mid;trade_last;iv_solved;prev_iv_model
2026-05-15 15:35:30+00:00,13.8,20260618,C,15.0,1.9,2.0,1.95,1.95,0.0,2953470.0,1.4239785288804319,1.950000000000001,0.045,0.0,1.9627548166456137,quote_mid;trade_last;iv_solved;prev_iv_model
2026-05-15 15:35:30+00:00,13.8,20260618,C,20.0,0.85,0.95,0.8999999999999999,0.95,0.0,2953470.0,1.4985699009244642,0.9000000000000004,0.045,0.0,0.9070546520550336,quote_mid;trade_last;iv_solved;prev_iv_model
2026-05-15 15:35:40+00:00,13.8,20260618,C,15.0,1.9,2.0,1.95,1.95,0.0,2953460.0,1.42398098321474,1.9499999999999984,0.045,0.0,1.9499958676202525,quote_mid;trade_last;iv_solved;prev_iv_model
2026-05-15 15:35:40+00:00,13.8,20260618,C,20.0,0.85,0.95,0.8999999999999999,0.95,0.0,2953460.0,1.49857246800546,0.9000000000000017,0.045,0.0,0.8999963247548126,quote_mid;trade_last;iv_solved;prev_iv_model
2026-05-15 15:35:50+00:00,13.83,20260618,C,15.0,1.9,2.0,1.95,1.95,0.0,2953450.0,1.4148180126494965,1.9500000000000002,0.045,0.0,1.9654590810656307,quote_mid;trade_last;iv_solved;prev_iv_model
2026-05-15 15:35:50+00:00,13.83,20260618,C,20.0,0.85,0.95,0.8999999999999999,0.95,0.0,2953450.0,1.4926265362503193,0.9000000000000004,0.045,0.0,0.908544285476494,quote_mid;trade_last;iv_solved;prev_iv_model
2026-05-15 15:36:00+00:00,13.83,20260618,C,15.0,1.9,2.0,1.95,1.95,0.0,2953440.0,1.4148204516455025,1.9500000000000002,0.045,0.0,1.949995884907434,quote_mid;trade_last;iv_solved;prev_iv_model
2026-05-15 15:36:00+00:00,13.83,20260618,C,20.0,0.85,0.95,0.8999999999999999,0.95,0.0,2953440.0,1.492629093325606,0.9000000000000008,0.045,0.0,0.8999963297611684,quote_mid;trade_last;iv_solved;prev_iv_model
2026-05-15 15:36:10+00:00,13.82,20260618,C,15.0,1.9,2.0,1.95,1.95,0.0,2953430.0,1.4178778468471984,1.9499999999999993,0.045,0.0,1.9448450346250912,quote_mid;trade_last;iv_solved;prev_iv_model
2026-05-15 15:36:10+00:00,13.82,20260618,C,20.0,0.85,0.95,0.8999999999999999,0.95,0.0,2953430.0,1.494613325177328,0.8999999999999995,0.045,0.0,0.8971555058914649,quote_mid;trade_last;iv_solved;prev_iv_model
2026-05-15 15:36:20+00:00,13.824,20260618,C,15.0,1.9,2.0,1.95,1.95,0.0,2953420.0,1.4166582842467976,1.9500000000000002,0.045,0.0,1.952056780937351,quote_mid;trade_last;iv_solved;prev_iv_model
2026-05-15 15:36:20+00:00,13.824,20260618,C,20.0,0.85,0.95,0.8999999999999999,0.95,0.0,2953420.0,1.4938230748841463,0.9000000000000004,0.045,0.0,0.9011338623607967,quote_mid;trade_last;iv_solved;prev_iv_model
2026-05-15 15:36:30+00:00,13.835,20260618,C,15.0,1.9,2.0,1.95,1.95,0.0,2953410.0,1.413300353092935,1.9500000000000002,0.045,0.0,1.955667351839649,quote_mid;trade_last;iv_solved;prev_iv_model
2026-05-15 15:36:30+00:00,13.835,20260618,C,20.0,0.85,0.95,0.8999999999999999,0.95,0.0,2953410.0,1.4916463594087879,0.8999999999999999,0.045,0.0,0.9031269417049805,quote_mid;trade_last;iv_solved;prev_iv_model
2026-05-15 15:36:40+00:00,13.83,20260618,C,15.0,1.9,2.0,1.95,1.95,0.0,2953400.0,1.4148302077526544,1.9499999999999993,0.045,0.0,1.9474188139163173,quote_mid;trade_last;iv_solved;prev_iv_model
2026-05-15 15:36:40+00:00,13.83,20260618,C,20.0,0.85,0.95,0.8999999999999999,0.95,0.0,2953400.0,1.492639321756108,0.8999999999999995,0.045,0.0,0.8985750610380157,quote_mid;trade_last;iv_solved;prev_iv_model
2026-05-15 15:36:50+00:00,13.825,20260618,C,15.0,1.9,2.0,1.95,1.95,0.0,2953390.0,1.416360112061323,1.9499999999999993,0.045,0.0,1.94741962737199,quote_mid;trade_last;iv_solved;prev_iv_model
2026-05-15 15:36:50+00:00,13.825,20260618,C,20.0,0.85,0.95,0.8999999999999999,0.95,0.0,2953390.0,1.4936325776672668,0.9000000000000008,0.045,0.0,0.8985752468699153,quote_mid;trade_last;iv_solved;prev_iv_model
2026-05-15 15:37:00+00:00,13.825,20260618,C,15.0,1.9,2.0,1.95,1.95,0.0,2953380.0,1.4163625536914526,1.9500000000000002,0.045,0.0,1.9499958819295564,quote_mid;trade_last;iv_solved;prev_iv_model
2026-05-15 15:37:00+00:00,13.825,20260618,C,20.0,0.85,0.95,0.8999999999999999,0.9,6.0,2953380.0,1.4936351364909224,0.8999999999999999,0.045,0.0,0.8999963288470538,quote_mid;trade_last;iv_solved;prev_iv_model
2026-05-15 15:37:10+00:00,13.84,20260618,C,15.0,1.9,2.05,1.9749999999999999,2.0,6.0,2953370.0,1.426591284063134,1.9750000000000005,0.045,0.0,1.9577321880280634,quote_mid;trade_last;iv_solved;prev_iv_model
2026-05-15 15:37:10+00:00,13.84,20260618,C,20.0,0.85,0.95,0.8999999999999999,0.9,0.0,2953370.0,1.4906664592452912,0.9000000000000012,0.045,0.0,0.9042670685054639,quote_mid;trade_last;iv_solved;prev_iv_model
2026-05-15 15:37:20+00:00,13.84,20260618,C,15.0,1.9,2.1,2.0,2.0,0.0,2953360.0,1.4414049685727033,2.000000000000001,0.045,0.0,1.974995848998005,quote_mid;trade_last;iv_solved;prev_iv_model
2026-05-15 15:37:20+00:00,13.84,20260618,C,20.0,0.85,0.95,0.8999999999999999,0.9,0.0,2953360.0,1.4906690130840121,0.9000000000000004,0.045,0.0,0.8999963313446946,quote_mid;trade_last;iv_solved;prev_iv_model
2026-05-15 15:37:30+00:00,13.87,20260618,C,15.0,1.9,2.1,2.0,2.0,0.0,2953350.0,1.432183109367151,2.000000000000001,0.045,0.0,2.0155950787777552,quote_mid;trade_last;iv_solved;prev_iv_model
2026-05-15 15:37:30+00:00,13.87,20260618,C,20.0,0.85,0.95,0.8999999999999999,0.9,0.0,2953350.0,1.4847368798449123,0.8999999999999986,0.045,0.0,0.9085532787507447,quote_mid;trade_last;iv_solved;prev_iv_model
2026-05-15 15:37:40+00:00,13.8799,20260618,C,15.0,1.9,2.1,2.0,2.0,0.0,2953340.0,1.429141911980309,2.000000000000001,0.045,0.0,2.005146638036978,quote_mid;trade_last;iv_solved;prev_iv_model
2026-05-15 15:37:40+00:00,13.8799,20260618,C,20.0,0.85,0.95,0.8999999999999999,0.9,0.0,2953340.0,1.4827832465263233,0.9000000000000012,0.045,0.0,0.9028170333475041,quote_mid;trade_last;iv_solved;prev_iv_model
2026-05-15 15:37:50+00:00,13.89,20260618,C,15.0,1.9,2.1,2.0,2.05,1.0,2953330.0,1.4260393840757812,2.0,0.045,0.0,2.005254013376681,quote_mid;trade_last;iv_solved;prev_iv_model
2026-05-15 15:37:50+00:00,13.89,20260618,C,20.0,0.85,0.95,0.8999999999999999,0.9,0.0,2953330.0,1.480791245051822,0.8999999999999999,0.045,0.0,0.9028748382091392,quote_mid;trade_last;iv_solved;prev_iv_model
2026-05-15 15:38:00+00:00,13.89,20260618,C,15.0,1.9,2.1,2.0,2.05,0.0,2953320.0,1.4260418424512968,2.000000000000001,0.045,0.0,1.9999958367507649,quote_mid;trade_last;iv_solved;prev_iv_model
2026-05-15 15:38:00+00:00,13.89,20260618,C,20.0,0.85,0.95,0.8999999999999999,0.9,0.0,2953320.0,1.4807937822712316,0.8999999999999999,0.045,0.0,0.8999963397449497,quote_mid;trade_last;iv_solved;prev_iv_model
2026-05-15 15:38:10+00:00,13.8801,20260618,C,15.0,1.9,2.1,2.0,2.05,0.0,2953310.0,1.4290878159315916,2.000000000000001,0.045,0.0,1.9948450196997252,quote_mid;trade_last;iv_solved;prev_iv_model
2026-05-15 15:38:10+00:00,13.8801,20260618,C,20.0,0.85,0.95,0.8999999999999999,0.9,0.0,2953310.0,1.482751360926894,0.8999999999999999,0.045,0.0,0.8971794089931886,quote_mid;trade_last;iv_solved;prev_iv_model
2026-05-15 15:38:20+00:00,13.89,20260618,C,15.0,1.9,2.05,1.9749999999999999,2.05,0.0,2953300.0,1.4112858325245687,1.9749999999999996,0.045,0.0,2.005149890297531,quote_mid;trade_last;iv_solved;prev_iv_model
2026-05-15 15:38:20+00:00,13.89,20260618,C,20.0,0.85,0.95,0.8999999999999999,0.9,0.0,2953300.0,1.4807988567485575,0.8999999999999995,0.045,0.0,0.9028177999340965,quote_mid;trade_last;iv_solved;prev_iv_model
2026-05-15 15:38:30+00:00,13.89,20260618,C,15.0,1.95,2.05,2.0,2.05,0.0,2953290.0,1.4260492176523072,2.000000000000001,0.045,0.0,1.9749958781850525,quote_mid;trade_last;iv_solved;prev_iv_model
2026-05-15 15:38:30+00:00,13.89,20260618,C,20.0,0.9,0.95,0.925,0.9,0.0,2953290.0,1.4980731028273238,0.9250000000000007,0.045,0.0,0.8999963397080579,quote_mid;trade_last;iv_solved;prev_iv_model
2026-05-15 15:38:40+00:00,13.9,20260618,C,15.0,2.0,2.05,2.025,2.05,0.0,2953280.0,1.4377315996650135,2.0250000000000004,0.045,0.0,2.0052052217629566,quote_mid;trade_last;iv_solved;prev_iv_model
2026-05-15 15:38:40+00:00,13.9,20260618,C,20.0,0.9,0.95,0.925,0.9,0.0,2953280.0,1.4960873963212098,0.9250000000000003,0.045,0.0,0.9278872276572403,quote_mid;trade_last;iv_solved;prev_iv_model
2026-05-15 15:38:50+00:00,13.9,20260618,C,15.0,2.0,2.05,2.025,2.05,0.0,2953270.0,1.437734077912796,2.0249999999999986,0.045,0.0,2.02499580119556,quote_mid;trade_last;iv_solved;prev_iv_model
2026-05-15 15:38:50+00:00,13.9,20260618,C,20.0,0.9,0.95,0.925,0.9,0.0,2953270.0,1.496089959596476,0.9249999999999994,0.045,0.0,0.9249962743867233,quote_mid;trade_last;iv_solved;prev_iv_model
2026-05-15 15:39:00+00:00,13.88,20260618,C,15.0,1.95,2.05,2.0,2.05,30.0,2953260.0,1.4291308772063451,2.000000000000001,0.045,0.0,2.014558586954033,quote_mid;trade_last;iv_solved;prev_iv_model
2026-05-15 15:39:00+00:00,13.88,20260618,C,20.0,0.9,0.95,0.925,0.9,0.0,2953260.0,1.5000702372671353,0.9249999999999998,0.045,0.0,0.9192289432362104,quote_mid;trade_last;iv_solved;prev_iv_model
2026-05-15 15:39:10+00:00,13.8983,20260618,C,15.0,1.95,2.05,2.0,2.05,0.0,2953250.0,1.4235075078836492,2.0,0.045,0.0,2.009528012093347,quote_mid;trade_last;iv_solved;prev_iv_model
2026-05-15 15:39:10+00:00,13.8983,20260618,C,20.0,0.9,0.95,0.925,0.9,0.0,2953250.0,1.496433012991071,0.9250000000000012,0.045,0.0,0.9302893989323779,quote_mid;trade_last;iv_solved;prev_iv_model
2026-05-15 15:39:20+00:00,13.86,20260618,C,15.0,1.95,2.05,2.0,2.05,0.0,2953240.0,1.4352849057339538,2.0000000000000018,0.045,0.0,1.9800943805931386,quote_mid;trade_last;iv_solved;prev_iv_model
2026-05-15 15:39:20+00:00,13.86,20260618,C,20.0,0.9,0.95,0.925,0.9,0.0,2953240.0,1.5040577361745346,0.9250000000000007,0.045,0.0,0.9139711383226921,quote_mid;trade_last;iv_solved;prev_iv_model
2026-05-15 15:39:30+00:00,13.87,20260618,C,15.0,1.95,2.05,2.0,2.05,0.0,2953230.0,1.4322127340650486,2.0,0.045,0.0,2.00519546258501,quote_mid;trade_last;iv_solved;prev_iv_model
2026-05-15 15:39:30+00:00,13.87,20260618,C,20.0,0.85,0.95,0.8999999999999999,0.9,6.0,2953230.0,1.484767406968282,0.9000000000000004,0.045,0.0,0.9278849517301588,quote_mid;trade_last;iv_solved;prev_iv_model
2026-05-15 15:39:40+00:00,13.9,20260618,C,15.0,1.95,2.05,2.0,2.05,0.0,2953220.0,1.422992274875948,2.0000000000000018,0.045,0.0,2.015624086800665,quote_mid;trade_last;iv_solved;prev_iv_model
2026-05-15 15:39:40+00:00,13.9,20260618,C,20.0,0.85,0.95,0.8999999999999999,0.9,0.0,2953220.0,1.4788454729288998,0.8999999999999986,0.045,0.0,0.9085601382548494,quote_mid;trade_last;iv_solved;prev_iv_model
2026-05-15 15:39:50+00:00,13.87,20260618,C,15.0,1.95,2.05,2.0,2.05,0.0,2953210.0,1.4322176716891883,2.000000000000001,0.045,0.0,1.9843973559759265,quote_mid;trade_last;iv_solved;prev_iv_model
2026-05-15 15:39:50+00:00,13.87,20260618,C,20.0,0.85,0.95,0.8999999999999999,0.9,0.0,2953210.0,1.4847724950023515,0.8999999999999995,0.045,0.0,0.891474148046139,quote_mid;trade_last;iv_solved;prev_iv_model
2026-05-15 15:40:00+00:00,13.87,20260618,C,15.0,1.95,2.05,2.0,2.05,0.0,2953200.0,1.4322201405199553,2.0,0.045,0.0,1.9999958248031025,quote_mid;trade_last;iv_solved;prev_iv_model
2026-05-15 15:40:00+00:00,13.87,20260618,C,20.0,0.85,0.95,0.8999999999999999,0.9,0.0,2953200.0,1.4847750390386927,0.9000000000000004,0.045,0.0,0.8999963362096821,quote_mid;trade_last;iv_solved;prev_iv_model
2026-05-15 15:40:10+00:00,13.885,20260618,C,15.0,1.95,2.05,2.0,2.05,0.0,2953190.0,1.42761094267137,2.000000000000001,0.045,0.0,2.0078025905257544,quote_mid;trade_last;iv_solved;prev_iv_model
2026-05-15 15:40:10+00:00,13.885,20260618,C,20.0,0.85,0.95,0.8999999999999999,0.9,0.0,2953190.0,1.481814041759001,0.9000000000000008,0.045,0.0,0.9042721783710239,quote_mid;trade_last;iv_solved;prev_iv_model
2026-05-15 15:40:20+00:00,13.84,20260618,C,15.0,1.95,2.05,2.0,2.05,0.0,2953180.0,1.4414496844022597,2.000000000000001,0.045,0.0,1.9766423159204818,quote_mid;trade_last;iv_solved;prev_iv_model
2026-05-15 15:40:20+00:00,13.84,20260618,C,20.0,0.85,0.95,0.8999999999999999,0.9,0.0,2953180.0,1.4907149843903538,0.9000000000000008,0.045,0.0,0.887236386282229,quote_mid;trade_last;iv_solved;prev_iv_model
2026-05-15 15:40:30+00:00,13.85,20260618,C,15.0,1.95,2.05,2.0,2.05,0.0,2953170.0,1.4383770931023432,2.000000000000001,0.045,0.0,2.0051890424112004,quote_mid;trade_last;iv_solved;prev_iv_model
2026-05-15 15:40:30+00:00,13.85,20260618,C,20.0,0.85,0.95,0.8999999999999999,0.9,0.0,2953170.0,1.4887380955604654,0.899999999999999,0.045,0.0,0.9028432728166607,quote_mid;trade_last;iv_solved;prev_iv_model
2026-05-15 15:40:40+00:00,13.83,20260618,C,15.0,1.95,2.05,2.0,2.05,0.0,2953160.0,1.4445299531733578,2.0,0.045,0.0,1.9896225663580074,quote_mid;trade_last;iv_solved;prev_iv_model
2026-05-15 15:40:40+00:00,13.83,20260618,C,20.0,0.85,0.95,0.8999999999999999,0.9,0.0,2953160.0,1.4927006966858816,0.8999999999999999,0.045,0.0,0.8943170684867825,quote_mid;trade_last;iv_solved;prev_iv_model
2026-05-15 15:40:50+00:00,13.85,20260618,C,15.0,1.95,2.05,2.0,2.05,0.0,2953150.0,1.4383820514934165,2.000000000000001,0.045,0.0,2.010382427880386,quote_mid;trade_last;iv_solved;prev_iv_model
2026-05-15 15:40:50+00:00,13.85,20260618,C,20.0,0.85,0.95,0.8999999999999999,0.9,0.0,2953150.0,1.4887431970908143,0.8999999999999999,0.045,0.0,0.9056940808455627,quote_mid;trade_last;iv_solved;prev_iv_model
2026-05-15 15:41:00+00:00,13.8678,20260618,C,15.0,1.95,2.05,2.0,2.05,0.0,2953140.0,1.4329113701283318,2.0,0.045,0.0,2.0092499932438237,quote_mid;trade_last;iv_solved;prev_iv_model
2026-05-15 15:41:00+00:00,13.8678,20260618,C,20.0,0.85,0.95,0.8999999999999999,0.9,0.0,2953140.0,1.4852251770317504,0.8999999999999999,0.045,0.0,0.9050689639365683,quote_mid;trade_last;iv_solved;prev_iv_model
2026-05-15 15:41:10+00:00,13.8678,20260618,C,15.0,1.95,2.05,2.0,2.05,0.0,2953130.0,1.432913840180213,2.000000000000001,0.045,0.0,1.9999958234128083,quote_mid;trade_last;iv_solved;prev_iv_model
2026-05-15 15:41:10+00:00,13.8678,20260618,C,20.0,0.85,0.95,0.8999999999999999,0.9,0.0,2953130.0,1.4852277218916092,0.8999999999999986,0.045,0.0,0.8999963357514864,quote_mid;trade_last;iv_solved;prev_iv_model
2026-05-15 15:41:20+00:00,13.82,20260618,C,15.0,1.95,2.05,2.0,2.05,0.0,2953120.0,1.4476154644096972,2.0000000000000018,0.045,0.0,1.9752201052774607,quote_mid;trade_last;iv_solved;prev_iv_model
2026-05-15 15:41:20+00:00,13.82,20260618,C,20.0,0.85,0.95,0.8999999999999999,0.9,0.0,2953120.0,1.494692704936781,0.9000000000000012,0.045,0.0,0.8864522371041419,quote_mid;trade_last;iv_solved;prev_iv_model
2026-05-15 15:41:30+00:00,13.82,20260618,C,15.0,1.95,2.0,1.975,2.05,0.0,2953110.0,1.4327857354687579,1.9749999999999996,0.045,0.0,1.999995795485062,quote_mid;trade_last;iv_solved;prev_iv_model
2026-05-15 15:41:30+00:00,13.82,20260618,C,20.0,0.85,0.95,0.8999999999999999,0.9,0.0,2953110.0,1.4946952657814636,0.8999999999999999,0.045,0.0,0.8999963276744256,quote_mid;trade_last;iv_solved;prev_iv_model
2026-05-15 15:41:40+00:00,13.845,20260618,C,15.0,1.95,2.0,1.975,2.05,0.0,2953100.0,1.425125175779581,1.9750000000000014,0.045,0.0,1.9879347735298794,quote_mid;trade_last;iv_solved;prev_iv_model
2026-05-15 15:41:40+00:00,13.845,20260618,C,20.0,0.85,0.95,0.8999999999999999,0.9,0.0,2953100.0,1.4897455397389794,0.9000000000000008,0.045,0.0,0.9071199980265594,quote_mid;trade_last;iv_solved;prev_iv_model
2026-05-15 15:41:50+00:00,13.83,20260618,C,15.0,1.95,2.0,1.975,2.05,0.0,2953090.0,1.4297253055556718,1.9749999999999988,0.045,0.0,1.9672401757925053,quote_mid;trade_last;iv_solved;prev_iv_model
2026-05-15 15:41:50+00:00,13.83,20260618,C,20.0,0.85,0.95,0.8999999999999999,0.9,0.0,2953090.0,1.4927185991108436,0.8999999999999986,0.045,0.0,0.8957354310034371,quote_mid;trade_last;iv_solved;prev_iv_model
2026-05-15 15:42:00+00:00,13.83,20260618,C,15.0,1.95,2.1,2.025,2.05,0.0,2953080.0,1.4593747846084058,2.0250000000000012,0.045,0.0,1.9749958427949448,quote_mid;trade_last;iv_solved;prev_iv_model
2026-05-15 15:42:00+00:00,13.83,20260618,C,20.0,0.85,0.95,0.8999999999999999,0.9,0.0,2953080.0,1.4927211566518817,0.8999999999999999,0.045,0.0,0.8999963293171862,quote_mid;trade_last;iv_solved;prev_iv_model
2026-05-15 15:42:10+00:00,13.87,20260618,C,15.0,1.95,2.1,2.025,2.05,0.0,2953070.0,1.4470368000720075,2.0250000000000004,0.045,0.0,2.0458588578041885,quote_mid;trade_last;iv_solved;prev_iv_model
2026-05-15 15:42:10+00:00,13.87,20260618,C,20.0,0.85,0.95,0.8999999999999999,0.9,0.0,2953070.0,1.4848081126823582,0.8999999999999999,0.045,0.0,0.9114133116267231,quote_mid;trade_last;iv_solved;prev_iv_model
2026-05-15 15:42:20+00:00,13.8747,20260618,C,15.0,1.95,2.1,2.025,2.0,3.0,2953060.0,1.4455895167797421,2.0250000000000004,0.045,0.0,2.027447780049238,quote_mid;trade_last;iv_solved;prev_iv_model
2026-05-15 15:42:20+00:00,13.8747,20260618,C,20.0,0.85,0.95,0.8999999999999999,0.9,0.0,2953060.0,1.483881782662909,0.899999999999999,0.045,0.0,0.9013347963377254,quote_mid;trade_last;iv_solved;prev_iv_model
2026-05-15 15:42:30+00:00,13.8747,20260618,C,15.0,1.95,2.1,2.025,2.0,0.0,2953050.0,1.445592008383933,2.0249999999999995,0.045,0.0,2.0249957859297885,quote_mid;trade_last;iv_solved;prev_iv_model
2026-05-15 15:42:30+00:00,13.8747,20260618,C,20.0,0.85,0.95,0.8999999999999999,0.9,0.0,2953050.0,1.4838843253257097,0.9000000000000004,0.045,0.0,0.8999963368202444,quote_mid;trade_last;iv_solved;prev_iv_model
2026-05-15 15:42:40+00:00,13.86,20260618,C,15.0,1.95,2.1,2.025,2.0,0.0,2953040.0,1.4501290790241268,2.0250000000000012,0.045,0.0,2.0173338271189722,quote_mid;trade_last;iv_solved;prev_iv_model
2026-05-15 15:42:40+00:00,13.86,20260618,C,20.0,0.85,0.95,0.8999999999999999,0.9,0.0,2953040.0,1.486792924978614,0.9000000000000004,0.045,0.0,0.8958172407917089,quote_mid;trade_last;iv_solved;prev_iv_model
2026-05-15 15:42:50+00:00,13.86,20260618,C,15.0,1.95,2.1,2.025,2.0,0.0,2953030.0,1.4501315782556947,2.0249999999999995,0.045,0.0,2.0249957772554765,quote_mid;trade_last;iv_solved;prev_iv_model
2026-05-15 15:42:50+00:00,13.86,20260618,C,20.0,0.85,0.95,0.8999999999999999,0.9,0.0,2953030.0,1.48679547256845,0.9000000000000004,0.045,0.0,0.8999963343103237,quote_mid;trade_last;iv_solved;prev_iv_model
2026-05-15 15:43:00+00:00,13.8823,20260618,C,15.0,1.95,2.1,2.025,2.0,0.0,2953020.0,1.4432552400755547,2.0249999999999995,0.045,0.0,2.0366353330942433,quote_mid;trade_last;iv_solved;prev_iv_model
2026-05-15 15:43:00+00:00,13.8823,20260618,C,20.0,0.85,0.95,0.8999999999999999,0.9,0.0,2953020.0,1.4823904700213206,0.899999999999999,0.045,0.0,0.9063557647402685,quote_mid;trade_last;iv_solved;prev_iv_model
2026-05-15 15:43:10+00:00,13.8823,20260618,C,15.0,1.95,2.1,2.025,2.0,0.0,2953010.0,1.4432577278001162,2.0250000000000004,0.045,0.0,2.0249957903558435,quote_mid;trade_last;iv_solved;prev_iv_model
2026-05-15 15:43:10+00:00,13.8823,20260618,C,20.0,0.85,0.95,0.8999999999999999,0.9,0.0,2953010.0,1.4823930102032081,0.9000000000000004,0.045,0.0,0.899996338058124,quote_mid;trade_last;iv_solved;prev_iv_model
2026-05-15 15:43:20+00:00,13.9,20260618,C,15.0,1.95,2.1,2.025,2.0,0.0,2953000.0,1.4378009953326787,2.0249999999999995,0.045,0.0,2.034244336738287,quote_mid;trade_last;iv_solved;prev_iv_model
2026-05-15 15:43:20+00:00,13.9,20260618,C,20.0,0.85,0.95,0.8999999999999999,0.9,0.0,2953000.0,1.4789012245966662,0.8999999999999995,0.045,0.0,0.9050447874233956,quote_mid;trade_last;iv_solved;prev_iv_model
2026-05-15 15:43:30+00:00,13.87,20260618,C,15.0,1.95,2.1,2.025,2.0,0.0,2952990.0,1.4470567526012403,2.0249999999999986,0.045,0.0,2.009349768706185,quote_mid;trade_last;iv_solved;prev_iv_model
2026-05-15 15:43:30+00:00,13.87,20260618,C,20.0,0.85,0.95,0.8999999999999999,0.9,0.0,2952990.0,1.484828466775058,0.8999999999999981,0.045,0.0,0.8914741501495613,quote_mid;trade_last;iv_solved;prev_iv_model
2026-05-15 15:43:40+00:00,13.87,20260618,C,15.0,1.95,2.1,2.025,2.0,0.0,2952980.0,1.4470592467240642,2.0249999999999995,0.045,0.0,2.0249957830628578,quote_mid;trade_last;iv_solved;prev_iv_model
2026-05-15 15:43:40+00:00,13.87,20260618,C,20.0,0.85,0.95,0.8999999999999999,0.9,0.0,2952980.0,1.4848310110945722,0.8999999999999999,0.045,0.0,0.8999963359388428,quote_mid;trade_last;iv_solved;prev_iv_model
2026-05-15 15:43:50+00:00,13.87,20260618,C,15.0,1.95,2.1,2.025,2.0,0.0,2952970.0,1.4470617408594828,2.0249999999999986,0.045,0.0,2.0249957830486984,quote_mid;trade_last;iv_solved;prev_iv_model
2026-05-15 15:43:50+00:00,13.87,20260618,C,20.0,0.85,0.95,0.8999999999999999,0.9,0.0,2952970.0,1.4848335554269578,0.9000000000000004,0.045,0.0,0.8999963359265313,quote_mid;trade_last;iv_solved;prev_iv_model
2026-05-15 15:44:00+00:00,13.87,20260618,C,15.0,1.95,2.1,2.025,2.0,0.0,2952960.0,1.4470642350074945,2.0249999999999995,0.045,0.0,2.024995783034541,quote_mid;trade_last;iv_solved;prev_iv_model
2026-05-15 15:44:00+00:00,13.87,20260618,C,20.0,0.85,0.95,0.8999999999999999,0.9,0.0,2952960.0,1.4848360997722168,0.8999999999999999,0.045,0.0,0.8999963359142216,quote_mid;trade_last;iv_solved;prev_iv_model
2026-05-15 15:44:10+00:00,13.89,20260618,C,15.0,1.95,2.1,2.025,2.0,0.0,2952950.0,1.4408976503937687,2.0249999999999995,0.045,0.0,2.035439727668571,quote_mid;trade_last;iv_solved;prev_iv_model
2026-05-15 15:44:10+00:00,13.89,20260618,C,20.0,0.9,0.95,0.925,0.9,2.0,2952950.0,1.4981603750334536,0.9249999999999998,0.045,0.0,0.9057001496524313,quote_mid;trade_last;iv_solved;prev_iv_model
2026-05-15 15:44:20+00:00,13.86,20260618,C,15.0,1.95,2.1,2.025,2.0,0.0,2952940.0,1.4501540719076949,2.0250000000000004,0.045,0.0,2.0093594063607005,quote_mid;trade_last;iv_solved;prev_iv_model
2026-05-15 15:44:20+00:00,13.86,20260618,C,20.0,0.85,0.95,0.8999999999999999,0.9,0.0,2952940.0,1.486818401457,0.899999999999999,0.045,0.0,0.91635559991466,quote_mid;trade_last;iv_solved;prev_iv_model
2026-05-15 15:44:30+00:00,13.86,20260618,C,15.0,1.95,2.1,2.025,2.0,0.0,2952930.0,1.4501565712654632,2.0249999999999995,0.045,0.0,2.0249957771136984,quote_mid;trade_last;iv_solved;prev_iv_model
2026-05-15 15:44:30+00:00,13.86,20260618,C,20.0,0.85,0.95,0.8999999999999999,0.9,0.0,2952930.0,1.4868209491757325,0.9000000000000008,0.045,0.0,0.8999963341871475,quote_mid;trade_last;iv_solved;prev_iv_model
2026-05-15 15:44:40+00:00,13.86,20260618,C,15.0,1.95,2.1,2.025,2.0,0.0,2952920.0,1.4501590706358525,2.0249999999999995,0.045,0.0,2.0249957770995204,quote_mid;trade_last;iv_solved;prev_iv_model
2026-05-15 15:44:40+00:00,13.86,20260618,C,20.0,0.85,0.95,0.8999999999999999,0.9,0.0,2952920.0,1.486823496907356,0.899999999999999,0.045,0.0,0.8999963341748312,quote_mid;trade_last;iv_solved;prev_iv_model
2026-05-15 15:44:50+00:00,13.86,20260618,C,15.0,1.95,2.1,2.025,2.0,0.0,2952910.0,1.450161570018862,2.0250000000000012,0.045,0.0,2.024995777085344,quote_mid;trade_last;iv_solved;prev_iv_model
2026-05-15 15:44:50+00:00,13.86,20260618,C,20.0,0.85,0.95,0.8999999999999999,0.9,0.0,2952910.0,1.4868260446518669,0.899999999999999,0.045,0.0,0.8999963341625121,quote_mid;trade_last;iv_solved;prev_iv_model
2026-05-15 15:45:00+00:00,13.89,20260618,C,15.0,1.95,2.1,2.025,2.0,0.0,2952900.0,1.4409100696742265,2.0250000000000004,0.045,0.0,2.040661840185458,quote_mid;trade_last;iv_solved;prev_iv_model
2026-05-15 15:45:00+00:00,13.89,20260618,C,20.0,0.85,0.95,0.8999999999999999,0.9,0.0,2952900.0,1.4809003570779447,0.8999999999999995,0.045,0.0,0.9085578363566191,quote_mid;trade_last;iv_solved;prev_iv_model
2026-05-15 15:45:10+00:00,13.89,20260618,C,15.0,1.95,2.1,2.025,2.0,0.0,2952890.0,1.4409125535679426,2.0250000000000012,0.045,0.0,2.024995794736837,quote_mid;trade_last;iv_solved;prev_iv_model
2026-05-15 15:45:10+00:00,13.89,20260618,C,20.0,0.85,0.95,0.8999999999999999,0.9,0.0,2952890.0,1.4809028948493648,0.8999999999999995,0.045,0.0,0.8999963392160915,quote_mid;trade_last;iv_solved;prev_iv_model
2026-05-15 15:45:20+00:00,13.88,20260618,C,15.0,1.95,2.1,2.025,2.0,0.0,2952880.0,1.4439995161375894,2.0250000000000012,0.045,0.0,2.01977715474537,quote_mid;trade_last;iv_solved;prev_iv_model
2026-05-15 15:45:20+00:00,13.88,20260618,C,20.0,0.85,0.95,0.8999999999999999,0.9,0.0,2952880.0,1.482880370892186,0.899999999999999,0.045,0.0,0.8971509831245763,quote_mid;trade_last;iv_solved;prev_iv_model
2026-05-15 15:45:30+00:00,13.88,20260618,C,15.0,1.95,2.1,2.025,2.0,0.0,2952870.0,1.4440020052273939,2.0250000000000012,0.045,0.0,2.024995788800422,quote_mid;trade_last;iv_solved;prev_iv_model
2026-05-15 15:45:30+00:00,13.88,20260618,C,20.0,0.85,0.95,0.8999999999999999,0.9,0.0,2952870.0,1.4828829120203153,0.9000000000000008,0.045,0.0,0.8999963374961588,quote_mid;trade_last;iv_solved;prev_iv_model
2026-05-15 15:45:40+00:00,13.89,20260618,C,15.0,1.95,2.1,2.025,2.0,0.0,2952860.0,1.4409200053243452,2.0250000000000004,0.045,0.0,2.0302177176879717,quote_mid;trade_last;iv_solved;prev_iv_model
2026-05-15 15:45:40+00:00,13.89,20260618,C,20.0,0.85,0.95,0.8999999999999999,0.9,0.0,2952860.0,1.480910508240664,0.9000000000000004,0.045,0.0,0.9028463166761771,quote_mid;trade_last;iv_solved;prev_iv_model
2026-05-15 15:45:50+00:00,13.899,20260618,C,15.0,1.95,2.1,2.025,2.0,0.0,2952850.0,1.4381465992412497,2.0250000000000012,0.045,0.0,2.0296981314773754,quote_mid;trade_last;iv_solved;prev_iv_model
2026-05-15 15:45:50+00:00,13.899,20260618,C,20.0,0.85,0.95,0.8999999999999999,0.9,0.0,2952850.0,1.479136569853908,0.8999999999999999,0.045,0.0,0.9025617696766135,quote_mid;trade_last;iv_solved;prev_iv_model
2026-05-15 15:46:00+00:00,13.89,20260618,C,15.0,1.95,2.1,2.025,2.0,0.0,2952840.0,1.440924973224659,2.0249999999999986,0.045,0.0,2.0202961210902153,quote_mid;trade_last;iv_solved;prev_iv_model
2026-05-15 15:46:00+00:00,13.89,20260618,C,20.0,0.85,0.95,0.8999999999999999,0.9,0.0,2952840.0,1.4809155838990642,0.899999999999999,0.045,0.0,0.897434655235136,quote_mid;trade_last;iv_solved;prev_iv_model
2026-05-15 15:46:10+00:00,13.89,20260618,C,15.0,1.95,2.1,2.025,2.0,0.0,2952830.0,1.4409274571936295,2.0250000000000004,0.045,0.0,2.024995794652124,quote_mid;trade_last;iv_solved;prev_iv_model
2026-05-15 15:46:10+00:00,13.89,20260618,C,20.0,0.9,0.95,0.925,0.9,0.0,2952830.0,1.498191180573047,0.9250000000000016,0.045,0.0,0.899996339142286,quote_mid;trade_last;iv_solved;prev_iv_model
2026-05-15 15:46:20+00:00,13.89,20260618,C,15.0,1.95,2.1,2.025,2.0,0.0,2952820.0,1.4409299411751428,2.0250000000000004,0.045,0.0,2.0249957946380066,quote_mid;trade_last;iv_solved;prev_iv_model
2026-05-15 15:46:20+00:00,13.89,20260618,C,20.0,0.9,0.95,0.925,0.9,0.0,2952820.0,1.4981937477857743,0.9250000000000003,0.045,0.0,0.9249962720962914,quote_mid;trade_last;iv_solved;prev_iv_model
2026-05-15 15:46:30+00:00,13.88,20260618,C,15.0,1.95,2.1,2.025,2.0,0.0,2952810.0,1.4440169400301652,2.0250000000000012,0.045,0.0,2.0197771552197823,quote_mid;trade_last;iv_solved;prev_iv_model
2026-05-15 15:46:30+00:00,13.88,20260618,C,20.0,0.9,0.95,0.925,0.9,0.0,2952810.0,1.5001859005608265,0.9249999999999998,0.045,0.0,0.9221106841798612,quote_mid;trade_last;iv_solved;prev_iv_model
2026-05-15 15:46:40+00:00,13.88,20260618,C,15.0,1.95,2.1,2.025,2.0,0.0,2952800.0,1.4440194292079505,2.0249999999999995,0.045,0.0,2.024995788701453,quote_mid;trade_last;iv_solved;prev_iv_model
2026-05-15 15:46:40+00:00,13.88,20260618,C,20.0,0.9,0.95,0.925,0.9,0.0,2952800.0,1.5001884711553575,0.9249999999999994,0.045,0.0,0.9249962703468242,quote_mid;trade_last;iv_solved;prev_iv_model
2026-05-15 15:46:50+00:00,13.89,20260618,C,15.0,1.95,2.1,2.025,2.0,0.0,2952790.0,1.4409373931949392,2.0249999999999995,0.045,0.0,2.030217717016723,quote_mid;trade_last;iv_solved;prev_iv_model
2026-05-15 15:46:50+00:00,13.89,20260618,C,20.0,0.9,0.95,0.925,0.9,0.0,2952790.0,1.4982014495018956,0.9250000000000012,0.045,0.0,0.9278864630272659,quote_mid;trade_last;iv_solved;prev_iv_model
2026-05-15 15:47:00+00:00,13.89,20260618,C,15.0,1.95,2.1,2.025,2.0,0.0,2952780.0,1.4409398772266235,2.0250000000000004,0.045,0.0,2.0249957945815327,quote_mid;trade_last;iv_solved;prev_iv_model
2026-05-15 15:47:00+00:00,13.89,20260618,C,20.0,0.9,0.95,0.925,0.9,0.0,2952780.0,1.4982040167665822,0.9249999999999994,0.045,0.0,0.9249962720461795,quote_mid;trade_last;iv_solved;prev_iv_model
2026-05-15 15:47:10+00:00,13.86,20260618,C,15.0,1.95,2.1,2.025,2.0,0.0,2952770.0,1.4501965627062394,2.0249999999999986,0.045,0.0,2.009359410287373,quote_mid;trade_last;iv_solved;prev_iv_model
2026-05-15 15:47:10+00:00,13.86,20260618,C,20.0,0.9,0.95,0.925,0.9,0.0,2952770.0,1.5041788575877701,0.924999999999998,0.045,0.0,0.9163556015338807,quote_mid;trade_last;iv_solved;prev_iv_model
2026-05-15 15:47:20+00:00,13.875,20260618,C,15.0,1.95,2.1,2.025,2.0,0.0,2952760.0,1.4455717282677494,2.0250000000000012,0.045,0.0,2.0328215286130753,quote_mid;trade_last;iv_solved;prev_iv_model
2026-05-15 15:47:20+00:00,13.875,20260618,C,20.0,0.9,0.95,0.925,0.9,0.0,2952760.0,1.5011939888367158,0.924999999999998,0.045,0.0,0.9293312986249536,quote_mid;trade_last;iv_solved;prev_iv_model
2026-05-15 15:47:30+00:00,13.86,20260618,C,15.0,1.95,2.1,2.025,2.0,0.0,2952750.0,1.450201561863531,2.0250000000000012,0.045,0.0,2.0171774666798177,quote_mid;trade_last;iv_solved;prev_iv_model
2026-05-15 15:47:30+00:00,13.86,20260618,C,20.0,0.9,0.95,0.925,0.9,0.0,2952750.0,1.5041840123294055,0.9249999999999989,0.045,0.0,0.9206715977304993,quote_mid;trade_last;iv_solved;prev_iv_model
2026-05-15 15:47:40+00:00,13.835,20260618,C,15.0,1.95,2.1,2.025,2.0,0.0,2952740.0,1.4579174338538676,2.0249999999999995,0.045,0.0,2.0119852528555935,quote_mid;trade_last;iv_solved;prev_iv_model
2026-05-15 15:47:40+00:00,13.835,20260618,C,20.0,0.9,0.95,0.925,0.9,0.0,2952740.0,1.5091715082194517,0.9250000000000003,0.045,0.0,0.917797981003976,quote_mid;trade_last;iv_solved;prev_iv_model
2026-05-15 15:47:50+00:00,13.835,20260618,C,15.0,1.95,2.1,2.025,2.0,0.0,2952730.0,1.4579199463979702,2.0250000000000004,0.045,0.0,2.024995762197584,quote_mid;trade_last;iv_solved;prev_iv_model
2026-05-15 15:47:50+00:00,13.835,20260618,C,20.0,0.9,0.95,0.925,0.9,0.0,2952730.0,1.509174094031379,0.9250000000000003,0.045,0.0,0.9249962625315069,quote_mid;trade_last;iv_solved;prev_iv_model
2026-05-15 15:48:00+00:00,13.88,20260618,C,15.0,1.95,2.1,2.025,2.0,0.0,2952720.0,1.444039343082749,2.024999999999997,0.045,0.0,2.0484810434543457,quote_mid;trade_last;iv_solved;prev_iv_model
2026-05-15 15:48:00+00:00,13.88,20260618,C,20.0,0.9,0.95,0.925,0.9,0.0,2952720.0,1.5002090363798692,0.9250000000000003,0.045,0.0,0.9380290280778034,quote_mid;trade_last;iv_solved;prev_iv_model
2026-05-15 15:48:10+00:00,13.88,20260618,C,15.0,1.95,2.1,2.025,2.0,0.0,2952710.0,1.4440418323736641,2.0249999999999995,0.045,0.0,2.024995788574193,quote_mid;trade_last;iv_solved;prev_iv_model
2026-05-15 15:48:10+00:00,13.88,20260618,C,20.0,0.9,0.95,0.925,0.9,0.0,2952710.0,1.5002116070914666,0.9249999999999994,0.045,0.0,0.924996270234014,quote_mid;trade_last;iv_solved;prev_iv_model
2026-05-15 15:48:20+00:00,13.89,20260618,C,15.0,1.95,2.1,2.025,2.0,0.0,2952700.0,1.440959749931666,2.0249999999999986,0.045,0.0,2.0302177161536834,quote_mid;trade_last;iv_solved;prev_iv_model
2026-05-15 15:48:20+00:00,13.89,20260618,C,20.0,0.9,0.95,0.925,0.9,0.0,2952700.0,1.4982245553517233,0.9249999999999998,0.045,0.0,0.9278864625893184,quote_mid;trade_last;iv_solved;prev_iv_model
2026-05-15 15:48:30+00:00,13.875,20260618,C,15.0,1.95,2.1,2.025,2.0,0.0,2952690.0,1.445589171317502,2.0249999999999986,0.045,0.0,2.017170277454098,quote_mid;trade_last;iv_solved;prev_iv_model
2026-05-15 15:48:30+00:00,13.875,20260618,C,20.0,0.9,0.95,0.925,0.9,0.0,2952690.0,1.50121199547791,0.9250000000000012,0.045,0.0,0.9206699024826741,quote_mid;trade_last;iv_solved;prev_iv_model
2026-05-15 15:48:40+00:00,13.9,20260618,C,15.0,1.95,2.1,2.025,2.0,0.0,2952680.0,1.437880316681201,2.0249999999999986,0.045,0.0,2.0380587599706965,quote_mid;trade_last;iv_solved;prev_iv_model
2026-05-15 15:48:40+00:00,13.9,20260618,C,20.0,0.9,0.95,0.925,0.9,0.0,2952680.0,1.4962412157934581,0.9250000000000003,0.045,0.0,0.9322308537353319,quote_mid;trade_last;iv_solved;prev_iv_model
2026-05-15 15:48:50+00:00,13.9,20260618,C,15.0,1.95,2.1,2.025,2.0,0.0,2952670.0,1.4378827956798705,2.0249999999999995,0.045,0.0,2.024995800349741,quote_mid;trade_last;iv_solved;prev_iv_model
2026-05-15 15:48:50+00:00,13.9,20260618,C,20.0,0.9,0.95,0.925,0.9,0.0,2952670.0,1.4962437798469703,0.9250000000000003,0.045,0.0,0.9249962736354851,quote_mid;trade_last;iv_solved;prev_iv_model
2026-05-15 15:49:00+00:00,13.885,20260618,C,15.0,1.95,2.05,2.0,2.0,0.0,2952660.0,1.4277413994571821,2.0,0.045,0.0,2.0171654523986504,quote_mid;trade_last;iv_solved;prev_iv_model
2026-05-15 15:49:00+00:00,13.885,20260618,C,20.0,0.9,0.95,0.925,0.9,0.0,2952660.0,1.499229498354825,0.9250000000000003,0.045,0.0,0.920668765393307,quote_mid;trade_last;iv_solved;prev_iv_model
2026-05-15 15:49:10+00:00,13.885,20260618,C,15.0,1.95,2.1,2.025,2.0,0.0,2952650.0,1.4425144461802186,2.0249999999999986,0.045,0.0,1.9999958328631982,quote_mid;trade_last;iv_solved;prev_iv_model
2026-05-15 15:49:10+00:00,13.885,20260618,C,20.0,0.9,0.95,0.925,0.9,0.0,2952650.0,1.4992320674661825,0.9250000000000003,0.045,0.0,0.9249962710207233,quote_mid;trade_last;iv_solved;prev_iv_model
2026-05-15 15:49:20+00:00,13.87,20260618,C,15.0,1.95,2.05,2.0,2.0,0.0,2952640.0,1.4323584149390682,2.0,0.045,0.0,2.017172681029157,quote_mid;trade_last;iv_solved;prev_iv_model
2026-05-15 15:49:20+00:00,13.87,20260618,C,20.0,0.9,0.95,0.925,0.9,0.0,2952640.0,1.502220402924833,0.9249999999999994,0.045,0.0,0.9206704692305512,quote_mid;trade_last;iv_solved;prev_iv_model
2026-05-15 15:49:30+00:00,13.83,20260618,C,15.0,1.95,2.05,2.0,2.0,0.0,2952630.0,1.444661914675197,1.9999999999999991,0.045,0.0,1.9792499476745942,quote_mid;trade_last;iv_solved;prev_iv_model
2026-05-15 15:49:30+00:00,13.83,20260618,C,20.0,0.9,0.95,0.925,0.9,0.0,2952630.0,1.5101978322430138,0.9249999999999998,0.045,0.0,0.9134920944814588,quote_mid;trade_last;iv_solved;prev_iv_model
2026-05-15 15:49:40+00:00,13.84,20260618,C,15.0,1.95,2.05,2.0,2.0,0.0,2952620.0,1.4415888263090917,2.0000000000000018,0.045,0.0,2.0051858529498094,quote_mid;trade_last;iv_solved;prev_iv_model
2026-05-15 15:49:40+00:00,13.84,20260618,C,20.0,0.9,0.95,0.925,0.9,0.0,2952620.0,1.5082049506706152,0.9250000000000007,0.045,0.0,0.9278827061463191,quote_mid;trade_last;iv_solved;prev_iv_model
2026-05-15 15:49:50+00:00,13.845,20260618,C,15.0,1.95,2.05,2.0,2.0,0.0,2952610.0,1.4400536025653579,2.000000000000001,0.045,0.0,2.0025916061426905,quote_mid;trade_last;iv_solved;prev_iv_model
2026-05-15 15:49:50+00:00,13.845,20260618,C,20.0,0.9,0.95,0.925,0.9,0.0,2952610.0,1.5072102376376102,0.9249999999999998,0.045,0.0,0.9264391883178336,quote_mid;trade_last;iv_solved;prev_iv_model
2026-05-15 15:50:00+00:00,13.82,20260618,C,15.0,1.95,2.05,2.0,2.0,0.0,2952600.0,1.4477452065336567,2.000000000000001,0.045,0.0,1.9870373323969241,quote_mid;trade_last;iv_solved;prev_iv_model
2026-05-15 15:50:00+00:00,13.82,20260618,C,20.0,0.9,0.95,0.925,0.9,0.0,2952600.0,1.5122022442772822,0.9250000000000003,0.045,0.0,0.9178007612388965,quote_mid;trade_last;iv_solved;prev_iv_model
2026-05-15 15:50:10+00:00,13.8,20260618,C,15.0,1.95,2.05,2.0,2.0,0.0,2952590.0,1.453900104053329,2.0,0.045,0.0,1.989641547362119,quote_mid;trade_last;iv_solved;prev_iv_model
2026-05-15 15:50:10+00:00,13.8,20260618,C,20.0,0.9,0.95,0.925,0.9,0.0,2952590.0,1.5162016718585867,0.9249999999999994,0.045,0.0,0.9192408617401049,quote_mid;trade_last;iv_solved;prev_iv_model
2026-05-15 15:50:20+00:00,13.7899,20260618,C,15.0,1.9,2.05,1.9749999999999999,2.0,0.0,2952580.0,1.442145564513262,1.9749999999999996,0.045,0.0,1.9947699486467005,quote_mid;trade_last;iv_solved;prev_iv_model
2026-05-15 15:50:20+00:00,13.7899,20260618,C,20.0,0.9,0.95,0.925,0.9,0.0,2952580.0,1.5182244711679873,0.9250000000000012,0.045,0.0,0.92208858499203,quote_mid;trade_last;iv_solved;prev_iv_model
2026-05-15 15:50:30+00:00,13.7867,20260618,C,15.0,1.9,2.05,1.9749999999999999,2.0,0.0,2952570.0,1.4431293307531932,1.9749999999999996,0.045,0.0,1.973345656074823,quote_mid;trade_last;iv_solved;prev_iv_model
2026-05-15 15:50:30+00:00,13.7867,20260618,C,20.0,0.9,0.95,0.925,0.9,0.0,2952570.0,1.5188673894229114,0.9250000000000007,0.045,0.0,0.9240746581263477,quote_mid;trade_last;iv_solved;prev_iv_model
2026-05-15 15:50:40+00:00,13.77,20260618,C,15.0,1.9,2.0,1.95,2.0,0.0,2952560.0,1.4333706746757668,1.950000000000001,0.045,0.0,1.9663930940770626,quote_mid;trade_last;iv_solved;prev_iv_model
2026-05-15 15:50:40+00:00,13.77,20260618,C,20.0,0.9,0.95,0.925,0.9,0.0,2952560.0,1.522213625581053,0.9249999999999994,0.045,0.0,0.9201930612027747,quote_mid;trade_last;iv_solved;prev_iv_model
2026-05-15 15:50:50+00:00,13.815,20260618,C,15.0,1.9,2.05,1.9749999999999999,1.95,15.0,2952550.0,1.434456958564244,1.9750000000000014,0.045,0.0,1.9731696791112272,quote_mid;trade_last;iv_solved;prev_iv_model
2026-05-15 15:50:50+00:00,13.815,20260618,C,20.0,0.9,0.95,0.925,0.9,0.0,2952550.0,1.513213973485024,0.9249999999999985,0.045,0.0,0.938007455890161,quote_mid;trade_last;iv_solved;prev_iv_model
2026-05-15 15:51:00+00:00,13.79,20260618,C,15.0,1.9,2.05,1.9749999999999999,1.95,0.0,2952540.0,1.4421248429255336,1.9749999999999988,0.045,0.0,1.9621019981431713,quote_mid;trade_last;iv_solved;prev_iv_model
2026-05-15 15:51:00+00:00,13.79,20260618,C,20.0,0.9,0.95,0.925,0.9,0.0,2952540.0,1.5182148680877954,0.9249999999999998,0.045,0.0,0.9178062587690876,quote_mid;trade_last;iv_solved;prev_iv_model
2026-05-15 15:51:10+00:00,13.79,20260618,C,15.0,1.9,2.05,1.9749999999999999,1.95,0.0,2952530.0,1.4421273286940153,1.9749999999999996,0.045,0.0,1.974995818917126,quote_mid;trade_last;iv_solved;prev_iv_model
2026-05-15 15:51:10+00:00,13.79,20260618,C,20.0,0.9,0.95,0.925,0.9,0.0,2952530.0,1.5182174693299086,0.9249999999999989,0.045,0.0,0.9249962546049955,quote_mid;trade_last;iv_solved;prev_iv_model
2026-05-15 15:51:20+00:00,13.79,20260618,C,15.0,1.9,2.05,1.9749999999999999,1.95,0.0,2952520.0,1.44212981447505,1.9749999999999996,0.045,0.0,1.9749958189030883,quote_mid;trade_last;iv_solved;prev_iv_model
2026-05-15 15:51:20+00:00,13.79,20260618,C,20.0,0.9,0.95,0.925,0.9,0.0,2952520.0,1.5182200705851874,0.9249999999999998,0.045,0.0,0.9249962545924064,quote_mid;trade_last;iv_solved;prev_iv_model
2026-05-15 15:51:30+00:00,13.78,20260618,C,15.0,1.9,2.0,1.95,1.95,0.0,2952510.0,1.4303265138709027,1.9499999999999984,0.045,0.0,1.9698412571682624,quote_mid;trade_last;iv_solved;prev_iv_model
2026-05-15 15:51:30+00:00,13.78,20260618,C,20.0,0.9,0.95,0.925,0.9,0.0,2952510.0,1.5202240744700215,0.9249999999999994,0.045,0.0,0.9221180694558702,quote_mid;trade_last;iv_solved;prev_iv_model
2026-05-15 15:51:40+00:00,13.76,20260618,C,15.0,1.9,2.05,1.9749999999999999,1.95,0.0,2952500.0,1.4513354826539455,1.9749999999999988,0.045,0.0,1.9397329408383275,quote_mid;trade_last;iv_solved;prev_iv_model
2026-05-15 15:51:40+00:00,13.76,20260618,C,20.0,0.9,0.95,0.925,0.9,0.0,2952500.0,1.5242330596320488,0.9249999999999994,0.045,0.0,0.9192466453807233,quote_mid;trade_last;iv_solved;prev_iv_model
2026-05-15 15:51:50+00:00,13.76,20260618,C,15.0,1.9,2.0,1.95,1.95,0.0,2952490.0,1.4364447526697859,1.9500000000000002,0.045,0.0,1.974995801679503,quote_mid;trade_last;iv_solved;prev_iv_model
2026-05-15 15:51:50+00:00,13.76,20260618,C,20.0,0.9,0.95,0.925,0.9,0.0,2952490.0,1.524235671062124,0.9250000000000003,0.045,0.0,0.9249962494668882,quote_mid;trade_last;iv_solved;prev_iv_model
2026-05-15 15:52:00+00:00,13.775,20260618,C,15.0,1.9,2.05,1.9749999999999999,1.95,0.0,2952480.0,1.4467398101909317,1.9750000000000014,0.045,0.0,1.9577008830040263,quote_mid;trade_last;iv_solved;prev_iv_model
2026-05-15 15:52:00+00:00,13.775,20260618,C,20.0,0.9,0.95,0.925,0.9,0.0,2952480.0,1.521233040345948,0.9249999999999994,0.045,0.0,0.929320268949005,quote_mid;trade_last;iv_solved;prev_iv_model
2026-05-15 15:52:10+00:00,13.765,20260618,C,15.0,1.9,2.0,1.95,1.95,0.0,2952470.0,1.4349212758586,1.9500000000000002,0.045,0.0,1.9698459425922268,quote_mid;trade_last;iv_solved;prev_iv_model
2026-05-15 15:52:10+00:00,13.765,20260618,C,20.0,0.9,0.95,0.925,0.9,0.0,2952470.0,1.523238846738118,0.9250000000000012,0.045,0.0,0.9221191459885412,quote_mid;trade_last;iv_solved;prev_iv_model
2026-05-15 15:52:20+00:00,13.72,20260618,C,15.0,1.9,2.0,1.95,1.95,0.0,2952460.0,1.448682190429082,1.950000000000001,0.045,0.0,1.9269627646378478,quote_mid;trade_last;iv_solved;prev_iv_model
2026-05-15 15:52:20+00:00,13.72,20260618,C,20.0,0.9,0.95,0.925,0.9,0.0,2952460.0,1.5322706809505235,0.9249999999999998,0.045,0.0,0.9120943531476984,quote_mid;trade_last;iv_solved;prev_iv_model
2026-05-15 15:52:30+00:00,13.7,20260618,C,15.0,1.9,2.0,1.95,1.95,0.0,2952450.0,1.4548015715103277,1.9499999999999993,0.045,0.0,1.9397703246672355,quote_mid;trade_last;iv_solved;prev_iv_model
2026-05-15 15:52:30+00:00,13.7,20260618,C,20.0,0.9,0.95,0.925,0.9,0.0,2952450.0,1.536294130170306,0.925000000000002,0.045,0.0,0.9192551052435332,quote_mid;trade_last;iv_solved;prev_iv_model
2026-05-15 15:52:40+00:00,13.71,20260618,C,15.0,1.9,2.0,1.95,1.95,0.0,2952440.0,1.4517454647677264,1.950000000000001,0.045,0.0,1.9551122641638248,quote_mid;trade_last;iv_solved;prev_iv_model
2026-05-15 15:52:40+00:00,13.71,20260618,C,20.0,0.9,0.95,0.925,0.9,0.0,2952440.0,1.534285741450811,0.9249999999999998,0.045,0.0,0.9278733643175561,quote_mid;trade_last;iv_solved;prev_iv_model
2026-05-15 15:52:50+00:00,13.715,20260618,C,15.0,1.9,2.0,1.95,1.95,0.0,2952430.0,1.4502187826181183,1.9499999999999993,0.045,0.0,1.9525547528566696,quote_mid;trade_last;iv_solved;prev_iv_model
2026-05-15 15:52:50+00:00,13.715,20260618,C,20.0,0.9,0.95,0.925,0.9,0.0,2952430.0,1.5332833119107088,0.9249999999999989,0.045,0.0,0.9264344889515077,quote_mid;trade_last;iv_solved;prev_iv_model
2026-05-15 15:53:00+00:00,13.7288,20260618,C,15.0,1.9,2.0,1.95,1.95,0.0,2952420.0,1.446001145611949,1.9499999999999993,0.045,0.0,1.9570645793957722,quote_mid;trade_last;iv_solved;prev_iv_model
2026-05-15 15:53:00+00:00,13.7288,20260618,C,20.0,0.9,0.95,0.925,0.9,0.0,2952420.0,1.5305135405233403,0.9249999999999994,0.045,0.0,0.9289695048604352,quote_mid;trade_last;iv_solved;prev_iv_model
2026-05-15 15:53:10+00:00,13.71,20260618,C,15.0,1.9,2.0,1.95,1.95,0.0,2952410.0,1.451752970079761,1.950000000000001,0.045,0.0,1.9403780302024254,quote_mid;trade_last;iv_solved;prev_iv_model
2026-05-15 15:53:10+00:00,13.71,20260618,C,20.0,0.9,0.95,0.925,0.9,0.0,2952410.0,1.534293626819701,0.9249999999999998,0.045,0.0,0.9195978244245322,quote_mid;trade_last;iv_solved;prev_iv_model
2026-05-15 15:53:20+00:00,13.7099,20260618,C,15.0,1.9,2.05,1.9749999999999999,1.95,0.0,2952400.0,1.4667320205388856,1.9749999999999996,0.045,0.0,1.949944652903758,quote_mid;trade_last;iv_solved;prev_iv_model
2026-05-15 15:53:20+00:00,13.7099,20260618,C,20.0,0.9,0.95,0.925,0.9,0.0,2952400.0,1.5343163596485074,0.9250000000000003,0.045,0.0,0.9249674894738202,quote_mid;trade_last;iv_solved;prev_iv_model
2026-05-15 15:53:30+00:00,13.75,20260618,C,15.0,1.9,2.05,1.9749999999999999,1.95,0.0,2952390.0,1.4544305271416076,1.9749999999999988,0.045,0.0,1.995631817755906,quote_mid;trade_last;iv_solved;prev_iv_model
2026-05-15 15:53:30+00:00,13.75,20260618,C,20.0,0.9,0.95,0.925,0.9,0.0,2952390.0,1.5262668039659566,0.9250000000000003,0.045,0.0,0.9365682461857405,quote_mid;trade_last;iv_solved;prev_iv_model
2026-05-15 15:53:40+00:00,13.74,20260618,C,15.0,1.9,2.05,1.9749999999999999,1.95,0.0,2952380.0,1.4575008773197675,1.9750000000000014,0.045,0.0,1.9698536689362776,quote_mid;trade_last;iv_solved;prev_iv_model
2026-05-15 15:53:40+00:00,13.74,20260618,C,20.0,0.9,0.95,0.925,0.9,0.0,2952380.0,1.528275637928377,0.9249999999999998,0.045,0.0,0.9221209223144231,quote_mid;trade_last;iv_solved;prev_iv_model
2026-05-15 15:53:50+00:00,13.74,20260618,C,15.0,1.9,2.05,1.9749999999999999,1.95,0.0,2952370.0,1.4575033890129658,1.9750000000000014,0.045,0.0,1.9749957901267159,quote_mid;trade_last;iv_solved;prev_iv_model
2026-05-15 15:53:50+00:00,13.74,20260618,C,20.0,0.9,0.95,0.925,0.9,0.0,2952370.0,1.52827825628454,0.9249999999999989,0.045,0.0,0.9249962459365153,quote_mid;trade_last;iv_solved;prev_iv_model
2026-05-15 15:54:00+00:00,13.71,20260618,C,15.0,1.9,2.05,1.9749999999999999,1.95,0.0,2952360.0,1.4667114389286806,1.9750000000000014,0.045,0.0,1.9595981519944958,quote_mid;trade_last;iv_solved;prev_iv_model
2026-05-15 15:54:00+00:00,13.71,20260618,C,20.0,0.9,0.95,0.925,0.9,0.0,2952360.0,1.534306769367245,0.9249999999999994,0.045,0.0,0.9163883087861353,quote_mid;trade_last;iv_solved;prev_iv_model
2026-05-15 15:54:10+00:00,13.71,20260618,C,15.0,1.9,2.05,1.9749999999999999,1.95,0.0,2952350.0,1.4667139660905737,1.9750000000000005,0.045,0.0,1.97499577312845,quote_mid;trade_last;iv_solved;prev_iv_model
2026-05-15 15:54:10+00:00,13.71,20260618,C,20.0,0.9,0.95,0.925,0.9,0.0,2952350.0,1.534309397916663,0.9249999999999989,0.045,0.0,0.924996240861895,quote_mid;trade_last;iv_solved;prev_iv_model
2026-05-15 15:54:20+00:00,13.7306,20260618,C,15.0,1.9,2.05,1.9749999999999999,1.95,0.0,2952340.0,1.4603950090529012,1.9750000000000014,0.045,0.0,1.985583899802112,quote_mid;trade_last;iv_solved;prev_iv_model
2026-05-15 15:54:20+00:00,13.7306,20260618,C,20.0,0.9,0.95,0.925,0.9,0.0,2952340.0,1.5301730648940035,0.9249999999999994,0.045,0.0,0.9309303340304291,quote_mid;trade_last;iv_solved;prev_iv_model
2026-05-15 15:54:30+00:00,13.7306,20260618,C,15.0,1.9,2.05,1.9749999999999999,1.95,0.0,2952330.0,1.4603975256350523,1.9750000000000014,0.045,0.0,1.9749957847392965,quote_mid;trade_last;iv_solved;prev_iv_model
2026-05-15 15:54:30+00:00,13.7306,20260618,C,20.0,0.9,0.95,0.925,0.9,0.0,2952330.0,1.5301756864867944,0.9250000000000007,0.045,0.0,0.9249962443014024,quote_mid;trade_last;iv_solved;prev_iv_model
2026-05-15 15:54:40+00:00,13.7268,20260618,C,15.0,1.9,2.05,1.9749999999999999,1.95,0.0,2952320.0,1.461566035688477,1.9749999999999996,0.045,0.0,1.9730432664334172,quote_mid;trade_last;iv_solved;prev_iv_model
2026-05-15 15:54:40+00:00,13.7268,20260618,C,20.0,0.9,0.95,0.925,0.9,0.0,2952320.0,1.5309414233965781,0.9250000000000003,0.045,0.0,0.9239035150480577,quote_mid;trade_last;iv_solved;prev_iv_model
2026-05-15 15:54:50+00:00,13.7,20260618,C,15.0,1.9,2.05,1.9749999999999999,1.95,0.0,2952310.0,1.4697933137301842,1.9749999999999996,0.045,0.0,1.9612485238532997,quote_mid;trade_last;iv_solved;prev_iv_model
2026-05-15 15:54:50+00:00,13.7,20260618,C,20.0,0.9,0.95,0.925,0.9,1.0,2952310.0,1.536330976898634,0.9250000000000007,0.045,0.0,0.9173066829179768,quote_mid;trade_last;iv_solved;prev_iv_model
2026-05-15 15:55:00+00:00,13.63,20260618,C,15.0,1.9,2.05,1.9749999999999999,1.95,0.0,2952300.0,1.49129162207202,1.9749999999999996,0.045,0.0,1.9392432934065562,quote_mid;trade_last;iv_solved;prev_iv_model
2026-05-15 15:55:00+00:00,13.63,20260618,C,20.0,0.8,0.9,0.8500000000000001,0.9,20.0,2952300.0,1.497093805155182,0.8500000000000001,0.045,0.0,0.9050045351316625,quote_mid;trade_last;iv_solved;prev_iv_model
2026-05-15 15:55:10+00:00,13.635,20260618,C,15.0,1.9,2.05,1.9749999999999999,1.95,0.0,2952290.0,1.4897580837125175,1.9750000000000005,0.045,0.0,1.9775513211798037,quote_mid;trade_last;iv_solved;prev_iv_model
2026-05-15 15:55:10+00:00,13.635,20260618,C,20.0,0.8,0.95,0.875,0.9,0.0,2952290.0,1.514012477944568,0.875,0.045,0.0,0.8513701940534686,quote_mid;trade_last;iv_solved;prev_iv_model
2026-05-15 15:55:20+00:00,13.6528,20260618,C,15.0,1.9,2.05,1.9749999999999999,1.95,0.0,2952280.0,1.4842930023939092,1.9749999999999988,0.045,0.0,1.9841035233004867,quote_mid;trade_last;iv_solved;prev_iv_model
2026-05-15 15:55:20+00:00,13.6528,20260618,C,20.0,0.8,0.95,0.875,0.9,0.0,2952280.0,1.5104755317561094,0.875,0.045,0.0,0.8799682504222339,quote_mid;trade_last;iv_solved;prev_iv_model
2026-05-15 15:55:30+00:00,13.635,20260618,C,15.0,1.9,2.05,1.9749999999999999,1.95,0.0,2952270.0,1.489763215513399,1.9750000000000005,0.045,0.0,1.965899080493883,quote_mid;trade_last;iv_solved;prev_iv_model
2026-05-15 15:55:30+00:00,13.635,20260618,C,20.0,0.8,0.95,0.875,0.9,0.0,2952270.0,1.5140176658381166,0.8750000000000009,0.045,0.0,0.8700391623565324,quote_mid;trade_last;iv_solved;prev_iv_model
2026-05-15 15:55:40+00:00,13.64,20260618,C,15.0,1.9,2.05,1.9749999999999999,1.95,0.0,2952260.0,1.4882297793163204,1.9750000000000005,0.045,0.0,1.9775520475736643,quote_mid;trade_last;iv_solved;prev_iv_model
2026-05-15 15:55:40+00:00,13.64,20260618,C,20.0,0.85,0.95,0.8999999999999999,0.9,0.0,2952260.0,1.530792184507955,0.8999999999999995,0.045,0.0,0.8763912593485959,quote_mid;trade_last;iv_solved;prev_iv_model
2026-05-15 15:55:50+00:00,13.67,20260618,C,15.0,1.9,2.05,1.9749999999999999,1.95,0.0,2952250.0,1.4790185916139085,1.9750000000000005,0.045,0.0,1.9903620422458603,quote_mid;trade_last;iv_solved;prev_iv_model
2026-05-15 15:55:50+00:00,13.67,20260618,C,20.0,0.85,0.95,0.8999999999999999,0.9,0.0,2952250.0,1.5247879822675592,0.9000000000000012,0.045,0.0,0.9085100227273459,quote_mid;trade_last;iv_solved;prev_iv_model
2026-05-15 15:56:00+00:00,13.67,20260618,C,15.0,1.9,2.05,1.9749999999999999,1.95,0.0,2952240.0,1.479021139519908,1.9749999999999988,0.045,0.0,1.9749957505393319,quote_mid;trade_last;iv_solved;prev_iv_model
2026-05-15 15:56:00+00:00,13.67,20260618,C,20.0,0.85,0.95,0.8999999999999999,0.9,0.0,2952240.0,1.524790594640847,0.8999999999999999,0.045,0.0,0.8999963017010484,quote_mid;trade_last;iv_solved;prev_iv_model
2026-05-15 15:56:10+00:00,13.675,20260618,C,15.0,1.9,2.05,1.9749999999999999,1.95,0.0,2952230.0,1.4774884225497038,1.9749999999999996,0.045,0.0,1.9775571876781024,quote_mid;trade_last;iv_solved;prev_iv_model
2026-05-15 15:56:10+00:00,13.675,20260618,C,20.0,0.85,0.95,0.8999999999999999,0.9,0.0,2952230.0,1.5237931271816039,0.9000000000000004,0.045,0.0,0.9014129729759253,quote_mid;trade_last;iv_solved;prev_iv_model
2026-05-15 15:56:20+00:00,13.67,20260618,C,15.0,1.9,2.05,1.9749999999999999,1.95,0.0,2952220.0,1.479026235370522,1.9749999999999979,0.045,0.0,1.9724351894057186,quote_mid;trade_last;iv_solved;prev_iv_model
2026-05-15 15:56:20+00:00,13.67,20260618,C,20.0,0.85,0.95,0.8999999999999999,0.9,0.0,2952220.0,1.524795819427088,0.8999999999999995,0.045,0.0,0.8985807856801573,quote_mid;trade_last;iv_solved;prev_iv_model
2026-05-15 15:56:30+00:00,13.71,20260618,C,15.0,1.9,2.05,1.9749999999999999,1.95,0.0,2952210.0,1.4667493476975277,1.9749999999999996,0.045,0.0,1.9955323166227235,quote_mid;trade_last;iv_solved;prev_iv_model
2026-05-15 15:56:30+00:00,13.71,20260618,C,20.0,0.85,0.95,0.8999999999999999,0.9,0.0,2952210.0,1.516806203613752,0.9000000000000004,0.045,0.0,0.9113668320919905,quote_mid;trade_last;iv_solved;prev_iv_model
2026-05-15 15:56:40+00:00,13.705,20260618,C,15.0,1.9,2.05,1.9749999999999999,1.95,0.0,2952200.0,1.4682864772214383,1.9749999999999988,0.045,0.0,1.97242998559524,quote_mid;trade_last;iv_solved;prev_iv_model
2026-05-15 15:56:40+00:00,13.705,20260618,C,20.0,0.85,0.95,0.8999999999999999,0.9,0.0,2952200.0,1.517806780768813,0.9000000000000012,0.045,0.0,0.8985795724841146,quote_mid;trade_last;iv_solved;prev_iv_model
2026-05-15 15:56:50+00:00,13.71,20260618,C,15.0,1.9,2.05,1.9749999999999999,1.95,0.0,2952190.0,1.4667544024170742,1.9749999999999988,0.045,0.0,1.9775624242074725,quote_mid;trade_last;iv_solved;prev_iv_model
2026-05-15 15:56:50+00:00,13.71,20260618,C,20.0,0.85,0.95,0.8999999999999999,0.9,0.0,2952190.0,1.5168114015085927,0.8999999999999999,0.045,0.0,0.9014141977562602,quote_mid;trade_last;iv_solved;prev_iv_model
2026-05-15 15:57:00+00:00,13.7,20260618,C,15.0,1.9,2.05,1.9749999999999999,1.95,0.0,2952180.0,1.4698262356059106,1.9749999999999996,0.045,0.0,1.9698658191487182,quote_mid;trade_last;iv_solved;prev_iv_model
2026-05-15 15:57:00+00:00,13.7,20260618,C,20.0,0.85,0.95,0.8999999999999999,0.9,0.0,2952180.0,1.5188102634428424,0.899999999999999,0.045,0.0,0.897164167219052,quote_mid;trade_last;iv_solved;prev_iv_model
2026-05-15 15:57:10+00:00,13.7,20260618,C,15.0,1.9,2.05,1.9749999999999999,1.95,0.0,2952170.0,1.4698287681474436,1.9750000000000023,0.045,0.0,1.9749957672438097,quote_mid;trade_last;iv_solved;prev_iv_model
2026-05-15 15:57:10+00:00,13.7,20260618,C,20.0,0.85,0.95,0.8999999999999999,0.9,0.0,2952170.0,1.5188128657914506,0.8999999999999999,0.045,0.0,0.8999963065486636,quote_mid;trade_last;iv_solved;prev_iv_model
2026-05-15 15:57:20+00:00,13.65,20260618,C,15.0,1.9,2.05,1.9749999999999999,1.95,0.0,2952160.0,1.4851836889830068,1.9750000000000005,0.045,0.0,1.9494258312968986,quote_mid;trade_last;iv_solved;prev_iv_model
2026-05-15 15:57:20+00:00,13.65,20260618,C,20.0,0.85,0.95,0.8999999999999999,0.9,0.0,2952160.0,1.5288148895918603,0.8999999999999995,0.045,0.0,0.8858922684475847,quote_mid;trade_last;iv_solved;prev_iv_model
2026-05-15 15:57:30+00:00,13.65,20260618,C,15.0,1.9,2.05,1.9749999999999999,1.95,0.0,2952150.0,1.4851862473124133,1.9750000000000005,0.045,0.0,1.9749957392763795,quote_mid;trade_last;iv_solved;prev_iv_model
2026-05-15 15:57:30+00:00,13.65,20260618,C,20.0,0.85,0.95,0.8999999999999999,0.9,0.0,2952150.0,1.5288175088393814,0.9000000000000012,0.045,0.0,0.8999962983118452,quote_mid;trade_last;iv_solved;prev_iv_model
2026-05-15 15:57:40+00:00,13.645,20260618,C,15.0,1.9,2.05,1.9749999999999999,1.95,0.0,2952140.0,1.4867246183221976,1.9749999999999988,0.045,0.0,1.9724388475829135,quote_mid;trade_last;iv_solved;prev_iv_model
2026-05-15 15:57:40+00:00,13.645,20260618,C,20.0,0.85,0.95,0.8999999999999999,0.9,0.0,2952140.0,1.529821739498595,0.8999999999999995,0.045,0.0,0.8985816391090333,quote_mid;trade_last;iv_solved;prev_iv_model
2026-05-15 15:57:50+00:00,13.65,20260618,C,15.0,1.9,2.05,1.9749999999999999,1.95,0.0,2952130.0,1.4851913640100025,1.9749999999999996,0.045,0.0,1.9775535057977232,quote_mid;trade_last;iv_solved;prev_iv_model
2026-05-15 15:57:50+00:00,13.65,20260618,C,20.0,0.85,0.95,0.8999999999999999,0.9,0.0,2952130.0,1.5288227473741927,0.899999999999999,0.045,0.0,0.9014121109858251,quote_mid;trade_last;iv_solved;prev_iv_model
2026-05-15 15:58:00+00:00,13.67,20260618,C,15.0,1.9,2.05,1.9749999999999999,1.95,0.0,2952120.0,1.4790517153959413,1.9750000000000014,0.045,0.0,1.9852393721047585,quote_mid;trade_last;iv_solved;prev_iv_model
2026-05-15 15:58:00+00:00,13.67,20260618,C,20.0,0.85,0.95,0.8999999999999999,0.9,0.0,2952120.0,1.524821944151657,0.9000000000000004,0.045,0.0,0.9056681858416407,quote_mid;trade_last;iv_solved;prev_iv_model
2026-05-15 15:58:10+00:00,13.67,20260618,C,15.0,1.9,2.0,1.95,2.0,3.0,2952110.0,1.4640652805921799,1.9499999999999984,0.045,0.0,1.9749957503537692,quote_mid;trade_last;iv_solved;prev_iv_model
2026-05-15 15:58:10+00:00,13.67,20260618,C,20.0,0.85,0.95,0.8999999999999999,0.9,0.0,2952110.0,1.5248245566968426,0.8999999999999999,0.045,0.0,0.899996301539407,quote_mid;trade_last;iv_solved;prev_iv_model
2026-05-15 15:58:20+00:00,13.6797,20260618,C,15.0,1.9,2.0,1.95,2.0,0.0,2952100.0,1.4610997335596339,1.9499999999999984,0.045,0.0,1.9549498530725424,quote_mid;trade_last;iv_solved;prev_iv_model
2026-05-15 15:58:20+00:00,13.6797,20260618,C,20.0,0.85,0.95,0.8999999999999999,0.9,0.0,2952100.0,1.5228872472727737,0.8999999999999999,0.045,0.0,0.9027458532913109,quote_mid;trade_last;iv_solved;prev_iv_model
2026-05-15 15:58:30+00:00,13.7,20260618,C,15.0,1.9,2.0,1.95,1.9,8.0,2952090.0,1.454891827038891,1.950000000000001,0.045,0.0,1.9603765094430745,quote_mid;trade_last;iv_solved;prev_iv_model
2026-05-15 15:58:30+00:00,13.7,20260618,C,20.0,0.85,0.95,0.8999999999999999,0.9,0.0,2952090.0,1.5188336850544801,0.8999999999999995,0.045,0.0,0.9057575992712947,quote_mid;trade_last;iv_solved;prev_iv_model
2026-05-15 15:58:40+00:00,13.71,20260618,C,15.0,1.9,2.0,1.95,1.9,0.0,2952080.0,1.4518355360188413,1.950000000000001,0.045,0.0,1.9551122608259668,quote_mid;trade_last;iv_solved;prev_iv_model
2026-05-15 15:58:40+00:00,13.71,20260618,C,20.0,0.85,0.95,0.8999999999999999,0.9,0.0,2952080.0,1.5168399908707637,0.9000000000000012,0.045,0.0,0.9028330655251251,quote_mid;trade_last;iv_solved;prev_iv_model
2026-05-15 15:58:50+00:00,13.72,20260618,C,15.0,1.9,2.0,1.95,1.9,0.0,2952070.0,1.4487795672740753,1.9499999999999993,0.045,0.0,1.9551153237329144,quote_mid;trade_last;iv_solved;prev_iv_model
2026-05-15 15:58:50+00:00,13.72,20260618,C,20.0,0.85,0.95,0.8999999999999999,0.9,0.0,2952070.0,1.5148474876622893,0.9000000000000008,0.045,0.0,0.9028337709065921,quote_mid;trade_last;iv_solved;prev_iv_model
2026-05-15 15:59:00+00:00,13.72,20260618,C,15.0,1.9,2.0,1.95,1.9,0.0,2952060.0,1.448782064368507,1.9500000000000002,0.045,0.0,1.9499958201166132,quote_mid;trade_last;iv_solved;prev_iv_model
2026-05-15 15:59:00+00:00,13.72,20260618,C,20.0,0.85,0.95,0.8999999999999999,0.9,0.0,2952060.0,1.5148500834208591,0.8999999999999999,0.045,0.0,0.8999963097145058,quote_mid;trade_last;iv_solved;prev_iv_model
2026-05-15 15:59:10+00:00,13.73,20260618,C,15.0,1.9,2.0,1.95,1.9,0.0,2952050.0,1.4457264002748924,1.9500000000000002,0.045,0.0,1.9551184028733193,quote_mid;trade_last;iv_solved;prev_iv_model
2026-05-15 15:59:10+00:00,13.73,20260618,C,20.0,0.85,0.95,0.8999999999999999,0.9,0.0,2952050.0,1.512858764772604,0.9000000000000004,0.045,0.0,0.9028344797954406,quote_mid;trade_last;iv_solved;prev_iv_model
2026-05-15 15:59:20+00:00,13.72,20260618,C,15.0,1.9,2.0,1.95,1.9,0.0,2952040.0,1.4487870585952125,1.9500000000000002,0.045,0.0,1.9448767187976443,quote_mid;trade_last;iv_solved;prev_iv_model
2026-05-15 15:59:20+00:00,13.72,20260618,C,20.0,0.85,0.95,0.8999999999999999,0.9,0.0,2952040.0,1.514855274977414,0.9000000000000008,0.045,0.0,0.8971627601512355,quote_mid;trade_last;iv_solved;prev_iv_model
2026-05-15 15:59:30+00:00,13.68,20260618,C,15.0,1.9,2.0,1.95,1.9,0.0,2952030.0,1.4610255665650116,1.9499999999999993,0.045,0.0,1.9295711097581796,quote_mid;trade_last;iv_solved;prev_iv_model
2026-05-15 15:59:30+00:00,13.68,20260618,C,20.0,0.85,0.95,0.8999999999999999,0.9,0.0,2952030.0,1.5228455324619299,0.8999999999999995,0.045,0.0,0.8886968801393444,quote_mid;trade_last;iv_solved;prev_iv_model
2026-05-15 15:59:40+00:00,13.652,20260618,C,15.0,1.9,2.0,1.95,1.9,0.0,2952020.0,1.4695967782846728,1.9500000000000002,0.045,0.0,1.9357214297606138,quote_mid;trade_last;iv_solved;prev_iv_model
2026-05-15 15:59:40+00:00,13.652,20260618,C,20.0,0.85,0.95,0.8999999999999999,0.9,0.0,2952020.0,1.528450992747751,0.8999999999999999,0.045,0.0,0.892085541344739,quote_mid;trade_last;iv_solved;prev_iv_model
2026-05-15 15:59:50+00:00,13.68,20260618,C,15.0,1.9,2.0,1.95,1.95,20.0,2952010.0,1.4610306019275132,1.9499999999999984,0.045,0.0,1.9642977397127614,quote_mid;trade_last;iv_solved;prev_iv_model
2026-05-15 15:59:50+00:00,13.68,20260618,C,20.0,0.85,0.95,0.8999999999999999,0.9,0.0,2952010.0,1.5228507510540754,0.9000000000000004,0.045,0.0,0.9079432627809596,quote_mid;trade_last;iv_solved;prev_iv_model
2026-05-15 16:00:00+00:00,13.69,20260618,C,15.0,1.9,2.0,1.95,1.95,0.0,2952000.0,1.4579735778737595,1.950000000000001,0.045,0.0,1.9551061827183487,quote_mid;trade_last;iv_solved;prev_iv_model
2026-05-15 16:00:00+00:00,13.69,20260618,C,20.0,0.85,0.95,0.8999999999999999,0.9,0.0,2952000.0,1.5208546321192369,0.8999999999999995,0.045,0.0,0.9028316649288528,quote_mid;trade_last;iv_solved;prev_iv_model
2026-05-15 16:00:10+00:00,13.67,20260618,C,15.0,1.9,2.0,1.95,1.95,0.0,2951990.0,1.4640955539227725,1.9500000000000002,0.045,0.0,1.9397885791740963,quote_mid;trade_last;iv_solved;prev_iv_model
2026-05-15 16:00:10+00:00,13.67,20260618,C,20.0,0.85,0.95,0.8999999999999999,0.9,0.0,2951990.0,1.5248559082705335,0.8999999999999995,0.045,0.0,0.8943401309053098,quote_mid;trade_last;iv_solved;prev_iv_model
2026-05-15 16:00:20+00:00,13.7,20260618,C,15.0,1.9,2.0,1.95,1.95,0.0,2951980.0,1.4549194083910075,1.950000000000001,0.045,0.0,1.965337438343158,quote_mid;trade_last;iv_solved;prev_iv_model
2026-05-15 16:00:20+00:00,13.7,20260618,C,20.0,0.85,0.95,0.8999999999999999,0.9,0.0,2951980.0,1.5188623129176726,0.8999999999999995,0.045,0.0,0.9085162327870511,quote_mid;trade_last;iv_solved;prev_iv_model
2026-05-15 16:00:30+00:00,13.68,20260618,C,15.0,1.9,2.0,1.95,1.95,0.0,2951970.0,1.46104067280515,1.9499999999999993,0.045,0.0,1.9397825292107083,quote_mid;trade_last;iv_solved;prev_iv_model
2026-05-15 16:00:30+00:00,13.68,20260618,C,20.0,0.85,0.95,0.8999999999999999,0.9,0.0,2951970.0,1.5228611883968597,0.8999999999999995,0.045,0.0,0.8943387433969123,quote_mid;trade_last;iv_solved;prev_iv_model
2026-05-15 16:00:40+00:00,13.69,20260618,C,15.0,1.9,2.0,1.95,1.95,0.0,2951960.0,1.4579836282670295,1.9499999999999993,0.045,0.0,1.9551061823497724,quote_mid;trade_last;iv_solved;prev_iv_model
2026-05-15 16:00:40+00:00,13.69,20260618,C,20.0,0.85,0.95,0.8999999999999999,0.9,0.0,2951960.0,1.5208650560238661,0.9000000000000008,0.045,0.0,0.902831664740924,quote_mid;trade_last;iv_solved;prev_iv_model
2026-05-15 16:00:50+00:00,13.72,20260618,C,15.0,1.9,2.0,1.95,1.95,0.0,2951950.0,1.4488095332398019,1.950000000000001,0.045,0.0,1.9653556031620605,quote_mid;trade_last;iv_solved;prev_iv_model
2026-05-15 16:00:50+00:00,13.72,20260618,C,20.0,0.85,0.95,0.8999999999999999,0.9,0.0,2951950.0,1.514878637632287,0.8999999999999999,0.045,0.0,0.9085204276110419,quote_mid;trade_last;iv_solved;prev_iv_model
2026-05-15 16:01:00+00:00,13.7,20260618,C,15.0,1.9,2.0,1.95,1.95,0.0,2951940.0,1.4549294383536049,1.9499999999999984,0.045,0.0,1.9397703320072033,quote_mid;trade_last;iv_solved;prev_iv_model
2026-05-15 16:01:00+00:00,13.7,20260618,C,20.0,0.85,0.95,0.8999999999999999,0.9,0.0,2951940.0,1.518872723444944,0.8999999999999999,0.045,0.0,0.8943359471666046,quote_mid;trade_last;iv_solved;prev_iv_model
2026-05-15 16:01:10+00:00,13.7,20260618,C,15.0,1.9,2.0,1.95,1.95,0.0,2951930.0,1.4549319458759231,1.9499999999999993,0.045,0.0,1.9499958086846885,quote_mid;trade_last;iv_solved;prev_iv_model
2026-05-15 16:01:10+00:00,13.7,20260618,C,20.0,0.85,0.95,0.8999999999999999,0.9,0.0,2951930.0,1.5188753261096966,0.8999999999999999,0.045,0.0,0.8999963062506406,quote_mid;trade_last;iv_solved;prev_iv_model
2026-05-15 16:01:20+00:00,13.7,20260618,C,15.0,1.9,2.0,1.95,1.95,0.0,2951920.0,1.4549344534109099,1.950000000000001,0.045,0.0,1.9499958086706117,quote_mid;trade_last;iv_solved;prev_iv_model
2026-05-15 16:01:20+00:00,13.7,20260618,C,20.0,0.85,0.95,0.8999999999999999,0.9,0.0,2951920.0,1.518877928787623,0.9000000000000008,0.045,0.0,0.8999963062382221,quote_mid;trade_last;iv_solved;prev_iv_model
2026-05-15 16:01:30+00:00,13.7,20260618,C,15.0,1.9,2.0,1.95,1.95,0.0,2951910.0,1.4549369609585634,1.9499999999999993,0.045,0.0,1.9499958086565368,quote_mid;trade_last;iv_solved;prev_iv_model
2026-05-15 16:01:30+00:00,13.7,20260618,C,20.0,0.85,0.95,0.8999999999999999,0.9,0.0,2951910.0,1.5188805314787253,0.9000000000000026,0.045,0.0,0.8999963062258018,quote_mid;trade_last;iv_solved;prev_iv_model
2026-05-15 16:01:40+00:00,13.7,20260618,C,15.0,1.9,2.0,1.95,1.95,0.0,2951900.0,1.4549394685188854,1.9499999999999993,0.045,0.0,1.9499958086424583,quote_mid;trade_last;iv_solved;prev_iv_model
2026-05-15 16:01:40+00:00,13.7,20260618,C,20.0,0.85,0.95,0.8999999999999999,0.9,0.0,2951900.0,1.5188831341829991,0.8999999999999999,0.045,0.0,0.8999963062133829,quote_mid;trade_last;iv_solved;prev_iv_model
2026-05-15 16:01:50+00:00,13.69,20260618,C,15.0,1.9,2.0,1.95,1.95,0.0,2951890.0,1.4580012169439627,1.9499999999999993,0.045,0.0,1.9448858973667695,quote_mid;trade_last;iv_solved;prev_iv_model
2026-05-15 16:01:50+00:00,13.69,20260618,C,20.0,0.85,0.95,0.8999999999999999,0.9,0.0,2951890.0,1.5208832983648288,0.8999999999999999,0.045,0.0,0.8971648662440046,quote_mid;trade_last;iv_solved;prev_iv_model
2026-05-15 16:02:00+00:00,13.685,20260618,C,15.0,1.9,2.0,1.95,1.95,0.0,2951880.0,1.4595334858995908,1.9499999999999984,0.045,0.0,1.9474415469755133,quote_mid;trade_last;iv_solved;prev_iv_model
2026-05-15 16:02:00+00:00,13.685,20260618,C,20.0,0.85,0.95,0.8999999999999999,0.9,0.0,2951880.0,1.5218851381498935,0.8999999999999995,0.045,0.0,0.898580268542871,quote_mid;trade_last;iv_solved;prev_iv_model
2026-05-15 16:02:10+00:00,13.7,20260618,C,15.0,1.9,2.0,1.95,1.95,0.0,2951870.0,1.4549469912758606,1.950000000000001,0.045,0.0,1.9576660877681995,quote_mid;trade_last;iv_solved;prev_iv_model
2026-05-15 16:02:10+00:00,13.7,20260618,C,20.0,0.85,0.95,0.8999999999999999,0.9,0.0,2951870.0,1.518890942374873,0.8999999999999995,0.045,0.0,0.9042518603215228,quote_mid;trade_last;iv_solved;prev_iv_model
2026-05-15 16:02:20+00:00,13.68,20260618,C,15.0,1.9,2.0,1.95,1.95,0.0,2951860.0,1.4610683687680437,1.9499999999999984,0.045,0.0,1.9397825307797456,quote_mid;trade_last;iv_solved;prev_iv_model
2026-05-15 16:02:20+00:00,13.68,20260618,C,20.0,0.85,0.95,0.8999999999999999,0.9,0.0,2951860.0,1.522889892179197,0.9000000000000004,0.045,0.0,0.8943387440192696,quote_mid;trade_last;iv_solved;prev_iv_model
2026-05-15 16:02:30+00:00,13.68,20260618,C,15.0,1.9,2.0,1.95,1.95,0.0,2951850.0,1.4610708866591757,1.9499999999999984,0.045,0.0,1.9499957973779116,quote_mid;trade_last;iv_solved;prev_iv_model
2026-05-15 16:02:30+00:00,13.68,20260618,C,20.0,0.85,0.95,0.8999999999999999,0.9,0.0,2951850.0,1.5228925016932084,0.8999999999999995,0.045,0.0,0.8999963028586504,quote_mid;trade_last;iv_solved;prev_iv_model
2026-05-15 16:02:40+00:00,13.67,20260618,C,15.0,1.9,2.0,1.95,1.95,0.0,2951840.0,1.4641333981670281,1.9499999999999984,0.045,0.0,1.944891935064919,quote_mid;trade_last;iv_solved;prev_iv_model
2026-05-15 16:02:40+00:00,13.67,20260618,C,20.0,0.85,0.95,0.8999999999999999,0.9,0.0,2951840.0,1.5248951004157272,0.8999999999999999,0.045,0.0,0.8971662525326645,quote_mid;trade_last;iv_solved;prev_iv_model
2026-05-15 16:02:50+00:00,13.67,20260618,C,15.0,1.9,2.0,1.95,1.95,0.0,2951830.0,1.4641359212186198,1.9499999999999993,0.045,0.0,1.949995791773258,quote_mid;trade_last;iv_solved;prev_iv_model
2026-05-15 16:02:50+00:00,13.67,20260618,C,20.0,0.85,0.95,0.8999999999999999,0.9,0.0,2951830.0,1.5248977133312165,0.9000000000000017,0.045,0.0,0.8999963011912135,quote_mid;trade_last;iv_solved;prev_iv_model
2026-05-15 16:03:00+00:00,13.69,20260618,C,15.0,1.9,2.0,1.95,1.95,0.0,2951820.0,1.4580188062429196,1.9500000000000002,0.045,0.0,1.960217049080602,quote_mid;trade_last;iv_solved;prev_iv_model
2026-05-15 16:03:00+00:00,13.69,20260618,C,20.0,0.85,0.95,0.8999999999999999,0.9,0.0,2951820.0,1.5209015413521865,0.9000000000000012,0.045,0.0,0.9056709455726244,quote_mid;trade_last;iv_solved;prev_iv_model
2026-05-15 16:03:10+00:00,13.65,20260618,C,15.0,1.9,1.95,1.9249999999999998,1.95,0.0,2951810.0,1.4552526516621267,1.9249999999999998,0.045,0.0,1.9296075224140115,quote_mid;trade_last;iv_solved;prev_iv_model
2026-05-15 16:03:10+00:00,13.65,20260618,C,20.0,0.85,0.95,0.8999999999999999,0.9,0.0,2951810.0,1.5289065711440442,0.8999999999999999,0.045,0.0,0.8887052110297304,quote_mid;trade_last;iv_solved;prev_iv_model
2026-05-15 16:03:20+00:00,13.65,20260618,C,15.0,1.9,1.95,1.9249999999999998,1.95,0.0,2951800.0,1.455255159606962,1.9250000000000007,0.045,0.0,1.9249958225442887,quote_mid;trade_last;iv_solved;prev_iv_model
2026-05-15 16:03:20+00:00,13.65,20260618,C,20.0,0.85,0.95,0.8999999999999999,0.9,0.0,2951800.0,1.5289091908556465,0.9000000000000008,0.045,0.0,0.8999962978762044,quote_mid;trade_last;iv_solved;prev_iv_model
2026-05-15 16:03:30+00:00,13.65,20260618,C,15.0,1.9,2.0,1.95,1.95,0.0,2951790.0,1.4702672102596326,1.9499999999999993,0.045,0.0,1.9249958225302564,quote_mid;trade_last;iv_solved;prev_iv_model
2026-05-15 16:03:30+00:00,13.65,20260618,C,20.0,0.85,0.95,0.8999999999999999,0.9,0.0,2951790.0,1.528911810580508,0.9000000000000004,0.045,0.0,0.8999962978637579,quote_mid;trade_last;iv_solved;prev_iv_model
2026-05-15 16:03:40+00:00,13.65,20260618,C,15.0,1.9,2.0,1.95,1.95,0.0,2951780.0,1.4702697436478154,1.9499999999999984,0.045,0.0,1.949995780590653,quote_mid;trade_last;iv_solved;prev_iv_model
2026-05-15 16:03:40+00:00,13.65,20260618,C,20.0,0.85,0.95,0.8999999999999999,0.9,0.0,2951780.0,1.5289144303186322,0.8999999999999999,0.045,0.0,0.899996297851307,quote_mid;trade_last;iv_solved;prev_iv_model
2026-05-15 16:03:50+00:00,13.65,20260618,C,15.0,1.9,2.0,1.95,1.95,0.0,2951770.0,1.4702722770488,1.9499999999999993,0.045,0.0,1.9499957805764767,quote_mid;trade_last;iv_solved;prev_iv_model
2026-05-15 16:03:50+00:00,13.65,20260618,C,20.0,0.85,0.95,0.8999999999999999,0.9,0.0,2951770.0,1.528917050070019,0.9000000000000012,0.045,0.0,0.8999962978388578,quote_mid;trade_last;iv_solved;prev_iv_model
2026-05-15 16:04:00+00:00,13.67,20260618,C,15.0,1.9,2.0,1.95,1.95,0.0,2951760.0,1.46415358293669,1.9499999999999993,0.045,0.0,1.9602050793908408,quote_mid;trade_last;iv_solved;prev_iv_model
2026-05-15 16:04:00+00:00,13.67,20260618,C,20.0,0.85,0.95,0.8999999999999999,0.9,0.0,2951760.0,1.5249160041099934,0.9000000000000008,0.045,0.0,0.9056681829169118,quote_mid;trade_last;iv_solved;prev_iv_model
2026-05-15 16:04:10+00:00,13.67,20260618,C,15.0,1.9,2.0,1.95,1.95,0.0,2951750.0,1.4641561060902628,1.9499999999999984,0.045,0.0,1.9499957916601733,quote_mid;trade_last;iv_solved;prev_iv_model
2026-05-15 16:04:10+00:00,13.67,20260618,C,20.0,0.85,0.95,0.8999999999999999,0.9,0.0,2951750.0,1.5249186171312985,0.8999999999999995,0.045,0.0,0.8999963010917185,quote_mid;trade_last;iv_solved;prev_iv_model
2026-05-15 16:04:20+00:00,13.68,20260618,C,15.0,1.9,2.0,1.95,1.95,0.0,2951740.0,1.4610985843012312,1.9499999999999984,0.045,0.0,1.9551031657875084,quote_mid;trade_last;iv_solved;prev_iv_model
2026-05-15 16:04:20+00:00,13.68,20260618,C,20.0,0.85,0.95,0.8999999999999999,0.9,0.0,2951740.0,1.5229212072191771,0.8999999999999999,0.045,0.0,0.9028309689042473,quote_mid;trade_last;iv_solved;prev_iv_model
2026-05-15 16:04:30+00:00,13.69,20260618,C,15.0,1.9,2.0,1.95,1.95,0.0,2951730.0,1.4580414219699187,1.9500000000000002,0.045,0.0,1.955106180230417,quote_mid;trade_last;iv_solved;prev_iv_model
2026-05-15 16:04:30+00:00,13.69,20260618,C,20.0,0.85,0.95,0.8999999999999999,0.9,0.0,2951730.0,1.5209249975715164,0.8999999999999995,0.045,0.0,0.9028316636602911,quote_mid;trade_last;iv_solved;prev_iv_model
2026-05-15 16:04:40+00:00,13.69,20260618,C,15.0,1.9,2.0,1.95,1.95,0.0,2951720.0,1.4580439348919532,1.9499999999999984,0.045,0.0,1.9499958027848034,quote_mid;trade_last;iv_solved;prev_iv_model
2026-05-15 16:04:40+00:00,13.69,20260618,C,20.0,0.85,0.95,0.8999999999999999,0.9,0.0,2951720.0,1.5209276038840747,0.9000000000000008,0.045,0.0,0.8999963043421815,quote_mid;trade_last;iv_solved;prev_iv_model
2026-05-15 16:04:50+00:00,13.68,20260618,C,15.0,1.9,2.0,1.95,1.95,0.0,2951710.0,1.4611061384707704,1.9499999999999993,0.045,0.0,1.9448889252522967,quote_mid;trade_last;iv_solved;prev_iv_model
2026-05-15 16:04:50+00:00,13.68,20260618,C,20.0,0.85,0.95,0.8999999999999999,0.9,0.0,2951710.0,1.5229290362764036,0.899999999999999,0.045,0.0,0.8971655614919496,quote_mid;trade_last;iv_solved;prev_iv_model
2026-05-15 16:05:00+00:00,13.67,20260618,C,15.0,1.9,2.0,1.95,1.95,0.0,2951700.0,1.4641687220493544,1.9500000000000002,0.045,0.0,1.9448919359570551,quote_mid;trade_last;iv_solved;prev_iv_model
2026-05-15 16:05:00+00:00,13.67,20260618,C,20.0,0.85,0.95,0.8999999999999999,0.9,0.0,2951700.0,1.524931682436247,0.9000000000000008,0.045,0.0,0.8971662528404685,quote_mid;trade_last;iv_solved;prev_iv_model
2026-05-15 16:05:10+00:00,13.68,20260618,C,15.0,1.9,2.0,1.95,1.95,0.0,2951690.0,1.461111174647408,1.9500000000000002,0.045,0.0,1.9551031653282012,quote_mid;trade_last;iv_solved;prev_iv_model
2026-05-15 16:05:10+00:00,13.68,20260618,C,20.0,0.85,0.95,0.8999999999999999,0.9,0.0,2951690.0,1.5229342557139414,0.899999999999999,0.045,0.0,0.9028309686696692,quote_mid;trade_last;iv_solved;prev_iv_model
2026-05-15 16:05:20+00:00,13.685,20260618,C,15.0,1.9,2.0,1.95,1.95,0.0,2951680.0,1.459583794285071,1.9499999999999993,0.045,0.0,1.9525501735724413,quote_mid;trade_last;iv_solved;prev_iv_model
2026-05-15 16:05:20+00:00,13.685,20260618,C,20.0,0.85,0.95,0.8999999999999999,0.9,0.0,2951680.0,1.5219372966755746,0.8999999999999995,0.045,0.0,0.9014133191037019,quote_mid;trade_last;iv_solved;prev_iv_model
2026-05-15 16:05:30+00:00,13.685,20260618,C,15.0,1.9,2.0,1.95,1.95,0.0,2951670.0,1.4595863098377904,1.9500000000000002,0.045,0.0,1.9499957999173327,quote_mid;trade_last;iv_solved;prev_iv_model
2026-05-15 16:05:30+00:00,13.685,20260618,C,20.0,0.85,0.95,0.8999999999999999,0.9,0.0,2951670.0,1.5219399047404805,0.9000000000000008,0.045,0.0,0.8999963034571521,quote_mid;trade_last;iv_solved;prev_iv_model
2026-05-15 16:05:40+00:00,13.71,20260618,C,15.0,1.9,2.0,1.95,1.95,0.0,2951660.0,1.451940639849814,1.9499999999999984,0.045,0.0,1.9627877574187957,quote_mid;trade_last;iv_solved;prev_iv_model
2026-05-15 16:05:40+00:00,13.71,20260618,C,20.0,0.85,0.95,0.8999999999999999,0.9,0.0,2951660.0,1.5169491648967943,0.9000000000000008,0.045,0.0,0.9070955385554131,quote_mid;trade_last;iv_solved;prev_iv_model
2026-05-15 16:05:50+00:00,13.71,20260618,C,15.0,1.9,2.0,1.95,1.95,0.0,2951650.0,1.4519431425938056,1.9499999999999993,0.045,0.0,1.9499958139087674,quote_mid;trade_last;iv_solved;prev_iv_model
2026-05-15 16:05:50+00:00,13.71,20260618,C,20.0,0.85,0.95,0.8999999999999999,0.9,0.0,2951650.0,1.5169517645612736,0.9000000000000012,0.045,0.0,0.8999963075530739,quote_mid;trade_last;iv_solved;prev_iv_model
2026-05-15 16:06:00+00:00,13.71,20260618,C,15.0,1.9,2.0,1.95,1.95,0.0,2951640.0,1.4519456453504405,1.9499999999999993,0.045,0.0,1.9499958138947084,quote_mid;trade_last;iv_solved;prev_iv_model
2026-05-15 16:06:00+00:00,13.71,20260618,C,20.0,0.85,0.95,0.8999999999999999,0.9,0.0,2951640.0,1.5169543642389143,0.9000000000000008,0.045,0.0,0.899996307540655,quote_mid;trade_last;iv_solved;prev_iv_model
2026-05-15 16:06:10+00:00,13.72,20260618,C,15.0,1.9,2.0,1.95,1.95,0.0,2951630.0,1.44888945136336,1.9500000000000002,0.045,0.0,1.9551153196403437,quote_mid;trade_last;iv_solved;prev_iv_model
2026-05-15 16:06:10+00:00,13.72,20260618,C,20.0,0.85,0.95,0.8999999999999999,0.9,0.0,2951630.0,1.5149617134698037,0.9000000000000008,0.045,0.0,0.9028337688301562,quote_mid;trade_last;iv_solved;prev_iv_model
2026-05-15 16:06:20+00:00,13.7,20260618,C,15.0,1.9,2.0,1.95,1.95,0.0,2951620.0,1.455009685351536,1.9500000000000002,0.045,0.0,1.9397703366125345,quote_mid;trade_last;iv_solved;prev_iv_model
2026-05-15 16:06:20+00:00,13.7,20260618,C,20.0,0.85,0.95,0.8999999999999999,0.9,0.0,2951620.0,1.5189560152519683,0.9000000000000008,0.045,0.0,0.8943359489870102,quote_mid;trade_last;iv_solved;prev_iv_model
2026-05-15 16:06:30+00:00,13.71,20260618,C,15.0,1.9,2.0,1.95,1.95,0.0,2951610.0,1.4519531536962171,1.9499999999999993,0.045,0.0,1.9551122564680314,quote_mid;trade_last;iv_solved;prev_iv_model
2026-05-15 16:06:30+00:00,13.71,20260618,C,20.0,0.85,0.95,0.8999999999999999,0.9,0.0,2951610.0,1.5169621633507981,0.9000000000000008,0.045,0.0,0.9028330633103789,quote_mid;trade_last;iv_solved;prev_iv_model
2026-05-15 16:06:40+00:00,13.66,20260618,C,15.0,1.9,1.95,1.9249999999999998,1.95,0.0,2951600.0,1.45225515957654,1.9249999999999998,0.045,0.0,1.9244966080899273,quote_mid;trade_last;iv_solved;prev_iv_model
2026-05-15 16:06:40+00:00,13.66,20260618,C,20.0,0.85,0.95,0.8999999999999999,0.9,0.0,2951600.0,1.526959094353756,0.899999999999999,0.045,0.0,0.8858888162414895,quote_mid;trade_last;iv_solved;prev_iv_model
2026-05-15 16:06:50+00:00,13.655,20260618,C,15.0,1.9,1.95,1.9249999999999998,1.9,10.0,2951590.0,1.4537826991799414,1.924999999999999,0.045,0.0,1.9224547608983364,quote_mid;trade_last;iv_solved;prev_iv_model
2026-05-15 16:06:50+00:00,13.655,20260618,C,20.0,0.85,0.95,0.8999999999999999,0.9,0.0,2951590.0,1.5279628075696121,0.8999999999999995,0.045,0.0,0.8985812993260169,quote_mid;trade_last;iv_solved;prev_iv_model
2026-05-15 16:07:00+00:00,13.655,20260618,C,15.0,1.9,1.95,1.9249999999999998,1.9,0.0,2951580.0,1.4537852048439759,1.9250000000000007,0.045,0.0,1.9249958250023722,quote_mid;trade_last;iv_solved;prev_iv_model
2026-05-15 16:07:00+00:00,13.655,20260618,C,20.0,0.85,0.95,0.8999999999999999,0.9,0.0,2951580.0,1.5279654258829174,0.9000000000000004,0.045,0.0,0.8999962984208705,quote_mid;trade_last;iv_solved;prev_iv_model
2026-05-15 16:07:10+00:00,13.64,20260618,C,15.0,1.9,1.95,1.9249999999999998,1.9,0.0,2951570.0,1.4583634036292796,1.9249999999999998,0.045,0.0,1.9173798177296044,quote_mid;trade_last;iv_solved;prev_iv_model
2026-05-15 16:07:10+00:00,13.64,20260618,C,20.0,0.85,0.95,0.8999999999999999,0.9,0.0,2951570.0,1.5309731678439005,0.8999999999999986,0.045,0.0,0.895755787790312,quote_mid;trade_last;iv_solved;prev_iv_model
2026-05-15 16:07:20+00:00,13.64,20260618,C,15.0,1.9,1.95,1.9249999999999998,1.9,0.0,2951560.0,1.4583659169981074,1.9250000000000007,0.045,0.0,1.9249958166841052,quote_mid;trade_last;iv_solved;prev_iv_model
2026-05-15 16:07:20+00:00,13.64,20260618,C,20.0,0.85,0.95,0.8999999999999999,0.9,0.0,2951560.0,1.5309757912555546,0.899999999999999,0.045,0.0,0.8999962959421688,quote_mid;trade_last;iv_solved;prev_iv_model
2026-05-15 16:07:30+00:00,13.64,20260618,C,15.0,1.9,1.95,1.9249999999999998,1.9,0.0,2951550.0,1.4583684303796352,1.9250000000000016,0.045,0.0,1.9249958166700516,quote_mid;trade_last;iv_solved;prev_iv_model
2026-05-15 16:07:30+00:00,13.64,20260618,C,20.0,0.85,0.95,0.8999999999999999,0.9,0.0,2951550.0,1.5309784146804892,0.8999999999999999,0.045,0.0,0.8999962959297139,quote_mid;trade_last;iv_solved;prev_iv_model
2026-05-15 16:07:40+00:00,13.65,20260618,C,15.0,1.9,1.95,1.9249999999999998,1.9,0.0,2951540.0,1.4553203706205018,1.9249999999999998,0.045,0.0,1.9300768491351352,quote_mid;trade_last;iv_solved;prev_iv_model
2026-05-15 16:07:40+00:00,13.65,20260618,C,20.0,0.85,0.9,0.875,0.9,1.0,2951540.0,1.511223675837337,0.8749999999999996,0.045,0.0,0.9028289046994535,quote_mid;trade_last;iv_solved;prev_iv_model
2026-05-15 16:07:50+00:00,13.65,20260618,C,15.0,1.9,2.0,1.95,1.9,0.0,2951530.0,1.4703330825127874,1.950000000000001,0.045,0.0,1.9249958221654113,quote_mid;trade_last;iv_solved;prev_iv_model
2026-05-15 16:07:50+00:00,13.65,20260618,C,20.0,0.85,0.9,0.875,0.9,0.0,2951530.0,1.5112262657272928,0.8749999999999982,0.045,0.0,0.8749963659947615,quote_mid;trade_last;iv_solved;prev_iv_model
2026-05-15 16:08:00+00:00,13.66,20260618,C,15.0,1.9,2.0,1.95,1.9,0.0,2951520.0,1.467274682080848,1.9499999999999984,0.045,0.0,1.9550971825599888,quote_mid;trade_last;iv_solved;prev_iv_model
2026-05-15 16:08:00+00:00,13.66,20260618,C,20.0,0.85,0.9,0.875,0.9,0.0,2951520.0,1.509241431393657,0.8750000000000004,0.045,0.0,0.8777885179594795,quote_mid;trade_last;iv_solved;prev_iv_model
2026-05-15 16:08:10+00:00,13.665,20260618,C,15.0,1.9,1.95,1.9249999999999998,1.9,0.0,2951510.0,1.4507527230271604,1.924999999999999,0.045,0.0,1.9525471627389175,quote_mid;trade_last;iv_solved;prev_iv_model
2026-05-15 16:08:10+00:00,13.665,20260618,C,20.0,0.85,0.9,0.875,0.9,0.0,2951510.0,1.508250754567289,0.8750000000000009,0.045,0.0,0.8763921246347932,quote_mid;trade_last;iv_solved;prev_iv_model
2026-05-15 16:08:20+00:00,13.67,20260618,C,15.0,1.9,2.0,1.95,1.9,0.0,2951500.0,1.4642191890730478,1.9500000000000002,0.045,0.0,1.9275392980883357,quote_mid;trade_last;iv_solved;prev_iv_model
2026-05-15 16:08:20+00:00,13.67,20260618,C,20.0,0.85,0.9,0.875,0.9,0.0,2951500.0,1.5072603741631023,0.8750000000000018,0.045,0.0,0.876392299416068,quote_mid;trade_last;iv_solved;prev_iv_model
2026-05-15 16:08:30+00:00,13.69,20260618,C,15.0,1.9,2.0,1.95,1.9,0.0,2951490.0,1.4581017356031132,1.9500000000000002,0.045,0.0,1.9602170434780328,quote_mid;trade_last;iv_solved;prev_iv_model
2026-05-15 16:08:30+00:00,13.69,20260618,C,20.0,0.85,0.9,0.875,0.9,0.0,2951490.0,1.5032940794649448,0.8749999999999996,0.045,0.0,0.8805887902018972,quote_mid;trade_last;iv_solved;prev_iv_model
2026-05-15 16:08:40+00:00,13.69,20260618,C,15.0,1.9,2.0,1.95,1.9,0.0,2951480.0,1.4581042488298857,1.9499999999999993,0.045,0.0,1.9499958024464181,quote_mid;trade_last;iv_solved;prev_iv_model
2026-05-15 16:08:40+00:00,13.69,20260618,C,20.0,0.85,0.9,0.875,0.9,0.0,2951480.0,1.5032966560154901,0.8749999999999996,0.045,0.0,0.8749963723850982,quote_mid;trade_last;iv_solved;prev_iv_model
2026-05-15 16:08:50+00:00,13.6701,20260618,C,15.0,1.9,2.0,1.95,1.9,0.0,2951470.0,1.4641961558597854,1.9500000000000002,0.045,0.0,1.9398395575937686,quote_mid;trade_last;iv_solved;prev_iv_model
2026-05-15 16:08:50+00:00,13.6701,20260618,C,20.0,0.85,0.9,0.875,0.9,0.0,2951470.0,1.5072482675582553,0.875,0.045,0.0,0.8694503056080811,quote_mid;trade_last;iv_solved;prev_iv_model
2026-05-15 16:09:00+00:00,13.69,20260618,C,15.0,1.9,2.0,1.95,1.9,0.0,2951460.0,1.4581092753215286,1.9499999999999993,0.045,0.0,1.9601659318362659,quote_mid;trade_last;iv_solved;prev_iv_model
2026-05-15 16:09:00+00:00,13.69,20260618,C,20.0,0.85,0.9,0.875,0.9,0.0,2951460.0,1.5033018091557118,0.8750000000000004,0.045,0.0,0.8805607887635487,quote_mid;trade_last;iv_solved;prev_iv_model
2026-05-15 16:09:10+00:00,13.672,20260618,C,15.0,1.9,2.0,1.95,1.9,0.0,2951450.0,1.4636197376791893,1.9499999999999993,0.045,0.0,1.9408081317818926,quote_mid;trade_last;iv_solved;prev_iv_model
2026-05-15 16:09:10+00:00,13.672,20260618,C,20.0,0.85,0.9,0.875,0.9,0.0,2951450.0,1.5068761848486454,0.8749999999999996,0.045,0.0,0.8699789168521046,quote_mid;trade_last;iv_solved;prev_iv_model
2026-05-15 16:09:20+00:00,13.68,20260618,C,15.0,1.9,2.0,1.95,1.9,0.0,2951440.0,1.4611741311495687,1.9499999999999984,0.045,0.0,1.9540816492678266,quote_mid;trade_last;iv_solved;prev_iv_model
2026-05-15 16:09:20+00:00,13.68,20260618,C,20.0,0.85,0.9,0.875,0.9,0.0,2951440.0,1.5052908208237836,0.8750000000000004,0.045,0.0,0.8772308898554879,quote_mid;trade_last;iv_solved;prev_iv_model
2026-05-15 16:09:30+00:00,13.67,20260618,C,15.0,1.9,2.0,1.95,1.9,0.0,2951430.0,1.4642368537362596,1.9500000000000002,0.045,0.0,1.944891937677542,quote_mid;trade_last;iv_solved;prev_iv_model
2026-05-15 16:09:30+00:00,13.67,20260618,C,20.0,0.85,0.9,0.875,0.9,0.0,2951430.0,1.507278457088732,0.8749999999999996,0.045,0.0,0.8722074611929802,quote_mid;trade_last;iv_solved;prev_iv_model
2026-05-15 16:09:40+00:00,13.67,20260618,C,15.0,1.9,2.0,1.95,1.9,0.0,2951420.0,1.4642393773105815,1.9499999999999984,0.045,0.0,1.9499957911936265,quote_mid;trade_last;iv_solved;prev_iv_model
2026-05-15 16:09:40+00:00,13.67,20260618,C,20.0,0.85,0.9,0.875,0.9,0.0,2951420.0,1.5072810404161348,0.875,0.045,0.0,0.874996369081229,quote_mid;trade_last;iv_solved;prev_iv_model
2026-05-15 16:09:50+00:00,13.665,20260618,C,15.0,1.9,2.0,1.95,1.9,0.0,2951410.0,1.4657721506040793,1.9499999999999993,0.045,0.0,1.9474445473889368,quote_mid;trade_last;iv_solved;prev_iv_model
2026-05-15 16:09:50+00:00,13.665,20260618,C,20.0,0.85,0.9,0.875,0.9,0.0,2951410.0,1.5082766041425515,0.875,0.045,0.0,0.8736015967116657,quote_mid;trade_last;iv_solved;prev_iv_model
2026-05-15 16:10:00+00:00,13.675,20260618,C,15.0,1.9,2.0,1.95,1.9,0.0,2951400.0,1.462714267726648,1.9500000000000002,0.045,0.0,1.9551016613988441,quote_mid;trade_last;iv_solved;prev_iv_model
2026-05-15 16:10:00+00:00,13.675,20260618,C,20.0,0.85,0.9,0.875,0.9,0.0,2951400.0,1.5062935244329307,0.8750000000000004,0.045,0.0,0.8777895626280765,quote_mid;trade_last;iv_solved;prev_iv_model
2026-05-15 16:10:10+00:00,13.71,20260618,C,15.0,1.9,2.0,1.95,1.9,0.0,2951390.0,1.4520082183761436,1.950000000000001,0.045,0.0,1.9679053321289341,quote_mid;trade_last;iv_solved;prev_iv_model
2026-05-15 16:10:10+00:00,13.71,20260618,C,20.0,0.85,0.9,0.875,0.9,0.0,2951390.0,1.499355666375036,0.8749999999999991,0.045,0.0,0.8847983407856521,quote_mid;trade_last;iv_solved;prev_iv_model
2026-05-15 16:10:20+00:00,13.6727,20260618,C,15.0,1.9,2.0,1.95,1.9,0.0,2951380.0,1.46342317254142,1.950000000000001,0.045,0.0,1.9309578681989246,quote_mid;trade_last;iv_solved;prev_iv_model
2026-05-15 16:10:20+00:00,13.6727,20260618,C,20.0,0.85,0.9,0.875,0.9,0.0,2951380.0,1.506755286242004,0.8750000000000004,0.045,0.0,0.8646130749641561,quote_mid;trade_last;iv_solved;prev_iv_model
2026-05-15 16:10:30+00:00,13.66,20260618,C,15.0,1.9,2.0,1.95,1.9,0.0,2951370.0,1.4673126123664177,1.9500000000000002,0.045,0.0,1.943517793328283,quote_mid;trade_last;iv_solved;prev_iv_model
2026-05-15 16:10:30+00:00,13.66,20260618,C,20.0,0.85,0.9,0.875,0.9,0.0,2951370.0,1.5092802311973417,0.8750000000000013,0.045,0.0,0.8714560159841476,quote_mid;trade_last;iv_solved;prev_iv_model
2026-05-15 16:10:40+00:00,13.6501,20260618,C,15.0,1.9,2.0,1.95,1.9,0.0,2951360.0,1.4703455453565826,1.9499999999999993,0.045,0.0,1.9449488579994654,quote_mid;trade_last;iv_solved;prev_iv_model
2026-05-15 16:10:40+00:00,13.6501,20260618,C,20.0,0.85,0.9,0.875,0.9,0.0,2951360.0,1.511250415130553,0.8750000000000009,0.045,0.0,0.8722366985742456,quote_mid;trade_last;iv_solved;prev_iv_model
2026-05-15 16:10:50+00:00,13.655,20260618,C,15.0,1.9,2.0,1.95,1.9,0.0,2951350.0,1.4688481306631682,1.9499999999999984,0.045,0.0,1.9524946697812213,quote_mid;trade_last;iv_solved;prev_iv_model
2026-05-15 16:10:50+00:00,13.655,20260618,C,20.0,0.85,0.9,0.875,0.9,0.0,2951350.0,1.5102789950904465,0.8749999999999991,0.045,0.0,0.8763638580171054,quote_mid;trade_last;iv_solved;prev_iv_model
2026-05-15 16:11:00+00:00,13.64,20260618,C,15.0,1.9,2.0,1.95,1.9,0.0,2951340.0,1.4734426584180165,1.9499999999999993,0.045,0.0,1.9423536401424721,quote_mid;trade_last;iv_solved;prev_iv_model
2026-05-15 16:11:00+00:00,13.64,20260618,C,20.0,0.85,0.9,0.875,0.9,0.0,2951340.0,1.5132641644178983,0.8750000000000004,0.045,0.0,0.870817605834243,quote_mid;trade_last;iv_solved;prev_iv_model
2026-05-15 16:11:10+00:00,13.65,20260618,C,15.0,1.9,2.0,1.95,1.9,0.0,2951330.0,1.47038375936603,1.9499999999999984,0.045,0.0,1.9550942139833705,quote_mid;trade_last;iv_solved;prev_iv_model
2026-05-15 16:11:10+00:00,13.65,20260618,C,20.0,0.85,0.9,0.875,0.9,0.0,2951330.0,1.5112780662799539,0.8750000000000004,0.045,0.0,0.8777878246384696,quote_mid;trade_last;iv_solved;prev_iv_model
2026-05-15 16:11:20+00:00,13.65,20260618,C,15.0,1.9,2.0,1.95,1.9,0.0,2951320.0,1.470386293343139,1.9499999999999984,0.045,0.0,1.9499957799385532,quote_mid;trade_last;iv_solved;prev_iv_model
2026-05-15 16:11:20+00:00,13.65,20260618,C,20.0,0.85,0.9,0.875,0.9,0.0,2951320.0,1.5112806564452725,0.8749999999999996,0.045,0.0,0.874996365738137,quote_mid;trade_last;iv_solved;prev_iv_model
2026-05-15 16:11:30+00:00,13.66,20260618,C,15.0,1.9,2.0,1.95,1.9,0.0,2951310.0,1.4673277852856734,1.9499999999999993,0.045,0.0,1.95509718064271,quote_mid;trade_last;iv_solved;prev_iv_model
2026-05-15 16:11:30+00:00,13.66,20260618,C,20.0,0.85,0.9,0.875,0.9,0.0,2951310.0,1.509295751943843,0.875,0.045,0.0,0.8777885169829296,quote_mid;trade_last;iv_solved;prev_iv_model
2026-05-15 16:11:40+00:00,13.6551,20260618,C,15.0,1.9,2.0,1.95,1.9,0.0,2951300.0,1.4688301772562289,1.950000000000002,0.045,0.0,1.9474970143876105,quote_mid;trade_last;iv_solved;prev_iv_model
2026-05-15 16:11:40+00:00,13.6551,20260618,C,20.0,0.85,0.9,0.875,0.9,0.0,2951300.0,1.5102720626103165,0.8750000000000004,0.045,0.0,0.8736298181012501,quote_mid;trade_last;iv_solved;prev_iv_model
2026-05-15 16:11:50+00:00,13.65,20260618,C,15.0,1.9,2.0,1.95,1.9,0.0,2951290.0,1.4703938953512985,1.9500000000000002,0.045,0.0,1.9473957975655907,quote_mid;trade_last;iv_solved;prev_iv_model
2026-05-15 16:11:50+00:00,13.65,20260618,C,20.0,0.85,0.9,0.875,0.9,0.0,2951290.0,1.5112884270199078,0.8749999999999996,0.045,0.0,0.8735742399979429,quote_mid;trade_last;iv_solved;prev_iv_model
2026-05-15 16:12:00+00:00,13.665,20260618,C,15.0,1.9,2.0,1.95,1.9,0.0,2951280.0,1.4658049917865634,1.950000000000001,0.045,0.0,1.9576503148423958,quote_mid;trade_last;iv_solved;prev_iv_model
2026-05-15 16:12:00+00:00,13.665,20260618,C,20.0,0.85,0.9,0.875,0.9,0.0,2951280.0,1.5083102105469233,0.8750000000000004,0.045,0.0,0.8791865893871007,quote_mid;trade_last;iv_solved;prev_iv_model
2026-05-15 16:12:10+00:00,13.655,20260618,C,15.0,1.9,2.0,1.95,1.9,0.0,2951270.0,1.4688683820804158,1.9499999999999993,0.045,0.0,1.9448964246653455,quote_mid;trade_last;iv_solved;prev_iv_model
2026-05-15 16:12:10+00:00,13.655,20260618,C,20.0,0.85,0.9,0.875,0.9,0.0,2951270.0,1.5102997031498395,0.8750000000000004,0.045,0.0,0.8722085041732885,quote_mid;trade_last;iv_solved;prev_iv_model
2026-05-15 16:12:20+00:00,13.6899,20260618,C,15.0,1.9,2.0,1.95,1.9,0.0,2951260.0,1.4581901404592545,1.9499999999999993,0.045,0.0,1.967833067111231,quote_mid;trade_last;iv_solved;prev_iv_model
2026-05-15 16:12:20+00:00,13.6899,20260618,C,20.0,0.85,0.9,0.875,0.9,0.0,2951260.0,1.5033731767123952,0.8750000000000004,0.045,0.0,0.8847653333924907,quote_mid;trade_last;iv_solved;prev_iv_model
2026-05-15 16:12:30+00:00,13.655,20260618,C,15.0,1.9,2.0,1.95,1.9,0.0,2951250.0,1.4688734450626506,1.9499999999999984,0.045,0.0,1.9322013248026773,quote_mid;trade_last;iv_solved;prev_iv_model
2026-05-15 16:12:30+00:00,13.655,20260618,C,20.0,0.85,0.9,0.875,0.9,0.0,2951250.0,1.510304880295743,0.8750000000000004,0.045,0.0,0.8652838508980363,quote_mid;trade_last;iv_solved;prev_iv_model
2026-05-15 16:12:40+00:00,13.665,20260618,C,15.0,1.9,2.0,1.95,1.9,0.0,2951240.0,1.4658150971998354,1.9500000000000002,0.045,0.0,1.955098669346505,quote_mid;trade_last;iv_solved;prev_iv_model
2026-05-15 16:12:40+00:00,13.665,20260618,C,20.0,0.85,0.9,0.875,0.9,0.0,2951240.0,1.5083205514240348,0.875,0.045,0.0,0.877788864188926,quote_mid;trade_last;iv_solved;prev_iv_model
2026-05-15 16:12:50+00:00,13.68,20260618,C,15.0,1.9,2.0,1.95,1.9,0.0,2951230.0,1.4612270207576787,1.9499999999999993,0.045,0.0,1.9576570347919189,quote_mid;trade_last;iv_solved;prev_iv_model
2026-05-15 16:12:50+00:00,13.68,20260618,C,20.0,0.85,0.9,0.875,0.9,0.0,2951230.0,1.505345002811282,0.8749999999999996,0.045,0.0,0.8791881578128709,quote_mid;trade_last;iv_solved;prev_iv_model
2026-05-15 16:13:00+00:00,13.67,20260618,C,15.0,1.9,2.0,1.95,1.9,0.0,2951220.0,1.4642898514750389,1.9500000000000002,0.045,0.0,1.9448919390156512,quote_mid;trade_last;iv_solved;prev_iv_model
2026-05-15 16:13:00+00:00,13.67,20260618,C,20.0,0.85,0.9,0.875,0.9,0.0,2951220.0,1.507332709710799,0.875,0.045,0.0,0.8722074616584128,quote_mid;trade_last;iv_solved;prev_iv_model
2026-05-15 16:13:10+00:00,13.67,20260618,C,15.0,1.9,2.0,1.95,1.9,0.0,2951210.0,1.464292375317171,1.9499999999999993,0.045,0.0,1.949995790896681,quote_mid;trade_last;iv_solved;prev_iv_model
2026-05-15 16:13:10+00:00,13.67,20260618,C,20.0,0.85,0.9,0.875,0.9,0.0,2951210.0,1.5073352933128712,0.8750000000000009,0.045,0.0,0.8749963688248199,quote_mid;trade_last;iv_solved;prev_iv_model
2026-05-15 16:13:20+00:00,13.69,20260618,C,15.0,1.9,2.0,1.95,1.9,0.0,2951200.0,1.4581746243356206,1.950000000000001,0.045,0.0,1.9602170385544886,quote_mid;trade_last;iv_solved;prev_iv_model
2026-05-15 16:13:20+00:00,13.69,20260618,C,20.0,0.85,0.9,0.875,0.9,0.0,2951200.0,1.5033688047268976,0.8750000000000013,0.045,0.0,0.8805887878468379,quote_mid;trade_last;iv_solved;prev_iv_model
2026-05-15 16:13:30+00:00,13.69,20260618,C,15.0,1.9,2.0,1.95,1.9,0.0,2951190.0,1.4581771379307007,1.9499999999999984,0.045,0.0,1.9499958020374617,quote_mid;trade_last;iv_solved;prev_iv_model
2026-05-15 16:13:30+00:00,13.69,20260618,C,20.0,0.85,0.9,0.875,0.9,0.0,2951190.0,1.5033713816557537,0.8750000000000009,0.045,0.0,0.874996372031343,quote_mid;trade_last;iv_solved;prev_iv_model
2026-05-15 16:13:40+00:00,13.68,20260618,C,15.0,1.9,2.0,1.95,1.9,0.0,2951180.0,1.461239614348775,1.9500000000000002,0.045,0.0,1.944888928646697,quote_mid;trade_last;iv_solved;prev_iv_model
2026-05-15 16:13:40+00:00,13.68,20260618,C,20.0,0.85,0.9,0.875,0.9,0.0,2951180.0,1.5053579041335827,0.875,0.045,0.0,0.8722067622845708,quote_mid;trade_last;iv_solved;prev_iv_model
2026-05-15 16:13:50+00:00,13.7,20260618,C,15.0,1.9,2.0,1.95,1.9,0.0,2951170.0,1.4551225546458522,1.9499999999999984,0.045,0.0,1.9602230702325079,quote_mid;trade_last;iv_solved;prev_iv_model
2026-05-15 16:13:50+00:00,13.7,20260618,C,20.0,0.85,0.9,0.875,0.9,0.0,2951170.0,1.5013937781461366,0.8750000000000004,0.045,0.0,0.8805901957018758,quote_mid;trade_last;iv_solved;prev_iv_model
2026-05-15 16:14:00+00:00,13.7,20260618,C,15.0,1.9,2.0,1.95,1.9,0.0,2951160.0,1.4551250631439028,1.9499999999999993,0.045,0.0,1.9499958076004686,quote_mid;trade_last;iv_solved;prev_iv_model
2026-05-15 16:14:00+00:00,13.7,20260618,C,20.0,0.85,0.95,0.8999999999999999,0.9,0.0,2951160.0,1.5190757708661673,0.8999999999999999,0.045,0.0,0.8749963736139161,quote_mid;trade_last;iv_solved;prev_iv_model
2026-05-15 16:14:10+00:00,13.71,20260618,C,15.0,1.9,2.0,1.95,1.9,0.0,2951150.0,1.4520682959174578,1.950000000000001,0.045,0.0,1.9551122522026239,quote_mid;trade_last;iv_solved;prev_iv_model
2026-05-15 16:14:10+00:00,13.71,20260618,C,20.0,0.85,0.95,0.8999999999999999,0.9,0.0,2951150.0,1.517081764566798,0.8999999999999995,0.045,0.0,0.9028330611425757,quote_mid;trade_last;iv_solved;prev_iv_model
2026-05-15 16:14:20+00:00,13.71,20260618,C,15.0,1.9,2.0,1.95,1.9,0.0,2951140.0,1.4520707993064592,1.9499999999999993,0.045,0.0,1.9499958131915562,quote_mid;trade_last;iv_solved;prev_iv_model
2026-05-15 16:14:20+00:00,13.71,20260618,C,20.0,0.85,0.95,0.8999999999999999,0.9,0.0,2951140.0,1.517084364902587,0.8999999999999986,0.045,0.0,0.8999963069197752,quote_mid;trade_last;iv_solved;prev_iv_model
2026-05-15 16:14:30+00:00,13.7,20260618,C,15.0,1.9,2.0,1.95,1.9,0.0,2951130.0,1.4551325887141098,1.9500000000000002,0.045,0.0,1.9448828593784393,quote_mid;trade_last;iv_solved;prev_iv_model
2026-05-15 16:14:30+00:00,13.7,20260618,C,20.0,0.85,0.95,0.8999999999999999,0.9,0.0,2951130.0,1.5190835819837338,0.8999999999999986,0.045,0.0,0.8971641695527808,quote_mid;trade_last;iv_solved;prev_iv_model
2026-05-15 16:14:40+00:00,13.68,20260618,C,15.0,1.9,2.0,1.95,1.9,0.0,2951120.0,1.4612547270781215,1.9499999999999993,0.045,0.0,1.939782541334763,quote_mid;trade_last;iv_solved;prev_iv_model
2026-05-15 16:14:40+00:00,13.68,20260618,C,20.0,0.85,0.95,0.8999999999999999,0.9,0.0,2951120.0,1.5230830319018165,0.8999999999999986,0.045,0.0,0.8943387482057807,quote_mid;trade_last;iv_solved;prev_iv_model
2026-05-15 16:14:50+00:00,13.74,20260618,C,15.0,1.9,2.0,1.95,1.9,0.0,2951110.0,1.4429023662233664,1.9499999999999993,0.045,0.0,1.9807557115625585,quote_mid;trade_last;iv_solved;prev_iv_model
2026-05-15 16:14:50+00:00,13.74,20260618,C,20.0,0.85,0.95,0.8999999999999999,0.9,0.0,2951110.0,1.5111094706682549,0.9000000000000004,0.045,0.0,0.9170881504633224,quote_mid;trade_last;iv_solved;prev_iv_model
2026-05-15 16:15:00+00:00,13.72,20260618,C,15.0,1.9,2.0,1.95,1.9,0.0,2951100.0,1.4490218441806806,1.9500000000000002,0.045,0.0,1.9397580158720364,quote_mid;trade_last;iv_solved;prev_iv_model
2026-05-15 16:15:00+00:00,13.72,20260618,C,20.0,0.85,0.95,0.8999999999999999,0.9,0.0,2951100.0,1.5150993374325874,0.8999999999999986,0.045,0.0,0.8943331272687343,quote_mid;trade_last;iv_solved;prev_iv_model
2026-05-15 16:15:10+00:00,13.7202,20260618,C,15.0,1.9,2.0,1.95,1.9,0.0,2951090.0,1.448963166327053,1.9499999999999984,0.045,0.0,1.9500982060171,quote_mid;trade_last;iv_solved;prev_iv_model
2026-05-15 16:15:10+00:00,13.7202,20260618,C,20.0,0.85,0.95,0.8999999999999999,0.9,0.0,2951090.0,1.5150620380173336,0.8999999999999999,0.045,0.0,0.9000530196481211,quote_mid;trade_last;iv_solved;prev_iv_model
2026-05-15 16:15:20+00:00,13.71,20260618,C,15.0,1.9,2.0,1.95,1.9,0.0,2951080.0,1.4520858199061264,1.9500000000000002,0.045,0.0,1.9447774845372905,quote_mid;trade_last;iv_solved;prev_iv_model
2026-05-15 16:15:20+00:00,13.71,20260618,C,20.0,0.85,0.95,0.8999999999999999,0.9,0.0,2951080.0,1.5170999671938135,0.8999999999999999,0.045,0.0,0.8971068509017508,quote_mid;trade_last;iv_solved;prev_iv_model
2026-05-15 16:15:30+00:00,13.72,20260618,C,15.0,1.9,2.0,1.95,1.9,0.0,2951070.0,1.4490293391740288,1.9500000000000002,0.045,0.0,1.955115314431369,quote_mid;trade_last;iv_solved;prev_iv_model
2026-05-15 16:15:30+00:00,13.72,20260618,C,20.0,0.85,0.95,0.8999999999999999,0.9,0.0,2951070.0,1.5151071285725894,0.9000000000000004,0.045,0.0,0.9028337661871908,quote_mid;trade_last;iv_solved;prev_iv_model
2026-05-15 16:15:40+00:00,13.73,20260618,C,15.0,1.9,2.0,1.95,1.9,0.0,2951060.0,1.4459731682806938,1.9499999999999993,0.045,0.0,1.9551183936357894,quote_mid;trade_last;iv_solved;prev_iv_model
2026-05-15 16:15:40+00:00,13.73,20260618,C,20.0,0.85,0.95,0.8999999999999999,0.9,0.0,2951060.0,1.5131154780637917,0.8999999999999986,0.045,0.0,0.90283447511632,quote_mid;trade_last;iv_solved;prev_iv_model
2026-05-15 16:15:50+00:00,13.715,20260618,C,15.0,1.9,2.0,1.95,1.9,0.0,2951050.0,1.450563792342896,1.9499999999999984,0.045,0.0,1.9423196395145368,quote_mid;trade_last;iv_solved;prev_iv_model
2026-05-15 16:15:50+00:00,13.715,20260618,C,20.0,0.85,0.95,0.8999999999999999,0.9,0.0,2951050.0,1.516109896077912,0.899999999999999,0.045,0.0,0.8957479868580736,quote_mid;trade_last;iv_solved;prev_iv_model
2026-05-15 16:16:00+00:00,13.71,20260618,C,15.0,1.9,2.0,1.95,1.9,0.0,2951040.0,1.4520958338922516,1.9499999999999993,0.045,0.0,1.947437754772813,quote_mid;trade_last;iv_solved;prev_iv_model
2026-05-15 16:16:00+00:00,13.71,20260618,C,20.0,0.85,0.95,0.8999999999999999,0.9,0.0,2951040.0,1.5171103689846253,0.9000000000000008,0.045,0.0,0.8985793979772954,quote_mid;trade_last;iv_solved;prev_iv_model
2026-05-15 16:16:10+00:00,13.69,20260618,C,15.0,1.9,2.0,1.95,1.9,0.0,2951030.0,1.4582173571795272,1.9500000000000028,0.045,0.0,1.9397764601093943,quote_mid;trade_last;iv_solved;prev_iv_model
2026-05-15 16:16:10+00:00,13.69,20260618,C,20.0,0.85,0.95,0.8999999999999999,0.9,0.0,2951030.0,1.5211074713194268,0.8999999999999995,0.045,0.0,0.8943373540599593,quote_mid;trade_last;iv_solved;prev_iv_model
2026-05-15 16:16:20+00:00,13.694,20260618,C,15.0,1.9,2.0,1.95,1.9,0.0,2951020.0,1.4569959537723847,1.9500000000000002,0.045,0.0,1.9520403794279266,quote_mid;trade_last;iv_solved;prev_iv_model
2026-05-15 16:16:20+00:00,13.694,20260618,C,20.0,0.85,0.95,0.8999999999999999,0.9,0.0,2951020.0,1.5203107923232895,0.9000000000000008,0.045,0.0,0.9011300877284842,quote_mid;trade_last;iv_solved;prev_iv_model
2026-05-15 16:16:30+00:00,13.7,20260618,C,15.0,1.9,2.0,1.95,1.9,0.0,2951010.0,1.4551626921358412,1.950000000000001,0.045,0.0,1.9530637904245856,quote_mid;trade_last;iv_solved;prev_iv_model
2026-05-15 16:16:30+00:00,13.7,20260618,C,20.0,0.85,0.95,0.8999999999999999,0.9,0.0,2951010.0,1.5191148276405135,0.9000000000000004,0.045,0.0,0.9016974670038831,quote_mid;trade_last;iv_solved;prev_iv_model
2026-05-15 16:16:40+00:00,13.69,20260618,C,15.0,1.9,2.0,1.95,1.9,0.0,2951000.0,1.4582248986507214,1.950000000000001,0.045,0.0,1.9448859030958694,quote_mid;trade_last;iv_solved;prev_iv_model
2026-05-15 16:16:40+00:00,13.69,20260618,C,20.0,0.85,0.95,0.8999999999999999,0.9,0.0,2951000.0,1.5211152930681875,0.9000000000000012,0.045,0.0,0.8971648682147912,quote_mid;trade_last;iv_solved;prev_iv_model
2026-05-15 16:16:50+00:00,13.695,20260618,C,15.0,1.9,2.0,1.95,1.9,0.0,2950990.0,1.456697517117004,1.9499999999999984,0.045,0.0,1.9525516868963253,quote_mid;trade_last;iv_solved;prev_iv_model
2026-05-15 16:16:50+00:00,13.695,20260618,C,20.0,0.85,0.95,0.8999999999999999,0.9,0.0,2950990.0,1.5201188175727673,0.9000000000000004,0.045,0.0,0.9014136665782968,quote_mid;trade_last;iv_solved;prev_iv_model
2026-05-15 16:17:00+00:00,13.6999,20260618,C,15.0,1.9,2.0,1.95,1.9,0.0,2950980.0,1.4552008136286236,1.9499999999999993,0.045,0.0,1.9525012994813187,quote_mid;trade_last;iv_solved;prev_iv_model
2026-05-15 16:17:00+00:00,13.6999,20260618,C,20.0,0.85,0.95,0.8999999999999999,0.9,0.0,2950980.0,1.51914261208411,0.899999999999999,0.045,0.0,0.9013854781929651,quote_mid;trade_last;iv_solved;prev_iv_model
2026-05-15 16:17:10+00:00,13.7,20260618,C,15.0,1.9,2.0,1.95,1.9,0.0,2950970.0,1.4551727270154262,1.950000000000001,0.045,0.0,1.9500469390438875,quote_mid;trade_last;iv_solved;prev_iv_model
2026-05-15 16:17:10+00:00,13.7,20260618,C,20.0,0.85,0.95,0.8999999999999999,0.85,45.0,2950970.0,1.5191252432813318,0.9000000000000012,0.045,0.0,0.9000246461960231,quote_mid;trade_last;iv_solved;prev_iv_model
2026-05-15 16:17:20+00:00,13.66,20260618,C,15.0,1.9,2.0,1.95,1.9,0.0,2950960.0,1.4674163031511367,1.9499999999999993,0.045,0.0,1.9295954770700918,quote_mid;trade_last;iv_solved;prev_iv_model
2026-05-15 16:17:20+00:00,13.66,20260618,C,20.0,0.85,0.95,0.8999999999999999,0.85,0.0,2950960.0,1.5271265841358006,0.9000000000000012,0.045,0.0,0.8887024596696151,quote_mid;trade_last;iv_solved;prev_iv_model
2026-05-15 16:17:30+00:00,13.68,20260618,C,15.0,1.9,2.0,1.95,1.9,0.0,2950950.0,1.4612975489665012,1.950000000000001,0.045,0.0,1.9602110341165702,quote_mid;trade_last;iv_solved;prev_iv_model
2026-05-15 16:17:30+00:00,13.68,20260618,C,20.0,0.85,0.95,0.8999999999999999,0.85,0.0,2950950.0,1.523127412060218,0.9000000000000008,0.045,0.0,0.9056695538814066,quote_mid;trade_last;iv_solved;prev_iv_model
2026-05-15 16:17:40+00:00,13.69,20260618,C,15.0,1.9,2.0,1.95,1.9,0.0,2950940.0,1.458239981936118,1.9499999999999993,0.045,0.0,1.955106172950539,quote_mid;trade_last;iv_solved;prev_iv_model
2026-05-15 16:17:40+00:00,13.69,20260618,C,20.0,0.85,0.95,0.8999999999999999,0.85,0.0,2950940.0,1.5211309369221548,0.9000000000000008,0.045,0.0,0.9028316599482209,quote_mid;trade_last;iv_solved;prev_iv_model
2026-05-15 16:17:50+00:00,13.7,20260618,C,15.0,1.9,2.0,1.95,1.9,0.0,2950930.0,1.4551827620978606,1.9500000000000002,0.045,0.0,1.955109203434855,quote_mid;trade_last;iv_solved;prev_iv_model
2026-05-15 16:17:50+00:00,13.7,20260618,C,20.0,0.85,0.95,0.8999999999999999,0.85,0.0,2950930.0,1.5191356591331076,0.9000000000000004,0.045,0.0,0.9028323582329607,quote_mid;trade_last;iv_solved;prev_iv_model
2026-05-15 16:18:00+00:00,13.69,20260618,C,15.0,1.9,2.0,1.95,1.9,0.0,2950920.0,1.458245009799553,1.9500000000000002,0.045,0.0,1.9448859036108033,quote_mid;trade_last;iv_solved;prev_iv_model
2026-05-15 16:18:00+00:00,13.69,20260618,C,20.0,0.85,0.95,0.8999999999999999,0.85,0.0,2950920.0,1.5211361516457624,0.9000000000000004,0.045,0.0,0.8971648683919051,quote_mid;trade_last;iv_solved;prev_iv_model
2026-05-15 16:18:10+00:00,13.69,20260618,C,15.0,1.9,2.0,1.95,1.9,0.0,2950910.0,1.4582475237503276,1.9499999999999993,0.045,0.0,1.9499958016425287,quote_mid;trade_last;iv_solved;prev_iv_model
2026-05-15 16:18:10+00:00,13.69,20260618,C,20.0,0.85,0.95,0.8999999999999999,0.85,0.0,2950910.0,1.5211387590273682,0.8999999999999999,0.045,0.0,0.899996303335378,quote_mid;trade_last;iv_solved;prev_iv_model
2026-05-15 16:18:20+00:00,13.705,20260618,C,15.0,1.9,2.0,1.95,1.9,0.0,2950900.0,1.4536605441337103,1.9499999999999993,0.045,0.0,1.9576683512156885,quote_mid;trade_last;iv_solved;prev_iv_model
2026-05-15 16:18:20+00:00,13.705,20260618,C,20.0,0.85,0.95,0.8999999999999999,0.85,0.0,2950900.0,1.5181449741015807,0.8999999999999999,0.045,0.0,0.904252378777064,quote_mid;trade_last;iv_solved;prev_iv_model
2026-05-15 16:18:30+00:00,13.69,20260618,C,15.0,1.9,2.0,1.95,1.9,0.0,2950890.0,1.4582525516899918,1.9499999999999993,0.045,0.0,1.9423311270065202,quote_mid;trade_last;iv_solved;prev_iv_model
2026-05-15 16:18:30+00:00,13.69,20260618,C,20.0,0.85,0.95,0.8999999999999999,0.85,0.0,2950890.0,1.5211439738301915,0.9000000000000012,0.045,0.0,0.8957506215183186,quote_mid;trade_last;iv_solved;prev_iv_model
2026-05-15 16:18:40+00:00,13.6901,20260618,C,15.0,1.9,2.0,1.95,1.9,0.0,2950880.0,1.4582244663356407,1.9499999999999984,0.045,0.0,1.9500469032971939,quote_mid;trade_last;iv_solved;prev_iv_model
2026-05-15 16:18:40+00:00,13.6901,20260618,C,20.0,0.85,0.95,0.8999999999999999,0.85,0.0,2950880.0,1.5211265962762002,0.899999999999999,0.045,0.0,0.9000246375356884,quote_mid;trade_last;iv_solved;prev_iv_model
2026-05-15 16:18:50+00:00,13.69,20260618,C,15.0,1.9,2.0,1.95,1.9,0.0,2950870.0,1.4582575796804753,1.9499999999999984,0.045,0.0,1.9499447002960633,quote_mid;trade_last;iv_solved;prev_iv_model
2026-05-15 16:18:50+00:00,13.69,20260618,C,20.0,0.85,0.95,0.8999999999999999,0.85,0.0,2950870.0,1.5211491886858264,0.8999999999999995,0.045,0.0,0.8999679695266618,quote_mid;trade_last;iv_solved;prev_iv_model
2026-05-15 16:19:00+00:00,13.69,20260618,C,15.0,1.9,2.0,1.95,1.9,0.0,2950860.0,1.4582600936947765,1.9499999999999993,0.045,0.0,1.9499958015719985,quote_mid;trade_last;iv_solved;prev_iv_model
2026-05-15 16:19:00+00:00,13.69,20260618,C,20.0,0.85,0.95,0.8999999999999999,0.85,0.0,2950860.0,1.5211517961334482,0.8999999999999999,0.045,0.0,0.8999963032732103,quote_mid;trade_last;iv_solved;prev_iv_model
2026-05-15 16:19:10+00:00,13.69,20260618,C,15.0,1.9,2.0,1.95,1.9,0.0,2950850.0,1.4582626077217817,1.950000000000001,0.045,0.0,1.9499958015578942,quote_mid;trade_last;iv_solved;prev_iv_model
2026-05-15 16:19:10+00:00,13.69,20260618,C,20.0,0.85,0.95,0.8999999999999999,0.85,0.0,2950850.0,1.5211544035942737,0.9000000000000008,0.045,0.0,0.8999963032607754,quote_mid;trade_last;iv_solved;prev_iv_model
2026-05-15 16:19:20+00:00,13.6601,20260618,C,15.0,1.9,2.0,1.95,1.9,0.0,2950840.0,1.4674160449138491,1.9500000000000002,0.045,0.0,1.9347457061916815,quote_mid;trade_last;iv_solved;prev_iv_model
2026-05-15 16:19:20+00:00,13.6601,20260618,C,20.0,0.85,0.95,0.8999999999999999,0.85,0.0,2950840.0,1.5271379731411798,0.9000000000000008,0.045,0.0,0.8915481991117837,quote_mid;trade_last;iv_solved;prev_iv_model
2026-05-15 16:19:30+00:00,13.67,20260618,C,15.0,1.9,2.0,1.95,1.9,0.0,2950830.0,1.4643882907699388,1.9499999999999984,0.045,0.0,1.9550491125849048,quote_mid;trade_last;iv_solved;prev_iv_model
2026-05-15 16:19:30+00:00,13.67,20260618,C,20.0,0.85,0.95,0.8999999999999999,0.85,0.0,2950830.0,1.5251590716939578,0.9000000000000008,0.045,0.0,0.9028019141852632,quote_mid;trade_last;iv_solved;prev_iv_model
2026-05-15 16:19:40+00:00,13.67,20260618,C,15.0,1.9,2.0,1.95,1.9,0.0,2950820.0,1.4643908151095597,1.9500000000000002,0.045,0.0,1.9499957903450955,quote_mid;trade_last;iv_solved;prev_iv_model
2026-05-15 16:19:40+00:00,13.67,20260618,C,20.0,0.85,0.95,0.8999999999999999,0.85,0.0,2950820.0,1.5251616859459167,0.8999999999999999,0.045,0.0,0.8999962999346747,quote_mid;trade_last;iv_solved;prev_iv_model
2026-05-15 16:19:50+00:00,13.685,20260618,C,15.0,1.9,2.0,1.95,1.9,0.0,2950810.0,1.4598026949304668,1.9499999999999993,0.045,0.0,1.957659281432341,quote_mid;trade_last;iv_solved;prev_iv_model
2026-05-15 16:19:50+00:00,13.685,20260618,C,20.0,0.85,0.95,0.8999999999999999,0.85,0.0,2950810.0,1.5221642477258484,0.9000000000000004,0.045,0.0,0.9042502873622915,quote_mid;trade_last;iv_solved;prev_iv_model
2026-05-15 16:20:00+00:00,13.685,20260618,C,15.0,1.9,2.0,1.95,1.9,0.0,2950800.0,1.4598052115893418,1.9499999999999984,0.045,0.0,1.9499957986895486,quote_mid;trade_last;iv_solved;prev_iv_model
2026-05-15 16:20:00+00:00,13.685,20260618,C,20.0,0.85,0.95,0.8999999999999999,0.85,0.0,2950800.0,1.522166856939815,0.8999999999999999,0.045,0.0,0.8999963023754609,quote_mid;trade_last;iv_solved;prev_iv_model
2026-05-15 16:20:10+00:00,13.6706,20260618,C,15.0,1.9,2.0,1.95,1.9,0.0,2950790.0,1.4642147455773218,1.9499999999999993,0.045,0.0,1.9426461486804074,quote_mid;trade_last;iv_solved;prev_iv_model
2026-05-15 16:20:10+00:00,13.6706,20260618,C,20.0,0.85,0.95,0.8999999999999999,0.85,0.0,2950790.0,1.5250494740618303,0.9000000000000012,0.045,0.0,0.895922219697169,quote_mid;trade_last;iv_solved;prev_iv_model
2026-05-15 16:20:20+00:00,13.69,20260618,C,15.0,1.9,2.0,1.95,1.9,0.0,2950780.0,1.4582802062665814,1.9499999999999993,0.045,0.0,1.9599103657044195,quote_mid;trade_last;iv_solved;prev_iv_model
2026-05-15 16:20:20+00:00,13.69,20260618,C,20.0,0.85,0.95,0.8999999999999999,0.85,0.0,2950780.0,1.5211726561897514,0.9000000000000004,0.045,0.0,0.905500469816304,quote_mid;trade_last;iv_solved;prev_iv_model
2026-05-15 16:20:30+00:00,13.69,20260618,C,15.0,1.9,2.0,1.95,1.9,0.0,2950770.0,1.4582827203952347,1.9500000000000002,0.045,0.0,1.9499958014450378,quote_mid;trade_last;iv_solved;prev_iv_model
2026-05-15 16:20:30+00:00,13.69,20260618,C,20.0,0.85,0.95,0.8999999999999999,0.85,0.0,2950770.0,1.5211752637562075,0.9000000000000012,0.045,0.0,0.8999963031613052,quote_mid;trade_last;iv_solved;prev_iv_model
2026-05-15 16:20:40+00:00,13.69,20260618,C,15.0,1.9,2.0,1.95,1.9,0.0,2950760.0,1.4582852345365938,1.9499999999999984,0.045,0.0,1.949995801430929,quote_mid;trade_last;iv_solved;prev_iv_model
2026-05-15 16:20:40+00:00,13.69,20260618,C,20.0,0.85,0.95,0.8999999999999999,0.85,0.0,2950760.0,1.5211778713358672,0.8999999999999999,0.045,0.0,0.8999963031488707,quote_mid;trade_last;iv_solved;prev_iv_model
2026-05-15 16:20:50+00:00,13.69,20260618,C,15.0,1.9,2.0,1.95,1.9,0.0,2950750.0,1.4582877486906605,1.950000000000001,0.045,0.0,1.9499958014168222,quote_mid;trade_last;iv_solved;prev_iv_model
2026-05-15 16:20:50+00:00,13.69,20260618,C,20.0,0.85,0.95,0.8999999999999999,0.85,0.0,2950750.0,1.521180478928732,0.9000000000000004,0.045,0.0,0.8999963031364357,quote_mid;trade_last;iv_solved;prev_iv_model
2026-05-15 16:21:00+00:00,13.71,20260618,C,15.0,1.9,2.0,1.95,1.9,0.0,2950740.0,1.4521709452407343,1.9499999999999993,0.045,0.0,1.9602291272213686,quote_mid;trade_last;iv_solved;prev_iv_model
2026-05-15 16:21:00+00:00,13.71,20260618,C,20.0,0.85,0.95,0.8999999999999999,0.85,0.0,2950740.0,1.5171883891313556,0.899999999999999,0.045,0.0,0.9056737271675335,quote_mid;trade_last;iv_solved;prev_iv_model
2026-05-15 16:21:10+00:00,13.7165,20260618,C,15.0,1.9,2.0,1.95,1.9,0.0,2950730.0,1.4501849588895794,1.9499999999999993,0.045,0.0,1.9533227422226949,quote_mid;trade_last;iv_solved;prev_iv_model
2026-05-15 16:21:10+00:00,13.7165,20260618,C,20.0,0.85,0.95,0.8999999999999999,0.9,20.0,2950730.0,1.5158937441053069,0.9000000000000004,0.045,0.0,0.9018400487650315,quote_mid;trade_last;iv_solved;prev_iv_model
2026-05-15 16:21:20+00:00,13.74,20260618,C,15.0,1.9,2.0,1.95,1.9,0.0,2950720.0,1.442999409124523,1.950000000000001,0.045,0.0,1.9620417154388017,quote_mid;trade_last;iv_solved;prev_iv_model
2026-05-15 16:21:20+00:00,13.74,20260618,C,20.0,0.85,0.9,0.875,0.9,5.0,2950720.0,1.493589826698417,0.8750000000000004,0.045,0.0,0.9066738613932319,quote_mid;trade_last;iv_solved;prev_iv_model
2026-05-15 16:21:30+00:00,13.74,20260618,C,15.0,1.9,2.05,1.9749999999999999,1.9,0.0,2950710.0,1.4579205060169316,1.9749999999999988,0.045,0.0,1.9499958295308915,quote_mid;trade_last;iv_solved;prev_iv_model
2026-05-15 16:21:30+00:00,13.74,20260618,C,20.0,0.85,0.9,0.875,0.9,0.0,2950710.0,1.4935923875366948,0.8750000000000013,0.045,0.0,0.8749963795674613,quote_mid;trade_last;iv_solved;prev_iv_model
2026-05-15 16:21:40+00:00,13.74,20260618,C,15.0,1.9,2.05,1.9749999999999999,1.9,0.0,2950700.0,1.4579230198303073,1.9750000000000014,0.045,0.0,1.9749957877643958,quote_mid;trade_last;iv_solved;prev_iv_model
2026-05-15 16:21:40+00:00,13.74,20260618,C,20.0,0.85,0.9,0.875,0.9,0.0,2950700.0,1.4935949483879414,0.8750000000000009,0.045,0.0,0.8749963795552844,quote_mid;trade_last;iv_solved;prev_iv_model
2026-05-15 16:21:50+00:00,13.71,20260618,C,15.0,1.9,2.05,1.9749999999999999,1.9,0.0,2950690.0,1.4671336519924898,1.9749999999999996,0.045,0.0,1.9595981890399337,quote_mid;trade_last;iv_solved;prev_iv_model
2026-05-15 16:21:50+00:00,13.71,20260618,C,20.0,0.85,0.9,0.875,0.9,0.0,2950690.0,1.4995355971305382,0.8749999999999996,0.045,0.0,0.866632952210387,quote_mid;trade_last;iv_solved;prev_iv_model
2026-05-15 16:22:00+00:00,13.715,20260618,C,15.0,1.9,2.05,1.9749999999999999,1.9,0.0,2950680.0,1.4656012772522207,1.9750000000000005,0.045,0.0,1.977563172255567,quote_mid;trade_last;iv_solved;prev_iv_model
2026-05-15 16:22:00+00:00,13.715,20260618,C,20.0,0.85,0.9,0.875,0.9,0.0,2950680.0,1.4985477463368686,0.8749999999999987,0.045,0.0,0.8763938900958359,quote_mid;trade_last;iv_solved;prev_iv_model
2026-05-15 16:22:10+00:00,13.7299,20260618,C,15.0,1.9,2.05,1.9749999999999999,1.9,0.0,2950670.0,1.4610302986680153,1.9750000000000005,0.045,0.0,1.9826536609535896,quote_mid;trade_last;iv_solved;prev_iv_model
2026-05-15 16:22:10+00:00,13.7299,20260618,C,20.0,0.85,0.9,0.875,0.9,0.0,2950670.0,1.49560060774698,0.8749999999999987,0.045,0.0,0.8791654487545824,quote_mid;trade_last;iv_solved;prev_iv_model
2026-05-15 16:22:20+00:00,13.7299,20260618,C,15.0,1.9,2.05,1.9749999999999999,1.9,0.0,2950660.0,1.4610328177351612,1.9749999999999988,0.045,0.0,1.974995781977161,quote_mid;trade_last;iv_solved;prev_iv_model
2026-05-15 16:22:20+00:00,13.7299,20260618,C,20.0,0.85,0.9,0.875,0.9,0.0,2950660.0,1.4956031720229284,0.8750000000000009,0.045,0.0,0.8749963778609713,quote_mid;trade_last;iv_solved;prev_iv_model
2026-05-15 16:22:30+00:00,13.7386,20260618,C,15.0,1.9,2.05,1.9749999999999999,1.9,0.0,2950650.0,1.4583652372361868,1.9750000000000005,0.045,0.0,1.9794693569876172,quote_mid;trade_last;iv_solved;prev_iv_model
2026-05-15 16:22:30+00:00,13.7386,20260618,C,20.0,0.85,0.9,0.875,0.9,0.0,2950650.0,1.493884629330597,0.875,0.045,0.0,0.8774301566278941,quote_mid;trade_last;iv_solved;prev_iv_model
2026-05-15 16:22:40+00:00,13.72,20260618,C,15.0,1.9,2.05,1.9749999999999999,1.9,0.0,2950640.0,1.4640765580173016,1.9750000000000005,0.045,0.0,1.965443164646664,quote_mid;trade_last;iv_solved;prev_iv_model
2026-05-15 16:22:40+00:00,13.72,20260618,C,20.0,0.85,0.9,0.875,0.9,0.0,2950640.0,1.4975678909947012,0.8749999999999996,0.045,0.0,0.8698055624227514,quote_mid;trade_last;iv_solved;prev_iv_model
2026-05-15 16:22:50+00:00,13.72,20260618,C,15.0,1.9,2.05,1.9749999999999999,1.9,0.0,2950630.0,1.4640790822234067,1.9750000000000005,0.045,0.0,1.9749957763313395,quote_mid;trade_last;iv_solved;prev_iv_model
2026-05-15 16:22:50+00:00,13.72,20260618,C,20.0,0.85,0.9,0.875,0.9,0.0,2950630.0,1.4975704586176968,0.875,0.045,0.0,0.874996376213836,quote_mid;trade_last;iv_solved;prev_iv_model
2026-05-15 16:23:00+00:00,13.7001,20260618,C,15.0,1.9,2.05,1.9749999999999999,1.9,0.0,2950620.0,1.470190763919463,1.9750000000000005,0.045,0.0,1.964787582691243,quote_mid;trade_last;iv_solved;prev_iv_model
2026-05-15 16:23:00+00:00,13.7001,20260618,C,20.0,0.85,0.9,0.875,0.9,0.0,2950620.0,1.501515523263485,0.8750000000000004,0.045,0.0,0.8694460990943389,quote_mid;trade_last;iv_solved;prev_iv_model
2026-05-15 16:23:10+00:00,13.72,20260618,C,15.0,1.9,2.05,1.9749999999999999,1.9,0.0,2950610.0,1.464084130673895,1.9749999999999988,0.045,0.0,1.9852176823190453,quote_mid;trade_last;iv_solved;prev_iv_model
2026-05-15 16:23:10+00:00,13.72,20260618,C,20.0,0.85,0.95,0.8999999999999999,0.9,0.0,2950610.0,1.515226607540523,0.9000000000000017,0.045,0.0,0.8805650062417585,quote_mid;trade_last;iv_solved;prev_iv_model
2026-05-15 16:23:20+00:00,13.7001,20260618,C,15.0,1.9,2.0,1.95,1.9,0.0,2950600.0,1.4552349619996212,1.950000000000001,0.045,0.0,1.9647875829738437,quote_mid;trade_last;iv_solved;prev_iv_model
2026-05-15 16:23:20+00:00,13.7001,20260618,C,20.0,0.85,0.95,0.8999999999999999,0.9,0.0,2950600.0,1.5192016240666613,0.9000000000000012,0.045,0.0,0.8943642035733941,quote_mid;trade_last;iv_solved;prev_iv_model
2026-05-15 16:23:30+00:00,13.7001,20260618,C,15.0,1.9,2.0,1.95,1.9,0.0,2950590.0,1.455237471169014,1.9499999999999993,0.045,0.0,1.949995806853634,quote_mid;trade_last;iv_solved;prev_iv_model
2026-05-15 16:23:30+00:00,13.7001,20260618,C,20.0,0.85,0.95,0.8999999999999999,0.9,0.0,2950590.0,1.5192042284640275,0.9000000000000012,0.045,0.0,0.8999963046022583,quote_mid;trade_last;iv_solved;prev_iv_model
2026-05-15 16:23:40+00:00,13.72,20260618,C,15.0,1.9,2.0,1.95,1.9,0.0,2950580.0,1.4491517734845694,1.9499999999999993,0.045,0.0,1.9601840198725782,quote_mid;trade_last;iv_solved;prev_iv_model
2026-05-15 16:23:40+00:00,13.72,20260618,C,20.0,0.85,0.95,0.8999999999999999,0.9,0.0,2950580.0,1.5152344006138714,0.8999999999999981,0.045,0.0,0.9056466986462004,quote_mid;trade_last;iv_solved;prev_iv_model
2026-05-15 16:23:50+00:00,13.73,20260618,C,15.0,1.9,2.0,1.95,1.9,0.0,2950570.0,1.4460953516564437,1.9499999999999993,0.045,0.0,1.9551183890633537,quote_mid;trade_last;iv_solved;prev_iv_model
2026-05-15 16:23:50+00:00,13.73,20260618,C,20.0,0.85,0.95,0.8999999999999999,0.9,0.0,2950570.0,1.5132425857891598,0.8999999999999995,0.045,0.0,0.9028344728000914,quote_mid;trade_last;iv_solved;prev_iv_model
2026-05-15 16:24:00+00:00,13.73,20260618,C,15.0,1.9,2.0,1.95,1.9,0.0,2950560.0,1.4460978455097755,1.9499999999999984,0.045,0.0,1.9499958236582762,quote_mid;trade_last;iv_solved;prev_iv_model
2026-05-15 16:24:00+00:00,13.73,20260618,C,20.0,0.85,0.95,0.8999999999999999,0.9,0.0,2950560.0,1.513245180152774,0.8999999999999995,0.045,0.0,0.8999963095084644,quote_mid;trade_last;iv_solved;prev_iv_model
2026-05-15 16:24:10+00:00,13.73,20260618,C,15.0,1.9,2.0,1.95,1.9,0.0,2950550.0,1.4461003393757115,1.9499999999999984,0.045,0.0,1.9499958236442438,quote_mid;trade_last;iv_solved;prev_iv_model
2026-05-15 16:24:10+00:00,13.73,20260618,C,20.0,0.85,0.95,0.8999999999999999,0.9,0.0,2950550.0,1.513247774529527,0.9000000000000012,0.045,0.0,0.8999963094960504,quote_mid;trade_last;iv_solved;prev_iv_model
2026-05-15 16:24:20+00:00,13.73,20260618,C,15.0,1.9,2.0,1.95,1.9,0.0,2950540.0,1.4461028332542525,1.9500000000000002,0.045,0.0,1.9499958236302097,quote_mid;trade_last;iv_solved;prev_iv_model
2026-05-15 16:24:20+00:00,13.73,20260618,C,20.0,0.85,0.95,0.8999999999999999,0.9,0.0,2950540.0,1.5132503689194179,0.9000000000000008,0.045,0.0,0.8999963094836354,quote_mid;trade_last;iv_solved;prev_iv_model
2026-05-15 16:24:30+00:00,13.73,20260618,C,15.0,1.9,2.0,1.95,1.9,0.0,2950530.0,1.4461053271453959,1.9500000000000002,0.045,0.0,1.9499958236161783,quote_mid;trade_last;iv_solved;prev_iv_model
2026-05-15 16:24:30+00:00,13.73,20260618,C,20.0,0.85,0.95,0.8999999999999999,0.9,0.0,2950530.0,1.5132529633224459,0.8999999999999999,0.045,0.0,0.899996309471224,quote_mid;trade_last;iv_solved;prev_iv_model
2026-05-15 16:24:40+00:00,13.73,20260618,C,15.0,1.9,2.0,1.95,1.9,0.0,2950520.0,1.4461078210491447,1.9499999999999984,0.045,0.0,1.949995823602145,quote_mid;trade_last;iv_solved;prev_iv_model
2026-05-15 16:24:40+00:00,13.73,20260618,C,20.0,0.85,0.95,0.8999999999999999,0.9,0.0,2950520.0,1.5132555577386135,0.899999999999999,0.045,0.0,0.8999963094588082,quote_mid;trade_last;iv_solved;prev_iv_model
2026-05-15 16:24:50+00:00,13.73,20260618,C,15.0,1.9,2.0,1.95,1.9,0.0,2950510.0,1.4461103149654986,1.9499999999999993,0.045,0.0,1.9499958235881127,quote_mid;trade_last;iv_solved;prev_iv_model
2026-05-15 16:24:50+00:00,13.73,20260618,C,20.0,0.85,0.95,0.8999999999999999,0.9,0.0,2950510.0,1.51325815216792,0.8999999999999999,0.045,0.0,0.8999963094463976,quote_mid;trade_last;iv_solved;prev_iv_model
2026-05-15 16:25:00+00:00,13.76,20260618,C,15.0,1.9,2.0,1.95,1.9,0.0,2950500.0,1.4369377334227642,1.9499999999999993,0.045,0.0,1.9653924821564264,quote_mid;trade_last;iv_solved;prev_iv_model
2026-05-15 16:25:00+00:00,13.76,20260618,C,20.0,0.85,0.95,0.8999999999999999,0.9,0.0,2950500.0,1.5072845773270291,0.9000000000000004,0.045,0.0,0.9085289289669403,quote_mid;trade_last;iv_solved;prev_iv_model
2026-05-15 16:25:10+00:00,13.76,20260618,C,15.0,1.9,2.0,1.95,1.9,0.0,2950490.0,1.4369402119648775,1.9499999999999993,0.045,0.0,1.9499958405902253,quote_mid;trade_last;iv_solved;prev_iv_model
2026-05-15 16:25:10+00:00,13.76,20260618,C,20.0,0.85,0.95,0.8999999999999999,0.9,0.0,2950490.0,1.5072871616935686,0.899999999999999,0.045,0.0,0.8999963144043757,quote_mid;trade_last;iv_solved;prev_iv_model
2026-05-15 16:25:20+00:00,13.74,20260618,C,15.0,1.9,2.0,1.95,1.9,0.0,2950480.0,1.4430591373399757,1.9500000000000002,0.045,0.0,1.9397455645917407,quote_mid;trade_last;iv_solved;prev_iv_model
2026-05-15 16:25:20+00:00,13.74,20260618,C,20.0,0.85,0.95,0.8999999999999999,0.9,0.0,2950480.0,1.5112726845764812,0.8999999999999995,0.045,0.0,0.8943302777449778,quote_mid;trade_last;iv_solved;prev_iv_model
2026-05-15 16:25:30+00:00,13.74,20260618,C,15.0,1.9,2.0,1.95,1.9,0.0,2950470.0,1.4430616261728413,1.9500000000000002,0.045,0.0,1.9499958291945854,quote_mid;trade_last;iv_solved;prev_iv_model
2026-05-15 16:25:30+00:00,13.74,20260618,C,20.0,0.85,0.95,0.8999999999999999,0.9,0.0,2950470.0,1.5112752756932606,0.8999999999999999,0.045,0.0,0.8999963110551614,quote_mid;trade_last;iv_solved;prev_iv_model
2026-05-15 16:25:40+00:00,13.745,20260618,C,15.0,1.9,2.0,1.95,1.9,0.0,2950460.0,1.4415348915496455,1.9499999999999993,0.045,0.0,1.952559391029518,quote_mid;trade_last;iv_solved;prev_iv_model
2026-05-15 16:25:40+00:00,13.745,20260618,C,20.0,0.85,0.95,0.8999999999999999,0.9,0.0,2950460.0,1.5102816839808617,0.8999999999999999,0.045,0.0,0.9014154392320561,quote_mid;trade_last;iv_solved;prev_iv_model
2026-05-15 16:25:50+00:00,13.755,20260618,C,15.0,1.9,2.0,1.95,1.9,0.0,2950450.0,1.4384791406237047,1.950000000000001,0.045,0.0,1.95512615816053,quote_mid;trade_last;iv_solved;prev_iv_model
2026-05-15 16:25:50+00:00,13.755,20260618,C,20.0,0.85,0.95,0.8999999999999999,0.9,0.0,2950450.0,1.5082927944864921,0.9000000000000008,0.045,0.0,0.9028362602605062,quote_mid;trade_last;iv_solved;prev_iv_model
2026-05-15 16:26:00+00:00,13.75,20260618,C,15.0,1.9,2.0,1.95,1.9,0.0,2950440.0,1.440010707690611,1.9500000000000002,0.045,0.0,1.9474315792080663,quote_mid;trade_last;iv_solved;prev_iv_model
2026-05-15 16:26:00+00:00,13.75,20260618,C,20.0,0.85,0.95,0.8999999999999999,0.9,0.0,2950440.0,1.5092909735360096,0.9000000000000004,0.045,0.0,0.8985779816926431,quote_mid;trade_last;iv_solved;prev_iv_model
2026-05-15 16:26:10+00:00,13.75,20260618,C,15.0,1.9,2.0,1.95,1.9,0.0,2950430.0,1.4400131914404914,1.9500000000000002,0.045,0.0,1.9499958348153497,quote_mid;trade_last;iv_solved;prev_iv_model
2026-05-15 16:26:10+00:00,13.75,20260618,C,20.0,0.85,0.95,0.8999999999999999,0.9,0.0,2950430.0,1.5092935613421607,0.9000000000000008,0.045,0.0,0.8999963126664978,quote_mid;trade_last;iv_solved;prev_iv_model
2026-05-15 16:26:20+00:00,13.73,20260618,C,15.0,1.9,2.0,1.95,1.9,0.0,2950420.0,1.4461327607798857,1.9500000000000002,0.045,0.0,1.9397518122166213,quote_mid;trade_last;iv_solved;prev_iv_model
2026-05-15 16:26:20+00:00,13.73,20260618,C,20.0,0.85,0.95,0.8999999999999999,0.9,0.0,2950420.0,1.5132815026229198,0.9000000000000008,0.045,0.0,0.8943317081824356,quote_mid;trade_last;iv_solved;prev_iv_model
2026-05-15 16:26:30+00:00,13.73,20260618,C,15.0,1.9,2.0,1.95,1.9,0.0,2950410.0,1.4461352548222872,1.9499999999999993,0.045,0.0,1.9499958234477797,quote_mid;trade_last;iv_solved;prev_iv_model
2026-05-15 16:26:30+00:00,13.73,20260618,C,20.0,0.85,0.95,0.8999999999999999,0.9,0.0,2950410.0,1.5132840971836155,0.8999999999999999,0.045,0.0,0.8999963093222565,quote_mid;trade_last;iv_solved;prev_iv_model
2026-05-15 16:26:40+00:00,13.73,20260618,C,15.0,1.9,2.0,1.95,1.9,0.0,2950400.0,1.4461377488772942,1.9500000000000002,0.045,0.0,1.9499958234337456,quote_mid;trade_last;iv_solved;prev_iv_model
2026-05-15 16:26:40+00:00,13.73,20260618,C,20.0,0.85,0.95,0.8999999999999999,0.9,0.0,2950400.0,1.5132866917574517,0.899999999999999,0.045,0.0,0.8999963093098402,quote_mid;trade_last;iv_solved;prev_iv_model
2026-05-15 16:26:50+00:00,13.72,20260618,C,15.0,1.9,2.0,1.95,1.9,0.0,2950390.0,1.4491992561713456,1.9500000000000002,0.045,0.0,1.944876729582238,quote_mid;trade_last;iv_solved;prev_iv_model
2026-05-15 16:26:50+00:00,13.72,20260618,C,20.0,0.85,0.95,0.8999999999999999,0.9,0.0,2950390.0,1.51528375949459,0.9000000000000004,0.045,0.0,0.897162763844614,quote_mid;trade_last;iv_solved;prev_iv_model
2026-05-15 16:27:00+00:00,13.71,20260618,C,15.0,1.9,2.0,1.95,1.9,0.0,2950380.0,1.4522610938925227,1.9499999999999993,0.045,0.0,1.9448798051137777,quote_mid;trade_last;iv_solved;prev_iv_model
2026-05-15 16:27:00+00:00,13.71,20260618,C,20.0,0.85,0.95,0.8999999999999999,0.9,0.0,2950380.0,1.5172820289540012,0.899999999999999,0.045,0.0,0.8971634693146759,quote_mid;trade_last;iv_solved;prev_iv_model
2026-05-15 16:27:10+00:00,13.7291,20260618,C,15.0,1.9,2.0,1.95,1.9,0.0,2950370.0,1.446420530450026,1.9500000000000002,0.045,0.0,1.9597797353520479,quote_mid;trade_last;iv_solved;prev_iv_model
2026-05-15 16:27:10+00:00,13.7291,20260618,C,20.0,0.85,0.95,0.8999999999999999,0.9,0.0,2950370.0,1.5134739298931184,0.9000000000000008,0.045,0.0,0.9054204746956755,quote_mid;trade_last;iv_solved;prev_iv_model
2026-05-15 16:27:20+00:00,13.73,20260618,C,15.0,1.9,2.0,1.95,1.9,0.0,2950360.0,1.4461477252233808,1.9499999999999993,0.045,0.0,1.9504568383650787,quote_mid;trade_last;iv_solved;prev_iv_model
2026-05-15 16:27:20+00:00,13.73,20260618,C,20.0,0.85,0.95,0.8999999999999999,0.9,0.0,2950360.0,1.5132970701841941,0.8999999999999995,0.045,0.0,0.9002515838448217,quote_mid;trade_last;iv_solved;prev_iv_model
2026-05-15 16:27:30+00:00,13.75,20260618,C,15.0,1.9,2.0,1.95,1.95,1.0,2950350.0,1.4400330618914525,1.9500000000000002,0.045,0.0,1.9602537027436826,quote_mid;trade_last;iv_solved;prev_iv_model
2026-05-15 16:27:30+00:00,13.75,20260618,C,20.0,0.85,0.95,0.8999999999999999,0.9,0.0,2950350.0,1.5093142642631707,0.9000000000000012,0.045,0.0,0.9056793899795585,quote_mid;trade_last;iv_solved;prev_iv_model
2026-05-15 16:27:40+00:00,13.76,20260618,C,15.0,1.9,2.0,1.95,1.95,0.0,2950340.0,1.4369773915997697,1.9500000000000002,0.045,0.0,1.9551277236041225,quote_mid;trade_last;iv_solved;prev_iv_model
2026-05-15 16:27:40+00:00,13.76,20260618,C,20.0,0.85,0.95,0.8999999999999999,0.9,0.0,2950340.0,1.5073259287622083,0.9000000000000012,0.045,0.0,0.9028366200245608,quote_mid;trade_last;iv_solved;prev_iv_model
2026-05-15 16:27:50+00:00,13.75,20260618,C,15.0,1.9,2.0,1.95,1.95,0.0,2950330.0,1.4400380296297275,1.950000000000001,0.045,0.0,1.9448674045829346,quote_mid;trade_last;iv_solved;prev_iv_model
2026-05-15 16:27:50+00:00,13.75,20260618,C,20.0,0.85,0.95,0.8999999999999999,0.9,0.0,2950330.0,1.5093194401244818,0.9000000000000004,0.045,0.0,0.8971606263084899,quote_mid;trade_last;iv_solved;prev_iv_model
2026-05-15 16:28:00+00:00,13.75,20260618,C,15.0,1.9,2.0,1.95,1.95,0.0,2950320.0,1.4400405135176957,1.9499999999999993,0.045,0.0,1.949995834661399,quote_mid;trade_last;iv_solved;prev_iv_model
2026-05-15 16:28:00+00:00,13.75,20260618,C,20.0,0.85,0.95,0.8999999999999999,0.9,0.0,2950320.0,1.5093220280747968,0.9000000000000004,0.045,0.0,0.8999963125300607,quote_mid;trade_last;iv_solved;prev_iv_model
2026-05-15 16:28:10+00:00,13.76,20260618,C,15.0,1.9,2.0,1.95,1.95,0.0,2950310.0,1.436984827864984,1.950000000000001,0.045,0.0,1.9551277233214925,quote_mid;trade_last;iv_solved;prev_iv_model
2026-05-15 16:28:10+00:00,13.76,20260618,C,20.0,0.85,0.95,0.8999999999999999,0.9,0.0,2950310.0,1.50733368252933,0.8999999999999995,0.045,0.0,0.9028366198821063,quote_mid;trade_last;iv_solved;prev_iv_model
2026-05-15 16:28:20+00:00,13.76,20260618,C,15.0,1.9,2.0,1.95,1.95,0.0,2950300.0,1.4369873066451109,1.9500000000000002,0.045,0.0,1.9499958403246858,quote_mid;trade_last;iv_solved;prev_iv_model
2026-05-15 16:28:20+00:00,13.76,20260618,C,20.0,0.85,0.95,0.8999999999999999,0.9,0.0,2950300.0,1.5073362671445496,0.9000000000000012,0.045,0.0,0.8999963141688263,quote_mid;trade_last;iv_solved;prev_iv_model
2026-05-15 16:28:30+00:00,13.75,20260618,C,15.0,1.9,2.0,1.95,1.95,0.0,2950290.0,1.4400479652569267,1.950000000000001,0.045,0.0,1.9448674048483792,quote_mid;trade_last;iv_solved;prev_iv_model
2026-05-15 16:28:30+00:00,13.75,20260618,C,20.0,0.85,0.95,0.8999999999999999,0.9,0.0,2950290.0,1.5093297920043809,0.9000000000000008,0.045,0.0,0.8971606263989766,quote_mid;trade_last;iv_solved;prev_iv_model
2026-05-15 16:28:40+00:00,13.74,20260618,C,15.0,1.9,2.0,1.95,1.95,0.0,2950280.0,1.4431089163873523,1.9500000000000002,0.045,0.0,1.9448705299674307,quote_mid;trade_last;iv_solved;prev_iv_model
2026-05-15 16:28:40+00:00,13.74,20260618,C,20.0,0.85,0.95,0.8999999999999999,0.9,0.0,2950280.0,1.5113245094053473,0.9000000000000004,0.045,0.0,0.8971613425397118,quote_mid;trade_last;iv_solved;prev_iv_model
2026-05-15 16:28:50+00:00,13.74,20260618,C,15.0,1.9,2.0,1.95,1.95,0.0,2950270.0,1.4431114054718113,1.9499999999999993,0.045,0.0,1.9499958289142851,quote_mid;trade_last;iv_solved;prev_iv_model
2026-05-15 16:28:50+00:00,13.74,20260618,C,20.0,0.85,0.95,0.8999999999999999,0.9,0.0,2950270.0,1.5113271007845852,0.9000000000000004,0.045,0.0,0.8999963108069791,quote_mid;trade_last;iv_solved;prev_iv_model
2026-05-15 16:29:00+00:00,13.74,20260618,C,15.0,1.9,2.0,1.95,1.95,0.0,2950260.0,1.4431138945688504,1.9499999999999993,0.045,0.0,1.9499958289002706,quote_mid;trade_last;iv_solved;prev_iv_model
2026-05-15 16:29:00+00:00,13.74,20260618,C,20.0,0.85,0.95,0.8999999999999999,0.9,0.0,2950260.0,1.5113296921769468,0.8999999999999986,0.045,0.0,0.8999963107945712,quote_mid;trade_last;iv_solved;prev_iv_model
2026-05-15 16:29:10+00:00,13.78,20260618,C,15.0,1.9,2.0,1.95,1.95,0.0,2950250.0,1.4308840956287274,1.9500000000000002,0.045,0.0,1.9705502865516529,quote_mid;trade_last;iv_solved;prev_iv_model
2026-05-15 16:29:10+00:00,13.78,20260618,C,20.0,0.85,0.95,0.8999999999999999,0.9,0.0,2950250.0,1.5033708282777591,0.9000000000000008,0.045,0.0,0.9113866775112176,quote_mid;trade_last;iv_solved;prev_iv_model
2026-05-15 16:29:20+00:00,13.755,20260618,C,15.0,1.9,2.0,1.95,1.95,0.0,2950240.0,1.4385312478471635,1.9499999999999993,0.045,0.0,1.937171391652301,quote_mid;trade_last;iv_solved;prev_iv_model
2026-05-15 16:29:20+00:00,13.755,20260618,C,20.0,0.85,0.95,0.8999999999999999,0.9,0.0,2950240.0,1.5083471055943436,0.9000000000000017,0.045,0.0,0.8929135096756085,quote_mid;trade_last;iv_solved;prev_iv_model
2026-05-15 16:29:30+00:00,13.755,20260618,C,15.0,1.9,2.0,1.95,1.95,0.0,2950230.0,1.4385337292814708,1.9499999999999993,0.045,0.0,1.9499958373793609,quote_mid;trade_last;iv_solved;prev_iv_model
2026-05-15 16:29:30+00:00,13.755,20260618,C,20.0,0.85,0.95,0.8999999999999999,0.9,0.0,2950230.0,1.5083496919816528,0.899999999999999,0.045,0.0,0.8999963132499129,quote_mid;trade_last;iv_solved;prev_iv_model
2026-05-15 16:29:40+00:00,13.74,20260618,C,15.0,1.9,2.0,1.95,1.95,0.0,2950220.0,1.4431238510828197,1.9500000000000002,0.045,0.0,1.9423080084237458,quote_mid;trade_last;iv_solved;prev_iv_model
2026-05-15 16:29:40+00:00,13.74,20260618,C,20.0,0.85,0.95,0.8999999999999999,0.9,0.0,2950220.0,1.5113400578776384,0.8999999999999999,0.045,0.0,0.8957453228915138,quote_mid;trade_last;iv_solved;prev_iv_model
2026-05-15 16:29:50+00:00,13.75,20260618,C,15.0,1.9,2.0,1.95,1.95,0.0,2950210.0,1.4400678371139426,1.9499999999999993,0.045,0.0,1.9551245935874766,quote_mid;trade_last;iv_solved;prev_iv_model
2026-05-15 16:29:50+00:00,13.75,20260618,C,20.0,0.85,0.95,0.8999999999999999,0.9,0.0,2950210.0,1.5093504963933104,0.9000000000000004,0.045,0.0,0.9028358997309733,quote_mid;trade_last;iv_solved;prev_iv_model
2026-05-15 16:30:00+00:00,13.78,20260618,C,15.0,1.9,2.0,1.95,1.95,0.0,2950200.0,1.430896438708873,1.950000000000001,0.045,0.0,1.965411228665153,quote_mid;trade_last;iv_solved;prev_iv_model
2026-05-15 16:30:00+00:00,13.78,20260618,C,20.0,0.85,0.95,0.8999999999999999,0.9,0.0,2950200.0,1.5033837182933358,0.8999999999999995,0.045,0.0,0.9085332489290017,quote_mid;trade_last;iv_solved;prev_iv_model
2026-05-15 16:30:10+00:00,13.78,20260618,C,15.0,1.9,2.0,1.95,1.95,0.0,2950190.0,1.4308989073623315,1.9499999999999984,0.045,0.0,1.9499958515967775,quote_mid;trade_last;iv_solved;prev_iv_model
2026-05-15 16:30:10+00:00,13.78,20260618,C,20.0,0.85,0.95,0.8999999999999999,0.9,0.0,2950190.0,1.5033862963356213,0.8999999999999999,0.045,0.0,0.8999963173673198,quote_mid;trade_last;iv_solved;prev_iv_model
2026-05-15 16:30:20+00:00,13.7772,20260618,C,15.0,1.9,2.0,1.95,1.95,0.0,2950180.0,1.4317575097450113,1.9500000000000002,0.045,0.0,1.9485574559918613,quote_mid;trade_last;iv_solved;prev_iv_model
2026-05-15 16:30:20+00:00,13.7772,20260618,C,20.0,0.85,0.95,0.8999999999999999,0.9,0.0,2950180.0,1.5039455677732185,0.9000000000000004,0.045,0.0,0.8992013808108923,quote_mid;trade_last;iv_solved;prev_iv_model
2026-05-15 16:30:30+00:00,13.75,20260618,C,15.0,1.9,2.0,1.95,1.95,0.0,2950170.0,1.4400777733437722,1.9499999999999993,0.045,0.0,1.9360472282782153,quote_mid;trade_last;iv_solved;prev_iv_model
2026-05-15 16:30:30+00:00,13.75,20260618,C,20.0,0.85,0.95,0.8999999999999999,0.9,0.0,2950170.0,1.5093608489023556,0.8999999999999995,0.045,0.0,0.8922923731502763,quote_mid;trade_last;iv_solved;prev_iv_model
2026-05-15 16:30:40+00:00,13.74,20260618,C,15.0,1.9,2.0,1.95,1.95,0.0,2950160.0,1.4431387862312142,1.9500000000000002,0.045,0.0,1.944870530759701,quote_mid;trade_last;iv_solved;prev_iv_model
2026-05-15 16:30:40+00:00,13.74,20260618,C,20.0,0.85,0.95,0.8999999999999999,0.9,0.0,2950160.0,1.5113556068224163,0.9000000000000012,0.045,0.0,0.8971613428101746,quote_mid;trade_last;iv_solved;prev_iv_model
2026-05-15 16:30:50+00:00,13.7301,20260618,C,15.0,1.9,2.0,1.95,1.95,0.0,2950150.0,1.446169514559191,1.9499999999999993,0.045,0.0,1.9449248285859388,quote_mid;trade_last;iv_solved;prev_iv_model
2026-05-15 16:30:50+00:00,13.7301,20260618,C,20.0,0.85,0.95,0.8999999999999999,0.9,0.0,2950150.0,1.5133316208588572,0.8999999999999999,0.045,0.0,0.8971903715405589,quote_mid;trade_last;iv_solved;prev_iv_model
2026-05-15 16:31:00+00:00,13.74,20260618,C,15.0,1.9,2.0,1.95,1.95,0.0,2950140.0,1.4431437647146677,1.950000000000001,0.045,0.0,1.9550702224063992,quote_mid;trade_last;iv_solved;prev_iv_model
2026-05-15 16:31:00+00:00,13.74,20260618,C,20.0,0.85,0.95,0.8999999999999999,0.9,0.0,2950140.0,1.511360789909011,0.899999999999999,0.045,0.0,0.9028067752424849,quote_mid;trade_last;iv_solved;prev_iv_model
2026-05-15 16:31:10+00:00,13.74,20260618,C,15.0,1.9,2.0,1.95,1.95,0.0,2950130.0,1.4431462539752657,1.9499999999999993,0.045,0.0,1.9499958287180563,quote_mid;trade_last;iv_solved;prev_iv_model
2026-05-15 16:31:10+00:00,13.74,20260618,C,20.0,0.85,0.95,0.8999999999999999,0.9,0.0,2950130.0,1.5113633814719978,0.9000000000000008,0.045,0.0,0.8999963106332323,quote_mid;trade_last;iv_solved;prev_iv_model
2026-05-15 16:31:20+00:00,13.75,20260618,C,15.0,1.9,2.0,1.95,1.95,0.0,2950120.0,1.4400901939135617,1.9500000000000002,0.045,0.0,1.9551245927422665,quote_mid;trade_last;iv_solved;prev_iv_model
2026-05-15 16:31:20+00:00,13.75,20260618,C,20.0,0.85,0.95,0.8999999999999999,0.9,0.0,2950120.0,1.5093737898335937,0.8999999999999986,0.045,0.0,0.9028358993042369,quote_mid;trade_last;iv_solved;prev_iv_model
2026-05-15 16:31:30+00:00,13.75,20260618,C,15.0,1.9,2.0,1.95,1.95,0.0,2950110.0,1.4400926780651884,1.9499999999999975,0.045,0.0,1.9499958343674635,quote_mid;trade_last;iv_solved;prev_iv_model
2026-05-15 16:31:30+00:00,13.75,20260618,C,20.0,0.85,0.95,0.8999999999999999,0.9,0.0,2950110.0,1.509376378059169,0.9000000000000008,0.045,0.0,0.899996312269562,quote_mid;trade_last;iv_solved;prev_iv_model
2026-05-15 16:31:40+00:00,13.74,20260618,C,15.0,1.9,2.0,1.95,1.95,0.0,2950100.0,1.4431537218325592,1.9499999999999993,0.045,0.0,1.9448705311558285,quote_mid;trade_last;iv_solved;prev_iv_model
2026-05-15 16:31:40+00:00,13.74,20260618,C,20.0,0.85,0.95,0.8999999999999999,0.9,0.0,2950100.0,1.511371156239707,0.8999999999999995,0.045,0.0,0.8971613429454033,quote_mid;trade_last;iv_solved;prev_iv_model
2026-05-15 16:31:50+00:00,13.74,20260618,C,15.0,1.9,2.0,1.95,1.95,0.0,2950090.0,1.4431562111434877,1.9500000000000002,0.045,0.0,1.9499958286619865,quote_mid;trade_last;iv_solved;prev_iv_model
2026-05-15 16:31:50+00:00,13.74,20260618,C,20.0,0.85,0.95,0.8999999999999999,0.9,0.0,2950090.0,1.5113737478551963,0.9000000000000012,0.045,0.0,0.899996310583588,quote_mid;trade_last;iv_solved;prev_iv_model
2026-05-15 16:32:00+00:00,13.71,20260618,C,15.0,1.9,2.0,1.95,1.95,0.0,2950080.0,1.452336230300416,1.9499999999999993,0.045,0.0,1.9346490066670743,quote_mid;trade_last;iv_solved;prev_iv_model
2026-05-15 16:32:00+00:00,13.71,20260618,C,20.0,0.85,0.95,0.8999999999999999,0.9,0.0,2950080.0,1.517360075181882,0.8999999999999995,0.045,0.0,0.8915095423074151,quote_mid;trade_last;iv_solved;prev_iv_model
2026-05-15 16:32:10+00:00,13.72,20260618,C,15.0,1.9,2.0,1.95,1.95,0.0,2950070.0,1.449279237320233,1.950000000000001,0.045,0.0,1.955115305128924,quote_mid;trade_last;iv_solved;prev_iv_model
2026-05-15 16:32:10+00:00,13.72,20260618,C,20.0,0.85,0.95,0.8999999999999999,0.9,0.0,2950070.0,1.515366900977602,0.9000000000000012,0.045,0.0,0.9028337614669604,quote_mid;trade_last;iv_solved;prev_iv_model
2026-05-15 16:32:20+00:00,13.7012,20260618,C,15.0,1.9,2.0,1.95,1.95,0.0,2950060.0,1.4550338770973537,1.9499999999999984,0.045,0.0,1.9403831461969032,quote_mid;trade_last;iv_solved;prev_iv_model
2026-05-15 16:32:20+00:00,13.7012,20260618,C,20.0,0.85,0.95,0.8999999999999999,0.9,0.0,2950060.0,1.5191225554620162,0.8999999999999999,0.045,0.0,0.8946749781891956,quote_mid;trade_last;iv_solved;prev_iv_model
2026-05-15 16:32:30+00:00,13.7012,20260618,C,15.0,1.9,2.0,1.95,1.95,0.0,2950050.0,1.455036386386586,1.9500000000000002,0.045,0.0,1.949995806710331,quote_mid;trade_last;iv_solved;prev_iv_model
2026-05-15 16:32:30+00:00,13.7012,20260618,C,20.0,0.85,0.95,0.8999999999999999,0.9,0.0,2950050.0,1.519125160200733,0.899999999999999,0.045,0.0,0.8999963041124168,quote_mid;trade_last;iv_solved;prev_iv_model
2026-05-15 16:32:40+00:00,13.685,20260618,C,15.0,1.9,1.95,1.9249999999999998,1.95,0.0,2950040.0,1.4450199800343944,1.9250000000000016,0.045,0.0,1.9417204694442676,quote_mid;trade_last;iv_solved;prev_iv_model
2026-05-15 16:32:40+00:00,13.685,20260618,C,20.0,0.85,0.95,0.8999999999999999,0.9,0.0,2950040.0,1.52236519586938,0.9000000000000004,0.045,0.0,0.8954119166992638,quote_mid;trade_last;iv_solved;prev_iv_model
2026-05-15 16:32:50+00:00,13.66,20260618,C,15.0,1.9,1.95,1.9249999999999998,1.95,0.0,2950030.0,1.4526482999653734,1.9250000000000007,0.045,0.0,1.9122880077872093,quote_mid;trade_last;iv_solved;prev_iv_model
2026-05-15 16:32:50+00:00,13.66,20260618,C,20.0,0.85,0.95,0.8999999999999999,0.9,0.0,2950030.0,1.5273700644919916,0.9000000000000004,0.045,0.0,0.8929302857272297,quote_mid;trade_last;iv_solved;prev_iv_model
2026-05-15 16:33:00+00:00,13.64,20260618,C,15.0,1.85,1.95,1.9,1.9,43.0,2950020.0,1.443729609916057,1.8999999999999986,0.045,0.0,1.9148414467675936,quote_mid;trade_last;iv_solved;prev_iv_model
2026-05-15 16:33:00+00:00,13.64,20260618,C,20.0,0.85,0.95,0.8999999999999999,0.9,0.0,2950020.0,1.5313799552320027,0.9000000000000004,0.045,0.0,0.8943442626381333,quote_mid;trade_last;iv_solved;prev_iv_model
2026-05-15 16:33:10+00:00,13.64,20260618,C,15.0,1.85,1.95,1.9,1.9,0.0,2950010.0,1.4437320997961933,1.8999999999999995,0.045,0.0,1.899995856551155,quote_mid;trade_last;iv_solved;prev_iv_model
2026-05-15 16:33:10+00:00,13.64,20260618,C,20.0,0.85,0.95,0.8999999999999999,0.9,0.0,2950010.0,1.5313825807036139,0.9000000000000008,0.045,0.0,0.8999962940104722,quote_mid;trade_last;iv_solved;prev_iv_model
2026-05-15 16:33:20+00:00,13.64,20260618,C,15.0,1.85,1.95,1.9,1.9,0.0,2950000.0,1.4437345896889164,1.8999999999999986,0.045,0.0,1.899995856537231,quote_mid;trade_last;iv_solved;prev_iv_model
2026-05-15 16:33:20+00:00,13.64,20260618,C,20.0,0.85,0.95,0.8999999999999999,0.9,0.0,2950000.0,1.5313852061885234,0.9000000000000004,0.045,0.0,0.8999962939980035,quote_mid;trade_last;iv_solved;prev_iv_model
2026-05-15 16:33:30+00:00,13.64,20260618,C,15.0,1.85,1.95,1.9,1.9,0.0,2949990.0,1.4437370795942264,1.9000000000000012,0.045,0.0,1.899995856523308,quote_mid;trade_last;iv_solved;prev_iv_model
2026-05-15 16:33:30+00:00,13.64,20260618,C,20.0,0.85,0.95,0.8999999999999999,0.9,0.0,2949990.0,1.5313878316867324,0.899999999999999,0.045,0.0,0.8999962939855353,quote_mid;trade_last;iv_solved;prev_iv_model
2026-05-15 16:33:40+00:00,13.645,20260618,C,15.0,1.85,1.95,1.9,1.9,0.0,2949980.0,1.4422192408633343,1.9000000000000004,0.045,0.0,1.9025267488934503,quote_mid;trade_last;iv_solved;prev_iv_model
2026-05-15 16:33:40+00:00,13.645,20260618,C,20.0,0.85,0.9,0.875,0.9,0.0,2949980.0,1.5126222790438368,0.8750000000000027,0.045,0.0,0.9014119336071298,quote_mid;trade_last;iv_solved;prev_iv_model
2026-05-15 16:33:50+00:00,13.645,20260618,C,15.0,1.85,1.95,1.9,1.9,0.0,2949970.0,1.4422217282409848,1.8999999999999986,0.045,0.0,1.8999958592504305,quote_mid;trade_last;iv_solved;prev_iv_model
2026-05-15 16:33:50+00:00,13.645,20260618,C,20.0,0.85,0.9,0.875,0.9,0.0,2949970.0,1.5126248726597211,0.8750000000000018,0.045,0.0,0.874996363283453,quote_mid;trade_last;iv_solved;prev_iv_model
2026-05-15 16:34:00+00:00,13.66,20260618,C,15.0,1.85,1.95,1.9,1.9,0.0,2949960.0,1.437663750527034,1.8999999999999995,0.045,0.0,1.9075957888327837,quote_mid;trade_last;iv_solved;prev_iv_model
2026-05-15 16:34:00+00:00,13.66,20260618,C,20.0,0.85,0.9,0.875,0.9,0.0,2949960.0,1.5096450934332637,0.8749999999999987,0.045,0.0,0.8791860607010955,quote_mid;trade_last;iv_solved;prev_iv_model
2026-05-15 16:34:10+00:00,13.679,20260618,C,15.0,1.85,1.95,1.9,1.9,0.0,2949950.0,1.4318907341565046,1.9000000000000004,0.045,0.0,1.909633706929486,quote_mid;trade_last;iv_solved;prev_iv_model
2026-05-15 16:34:10+00:00,13.679,20260618,C,20.0,0.85,0.9,0.875,0.9,0.0,2949950.0,1.505873880954228,0.8750000000000013,0.045,0.0,0.8803073198091877,quote_mid;trade_last;iv_solved;prev_iv_model
2026-05-15 16:34:20+00:00,13.67,20260618,C,15.0,1.85,1.95,1.9,1.9,0.0,2949940.0,1.434628821144134,1.9000000000000004,0.045,0.0,1.8954336781082182,quote_mid;trade_last;iv_solved;prev_iv_model
2026-05-15 16:34:20+00:00,13.67,20260618,C,20.0,0.85,0.9,0.875,0.9,0.0,2949940.0,1.5076635171340955,0.8750000000000009,0.045,0.0,0.8724861776376192,quote_mid;trade_last;iv_solved;prev_iv_model
2026-05-15 16:34:30+00:00,13.6757,20260618,C,15.0,1.85,1.95,1.9,1.9,0.0,2949930.0,1.4328987049890447,1.9000000000000012,0.045,0.0,1.9028864664026406,quote_mid;trade_last;iv_solved;prev_iv_model
2026-05-15 16:34:30+00:00,13.6757,20260618,C,20.0,0.85,0.9,0.875,0.9,0.0,2949930.0,1.5065341871598625,0.8750000000000009,0.045,0.0,0.876588030816448,quote_mid;trade_last;iv_solved;prev_iv_model
2026-05-15 16:34:40+00:00,13.71,20260618,C,15.0,1.85,1.95,1.9,1.9,0.0,2949920.0,1.4224773558837103,1.8999999999999995,0.045,0.0,1.9174288122247685,quote_mid;trade_last;iv_solved;prev_iv_model
2026-05-15 16:34:40+00:00,13.71,20260618,C,20.0,0.85,0.9,0.875,0.9,0.0,2949920.0,1.4997335946402202,0.8750000000000004,0.045,0.0,0.8846018111386691,quote_mid;trade_last;iv_solved;prev_iv_model
2026-05-15 16:34:50+00:00,13.71,20260618,C,15.0,1.85,1.95,1.9,1.9,0.0,2949910.0,1.422479810166612,1.8999999999999986,0.045,0.0,1.899995895295537,quote_mid;trade_last;iv_solved;prev_iv_model
2026-05-15 16:34:50+00:00,13.71,20260618,C,20.0,0.85,0.9,0.875,0.9,0.0,2949910.0,1.4997361665443858,0.8750000000000004,0.045,0.0,0.8749963737113124,quote_mid;trade_last;iv_solved;prev_iv_model
2026-05-15 16:35:00+00:00,13.7,20260618,C,15.0,1.85,1.95,1.9,1.9,0.0,2949900.0,1.425520926086787,1.8999999999999995,0.045,0.0,1.894917431280347,quote_mid;trade_last;iv_solved;prev_iv_model
2026-05-15 16:35:00+00:00,13.7,20260618,C,20.0,0.85,0.9,0.875,0.9,0.0,2949900.0,1.5017207323445194,0.8750000000000004,0.045,0.0,0.8722053556851477,quote_mid;trade_last;iv_solved;prev_iv_model
2026-05-15 16:35:10+00:00,13.7,20260618,C,15.0,1.85,1.95,1.9,1.9,0.0,2949890.0,1.425523385495635,1.8999999999999995,0.045,0.0,1.8999958896714784,quote_mid;trade_last;iv_solved;prev_iv_model
2026-05-15 16:35:10+00:00,13.7,20260618,C,20.0,0.85,0.9,0.875,0.9,0.0,2949890.0,1.5017233076215502,0.8749999999999996,0.045,0.0,0.8749963720645639,quote_mid;trade_last;iv_solved;prev_iv_model
2026-05-15 16:35:20+00:00,13.705,20260618,C,15.0,1.85,1.95,1.9,1.9,0.0,2949880.0,1.4240064731531739,1.8999999999999986,0.045,0.0,1.9025360550044468,quote_mid;trade_last;iv_solved;prev_iv_model
2026-05-15 16:35:20+00:00,13.705,20260618,C,20.0,0.85,0.95,0.8999999999999999,0.9,0.0,2949880.0,1.518410481692392,0.8999999999999986,0.045,0.0,0.8763935306259198,quote_mid;trade_last;iv_solved;prev_iv_model
2026-05-15 16:35:30+00:00,13.73,20260618,C,15.0,1.85,1.95,1.9,1.9,0.0,2949870.0,1.4164131022577364,1.9000000000000012,0.045,0.0,1.9127173433332478,quote_mid;trade_last;iv_solved;prev_iv_model
2026-05-15 16:35:30+00:00,13.73,20260618,C,20.0,0.85,0.95,0.8999999999999999,0.9,0.0,2949870.0,1.5134242229765604,0.9000000000000008,0.045,0.0,0.9070990392103733,quote_mid;trade_last;iv_solved;prev_iv_model
2026-05-15 16:35:40+00:00,13.74,20260618,C,15.0,1.85,1.95,1.9,1.9,0.0,2949860.0,1.4133776675815222,1.8999999999999995,0.045,0.0,1.905087410515928,quote_mid;trade_last;iv_solved;prev_iv_model
2026-05-15 16:35:40+00:00,13.74,20260618,C,20.0,0.85,0.95,0.8999999999999999,0.9,0.0,2949860.0,1.5114333586344655,0.8999999999999995,0.045,0.0,0.9028351819731824,quote_mid;trade_last;iv_solved;prev_iv_model
2026-05-15 16:35:50+00:00,13.74,20260618,C,15.0,1.85,1.95,1.9,1.9,0.0,2949850.0,1.4133801066391847,1.9000000000000012,0.045,0.0,1.8999959120869248,quote_mid;trade_last;iv_solved;prev_iv_model
2026-05-15 16:35:50+00:00,13.74,20260618,C,20.0,0.85,0.95,0.8999999999999999,0.9,0.0,2949850.0,1.5114359505650112,0.8999999999999995,0.045,0.0,0.899996310285692,quote_mid;trade_last;iv_solved;prev_iv_model
2026-05-15 16:36:00+00:00,13.73,20260618,C,15.0,1.85,1.95,1.9,1.95,20.0,2949840.0,1.4164204347284337,1.8999999999999995,0.045,0.0,1.894907921194398,quote_mid;trade_last;iv_solved;prev_iv_model
2026-05-15 16:36:00+00:00,13.73,20260618,C,20.0,0.85,0.95,0.8999999999999999,0.9,0.0,2949840.0,1.51343200886663,0.9000000000000008,0.045,0.0,0.8971620560818119,quote_mid;trade_last;iv_solved;prev_iv_model
2026-05-15 16:36:10+00:00,13.725,20260618,C,15.0,1.85,1.95,1.9,1.95,0.0,2949830.0,1.4179419207885098,1.8999999999999995,0.045,0.0,1.8974526688434628,quote_mid;trade_last;iv_solved;prev_iv_model
2026-05-15 16:36:10+00:00,13.725,20260618,C,20.0,0.85,0.95,0.8999999999999999,0.9,0.0,2949830.0,1.5144317858675076,0.9000000000000004,0.045,0.0,0.8985788706916349,quote_mid;trade_last;iv_solved;prev_iv_model
2026-05-15 16:36:20+00:00,13.71,20260618,C,15.0,1.85,1.95,1.9,1.95,0.0,2949820.0,1.4225018992709884,1.9000000000000004,0.045,0.0,1.8923736060738765,quote_mid;trade_last;iv_solved;prev_iv_model
2026-05-15 16:36:20+00:00,13.71,20260618,C,20.0,0.85,0.9,0.875,0.9,0.0,2949820.0,1.4997593142681054,0.8750000000000009,0.045,0.0,0.8957485211979694,quote_mid;trade_last;iv_solved;prev_iv_model
2026-05-15 16:36:30+00:00,13.73,20260618,C,15.0,1.85,1.95,1.9,1.95,0.0,2949810.0,1.4164277673103203,1.8999999999999995,0.045,0.0,1.9101728777526832,quote_mid;trade_last;iv_solved;prev_iv_model
2026-05-15 16:36:30+00:00,13.73,20260618,C,20.0,0.85,0.9,0.875,0.9,0.0,2949810.0,1.4958013922359643,0.8750000000000004,0.045,0.0,0.8805944512728514,quote_mid;trade_last;iv_solved;prev_iv_model
2026-05-15 16:36:40+00:00,13.705,20260618,C,15.0,1.85,1.95,1.9,1.95,0.0,2949800.0,1.4240261285651603,1.9000000000000012,0.045,0.0,1.88729649624268,quote_mid;trade_last;iv_solved;prev_iv_model
2026-05-15 16:36:40+00:00,13.705,20260618,C,20.0,0.85,0.9,0.875,0.9,0.0,2949800.0,1.500755323627751,0.8749999999999987,0.045,0.0,0.8680253034384688,quote_mid;trade_last;iv_solved;prev_iv_model
2026-05-15 16:36:50+00:00,13.71,20260618,C,15.0,1.85,1.95,1.9,1.95,0.0,2949790.0,1.4225092625290943,1.8999999999999986,0.045,0.0,1.902536843536014,quote_mid;trade_last;iv_solved;prev_iv_model
2026-05-15 16:36:50+00:00,13.71,20260618,C,20.0,0.85,0.9,0.875,0.9,0.0,2949790.0,1.4997670304105113,0.8750000000000004,0.045,0.0,0.8763937086921176,quote_mid;trade_last;iv_solved;prev_iv_model
2026-05-15 16:37:00+00:00,13.71,20260618,C,15.0,1.85,1.95,1.9,1.95,0.0,2949780.0,1.4225117169732773,1.9000000000000004,0.045,0.0,1.8999958951162306,quote_mid;trade_last;iv_solved;prev_iv_model
2026-05-15 16:37:00+00:00,13.71,20260618,C,20.0,0.85,0.9,0.875,0.9,0.0,2949780.0,1.4997696024840352,0.875,0.045,0.0,0.8749963735527158,quote_mid;trade_last;iv_solved;prev_iv_model
2026-05-15 16:37:10+00:00,13.705,20260618,C,15.0,1.85,1.95,1.9,1.95,0.0,2949770.0,1.4240334995495778,1.9000000000000012,0.045,0.0,1.8974558274244044,quote_mid;trade_last;iv_solved;prev_iv_model
2026-05-15 16:37:10+00:00,13.705,20260618,C,20.0,0.85,0.9,0.875,0.9,0.0,2949770.0,1.5007630448680604,0.8749999999999991,0.045,0.0,0.8736001964416342,quote_mid;trade_last;iv_solved;prev_iv_model
2026-05-15 16:37:20+00:00,13.71,20260618,C,15.0,1.85,1.95,1.9,1.95,0.0,2949760.0,1.4225166258988633,1.8999999999999995,0.045,0.0,1.9025368433739045,quote_mid;trade_last;iv_solved;prev_iv_model
2026-05-15 16:37:20+00:00,13.71,20260618,C,20.0,0.85,0.9,0.875,0.9,0.0,2949760.0,1.4997747466701692,0.8750000000000004,0.045,0.0,0.8763937086035214,quote_mid;trade_last;iv_solved;prev_iv_model
2026-05-15 16:37:30+00:00,13.68,20260618,C,15.0,1.85,1.95,1.9,1.95,0.0,2949750.0,1.4316361867585057,1.9000000000000012,0.045,0.0,1.884780588238372,quote_mid;trade_last;iv_solved;prev_iv_model
2026-05-15 16:37:30+00:00,13.68,20260618,C,20.0,0.85,0.9,0.875,0.9,0.0,2949750.0,1.505727020248631,0.8750000000000013,0.045,0.0,0.8666393579132503,quote_mid;trade_last;iv_solved;prev_iv_model
2026-05-15 16:37:40+00:00,13.68,20260618,C,15.0,1.85,1.95,1.9,1.95,0.0,2949740.0,1.431638656559032,1.8999999999999986,0.045,0.0,1.8999958783126427,quote_mid;trade_last;iv_solved;prev_iv_model
2026-05-15 16:37:40+00:00,13.68,20260618,C,20.0,0.85,0.9,0.875,0.9,0.0,2949740.0,1.5057296024215758,0.8749999999999996,0.045,0.0,0.8749963686440028,quote_mid;trade_last;iv_solved;prev_iv_model
2026-05-15 16:37:50+00:00,13.67,20260618,C,15.0,1.85,1.95,1.9,1.95,0.0,2949730.0,1.4346807917684687,1.8999999999999995,0.045,0.0,1.894926792046407,quote_mid;trade_last;iv_solved;prev_iv_model
2026-05-15 16:37:50+00:00,13.67,20260618,C,20.0,0.85,0.9,0.875,0.9,0.0,2949730.0,1.5077178107076215,0.875,0.045,0.0,0.8722074649597031,quote_mid;trade_last;iv_solved;prev_iv_model
2026-05-15 16:38:00+00:00,13.67,20260618,C,15.0,1.85,1.95,1.9,1.95,0.0,2949720.0,1.4346832666977232,1.8999999999999995,0.045,0.0,1.8999958727298933,quote_mid;trade_last;iv_solved;prev_iv_model
2026-05-15 16:38:00+00:00,13.67,20260618,C,20.0,0.85,0.9,0.875,0.9,0.0,2949720.0,1.5077203962599453,0.875,0.045,0.0,0.8749963670045,quote_mid;trade_last;iv_solved;prev_iv_model
2026-05-15 16:38:10+00:00,13.67,20260618,C,15.0,1.85,1.95,1.9,1.95,0.0,2949710.0,1.4346857416394907,1.9000000000000012,0.045,0.0,1.8999958727160235,quote_mid;trade_last;iv_solved;prev_iv_model
2026-05-15 16:38:10+00:00,13.67,20260618,C,20.0,0.85,0.9,0.875,0.9,0.0,2949710.0,1.5077229818253648,0.8749999999999991,0.045,0.0,0.8749963669922742,quote_mid;trade_last;iv_solved;prev_iv_model
2026-05-15 16:38:20+00:00,13.67,20260618,C,15.0,1.85,2.0,1.925,1.95,0.0,2949700.0,1.4496802083628157,1.9249999999999998,0.045,0.0,1.8999958727021546,quote_mid;trade_last;iv_solved;prev_iv_model
2026-05-15 16:38:20+00:00,13.67,20260618,C,20.0,0.85,0.9,0.875,0.9,0.0,2949700.0,1.5077255674038845,0.8749999999999991,0.045,0.0,0.8749963669800511,quote_mid;trade_last;iv_solved;prev_iv_model
2026-05-15 16:38:30+00:00,13.6512,20260618,C,15.0,1.85,2.0,1.925,1.95,0.0,2949690.0,1.4554184628825593,1.9249999999999998,0.045,0.0,1.9154442887342071,quote_mid;trade_last;iv_solved;prev_iv_model
2026-05-15 16:38:30+00:00,13.6512,20260618,C,20.0,0.85,0.9,0.875,0.9,0.0,2949690.0,1.511464400635588,0.8750000000000004,0.045,0.0,0.8697589494226432,quote_mid;trade_last;iv_solved;prev_iv_model
2026-05-15 16:38:40+00:00,13.65,20260618,C,15.0,1.85,2.0,1.925,1.95,0.0,2949680.0,1.4557871301658882,1.9249999999999998,0.045,0.0,1.9243861348673796,quote_mid;trade_last;iv_solved;prev_iv_model
2026-05-15 16:38:40+00:00,13.65,20260618,C,20.0,0.85,0.9,0.875,0.9,0.0,2949680.0,1.5117056210667168,0.8750000000000004,0.045,0.0,0.8746616543172037,quote_mid;trade_last;iv_solved;prev_iv_model
2026-05-15 16:38:50+00:00,13.66,20260618,C,15.0,1.85,2.0,1.925,1.95,0.0,2949670.0,1.452738490784966,1.9250000000000007,0.045,0.0,1.9300798440711375,quote_mid;trade_last;iv_solved;prev_iv_model
2026-05-15 16:38:50+00:00,13.66,20260618,C,20.0,0.85,0.9,0.875,0.9,1.0,2949670.0,1.5097201683308397,0.8750000000000004,0.045,0.0,0.8777885093552804,quote_mid;trade_last;iv_solved;prev_iv_model
2026-05-15 16:39:00+00:00,13.68,20260618,C,15.0,1.85,2.0,1.925,1.95,0.0,2949660.0,1.446639780009173,1.9250000000000007,0.045,0.0,1.9351764860256608,quote_mid;trade_last;iv_solved;prev_iv_model
2026-05-15 16:39:00+00:00,13.68,20260618,C,20.0,0.85,0.9,0.875,0.9,0.0,2949660.0,1.5057502602760233,0.875,0.045,0.0,0.8805873743061201,quote_mid;trade_last;iv_solved;prev_iv_model
2026-05-15 16:39:10+00:00,13.695,20260618,C,15.0,1.85,2.0,1.925,1.95,0.0,2949650.0,1.4420672640456162,1.9249999999999998,0.045,0.0,1.9326380166041552,quote_mid;trade_last;iv_solved;prev_iv_model
2026-05-15 16:39:10+00:00,13.695,20260618,C,20.0,0.85,0.9,0.875,0.9,0.0,2949650.0,1.5027766025496456,0.8750000000000004,0.045,0.0,0.8791897283062937,quote_mid;trade_last;iv_solved;prev_iv_model
2026-05-15 16:39:20+00:00,13.69,20260618,C,15.0,1.85,2.0,1.925,1.95,0.0,2949640.0,1.4435946745558303,1.9249999999999998,0.045,0.0,1.922449443763023,quote_mid;trade_last;iv_solved;prev_iv_model
2026-05-15 16:39:20+00:00,13.69,20260618,C,20.0,0.85,0.9,0.875,0.9,0.0,2949640.0,1.5037709634336585,0.875,0.045,0.0,0.8736007252067721,quote_mid;trade_last;iv_solved;prev_iv_model
2026-05-15 16:39:30+00:00,13.675,20260618,C,15.0,1.85,2.0,1.925,1.95,0.0,2949630.0,1.4481724448122484,1.9250000000000007,0.045,0.0,1.9173638986383397,quote_mid;trade_last;iv_solved;prev_iv_model
2026-05-15 16:39:30+00:00,13.675,20260618,C,20.0,0.85,0.9,0.875,0.9,0.0,2949630.0,1.506750687457206,0.875,0.045,0.0,0.8708139654910108,quote_mid;trade_last;iv_solved;prev_iv_model
2026-05-15 16:39:40+00:00,13.7,20260618,C,15.0,1.85,2.0,1.925,1.95,0.0,2949620.0,1.4405498803434553,1.9249999999999998,0.045,0.0,1.9377371968255952,quote_mid;trade_last;iv_solved;prev_iv_model
2026-05-15 16:39:40+00:00,13.7,20260618,C,20.0,0.85,0.9,0.875,0.9,0.0,2949620.0,1.501792845032436,0.875,0.045,0.0,0.8819910903712098,quote_mid;trade_last;iv_solved;prev_iv_model
2026-05-15 16:39:50+00:00,13.705,20260618,C,15.0,1.85,2.0,1.925,1.95,0.0,2949610.0,1.439027596054732,1.9250000000000007,0.045,0.0,1.927544671156479,quote_mid;trade_last;iv_solved;prev_iv_model
2026-05-15 16:39:50+00:00,13.705,20260618,C,20.0,0.85,0.95,0.8999999999999999,0.9,0.0,2949610.0,1.518480786076347,0.8999999999999999,0.045,0.0,0.876393529828976,quote_mid;trade_last;iv_solved;prev_iv_model
2026-05-15 16:40:00+00:00,13.695,20260618,C,15.0,1.85,2.0,1.925,1.95,0.0,2949600.0,1.4420797023337375,1.9250000000000007,0.045,0.0,1.9199016135362692,quote_mid;trade_last;iv_solved;prev_iv_model
2026-05-15 16:40:00+00:00,13.695,20260618,C,20.0,0.85,0.95,0.8999999999999999,0.9,0.0,2949600.0,1.5204811229395787,0.8999999999999981,0.045,0.0,0.8971645225742133,quote_mid;trade_last;iv_solved;prev_iv_model
2026-05-15 16:40:10+00:00,13.7,20260618,C,15.0,1.85,2.0,1.925,1.95,0.0,2949590.0,1.440557335710647,1.9250000000000007,0.045,0.0,1.927543895893753,quote_mid;trade_last;iv_solved;prev_iv_model
2026-05-15 16:40:10+00:00,13.7,20260618,C,20.0,0.85,0.95,0.8999999999999999,0.9,0.0,2949590.0,1.5194847121238988,0.9000000000000004,0.045,0.0,0.901413837838505,quote_mid;trade_last;iv_solved;prev_iv_model
2026-05-15 16:40:20+00:00,13.7,20260618,C,15.0,1.85,2.0,1.925,1.95,0.0,2949580.0,1.440559820858173,1.9249999999999998,0.045,0.0,1.9249958472686508,quote_mid;trade_last;iv_solved;prev_iv_model
2026-05-15 16:40:20+00:00,13.7,20260618,C,20.0,0.85,0.95,0.8999999999999999,0.9,0.0,2949580.0,1.5194873178876498,0.8999999999999999,0.045,0.0,0.8999963033298943,quote_mid;trade_last;iv_solved;prev_iv_model
2026-05-15 16:40:30+00:00,13.7273,20260618,C,15.0,1.85,2.0,1.925,1.95,0.0,2949570.0,1.4322379396544238,1.9250000000000007,0.045,0.0,1.9389325216813544,quote_mid;trade_last;iv_solved;prev_iv_model
2026-05-15 16:40:30+00:00,13.7273,20260618,C,20.0,0.85,0.95,0.8999999999999999,0.9,0.0,2949570.0,1.5140405519124607,0.900000000000003,0.045,0.0,0.9077531937026815,quote_mid;trade_last;iv_solved;prev_iv_model
2026-05-15 16:40:40+00:00,13.71,20260618,C,15.0,1.85,2.0,1.925,1.95,0.0,2949560.0,1.4375153050251788,1.9250000000000016,0.045,0.0,1.916175013724792,quote_mid;trade_last;iv_solved;prev_iv_model
2026-05-15 16:40:40+00:00,13.71,20260618,C,20.0,0.85,0.95,0.8999999999999999,0.9,0.0,2949560.0,1.5174953834067098,0.8999999999999999,0.045,0.0,0.8950979743508838,quote_mid;trade_last;iv_solved;prev_iv_model
2026-05-15 16:40:50+00:00,13.715,20260618,C,15.0,1.85,2.0,1.925,1.95,0.0,2949550.0,1.4359931552272607,1.9250000000000007,0.045,0.0,1.9275462273331607,quote_mid;trade_last;iv_solved;prev_iv_model
2026-05-15 16:40:50+00:00,13.715,20260618,C,20.0,0.85,0.95,0.8999999999999999,0.9,0.0,2949550.0,1.5164998606496813,0.8999999999999995,0.045,0.0,0.9014143666480914,quote_mid;trade_last;iv_solved;prev_iv_model
2026-05-15 16:41:00+00:00,13.7103,20260618,C,15.0,1.85,2.0,1.925,1.95,0.0,2949540.0,1.437428785075881,1.9250000000000016,0.045,0.0,1.9225992811482442,quote_mid;trade_last;iv_solved;prev_iv_model
2026-05-15 16:41:00+00:00,13.7103,20260618,C,20.0,0.85,0.95,0.8999999999999999,0.9,0.0,2949540.0,1.5174406922250112,0.8999999999999995,0.045,0.0,0.8986643756070318,quote_mid;trade_last;iv_solved;prev_iv_model
2026-05-15 16:41:10+00:00,13.7192,20260618,C,15.0,1.85,2.0,1.925,1.95,0.0,2949530.0,1.4347174749834952,1.9250000000000007,0.045,0.0,1.9295367504755898,quote_mid;trade_last;iv_solved;prev_iv_model
2026-05-15 16:41:10+00:00,13.7192,20260618,C,20.0,0.85,0.95,0.8999999999999999,0.9,0.0,2949530.0,1.5156668654046426,0.9000000000000004,0.045,0.0,0.9025213973121895,quote_mid;trade_last;iv_solved;prev_iv_model
2026-05-15 16:41:20+00:00,13.72,20260618,C,15.0,1.85,2.0,1.925,1.95,0.0,2949520.0,1.434476025364397,1.924999999999999,0.045,0.0,1.925404036041618,quote_mid;trade_last;iv_solved;prev_iv_model
2026-05-15 16:41:20+00:00,13.72,20260618,C,20.0,0.85,0.9,0.875,0.9,0.0,2949520.0,1.4978555456155709,0.8750000000000004,0.045,0.0,0.9002231587971394,quote_mid;trade_last;iv_solved;prev_iv_model
2026-05-15 16:41:30+00:00,13.72,20260618,C,15.0,1.85,2.0,1.925,1.95,0.0,2949510.0,1.4344785003597282,1.9250000000000007,0.045,0.0,1.9249958584050528,quote_mid;trade_last;iv_solved;prev_iv_model
2026-05-15 16:41:30+00:00,13.72,20260618,C,20.0,0.85,0.9,0.875,0.9,0.0,2949510.0,1.4978581146954708,0.8749999999999991,0.045,0.0,0.8749963748483132,quote_mid;trade_last;iv_solved;prev_iv_model
2026-05-15 16:41:40+00:00,13.72,20260618,C,15.0,1.85,2.0,1.925,1.95,0.0,2949500.0,1.434480975367571,1.9249999999999998,0.045,0.0,1.924995858391136,quote_mid;trade_last;iv_solved;prev_iv_model
2026-05-15 16:41:40+00:00,13.72,20260618,C,20.0,0.85,0.9,0.875,0.9,0.0,2949500.0,1.497860683788387,0.875,0.045,0.0,0.8749963748361136,quote_mid;trade_last;iv_solved;prev_iv_model
2026-05-15 16:41:50+00:00,13.715,20260618,C,15.0,1.85,2.0,1.925,1.95,0.0,2949490.0,1.436008020520255,1.9250000000000007,0.045,0.0,1.9224455814454737,quote_mid;trade_last;iv_solved;prev_iv_model
2026-05-15 16:41:50+00:00,13.715,20260618,C,20.0,0.85,0.9,0.875,0.9,0.0,2949490.0,1.4988535775635539,0.8750000000000027,0.045,0.0,0.8735998419164712,quote_mid;trade_last;iv_solved;prev_iv_model
2026-05-15 16:42:00+00:00,13.719,20260618,C,15.0,1.85,2.0,1.925,1.95,0.0,2949480.0,1.4347908340277016,1.9249999999999998,0.045,0.0,1.9270366453613352,quote_mid;trade_last;iv_solved;prev_iv_model
2026-05-15 16:42:00+00:00,13.719,20260618,C,20.0,0.85,0.9,0.875,0.9,0.0,2949480.0,1.498063863615712,0.8750000000000009,0.045,0.0,0.8761144204272857,quote_mid;trade_last;iv_solved;prev_iv_model
2026-05-15 16:42:10+00:00,13.72,20260618,C,15.0,1.85,2.0,1.925,1.95,0.0,2949470.0,1.4344884004661762,1.924999999999999,0.045,0.0,1.92550608071598,quote_mid;trade_last;iv_solved;prev_iv_model
2026-05-15 16:42:10+00:00,13.72,20260618,C,20.0,0.85,0.9,0.875,0.9,0.0,2949470.0,1.4978683911452175,0.8750000000000009,0.045,0.0,0.8752758345808735,quote_mid;trade_last;iv_solved;prev_iv_model
2026-05-15 16:42:20+00:00,13.72,20260618,C,15.0,1.85,2.0,1.925,1.95,0.0,2949460.0,1.43449087552407,1.9250000000000007,0.045,0.0,1.924995858335456,quote_mid;trade_last;iv_solved;prev_iv_model
2026-05-15 16:42:20+00:00,13.72,20260618,C,20.0,0.85,0.9,0.875,0.9,0.0,2949460.0,1.4978709602901907,0.875,0.045,0.0,0.8749963747873286,quote_mid;trade_last;iv_solved;prev_iv_model
2026-05-15 16:42:30+00:00,13.72,20260618,C,15.0,1.85,2.0,1.925,1.95,0.0,2949450.0,1.4344933505944768,1.9250000000000007,0.045,0.0,1.9249958583215347,quote_mid;trade_last;iv_solved;prev_iv_model
2026-05-15 16:42:30+00:00,13.72,20260618,C,20.0,0.85,0.9,0.875,0.9,0.0,2949450.0,1.4978735294481784,0.875,0.045,0.0,0.8749963747751313,quote_mid;trade_last;iv_solved;prev_iv_model
2026-05-15 16:42:40+00:00,13.7175,20260618,C,15.0,1.85,1.95,1.9,1.95,0.0,2949440.0,1.420316188000358,1.9000000000000004,0.045,0.0,1.9237205128407568,quote_mid;trade_last;iv_solved;prev_iv_model
2026-05-15 16:42:40+00:00,13.7175,20260618,C,20.0,0.85,0.95,0.8999999999999999,0.9,0.0,2949440.0,1.516029510063229,0.9000000000000008,0.045,0.0,0.8742979411453833,quote_mid;trade_last;iv_solved;prev_iv_model
2026-05-15 16:42:50+00:00,13.715,20260618,C,15.0,1.85,1.95,1.9,1.95,0.0,2949430.0,1.4210782856130844,1.9000000000000012,0.045,0.0,1.8987250641263023,quote_mid;trade_last;iv_solved;prev_iv_model
2026-05-15 16:42:50+00:00,13.715,20260618,C,20.0,0.85,0.95,0.8999999999999999,0.9,0.0,2949430.0,1.5165310706165198,0.9000000000000004,0.045,0.0,0.8992876421523488,quote_mid;trade_last;iv_solved;prev_iv_model
2026-05-15 16:43:00+00:00,13.73,20260618,C,15.0,1.85,1.95,1.9,1.95,0.0,2949420.0,1.4165231009942696,1.8999999999999995,0.045,0.0,1.9076284989666528,quote_mid;trade_last;iv_solved;prev_iv_model
2026-05-15 16:43:00+00:00,13.73,20260618,C,20.0,0.85,0.95,0.8999999999999999,0.9,0.0,2949420.0,1.5135410237519569,0.8999999999999986,0.045,0.0,0.9042550126559794,quote_mid;trade_last;iv_solved;prev_iv_model
2026-05-15 16:43:10+00:00,13.75,20260618,C,15.0,1.85,2.0,1.925,1.95,0.0,2949410.0,1.4253571955891164,1.9250000000000007,0.045,0.0,1.9101856072142533,quote_mid;trade_last;iv_solved;prev_iv_model
2026-05-15 16:43:10+00:00,13.75,20260618,C,20.0,0.85,0.95,0.8999999999999999,0.9,0.0,2949410.0,1.509557586430903,0.8999999999999999,0.045,0.0,0.9056793822326852,quote_mid;trade_last;iv_solved;prev_iv_model
2026-05-15 16:43:20+00:00,13.75,20260618,C,15.0,1.85,2.0,1.925,1.95,0.0,2949400.0,1.4253596553662775,1.9249999999999998,0.045,0.0,1.9249958752093583,quote_mid;trade_last;iv_solved;prev_iv_model
2026-05-15 16:43:20+00:00,13.75,20260618,C,20.0,0.85,0.95,0.8999999999999999,0.9,0.0,2949400.0,1.5095601755874721,0.899999999999999,0.045,0.0,0.8999963113885645,quote_mid;trade_last;iv_solved;prev_iv_model
2026-05-15 16:43:30+00:00,13.7469,20260618,C,15.0,1.85,2.0,1.925,1.95,0.0,2949390.0,1.4263070981680182,1.9249999999999998,0.045,0.0,1.9234115809193577,quote_mid;trade_last;iv_solved;prev_iv_model
2026-05-15 16:43:30+00:00,13.7469,20260618,C,20.0,0.85,0.95,0.8999999999999999,0.9,0.0,2949390.0,1.5101802907032833,0.9000000000000004,0.045,0.0,0.8991169008769657,quote_mid;trade_last;iv_solved;prev_iv_model
2026-05-15 16:43:40+00:00,13.7469,20260618,C,15.0,1.85,2.0,1.925,1.95,0.0,2949380.0,1.4263095595565525,1.9249999999999998,0.045,0.0,1.924995873423443,quote_mid;trade_last;iv_solved;prev_iv_model
2026-05-15 16:43:40+00:00,13.7469,20260618,C,20.0,0.85,0.95,0.8999999999999999,0.9,0.0,2949380.0,1.5101828809289937,0.8999999999999995,0.045,0.0,0.8999963108483819,quote_mid;trade_last;iv_solved;prev_iv_model
2026-05-15 16:43:50+00:00,13.765,20260618,C,15.0,1.85,2.0,1.925,1.95,0.0,2949370.0,1.4207948613454833,1.9250000000000007,0.045,0.0,1.934257083373434,quote_mid;trade_last;iv_solved;prev_iv_model
2026-05-15 16:43:50+00:00,13.765,20260618,C,20.0,0.85,0.95,0.8999999999999999,0.9,0.0,2949370.0,1.5065815126068443,0.9000000000000004,0.045,0.0,0.9051407699072929,quote_mid;trade_last;iv_solved;prev_iv_model
2026-05-15 16:44:00+00:00,13.8,20260618,C,15.0,1.85,2.0,1.925,1.95,0.0,2949360.0,1.4101308844068146,1.924999999999999,0.045,0.0,1.9429442206790721,quote_mid;trade_last;iv_solved;prev_iv_model
2026-05-15 16:44:00+00:00,13.8,20260618,C,20.0,0.85,0.95,0.8999999999999999,0.9,0.0,2949360.0,1.4996260666472856,0.9000000000000017,0.045,0.0,0.9099645527984412,quote_mid;trade_last;iv_solved;prev_iv_model
2026-05-15 16:44:10+00:00,13.8,20260618,C,15.0,1.85,2.0,1.925,1.95,0.0,2949350.0,1.4101333186651908,1.9250000000000007,0.045,0.0,1.9249959036887336,quote_mid;trade_last;iv_solved;prev_iv_model
2026-05-15 16:44:10+00:00,13.8,20260618,C,20.0,0.85,0.95,0.8999999999999999,0.9,0.0,2949350.0,1.4996286390749671,0.8999999999999999,0.045,0.0,0.8999963196724963,quote_mid;trade_last;iv_solved;prev_iv_model
2026-05-15 16:44:20+00:00,13.77,20260618,C,15.0,1.85,2.0,1.925,1.95,0.0,2949340.0,1.4192782727559892,1.9250000000000007,0.045,0.0,1.9096428450281548,quote_mid;trade_last;iv_solved;prev_iv_model
2026-05-15 16:44:20+00:00,13.77,20260618,C,20.0,0.85,0.95,0.8999999999999999,0.9,0.0,2949340.0,1.5055943744711762,0.8999999999999999,0.045,0.0,0.8914966113547305,quote_mid;trade_last;iv_solved;prev_iv_model
2026-05-15 16:44:30+00:00,13.77,20260618,C,15.0,1.85,2.0,1.925,1.95,0.0,2949330.0,1.4192807223859027,1.924999999999999,0.045,0.0,1.9249958864886851,quote_mid;trade_last;iv_solved;prev_iv_model
2026-05-15 16:44:30+00:00,13.77,20260618,C,20.0,0.85,0.95,0.8999999999999999,0.9,0.0,2949330.0,1.5055969569956527,0.9000000000000008,0.045,0.0,0.8999963146324799,quote_mid;trade_last;iv_solved;prev_iv_model
2026-05-15 16:44:40+00:00,13.77,20260618,C,15.0,1.85,2.0,1.925,1.95,0.0,2949320.0,1.4192831720282006,1.924999999999999,0.045,0.0,1.9249958864748598,quote_mid;trade_last;iv_solved;prev_iv_model
2026-05-15 16:44:40+00:00,13.77,20260618,C,20.0,0.85,0.95,0.8999999999999999,0.9,0.0,2949320.0,1.5055995395332125,0.9000000000000008,0.045,0.0,0.8999963146200809,quote_mid;trade_last;iv_solved;prev_iv_model
2026-05-15 16:44:50+00:00,13.8175,20260618,C,15.0,1.85,2.0,1.925,1.95,0.0,2949310.0,1.4048107080726466,1.9250000000000025,0.045,0.0,1.9493817562581404,quote_mid;trade_last;iv_solved;prev_iv_model
2026-05-15 16:44:50+00:00,13.8175,20260618,C,20.0,0.85,0.95,0.8999999999999999,0.9,0.0,2949310.0,1.4961652707993447,0.9000000000000004,0.045,0.0,0.9135422491593483,quote_mid;trade_last;iv_solved;prev_iv_model
2026-05-15 16:45:00+00:00,13.815,20260618,C,15.0,1.85,2.0,1.925,1.95,0.0,2949300.0,1.4055748655968339,1.9250000000000016,0.045,0.0,1.923712754492355,quote_mid;trade_last;iv_solved;prev_iv_model
2026-05-15 16:45:00+00:00,13.815,20260618,C,20.0,0.85,0.95,0.8999999999999999,0.9,0.0,2949300.0,1.4966638562374857,0.9000000000000004,0.045,0.0,0.8992858495078457,quote_mid;trade_last;iv_solved;prev_iv_model
2026-05-15 16:45:10+00:00,13.8,20260618,C,15.0,1.85,2.0,1.925,1.95,0.0,2949290.0,1.4101479244738613,1.9250000000000007,0.045,0.0,1.9173044876391652,quote_mid;trade_last;iv_solved;prev_iv_model
2026-05-15 16:45:10+00:00,13.8,20260618,C,20.0,0.85,0.95,0.8999999999999999,0.9,0.0,2949290.0,1.4996440739147263,0.9000000000000008,0.045,0.0,0.895738788567626,quote_mid;trade_last;iv_solved;prev_iv_model
2026-05-15 16:45:20+00:00,13.77,20260618,C,15.0,1.85,2.0,1.925,1.95,0.0,2949280.0,1.419292970721234,1.9250000000000007,0.045,0.0,1.9096428464275732,quote_mid;trade_last;iv_solved;prev_iv_model
2026-05-15 16:45:20+00:00,13.77,20260618,C,20.0,0.85,0.95,0.8999999999999999,0.9,0.0,2949280.0,1.505609869814284,0.9000000000000004,0.045,0.0,0.8914966119137855,quote_mid;trade_last;iv_solved;prev_iv_model
2026-05-15 16:45:30+00:00,13.77,20260618,C,15.0,1.85,2.0,1.925,1.95,0.0,2949270.0,1.4192954204254518,1.9250000000000007,0.045,0.0,1.92499588640574,quote_mid;trade_last;iv_solved;prev_iv_model
2026-05-15 16:45:30+00:00,13.77,20260618,C,20.0,0.85,0.95,0.8999999999999999,0.9,0.0,2949270.0,1.5056124524172616,0.8999999999999995,0.045,0.0,0.8999963145580754,quote_mid;trade_last;iv_solved;prev_iv_model
2026-05-15 16:45:40+00:00,13.7512,20260618,C,15.0,1.85,2.0,1.925,1.95,0.0,2949260.0,1.4250282923144324,1.9250000000000007,0.045,0.0,1.9153857672481411,quote_mid;trade_last;iv_solved;prev_iv_model
2026-05-15 16:45:40+00:00,13.7512,20260618,C,20.0,0.85,0.95,0.8999999999999999,0.9,0.0,2949260.0,1.509357408210815,0.9000000000000004,0.045,0.0,0.8946682928016823,quote_mid;trade_last;iv_solved;prev_iv_model
2026-05-15 16:45:50+00:00,13.7512,20260618,C,15.0,1.85,2.0,1.925,1.95,0.0,2949250.0,1.425030751663979,1.9250000000000007,0.045,0.0,1.9249958756824013,quote_mid;trade_last;iv_solved;prev_iv_model
2026-05-15 16:45:50+00:00,13.7512,20260618,C,20.0,0.85,0.95,0.8999999999999999,0.9,0.0,2949250.0,1.509359997160467,0.899999999999999,0.045,0.0,0.8999963114019502,quote_mid;trade_last;iv_solved;prev_iv_model
2026-05-15 16:46:00+00:00,13.7581,20260618,C,15.0,1.85,2.0,1.925,1.95,0.0,2949240.0,1.4229299172283385,1.9249999999999998,0.045,0.0,1.9285247656915807,quote_mid;trade_last;iv_solved;prev_iv_model
2026-05-15 16:46:00+00:00,13.7581,20260618,C,20.0,0.85,0.95,0.8999999999999999,0.9,0.0,2949240.0,1.5079885652090632,0.9000000000000004,0.045,0.0,0.901955609568756,quote_mid;trade_last;iv_solved;prev_iv_model
2026-05-15 16:46:10+00:00,13.74,20260618,C,15.0,1.9,2.0,1.95,1.95,0.0,2949230.0,1.4433703389665857,1.9500000000000002,0.045,0.0,1.9157500325234729,quote_mid;trade_last;iv_solved;prev_iv_model
2026-05-15 16:46:10+00:00,13.74,20260618,C,20.0,0.85,0.95,0.8999999999999999,0.9,0.0,2949230.0,1.5115966759037618,0.8999999999999999,0.045,0.0,0.8948678858753345,quote_mid;trade_last;iv_solved;prev_iv_model
2026-05-15 16:46:20+00:00,13.71,20260618,C,15.0,1.9,1.95,1.9249999999999998,1.95,0.0,2949220.0,1.4375996342658568,1.9250000000000007,0.045,0.0,1.9346490259742293,quote_mid;trade_last;iv_solved;prev_iv_model
2026-05-15 16:46:20+00:00,13.71,20260618,C,20.0,0.85,0.9,0.875,0.9,0.0,2949220.0,1.4999136593978997,0.8749999999999996,0.045,0.0,0.8915095501999875,quote_mid;trade_last;iv_solved;prev_iv_model
2026-05-15 16:46:30+00:00,13.71,20260618,C,15.0,1.9,2.0,1.95,1.95,0.0,2949210.0,1.4525541903339203,1.950000000000001,0.045,0.0,1.9249958523628,quote_mid;trade_last;iv_solved;prev_iv_model
2026-05-15 16:46:30+00:00,13.71,20260618,C,20.0,0.85,0.9,0.875,0.9,0.0,2949210.0,1.499916232214216,0.8749999999999996,0.045,0.0,0.8749963728571739,quote_mid;trade_last;iv_solved;prev_iv_model
2026-05-15 16:46:40+00:00,13.72,20260618,C,15.0,1.9,2.0,1.95,1.95,0.0,2949200.0,1.4494967514856234,1.9500000000000002,0.045,0.0,1.9551152970350616,quote_mid;trade_last;iv_solved;prev_iv_model
2026-05-15 16:46:40+00:00,13.72,20260618,C,20.0,0.85,0.9,0.875,0.9,0.0,2949200.0,1.4979377626280224,0.8750000000000004,0.045,0.0,0.8777927355002642,quote_mid;trade_last;iv_solved;prev_iv_model
2026-05-15 16:46:50+00:00,13.72,20260618,C,15.0,1.9,2.0,1.95,1.95,0.0,2949190.0,1.4494992522046726,1.9500000000000002,0.045,0.0,1.9499958160839457,quote_mid;trade_last;iv_solved;prev_iv_model
2026-05-15 16:46:50+00:00,13.72,20260618,C,20.0,0.85,0.9,0.875,0.9,0.0,2949190.0,1.497940332124435,0.8750000000000004,0.045,0.0,0.8749963744579752,quote_mid;trade_last;iv_solved;prev_iv_model
2026-05-15 16:47:00+00:00,13.72,20260618,C,15.0,1.9,2.0,1.95,1.95,0.0,2949180.0,1.4495017529363659,1.950000000000001,0.045,0.0,1.9499958160698858,quote_mid;trade_last;iv_solved;prev_iv_model
2026-05-15 16:47:00+00:00,13.72,20260618,C,20.0,0.85,0.9,0.875,0.9,0.0,2949180.0,1.4979429016338641,0.8749999999999987,0.045,0.0,0.8749963744457769,quote_mid;trade_last;iv_solved;prev_iv_model
2026-05-15 16:47:10+00:00,13.72,20260618,C,15.0,1.9,2.0,1.95,1.95,0.0,2949170.0,1.4495042536807037,1.9499999999999984,0.045,0.0,1.949995816055818,quote_mid;trade_last;iv_solved;prev_iv_model
2026-05-15 16:47:10+00:00,13.72,20260618,C,20.0,0.85,0.9,0.875,0.9,0.0,2949170.0,1.4979454711563132,0.8749999999999996,0.045,0.0,0.874996374433576,quote_mid;trade_last;iv_solved;prev_iv_model
2026-05-15 16:47:20+00:00,13.73,20260618,C,15.0,1.9,2.0,1.95,1.95,0.0,2949160.0,1.4464471094254434,1.9499999999999993,0.045,0.0,1.9551183759047221,quote_mid;trade_last;iv_solved;prev_iv_model
2026-05-15 16:47:20+00:00,13.73,20260618,C,20.0,0.85,0.9,0.875,0.9,0.0,2949160.0,1.495968167643965,0.8749999999999991,0.045,0.0,0.8777934523971753,quote_mid;trade_last;iv_solved;prev_iv_model
2026-05-15 16:47:30+00:00,13.72,20260618,C,15.0,1.9,2.0,1.95,1.95,0.0,2949150.0,1.4495092552073165,1.9499999999999993,0.045,0.0,1.9448767376852265,quote_mid;trade_last;iv_solved;prev_iv_model
2026-05-15 16:47:30+00:00,13.72,20260618,C,20.0,0.85,0.9,0.875,0.9,0.0,2949150.0,1.497950610240264,0.8749999999999991,0.045,0.0,0.8722039338296281,quote_mid;trade_last;iv_solved;prev_iv_model
2026-05-15 16:47:40+00:00,13.6901,20260618,C,15.0,1.9,2.0,1.95,1.95,0.0,2949140.0,1.4586620849928114,1.9499999999999993,0.045,0.0,1.9347184946886342,quote_mid;trade_last;iv_solved;prev_iv_model
2026-05-15 16:47:40+00:00,13.6901,20260618,C,20.0,0.85,0.9,0.875,0.9,0.0,2949140.0,1.5038800874484104,0.8750000000000009,0.045,0.0,0.8666650255115993,quote_mid;trade_last;iv_solved;prev_iv_model
2026-05-15 16:47:50+00:00,13.6999,20260618,C,15.0,1.9,2.0,1.95,1.95,0.0,2949130.0,1.4556651557243252,1.9500000000000002,0.045,0.0,1.9550068848556466,quote_mid;trade_last;iv_solved;prev_iv_model
2026-05-15 16:47:50+00:00,13.6999,20260618,C,20.0,0.85,0.9,0.875,0.9,0.0,2949130.0,1.5019388953661825,0.8749999999999996,0.045,0.0,0.8777353673926869,quote_mid;trade_last;iv_solved;prev_iv_model
2026-05-15 16:48:00+00:00,13.6998,20260618,C,15.0,1.9,2.0,1.95,1.95,0.0,2949120.0,1.455698271804609,1.9500000000000002,0.045,0.0,1.9499446737011379,quote_mid;trade_last;iv_solved;prev_iv_model
2026-05-15 16:48:00+00:00,13.6998,20260618,C,20.0,0.85,0.9,0.875,0.9,0.0,2949120.0,1.5019613003487695,0.8750000000000009,0.045,0.0,0.8749684416597026,quote_mid;trade_last;iv_solved;prev_iv_model
2026-05-15 16:48:10+00:00,13.6998,20260618,C,15.0,1.9,2.0,1.95,1.95,0.0,2949110.0,1.455700783006292,1.9499999999999993,0.045,0.0,1.949995804598827,quote_mid;trade_last;iv_solved;prev_iv_model
2026-05-15 16:48:10+00:00,13.6998,20260618,C,20.0,0.85,0.9,0.875,0.9,0.0,2949110.0,1.5019638767105614,0.8750000000000004,0.045,0.0,0.8749963710799014,quote_mid;trade_last;iv_solved;prev_iv_model
2026-05-15 16:48:20+00:00,13.68,20260618,C,15.0,1.9,2.0,1.95,1.95,0.0,2949100.0,1.4617637898547535,1.9499999999999984,0.045,0.0,1.9398846929885831,quote_mid;trade_last;iv_solved;prev_iv_model
2026-05-15 16:48:20+00:00,13.68,20260618,C,20.0,0.85,0.9,0.875,0.9,0.0,2949100.0,1.5058948887011976,0.8749999999999996,0.045,0.0,0.8694767737885334,quote_mid;trade_last;iv_solved;prev_iv_model
2026-05-15 16:48:30+00:00,13.68,20260618,C,15.0,1.9,2.0,1.95,1.95,0.0,2949090.0,1.4617663112609645,1.9499999999999993,0.045,0.0,1.9499957934782142,quote_mid;trade_last;iv_solved;prev_iv_model
2026-05-15 16:48:30+00:00,13.68,20260618,C,20.0,0.85,0.9,0.875,0.9,0.0,2949090.0,1.5058974717245701,0.8750000000000004,0.045,0.0,0.8749963678496968,quote_mid;trade_last;iv_solved;prev_iv_model
2026-05-15 16:48:40+00:00,13.68,20260618,C,15.0,1.9,2.0,1.95,1.95,0.0,2949080.0,1.4617688326799239,1.9500000000000002,0.045,0.0,1.9499957934640744,quote_mid;trade_last;iv_solved;prev_iv_model
2026-05-15 16:48:40+00:00,13.68,20260618,C,20.0,0.85,0.9,0.875,0.9,0.0,2949080.0,1.5059000547610304,0.8749999999999996,0.045,0.0,0.874996367837475,quote_mid;trade_last;iv_solved;prev_iv_model
2026-05-15 16:48:50+00:00,13.68,20260618,C,15.0,1.9,2.0,1.95,1.95,0.0,2949070.0,1.4617713541116353,1.9500000000000002,0.045,0.0,1.9499957934499292,quote_mid;trade_last;iv_solved;prev_iv_model
2026-05-15 16:48:50+00:00,13.68,20260618,C,20.0,0.85,0.9,0.875,0.9,0.0,2949070.0,1.5059026378105762,0.8749999999999987,0.045,0.0,0.8749963678252546,quote_mid;trade_last;iv_solved;prev_iv_model
2026-05-15 16:49:00+00:00,13.69,20260618,C,15.0,1.9,2.0,1.95,1.95,0.0,2949060.0,1.4587128233449609,1.9500000000000002,0.045,0.0,1.9551061556239882,quote_mid;trade_last;iv_solved;prev_iv_model
2026-05-15 16:49:00+00:00,13.69,20260618,C,20.0,0.85,0.9,0.875,0.9,0.0,2949060.0,1.5039205650312186,0.875,0.045,0.0,0.8777906048264974,quote_mid;trade_last;iv_solved;prev_iv_model
2026-05-15 16:49:10+00:00,13.68,20260618,C,15.0,1.9,2.0,1.95,1.95,0.0,2949050.0,1.4617763970133106,1.9500000000000002,0.045,0.0,1.9448889422854965,quote_mid;trade_last;iv_solved;prev_iv_model
2026-05-15 16:49:10+00:00,13.68,20260618,C,20.0,0.85,0.9,0.875,0.9,0.0,2949050.0,1.5059078039489324,0.8749999999999996,0.045,0.0,0.8722067670202893,quote_mid;trade_last;iv_solved;prev_iv_model
2026-05-15 16:49:20+00:00,13.675,20260618,C,15.0,1.9,2.0,1.95,1.95,0.0,2949040.0,1.46330958768865,1.9499999999999993,0.045,0.0,1.94744305764885,quote_mid;trade_last;iv_solved;prev_iv_model
2026-05-15 16:49:20+00:00,13.675,20260618,C,20.0,0.85,0.9,0.875,0.9,0.0,2949040.0,1.5069031662321684,0.8750000000000009,0.045,0.0,0.873601250248949,quote_mid;trade_last;iv_solved;prev_iv_model
2026-05-15 16:49:30+00:00,13.67,20260618,C,15.0,1.9,2.0,1.95,1.95,0.0,2949030.0,1.4648428775406286,1.9499999999999984,0.045,0.0,1.9474438064605328,quote_mid;trade_last;iv_solved;prev_iv_model
2026-05-15 16:49:30+00:00,13.67,20260618,C,20.0,0.85,0.9,0.875,0.9,0.0,2949030.0,1.5078988310061945,0.8750000000000004,0.045,0.0,0.8736014242901144,quote_mid;trade_last;iv_solved;prev_iv_model
2026-05-15 16:49:40+00:00,13.67,20260618,C,15.0,1.9,2.0,1.95,1.95,0.0,2949020.0,1.4648454041784786,1.9500000000000002,0.045,0.0,1.9499957877974357,quote_mid;trade_last;iv_solved;prev_iv_model
2026-05-15 16:49:40+00:00,13.67,20260618,C,20.0,0.85,0.9,0.875,0.9,0.0,2949020.0,1.5079014174755936,0.8749999999999991,0.045,0.0,0.8749963661486797,quote_mid;trade_last;iv_solved;prev_iv_model
2026-05-15 16:49:50+00:00,13.685,20260618,C,15.0,1.9,2.0,1.95,1.95,0.0,2949010.0,1.4602558985371243,1.9499999999999984,0.045,0.0,1.9576592578864647,quote_mid;trade_last;iv_solved;prev_iv_model
2026-05-15 16:49:50+00:00,13.685,20260618,C,20.0,0.85,0.9,0.875,0.9,0.0,2949010.0,1.5049256509002702,0.875,0.045,0.0,0.8791886691728243,quote_mid;trade_last;iv_solved;prev_iv_model
2026-05-15 16:50:00+00:00,13.7,20260618,C,15.0,1.9,2.0,1.95,1.95,0.0,2949000.0,1.455667195978402,1.9499999999999984,0.045,0.0,1.9576660500381422,quote_mid;trade_last;iv_solved;prev_iv_model
2026-05-15 16:50:00+00:00,13.7,20260618,C,20.0,0.85,0.9,0.875,0.9,0.0,2949000.0,1.5019525595321865,0.875,0.045,0.0,0.8791902536445546,quote_mid;trade_last;iv_solved;prev_iv_model
2026-05-15 16:50:10+00:00,13.685,20260618,C,15.0,1.9,2.0,1.95,1.95,0.0,2948990.0,1.4602609364499917,1.9500000000000002,0.045,0.0,1.9423334255317322,quote_mid;trade_last;iv_solved;prev_iv_model
2026-05-15 16:50:10+00:00,13.685,20260618,C,20.0,0.85,0.9,0.875,0.9,0.0,2948990.0,1.504930813842758,0.8749999999999991,0.045,0.0,0.8708129141931735,quote_mid;trade_last;iv_solved;prev_iv_model
2026-05-15 16:50:20+00:00,13.685,20260618,C,15.0,1.9,2.0,1.95,1.95,0.0,2948980.0,1.460263455425534,1.950000000000001,0.045,0.0,1.9499957961187366,quote_mid;trade_last;iv_solved;prev_iv_model
2026-05-15 16:50:20+00:00,13.685,20260618,C,20.0,0.85,0.9,0.875,0.9,0.0,2948980.0,1.5049333953336208,0.8750000000000009,0.045,0.0,0.8749963685239042,quote_mid;trade_last;iv_solved;prev_iv_model
2026-05-15 16:50:30+00:00,13.67,20260618,C,15.0,1.9,2.0,1.95,1.95,0.0,2948970.0,1.4648580375593956,1.9499999999999984,0.045,0.0,1.9423402258625764,quote_mid;trade_last;iv_solved;prev_iv_model
2026-05-15 16:50:30+00:00,13.67,20260618,C,20.0,0.85,0.9,0.875,0.9,0.0,2948970.0,1.5079143500191647,0.875,0.045,0.0,0.8708144930262134,quote_mid;trade_last;iv_solved;prev_iv_model
2026-05-15 16:50:40+00:00,13.67,20260618,C,15.0,1.9,2.0,1.95,1.95,0.0,2948960.0,1.4648605642739136,1.950000000000001,0.045,0.0,1.9499957877124574,quote_mid;trade_last;iv_solved;prev_iv_model
2026-05-15 16:50:40+00:00,13.67,20260618,C,20.0,0.85,0.9,0.875,0.9,0.0,2948960.0,1.5079169365671956,0.8750000000000009,0.045,0.0,0.8749963660753033,quote_mid;trade_last;iv_solved;prev_iv_model
2026-05-15 16:50:50+00:00,13.67,20260618,C,15.0,1.9,1.95,1.9249999999999998,1.95,0.0,2948950.0,1.4498677714840569,1.9250000000000007,0.045,0.0,1.9499957876982954,quote_mid;trade_last;iv_solved;prev_iv_model
2026-05-15 16:50:50+00:00,13.67,20260618,C,20.0,0.85,0.9,0.875,0.9,0.0,2948950.0,1.5079195231283316,0.875,0.045,0.0,0.8749963660630753,quote_mid;trade_last;iv_solved;prev_iv_model
2026-05-15 16:51:00+00:00,13.6997,20260618,C,15.0,1.9,2.0,1.95,1.95,0.0,2948940.0,1.455774081280377,1.9499999999999984,0.045,0.0,1.94013259974236,quote_mid;trade_last;iv_solved;prev_iv_model
2026-05-15 16:51:00+00:00,13.6997,20260618,C,20.0,0.85,0.9,0.875,0.9,0.0,2948940.0,1.5020275062473578,0.8750000000000009,0.045,0.0,0.8833087679254108,quote_mid;trade_last;iv_solved;prev_iv_model
2026-05-15 16:51:10+00:00,13.672,20260618,C,15.0,1.9,2.0,1.95,1.95,0.0,2948930.0,1.4642558165084223,1.950000000000001,0.045,0.0,1.9358577123401632,quote_mid;trade_last;iv_solved;prev_iv_model
2026-05-15 16:51:10+00:00,13.672,20260618,C,20.0,0.85,0.9,0.875,0.9,0.0,2948930.0,1.5075274216619103,0.8749999999999991,0.045,0.0,0.8672803754494209,quote_mid;trade_last;iv_solved;prev_iv_model
2026-05-15 16:51:20+00:00,13.685,20260618,C,15.0,1.9,2.0,1.95,1.95,0.0,2948920.0,1.4602785695463005,1.9499999999999984,0.045,0.0,1.9566373968834334,quote_mid;trade_last;iv_solved;prev_iv_model
2026-05-15 16:51:20+00:00,13.685,20260618,C,20.0,0.85,0.9,0.875,0.9,0.0,2948920.0,1.5049488845534795,0.8750000000000009,0.045,0.0,0.8786291841033549,quote_mid;trade_last;iv_solved;prev_iv_model
2026-05-15 16:51:30+00:00,13.69,20260618,C,15.0,1.9,2.0,1.95,1.95,0.0,2948910.0,1.458750569417187,1.9500000000000002,0.045,0.0,1.9525509163310861,quote_mid;trade_last;iv_solved;prev_iv_model
2026-05-15 16:51:30+00:00,13.69,20260618,C,20.0,0.85,0.9,0.875,0.9,1.0,2948910.0,1.5039592622547362,0.8749999999999982,0.045,0.0,0.8763929954214627,quote_mid;trade_last;iv_solved;prev_iv_model
2026-05-15 16:51:40+00:00,13.67,20260618,C,15.0,1.85,1.95,1.9,1.9,2.0,2948900.0,1.4348862534837346,1.8999999999999995,0.045,0.0,1.9397886230493402,quote_mid;trade_last;iv_solved;prev_iv_model
2026-05-15 16:51:40+00:00,13.67,20260618,C,20.0,0.85,0.9,0.875,0.9,0.0,2948900.0,1.507932456130603,0.8750000000000009,0.045,0.0,0.8694225038365375,quote_mid;trade_last;iv_solved;prev_iv_model
2026-05-15 16:51:50+00:00,13.6699,20260618,C,15.0,1.85,1.95,1.9,1.9,0.0,2948890.0,1.4349191320433943,1.8999999999999995,0.045,0.0,1.899945178779034,quote_mid;trade_last;iv_solved;prev_iv_model
2026-05-15 16:51:50+00:00,13.6699,20260618,C,20.0,0.85,0.9,0.875,0.9,0.0,2948890.0,1.507954907893744,0.8749999999999991,0.045,0.0,0.8749684575664278,quote_mid;trade_last;iv_solved;prev_iv_model
2026-05-15 16:52:00+00:00,13.65,20260618,C,15.0,1.85,1.95,1.9,1.9,0.0,2948880.0,1.4409724086783826,1.8999999999999986,0.045,0.0,1.8899211740152086,quote_mid;trade_last;iv_solved;prev_iv_model
2026-05-15 16:52:00+00:00,13.65,20260618,C,20.0,0.85,0.9,0.875,0.9,0.0,2948880.0,1.511913049018752,0.8750000000000018,0.045,0.0,0.8694531065220117,quote_mid;trade_last;iv_solved;prev_iv_model
2026-05-15 16:52:10+00:00,13.645,20260618,C,15.0,1.85,1.95,1.9,1.9,0.0,2948870.0,1.442495416571639,1.8999999999999986,0.045,0.0,1.8974651053693332,quote_mid;trade_last;iv_solved;prev_iv_model
2026-05-15 16:52:10+00:00,13.645,20260618,C,20.0,0.85,0.9,0.875,0.9,0.0,2948870.0,1.5129102506343308,0.8749999999999996,0.045,0.0,0.87360228799061,quote_mid;trade_last;iv_solved;prev_iv_model
2026-05-15 16:52:20+00:00,13.625,20260618,C,15.0,1.85,1.95,1.9,1.9,0.0,2948860.0,1.4485809216840528,1.9000000000000004,0.045,0.0,1.8898858345492178,quote_mid;trade_last;iv_solved;prev_iv_model
2026-05-15 16:52:20+00:00,13.625,20260618,C,20.0,0.85,0.9,0.875,0.85,20.0,2948860.0,1.5168943035004179,0.8750000000000009,0.045,0.0,0.8694287342743592,quote_mid;trade_last;iv_solved;prev_iv_model
2026-05-15 16:52:30+00:00,13.6101,20260618,C,15.0,1.85,1.9,1.875,1.9,0.0,2948850.0,1.4380581729399045,1.8750000000000009,0.045,0.0,1.892470373809334,quote_mid;trade_last;iv_solved;prev_iv_model
2026-05-15 16:52:30+00:00,13.6101,20260618,C,20.0,0.85,0.9,0.875,0.85,0.0,2948850.0,1.5198662459334518,0.875,0.045,0.0,0.8708484887373924,quote_mid;trade_last;iv_solved;prev_iv_model
2026-05-15 16:52:40+00:00,13.62,20260618,C,15.0,1.85,1.9,1.875,1.9,0.0,2948840.0,1.43505961183789,1.875,0.045,0.0,1.8799819880340634,quote_mid;trade_last;iv_solved;prev_iv_model
2026-05-15 16:52:40+00:00,13.62,20260618,C,20.0,0.85,0.9,0.875,0.85,0.0,2948840.0,1.517895631408516,0.8750000000000013,0.045,0.0,0.8777578432056461,quote_mid;trade_last;iv_solved;prev_iv_model
2026-05-15 16:52:50+00:00,13.61,20260618,C,15.0,1.85,1.9,1.875,1.9,0.0,2948830.0,1.4380934506421452,1.8750000000000018,0.045,0.0,1.8699630359567712,quote_mid;trade_last;iv_solved;prev_iv_model
2026-05-15 16:52:50+00:00,13.61,20260618,C,20.0,0.85,0.9,0.875,0.85,0.0,2948830.0,1.5198913972729517,0.8749999999999996,0.045,0.0,0.8722115902542269,quote_mid;trade_last;iv_solved;prev_iv_model
2026-05-15 16:53:00+00:00,13.61,20260618,C,15.0,1.85,1.9,1.875,1.9,0.0,2948820.0,1.4380959318216786,1.875,0.045,0.0,1.8749958806165425,quote_mid;trade_last;iv_solved;prev_iv_model
2026-05-15 16:53:00+00:00,13.61,20260618,C,20.0,0.85,0.9,0.875,0.85,0.0,2948820.0,1.519894004176248,0.875,0.045,0.0,0.8749963562620362,quote_mid;trade_last;iv_solved;prev_iv_model
2026-05-15 16:53:10+00:00,13.6,20260618,C,15.0,1.85,1.9,1.875,1.9,0.0,2948810.0,1.4411301648461006,1.875,0.045,0.0,1.8699660713309747,quote_mid;trade_last;iv_solved;prev_iv_model
2026-05-15 16:53:10+00:00,13.6,20260618,C,20.0,0.85,0.9,0.875,0.85,0.0,2948810.0,1.5218909966620568,0.8750000000000013,0.045,0.0,0.8722122653499307,quote_mid;trade_last;iv_solved;prev_iv_model
2026-05-15 16:53:20+00:00,13.62,20260618,C,15.0,1.85,1.9,1.875,1.9,0.0,2948800.0,1.4350695162121987,1.8749999999999991,0.045,0.0,1.8850694084189383,quote_mid;trade_last;iv_solved;prev_iv_model
2026-05-15 16:53:20+00:00,13.62,20260618,C,20.0,0.85,0.9,0.875,0.85,0.0,2948800.0,1.5179060455795428,0.8750000000000013,0.045,0.0,0.8805791083617889,quote_mid;trade_last;iv_solved;prev_iv_model
2026-05-15 16:53:30+00:00,13.62,20260618,C,15.0,1.85,1.9,1.875,1.9,0.0,2948790.0,1.4350719923370816,1.8749999999999991,0.045,0.0,1.8749958860361842,quote_mid;trade_last;iv_solved;prev_iv_model
2026-05-15 16:53:30+00:00,13.62,20260618,C,20.0,0.85,0.9,0.875,0.85,0.0,2948790.0,1.5179086491552818,0.8749999999999996,0.045,0.0,0.8749963578261708,quote_mid;trade_last;iv_solved;prev_iv_model
2026-05-15 16:53:40+00:00,13.611,20260618,C,15.0,1.85,1.95,1.9,1.9,0.0,2948780.0,1.4528599957651065,1.8999999999999995,0.045,0.0,1.8704660207560595,quote_mid;trade_last;iv_solved;prev_iv_model
2026-05-15 16:53:40+00:00,13.611,20260618,C,20.0,0.85,0.9,0.875,0.85,0.0,2948780.0,1.5197050593121748,0.8749999999999991,0.045,0.0,0.8724898280444253,quote_mid;trade_last;iv_solved;prev_iv_model
2026-05-15 16:53:50+00:00,13.62,20260618,C,15.0,1.85,1.95,1.9,1.9,0.0,2948770.0,1.450124427746303,1.8999999999999986,0.045,0.0,1.904544744845163,quote_mid;trade_last;iv_solved;prev_iv_model
2026-05-15 16:53:50+00:00,13.62,20260618,C,20.0,0.85,0.9,0.875,0.85,0.0,2948770.0,1.5179138563463397,0.8750000000000013,0.045,0.0,0.8775066386927448,quote_mid;trade_last;iv_solved;prev_iv_model
2026-05-15 16:54:00+00:00,13.6331,20260618,C,15.0,1.85,1.95,1.9,1.9,0.0,2948760.0,1.446142068736409,1.9000000000000004,0.045,0.0,1.9066223440754078,quote_mid;trade_last;iv_solved;prev_iv_model
2026-05-15 16:54:00+00:00,13.6331,20260618,C,20.0,0.85,0.9,0.875,0.85,0.0,2948760.0,1.515307221906267,0.8750000000000013,0.045,0.0,0.8786524423145665,quote_mid;trade_last;iv_solved;prev_iv_model
2026-05-15 16:54:10+00:00,13.65,20260618,C,15.0,1.85,1.95,1.9,1.9,0.0,2948750.0,1.4410047303551372,1.9000000000000004,0.045,0.0,1.9085533598922186,quote_mid;trade_last;iv_solved;prev_iv_model
2026-05-15 16:54:10+00:00,13.65,20260618,C,20.0,0.85,0.9,0.875,0.85,0.0,2948750.0,1.5119467640030506,0.875,0.045,0.0,0.8797162123051514,quote_mid;trade_last;iv_solved;prev_iv_model
2026-05-15 16:54:20+00:00,13.6599,20260618,C,15.0,1.85,1.95,1.9,1.9,0.0,2948740.0,1.437996778752804,1.9000000000000004,0.045,0.0,1.9050116452055308,quote_mid;trade_last;iv_solved;prev_iv_model
2026-05-15 16:54:20+00:00,13.6599,20260618,C,20.0,0.85,0.9,0.875,0.85,0.0,2948740.0,1.5099808777982298,0.8749999999999996,0.045,0.0,0.877760557245487,quote_mid;trade_last;iv_solved;prev_iv_model
2026-05-15 16:54:30+00:00,13.6101,20260618,C,15.0,1.85,1.95,1.9,1.9,0.0,2948730.0,1.4531463542767042,1.9000000000000004,0.045,0.0,1.874848638902244,quote_mid;trade_last;iv_solved;prev_iv_model
2026-05-15 16:54:30+00:00,13.6101,20260618,C,20.0,0.85,0.9,0.875,0.85,0.0,2948730.0,1.5198975289236554,0.8749999999999996,0.045,0.0,0.8611673867553162,quote_mid;trade_last;iv_solved;prev_iv_model
2026-05-15 16:54:40+00:00,13.655,20260618,C,15.0,1.85,1.95,1.9,1.9,0.0,2948720.0,1.4394917183804075,1.8999999999999986,0.045,0.0,1.9227417015804535,quote_mid;trade_last;iv_solved;prev_iv_model
2026-05-15 16:54:40+00:00,13.655,20260618,C,20.0,0.85,0.9,0.875,0.85,0.0,2948720.0,1.5109602123152666,0.8749999999999991,0.045,0.0,0.8875624076563926,quote_mid;trade_last;iv_solved;prev_iv_model
2026-05-15 16:54:50+00:00,13.62,20260618,C,15.0,1.85,1.9,1.875,1.9,0.0,2948710.0,1.4350918017869452,1.875,0.045,0.0,1.8823101073824597,quote_mid;trade_last;iv_solved;prev_iv_model
2026-05-15 16:54:50+00:00,13.62,20260618,C,20.0,0.85,0.9,0.875,0.85,0.0,2948710.0,1.517929478236157,0.875,0.045,0.0,0.8652645886631087,quote_mid;trade_last;iv_solved;prev_iv_model
2026-05-15 16:55:00+00:00,13.63,20260618,C,15.0,1.85,1.9,1.875,1.9,0.0,2948700.0,1.4320632158332018,1.8750000000000009,0.045,0.0,1.8800354095970322,quote_mid;trade_last;iv_solved;prev_iv_model
2026-05-15 16:55:00+00:00,13.63,20260618,C,20.0,0.85,0.9,0.875,0.85,0.0,2948700.0,1.5159400892508526,0.8750000000000013,0.045,0.0,0.8777864380654736,quote_mid;trade_last;iv_solved;prev_iv_model
2026-05-15 16:55:10+00:00,13.63,20260618,C,15.0,1.85,1.9,1.875,1.9,0.0,2948690.0,1.432065686991577,1.8750000000000018,0.045,0.0,1.8749958913728024,quote_mid;trade_last;iv_solved;prev_iv_model
2026-05-15 16:55:10+00:00,13.63,20260618,C,20.0,0.85,0.9,0.875,0.85,0.0,2948690.0,1.5159426895932446,0.8750000000000009,0.045,0.0,0.8749963593069996,quote_mid;trade_last;iv_solved;prev_iv_model
2026-05-15 16:55:20+00:00,13.63,20260618,C,15.0,1.85,1.9,1.875,1.9,0.0,2948680.0,1.4320681581624486,1.875,0.045,0.0,1.8749958913589904,quote_mid;trade_last;iv_solved;prev_iv_model
2026-05-15 16:55:20+00:00,13.63,20260618,C,20.0,0.85,0.9,0.875,0.85,0.0,2948680.0,1.5159452899488155,0.875,0.045,0.0,0.8749963592947432,quote_mid;trade_last;iv_solved;prev_iv_model
2026-05-15 16:55:30+00:00,13.65,20260618,C,15.0,1.85,1.9,1.875,1.9,0.0,2948670.0,1.4260095255868919,1.875,0.045,0.0,1.8850877491229001,quote_mid;trade_last;iv_solved;prev_iv_model
2026-05-15 16:55:30+00:00,13.65,20260618,C,20.0,0.85,0.9,0.875,0.85,0.0,2948670.0,1.511967512789627,0.8750000000000004,0.045,0.0,0.8805832053461145,quote_mid;trade_last;iv_solved;prev_iv_model
2026-05-15 16:55:40+00:00,13.65,20260618,C,15.0,1.85,1.9,1.875,1.9,0.0,2948660.0,1.4260119866015248,1.8750000000000009,0.045,0.0,1.8749959023221852,quote_mid;trade_last;iv_solved;prev_iv_model
2026-05-15 16:55:40+00:00,13.65,20260618,C,20.0,0.85,0.9,0.875,0.85,0.0,2948660.0,1.5119701064470918,0.8749999999999996,0.045,0.0,0.8749963624844197,quote_mid;trade_last;iv_solved;prev_iv_model
2026-05-15 16:55:50+00:00,13.65,20260618,C,15.0,1.85,1.9,1.875,1.9,0.0,2948650.0,1.4260144476286034,1.8750000000000018,0.045,0.0,1.8749959023084095,quote_mid;trade_last;iv_solved;prev_iv_model
2026-05-15 16:55:50+00:00,13.65,20260618,C,20.0,0.85,0.9,0.875,0.85,0.0,2948650.0,1.5119727001176995,0.8749999999999982,0.045,0.0,0.874996362472177,quote_mid;trade_last;iv_solved;prev_iv_model
2026-05-15 16:56:00+00:00,13.6497,20260618,C,15.0,1.85,1.9,1.875,1.9,0.0,2948640.0,1.4261078156890048,1.875,0.045,0.0,1.8748445427023857,quote_mid;trade_last;iv_solved;prev_iv_model
2026-05-15 16:56:00+00:00,13.6497,20260618,C,20.0,0.85,0.9,0.875,0.85,0.0,2948640.0,1.5120349641206214,0.8749999999999982,0.045,0.0,0.8749126804631353,quote_mid;trade_last;iv_solved;prev_iv_model
2026-05-15 16:56:10+00:00,13.64,20260618,C,15.0,1.85,1.9,1.875,1.9,0.0,2948630.0,1.4290497708673242,1.8749999999999991,0.045,0.0,1.870105088487139,quote_mid;trade_last;iv_solved;prev_iv_model
2026-05-15 16:56:10+00:00,13.64,20260618,C,20.0,0.85,0.9,0.875,0.85,0.0,2948630.0,1.5139674860608565,0.8749999999999996,0.045,0.0,0.8722930917902905,quote_mid;trade_last;iv_solved;prev_iv_model
2026-05-15 16:56:20+00:00,13.64,20260618,C,15.0,1.85,1.9,1.875,1.9,0.0,2948620.0,1.42905223702207,1.8750000000000009,0.045,0.0,1.8749958967647675,quote_mid;trade_last;iv_solved;prev_iv_model
2026-05-15 16:56:20+00:00,13.64,20260618,C,20.0,0.85,0.9,0.875,0.85,0.0,2948620.0,1.5139700831321603,0.875,0.045,0.0,0.8749963608271116,quote_mid;trade_last;iv_solved;prev_iv_model
2026-05-15 16:56:30+00:00,13.64,20260618,C,15.0,1.85,1.9,1.875,1.9,0.0,2948610.0,1.429054703189288,1.8750000000000018,0.045,0.0,1.874995896750975,quote_mid;trade_last;iv_solved;prev_iv_model
2026-05-15 16:56:30+00:00,13.64,20260618,C,20.0,0.85,0.9,0.875,0.85,0.0,2948610.0,1.5139726802166242,0.8750000000000004,0.045,0.0,0.8749963608148623,quote_mid;trade_last;iv_solved;prev_iv_model
2026-05-15 16:56:40+00:00,13.65,20260618,C,15.0,1.85,1.9,1.875,1.9,0.0,2948600.0,1.4260267529506843,1.8750000000000009,0.045,0.0,1.8800415681225076,quote_mid;trade_last;iv_solved;prev_iv_model
2026-05-15 16:56:40+00:00,13.65,20260618,C,20.0,0.85,0.9,0.875,0.85,0.0,2948600.0,1.5119856686678932,0.8749999999999996,0.045,0.0,0.8777878119587199,quote_mid;trade_last;iv_solved;prev_iv_model
2026-05-15 16:56:50+00:00,13.65,20260618,C,15.0,1.85,1.9,1.875,1.9,0.0,2948590.0,1.4260292140524382,1.8749999999999991,0.045,0.0,1.8749959022257592,quote_mid;trade_last;iv_solved;prev_iv_model
2026-05-15 16:56:50+00:00,13.65,20260618,C,20.0,0.85,0.9,0.875,0.85,0.0,2948590.0,1.511988262417364,0.8750000000000013,0.045,0.0,0.8749963623987163,quote_mid;trade_last;iv_solved;prev_iv_model
2026-05-15 16:57:00+00:00,13.65,20260618,C,15.0,1.85,1.9,1.875,1.9,0.0,2948580.0,1.426031675166639,1.875,0.045,0.0,1.8749959022119826,quote_mid;trade_last;iv_solved;prev_iv_model
2026-05-15 16:57:00+00:00,13.65,20260618,C,20.0,0.85,0.9,0.875,0.85,0.0,2948580.0,1.511990856179978,0.875,0.045,0.0,0.8749963623864718,quote_mid;trade_last;iv_solved;prev_iv_model
2026-05-15 16:57:10+00:00,13.65,20260618,C,15.0,1.85,1.9,1.875,1.9,0.0,2948570.0,1.426034136293286,1.8749999999999991,0.045,0.0,1.874995902198207,quote_mid;trade_last;iv_solved;prev_iv_model
2026-05-15 16:57:10+00:00,13.65,20260618,C,20.0,0.85,0.9,0.875,0.85,0.0,2948570.0,1.5119934499557366,0.8750000000000022,0.045,0.0,0.8749963623742314,quote_mid;trade_last;iv_solved;prev_iv_model
2026-05-15 16:57:20+00:00,13.65,20260618,C,15.0,1.85,1.9,1.875,1.9,0.0,2948560.0,1.4260365974323803,1.8750000000000009,0.045,0.0,1.8749959021844314,quote_mid;trade_last;iv_solved;prev_iv_model
2026-05-15 16:57:20+00:00,13.65,20260618,C,20.0,0.85,0.95,0.8999999999999999,0.85,0.0,2948560.0,1.529758676268624,0.8999999999999999,0.045,0.0,0.8749963623619861,quote_mid;trade_last;iv_solved;prev_iv_model
2026-05-15 16:57:30+00:00,13.64,20260618,C,15.0,1.85,1.9,1.875,1.9,0.0,2948550.0,1.429069500454509,1.8749999999999991,0.045,0.0,1.8699538345522129,quote_mid;trade_last;iv_solved;prev_iv_model
2026-05-15 16:57:30+00:00,13.64,20260618,C,20.0,0.85,0.95,0.8999999999999999,0.85,0.0,2948550.0,1.53176604232701,0.9000000000000012,0.045,0.0,0.8971683125963241,quote_mid;trade_last;iv_solved;prev_iv_model
2026-05-15 16:57:40+00:00,13.64,20260618,C,15.0,1.85,1.9,1.875,1.9,0.0,2948540.0,1.4290719667090341,1.875,0.045,0.0,1.874995896654414,quote_mid;trade_last;iv_solved;prev_iv_model
2026-05-15 16:57:40+00:00,13.64,20260618,C,20.0,0.85,0.95,0.8999999999999999,0.85,0.0,2948540.0,1.5317686697547566,0.9000000000000004,0.045,0.0,0.8999962921766032,quote_mid;trade_last;iv_solved;prev_iv_model
2026-05-15 16:57:50+00:00,13.64,20260618,C,15.0,1.85,1.9,1.875,1.9,0.0,2948530.0,1.4290744329760314,1.8750000000000018,0.045,0.0,1.8749958966406197,quote_mid;trade_last;iv_solved;prev_iv_model
2026-05-15 16:57:50+00:00,13.64,20260618,C,20.0,0.85,0.95,0.8999999999999999,0.85,0.0,2948530.0,1.5317712971958208,0.9000000000000008,0.045,0.0,0.8999962921641189,quote_mid;trade_last;iv_solved;prev_iv_model
2026-05-15 16:58:00+00:00,13.65,20260618,C,15.0,1.85,1.9,1.875,1.9,0.0,2948520.0,1.426046442113221,1.8749999999999991,0.045,0.0,1.8800415673776518,quote_mid;trade_last;iv_solved;prev_iv_model
2026-05-15 16:58:00+00:00,13.65,20260618,C,20.0,0.85,0.95,0.8999999999999999,0.85,0.0,2948520.0,1.5297691724584173,0.9000000000000012,0.045,0.0,0.9028288905884048,quote_mid;trade_last;iv_solved;prev_iv_model
2026-05-15 16:58:10+00:00,13.625,20260618,C,15.0,1.85,1.9,1.875,1.9,0.0,2948510.0,1.4336257043685938,1.8750000000000018,0.045,0.0,1.8624033114986185,quote_mid;trade_last;iv_solved;prev_iv_model
2026-05-15 16:58:10+00:00,13.625,20260618,C,20.0,0.85,0.95,0.8999999999999999,0.85,0.0,2948510.0,1.5347859740287269,0.9000000000000008,0.045,0.0,0.8929362763962478,quote_mid;trade_last;iv_solved;prev_iv_model
2026-05-15 16:58:20+00:00,13.6299,20260618,C,15.0,1.85,1.9,1.875,1.9,1.0,2948500.0,1.4321429512403387,1.875,0.045,0.0,1.8774651701472385,quote_mid;trade_last;iv_solved;prev_iv_model
2026-05-15 16:58:20+00:00,13.6299,20260618,C,20.0,0.85,0.95,0.8999999999999999,0.85,0.0,2948500.0,1.5338052245675593,0.899999999999999,0.045,0.0,0.9013831032655761,quote_mid;trade_last;iv_solved;prev_iv_model
2026-05-15 16:58:30+00:00,13.625,20260618,C,15.0,1.85,1.9,1.875,1.9,0.0,2948490.0,1.433630652264811,1.8750000000000009,0.045,0.0,1.8725274774872043,quote_mid;trade_last;iv_solved;prev_iv_model
2026-05-15 16:58:30+00:00,13.625,20260618,C,20.0,0.85,0.95,0.8999999999999999,0.85,0.0,2948490.0,1.5347912391729746,0.8999999999999995,0.045,0.0,0.898610585439068,quote_mid;trade_last;iv_solved;prev_iv_model
2026-05-15 16:58:40+00:00,13.62,20260618,C,15.0,1.85,1.9,1.875,1.9,0.0,2948480.0,1.4351487584199427,1.8750000000000009,0.045,0.0,1.8724778662335657,quote_mid;trade_last;iv_solved;prev_iv_model
2026-05-15 16:58:40+00:00,13.62,20260618,C,20.0,0.85,0.95,0.8999999999999999,0.85,0.0,2948480.0,1.535797629319486,0.899999999999999,0.045,0.0,0.8985824832364213,quote_mid;trade_last;iv_solved;prev_iv_model
2026-05-15 16:58:50+00:00,13.62,20260618,C,15.0,1.85,1.9,1.875,1.9,0.0,2948470.0,1.4351512349455864,1.8750000000000009,0.045,0.0,1.87499588559358,quote_mid;trade_last;iv_solved;prev_iv_model
2026-05-15 16:58:50+00:00,13.62,20260618,C,20.0,0.85,0.95,0.8999999999999999,0.85,0.0,2948470.0,1.5358002636208528,0.8999999999999995,0.045,0.0,0.89999628882269,quote_mid;trade_last;iv_solved;prev_iv_model
2026-05-15 16:59:00+00:00,13.6,20260618,C,15.0,1.85,1.9,1.875,1.9,0.0,2948460.0,1.4412171927491966,1.8750000000000009,0.045,0.0,1.8649368706810234,quote_mid;trade_last;iv_solved;prev_iv_model
2026-05-15 16:59:00+00:00,13.6,20260618,C,20.0,0.85,0.95,0.8999999999999999,0.85,0.0,2948460.0,1.5398210112576822,0.8999999999999995,0.045,0.0,0.8943496675644078,quote_mid;trade_last;iv_solved;prev_iv_model
2026-05-15 16:59:10+00:00,13.6101,20260618,C,15.0,1.85,1.9,1.875,1.9,0.0,2948450.0,1.4381574268683757,1.875,0.045,0.0,1.8800796808588274,quote_mid;trade_last;iv_solved;prev_iv_model
2026-05-15 16:59:10+00:00,13.6101,20260618,C,20.0,0.85,0.95,0.8999999999999999,0.85,0.0,2948450.0,1.5377938870987475,0.899999999999999,0.045,0.0,0.9028545141025419,quote_mid;trade_last;iv_solved;prev_iv_model
2026-05-15 16:59:20+00:00,13.62,20260618,C,15.0,1.85,1.9,1.875,1.9,0.0,2948440.0,1.4351586645976715,1.8750000000000018,0.045,0.0,1.8799819843761583,quote_mid;trade_last;iv_solved;prev_iv_model
2026-05-15 16:59:20+00:00,13.62,20260618,C,20.0,0.85,0.95,0.8999999999999999,0.85,0.0,2948440.0,1.5358081666050571,0.9000000000000008,0.045,0.0,0.902798533352716,quote_mid;trade_last;iv_solved;prev_iv_model
2026-05-15 16:59:30+00:00,13.63,20260618,C,15.0,1.85,1.9,1.875,1.9,0.0,2948430.0,1.4321299414961706,1.875,0.045,0.0,1.880035407098978,quote_mid;trade_last;iv_solved;prev_iv_model
2026-05-15 16:59:30+00:00,13.63,20260618,C,20.0,0.85,0.95,0.8999999999999999,0.85,0.0,2948430.0,1.5338035750699341,0.8999999999999999,0.045,0.0,0.9028275322478816,quote_mid;trade_last;iv_solved;prev_iv_model
2026-05-15 16:59:40+00:00,13.63,20260618,C,15.0,1.85,1.9,1.875,1.9,0.0,2948420.0,1.4321324129920074,1.8750000000000009,0.045,0.0,1.8749958909998394,quote_mid;trade_last;iv_solved;prev_iv_model
2026-05-15 16:59:40+00:00,13.63,20260618,C,20.0,0.85,0.95,0.8999999999999999,0.85,0.0,2948420.0,1.5338062060467177,0.9000000000000008,0.045,0.0,0.8999962903922767,quote_mid;trade_last;iv_solved;prev_iv_model
2026-05-15 16:59:50+00:00,13.63,20260618,C,15.0,1.85,1.9,1.875,1.9,0.0,2948410.0,1.432134884500345,1.875,0.045,0.0,1.8749958909860247,quote_mid;trade_last;iv_solved;prev_iv_model
2026-05-15 16:59:50+00:00,13.63,20260618,C,20.0,0.85,0.95,0.8999999999999999,0.85,0.0,2948410.0,1.5338088370368363,0.9000000000000008,0.045,0.0,0.8999962903797876,quote_mid;trade_last;iv_solved;prev_iv_model
2026-05-15 17:00:00+00:00,13.63,20260618,C,15.0,1.85,1.9,1.875,1.9,0.0,2948400.0,1.4321373560211836,1.8750000000000009,0.045,0.0,1.8749958909722082,quote_mid;trade_last;iv_solved;prev_iv_model
2026-05-15 17:00:00+00:00,13.63,20260618,C,20.0,0.85,0.95,0.8999999999999999,0.85,0.0,2948400.0,1.5338114680402888,0.8999999999999995,0.045,0.0,0.8999962903673007,quote_mid;trade_last;iv_solved;prev_iv_model
2026-05-15 17:00:10+00:00,13.63,20260618,C,15.0,1.85,1.9,1.875,1.9,0.0,2948390.0,1.4321398275545212,1.8750000000000009,0.045,0.0,1.8749958909583961,quote_mid;trade_last;iv_solved;prev_iv_model
2026-05-15 17:00:10+00:00,13.63,20260618,C,20.0,0.85,0.95,0.8999999999999999,0.85,0.0,2948390.0,1.533814099057075,0.8999999999999995,0.045,0.0,0.8999962903548111,quote_mid;trade_last;iv_solved;prev_iv_model
2026-05-15 17:00:20+00:00,13.63,20260618,C,15.0,1.85,1.9,1.875,1.9,0.0,2948380.0,1.4321422991003603,1.875,0.045,0.0,1.8749958909445796,quote_mid;trade_last;iv_solved;prev_iv_model
2026-05-15 17:00:20+00:00,13.63,20260618,C,20.0,0.85,0.95,0.8999999999999999,0.85,0.0,2948380.0,1.5338167300871972,0.9000000000000008,0.045,0.0,0.8999962903423229,quote_mid;trade_last;iv_solved;prev_iv_model
2026-05-15 17:00:30+00:00,13.66,20260618,C,15.0,1.85,1.9,1.875,1.9,0.0,2948370.0,1.4230531577776793,1.875,0.045,0.0,1.8901436835221146,quote_mid;trade_last;iv_solved;prev_iv_model
2026-05-15 17:00:30+00:00,13.66,20260618,C,20.0,0.85,0.95,0.8999999999999999,0.85,0.0,2948370.0,1.5278049490357568,0.9000000000000004,0.045,0.0,0.9085079280178001,quote_mid;trade_last;iv_solved;prev_iv_model
2026-05-15 17:00:40+00:00,13.66,20260618,C,15.0,1.85,1.9,1.875,1.9,0.0,2948360.0,1.4230556140754862,1.8750000000000027,0.045,0.0,1.874995907425423,quote_mid;trade_last;iv_solved;prev_iv_model
2026-05-15 17:00:40+00:00,13.66,20260618,C,20.0,0.85,0.95,0.8999999999999999,0.85,0.0,2948360.0,1.5278075699307636,0.9000000000000008,0.045,0.0,0.8999962952285387,quote_mid;trade_last;iv_solved;prev_iv_model
2026-05-15 17:00:50+00:00,13.66,20260618,C,15.0,1.85,1.9,1.875,1.9,0.0,2948350.0,1.423058070385713,1.875,0.045,0.0,1.8749959074116678,quote_mid;trade_last;iv_solved;prev_iv_model
2026-05-15 17:00:50+00:00,13.66,20260618,C,20.0,0.85,0.95,0.8999999999999999,0.85,0.0,2948350.0,1.527810190839054,0.8999999999999995,0.045,0.0,0.8999962952160661,quote_mid;trade_last;iv_solved;prev_iv_model
2026-05-15 17:01:00+00:00,13.67,20260618,C,15.0,1.85,1.9,1.875,1.9,0.0,2948340.0,1.4200306251894914,1.8749999999999991,0.045,0.0,1.8800477908878408,quote_mid;trade_last;iv_solved;prev_iv_model
2026-05-15 17:01:00+00:00,13.67,20260618,C,20.0,0.85,0.95,0.8999999999999999,0.85,0.0,2948340.0,1.5258104294558574,0.9000000000000008,0.045,0.0,0.9028302616958044,quote_mid;trade_last;iv_solved;prev_iv_model
2026-05-15 17:01:10+00:00,13.655,20260618,C,15.0,1.85,1.9,1.875,1.9,0.0,2948330.0,1.4245780546000337,1.875,0.045,0.0,1.867425993009844,quote_mid;trade_last;iv_solved;prev_iv_model
2026-05-15 17:01:10+00:00,13.655,20260618,C,20.0,0.85,0.95,0.8999999999999999,0.85,0.0,2948330.0,1.5288170805519745,0.8999999999999995,0.045,0.0,0.8957542635699105,quote_mid;trade_last;iv_solved;prev_iv_model
2026-05-15 17:01:20+00:00,13.65,20260618,C,15.0,1.85,1.9,1.875,1.9,0.0,2948320.0,1.4260956685048596,1.8750000000000009,0.045,0.0,1.8724732575650807,quote_mid;trade_last;iv_solved;prev_iv_model
2026-05-15 17:01:20+00:00,13.65,20260618,C,20.0,0.85,0.95,0.8999999999999999,0.85,0.0,2948320.0,1.5298216565991423,0.9000000000000008,0.045,0.0,0.8985814710923634,quote_mid;trade_last;iv_solved;prev_iv_model
2026-05-15 17:01:30+00:00,13.65,20260618,C,15.0,1.85,1.9,1.875,1.9,0.0,2948310.0,1.4260981299551503,1.8750000000000009,0.045,0.0,1.87499590184001,quote_mid;trade_last;iv_solved;prev_iv_model
2026-05-15 17:01:30+00:00,13.65,20260618,C,20.0,0.85,0.95,0.8999999999999999,0.85,0.0,2948310.0,1.529824280945828,0.899999999999999,0.045,0.0,0.8999962935265948,quote_mid;trade_last;iv_solved;prev_iv_model
2026-05-15 17:01:40+00:00,13.65,20260618,C,15.0,1.85,1.9,1.875,1.9,0.0,2948300.0,1.4261005914178906,1.875,0.045,0.0,1.8749959018262299,quote_mid;trade_last;iv_solved;prev_iv_model
2026-05-15 17:01:40+00:00,13.65,20260618,C,20.0,0.85,0.95,0.8999999999999999,0.85,0.0,2948300.0,1.5298269053058133,0.8999999999999999,0.045,0.0,0.8999962935141159,quote_mid;trade_last;iv_solved;prev_iv_model
2026-05-15 17:01:50+00:00,13.67,20260618,C,15.0,1.85,1.9,1.875,1.9,0.0,2948290.0,1.4200428815409611,1.875,0.045,0.0,1.8851001344690914,quote_mid;trade_last;iv_solved;prev_iv_model
2026-05-15 17:01:50+00:00,13.67,20260618,C,20.0,0.85,0.95,0.8999999999999999,0.85,0.0,2948290.0,1.5258235173470465,0.9000000000000004,0.045,0.0,0.9056681547203365,quote_mid;trade_last;iv_solved;prev_iv_model
2026-05-15 17:02:00+00:00,13.6681,20260618,C,15.0,1.85,1.9,1.875,1.9,0.0,2948280.0,1.4206209960929317,1.875,0.045,0.0,1.8740362196391693,quote_mid;trade_last;iv_solved;prev_iv_model
2026-05-15 17:02:00+00:00,13.6681,20260618,C,20.0,0.85,0.95,0.8999999999999999,0.85,0.0,2948280.0,1.52620649819435,0.9000000000000008,0.045,0.0,0.8994583121638651,quote_mid;trade_last;iv_solved;prev_iv_model
2026-05-15 17:02:10+00:00,13.66,20260618,C,15.0,1.85,1.9,1.875,1.9,0.0,2948270.0,1.4230777213147685,1.8750000000000018,0.045,0.0,1.8709067579399337,quote_mid;trade_last;iv_solved;prev_iv_model
2026-05-15 17:02:10+00:00,13.66,20260618,C,20.0,0.85,0.95,0.8999999999999999,0.85,0.0,2948270.0,1.527831158583571,0.8999999999999999,0.045,0.0,0.8977042215638757,quote_mid;trade_last;iv_solved;prev_iv_model
2026-05-15 17:02:20+00:00,13.6503,20260618,C,15.0,1.85,1.9,1.875,1.9,0.0,2948260.0,1.426019524866272,1.8749999999999991,0.045,0.0,1.8701019933681264,quote_mid;trade_last;iv_solved;prev_iv_model
2026-05-15 17:02:20+00:00,13.6503,20260618,C,20.0,0.85,0.95,0.8999999999999999,0.85,0.0,2948260.0,1.5297772764889848,0.9000000000000004,0.045,0.0,0.8972524151760828,quote_mid;trade_last;iv_solved;prev_iv_model
2026-05-15 17:02:30+00:00,13.6673,20260618,C,15.0,1.85,1.9,1.875,1.9,0.0,2948250.0,1.4208707420502527,1.8750000000000018,0.045,0.0,1.8835829503034294,quote_mid;trade_last;iv_solved;prev_iv_model
2026-05-15 17:02:30+00:00,13.6673,20260618,C,20.0,0.85,0.95,0.8999999999999999,0.85,0.0,2948250.0,1.5263745198883059,0.9000000000000012,0.045,0.0,0.904816058526865,quote_mid;trade_last;iv_solved;prev_iv_model
2026-05-15 17:02:40+00:00,13.66,20260618,C,15.0,1.85,1.9,1.875,1.9,0.0,2948240.0,1.4230850906181525,1.8749999999999991,0.045,0.0,1.8713106111011228,quote_mid;trade_last;iv_solved;prev_iv_model
2026-05-15 17:02:40+00:00,13.66,20260618,C,20.0,0.85,0.95,0.8999999999999999,0.85,0.0,2948240.0,1.5278390217069484,0.8999999999999995,0.045,0.0,0.897930484440157,quote_mid;trade_last;iv_solved;prev_iv_model
2026-05-15 17:02:50+00:00,13.67,20260618,C,15.0,1.85,1.9,1.875,1.9,0.0,2948230.0,1.4200575895718406,1.8750000000000009,0.045,0.0,1.8800477898571017,quote_mid;trade_last;iv_solved;prev_iv_model
2026-05-15 17:02:50+00:00,13.67,20260618,C,20.0,0.85,0.95,0.8999999999999999,0.85,0.0,2948230.0,1.5258392232542692,0.8999999999999999,0.045,0.0,0.9028302611801675,quote_mid;trade_last;iv_solved;prev_iv_model
2026-05-15 17:03:00+00:00,13.66,20260618,C,15.0,1.85,1.9,1.875,1.9,0.0,2948220.0,1.4230900035491953,1.8750000000000009,0.045,0.0,1.869947619113943,quote_mid;trade_last;iv_solved;prev_iv_model
2026-05-15 17:03:00+00:00,13.66,20260618,C,20.0,0.85,0.95,0.8999999999999999,0.85,0.0,2948220.0,1.5278442638556187,0.9000000000000004,0.045,0.0,0.8971669482688536,quote_mid;trade_last;iv_solved;prev_iv_model
2026-05-15 17:03:10+00:00,13.66,20260618,C,15.0,1.85,1.9,1.875,1.9,0.0,2948210.0,1.4230924600333532,1.8750000000000009,0.045,0.0,1.8749959072190325,quote_mid;trade_last;iv_solved;prev_iv_model
2026-05-15 17:03:10+00:00,13.66,20260618,C,20.0,0.85,0.95,0.8999999999999999,0.85,0.0,2948210.0,1.5278468849498812,0.9000000000000004,0.045,0.0,0.8999962950414506,quote_mid;trade_last;iv_solved;prev_iv_model
2026-05-15 17:03:20+00:00,13.6501,20260618,C,15.0,1.85,1.9,1.875,1.9,0.0,2948200.0,1.4260949022159082,1.8749999999999991,0.045,0.0,1.8700011547940063,quote_mid;trade_last;iv_solved;prev_iv_model
2026-05-15 17:03:20+00:00,13.6501,20260618,C,20.0,0.85,0.95,0.8999999999999999,0.85,0.0,2948200.0,1.5298331071824305,0.8999999999999999,0.045,0.0,0.8971958929605188,quote_mid;trade_last;iv_solved;prev_iv_model
2026-05-15 17:03:30+00:00,13.6501,20260618,C,15.0,1.85,1.9,1.875,1.9,0.0,2948190.0,1.4260973637646877,1.875,0.045,0.0,1.874995901729764,quote_mid;trade_last;iv_solved;prev_iv_model
2026-05-15 17:03:30+00:00,13.6501,20260618,C,20.0,0.85,0.95,0.8999999999999999,0.85,0.0,2948190.0,1.5298357316548676,0.8999999999999995,0.045,0.0,0.8999962933932384,quote_mid;trade_last;iv_solved;prev_iv_model
2026-05-15 17:03:40+00:00,13.6501,20260618,C,15.0,1.85,1.9,1.875,1.9,0.0,2948180.0,1.4260998253259158,1.875,0.045,0.0,1.8749959017159865,quote_mid;trade_last;iv_solved;prev_iv_model
2026-05-15 17:03:40+00:00,13.6501,20260618,C,20.0,0.85,0.95,0.8999999999999999,0.85,0.0,2948180.0,1.5298383561406061,0.9000000000000021,0.045,0.0,0.8999962933807613,quote_mid;trade_last;iv_solved;prev_iv_model
2026-05-15 17:03:50+00:00,13.66,20260618,C,15.0,1.85,1.9,1.875,1.9,0.0,2948170.0,1.423102286094227,1.875,0.045,0.0,1.8799941784309926,quote_mid;trade_last;iv_solved;prev_iv_model
2026-05-15 17:03:50+00:00,13.66,20260618,C,20.0,0.85,0.95,0.8999999999999999,0.85,0.0,2948170.0,1.5278573694597797,0.8999999999999999,0.045,0.0,0.9028012209244571,quote_mid;trade_last;iv_solved;prev_iv_model
2026-05-15 17:04:00+00:00,13.655,20260618,C,15.0,1.85,1.9,1.875,1.9,0.0,2948160.0,1.4246198574652014,1.875,0.045,0.0,1.8724724826172885,quote_mid;trade_last;iv_solved;prev_iv_model
2026-05-15 17:04:00+00:00,13.655,20260618,C,20.0,0.85,0.95,0.8999999999999999,0.85,0.0,2948160.0,1.5288616672482958,0.8999999999999999,0.045,0.0,0.8985813009355734,quote_mid;trade_last;iv_solved;prev_iv_model
2026-05-15 17:04:10+00:00,13.66,20260618,C,15.0,1.85,1.9,1.875,1.9,0.0,2948150.0,1.423107199199213,1.8749999999999991,0.045,0.0,1.8775202274539904,quote_mid;trade_last;iv_solved;prev_iv_model
2026-05-15 17:04:10+00:00,13.66,20260618,C,20.0,0.85,0.95,0.8999999999999999,0.85,0.0,2948150.0,1.5278626117944376,0.8999999999999999,0.045,0.0,0.901412442552807,quote_mid;trade_last;iv_solved;prev_iv_model
2026-05-15 17:04:20+00:00,13.665,20260618,C,15.0,1.85,1.9,1.875,1.9,0.0,2948140.0,1.4215946152133316,1.8750000000000009,0.045,0.0,1.8775210094480013,quote_mid;trade_last;iv_solved;prev_iv_model
2026-05-15 17:04:20+00:00,13.665,20260618,C,20.0,0.85,0.95,0.8999999999999999,0.85,0.0,2948140.0,1.5268638564492365,0.9000000000000017,0.045,0.0,0.9014126148552069,quote_mid;trade_last;iv_solved;prev_iv_model
2026-05-15 17:04:30+00:00,13.665,20260618,C,15.0,1.85,1.9,1.875,1.9,0.0,2948130.0,1.4215970692517477,1.8750000000000009,0.045,0.0,1.8749959098725935,quote_mid;trade_last;iv_solved;prev_iv_model
2026-05-15 17:04:30+00:00,13.665,20260618,C,20.0,0.85,0.95,0.8999999999999999,0.85,0.0,2948130.0,1.5268664759577724,0.9000000000000004,0.045,0.0,0.899996295762445,quote_mid;trade_last;iv_solved;prev_iv_model
2026-05-15 17:04:40+00:00,13.665,20260618,C,15.0,1.85,1.9,1.875,1.9,0.0,2948120.0,1.4215995233025764,1.875,0.045,0.0,1.8749959098588427,quote_mid;trade_last;iv_solved;prev_iv_model
2026-05-15 17:04:40+00:00,13.665,20260618,C,20.0,0.85,0.95,0.8999999999999999,0.85,0.0,2948120.0,1.5268690954795834,0.9000000000000012,0.045,0.0,0.8999962957499745,quote_mid;trade_last;iv_solved;prev_iv_model
2026-05-15 17:04:50+00:00,13.665,20260618,C,15.0,1.85,1.9,1.875,1.9,0.0,2948110.0,1.421601977365817,1.875,0.045,0.0,1.874995909845091,quote_mid;trade_last;iv_solved;prev_iv_model
2026-05-15 17:04:50+00:00,13.665,20260618,C,20.0,0.85,0.95,0.8999999999999999,0.85,0.0,2948110.0,1.5268717150146731,0.8999999999999999,0.045,0.0,0.8999962957375027,quote_mid;trade_last;iv_solved;prev_iv_model
2026-05-15 17:05:00+00:00,13.665,20260618,C,15.0,1.85,1.9,1.875,1.9,0.0,2948100.0,1.4216044314414704,1.875,0.045,0.0,1.8749959098313376,quote_mid;trade_last;iv_solved;prev_iv_model
2026-05-15 17:05:00+00:00,13.665,20260618,C,20.0,0.85,0.95,0.8999999999999999,0.85,0.0,2948100.0,1.5268743345630407,0.8999999999999999,0.045,0.0,0.8999962957250327,quote_mid;trade_last;iv_solved;prev_iv_model
2026-05-15 17:05:10+00:00,13.665,20260618,C,15.0,1.85,1.9,1.875,1.9,0.0,2948090.0,1.4216068855295356,1.875,0.045,0.0,1.8749959098175868,quote_mid;trade_last;iv_solved;prev_iv_model
2026-05-15 17:05:10+00:00,13.665,20260618,C,20.0,0.85,0.95,0.8999999999999999,0.85,0.0,2948090.0,1.5268769541246838,0.8999999999999986,0.045,0.0,0.8999962957125591,quote_mid;trade_last;iv_solved;prev_iv_model
2026-05-15 17:05:20+00:00,13.6507,20260618,C,15.0,1.85,1.9,1.875,1.9,0.0,2948080.0,1.4259426115646487,1.8750000000000018,0.045,0.0,1.867781153256967,quote_mid;trade_last;iv_solved;prev_iv_model
2026-05-15 17:05:20+00:00,13.6507,20260618,C,20.0,0.85,0.95,0.8999999999999999,0.85,0.0,2948080.0,1.5297443471180054,0.8999999999999995,0.045,0.0,0.8959524501193035,quote_mid;trade_last;iv_solved;prev_iv_model
2026-05-15 17:05:30+00:00,13.6507,20260618,C,15.0,1.85,1.9,1.875,1.9,0.0,2948070.0,1.4259450729573562,1.875,0.045,0.0,1.8749959018950584,quote_mid;trade_last;iv_solved;prev_iv_model
2026-05-15 17:05:30+00:00,13.6507,20260618,C,20.0,0.85,0.95,0.8999999999999999,0.85,0.0,2948070.0,1.5297469715468743,0.8999999999999995,0.045,0.0,0.8999962933418031,quote_mid;trade_last;iv_solved;prev_iv_model
2026-05-15 17:05:40+00:00,13.655,20260618,C,15.0,1.85,1.9,1.875,1.9,0.0,2948060.0,1.4246444490649641,1.875,0.045,0.0,1.877166143627793,quote_mid;trade_last;iv_solved;prev_iv_model
2026-05-15 17:05:40+00:00,13.655,20260618,C,20.0,0.85,0.95,0.8999999999999999,0.85,0.0,2948060.0,1.5288878965113484,0.8999999999999995,0.045,0.0,0.9012139745065078,quote_mid;trade_last;iv_solved;prev_iv_model
2026-05-15 17:05:50+00:00,13.655,20260618,C,15.0,1.85,1.9,1.875,1.9,0.0,2948050.0,1.4246469082933535,1.8750000000000009,0.045,0.0,1.874995904238582,quote_mid;trade_last;iv_solved;prev_iv_model
2026-05-15 17:05:50+00:00,13.655,20260618,C,20.0,0.85,0.95,0.8999999999999999,0.85,0.0,2948050.0,1.528890519510775,0.9000000000000012,0.045,0.0,0.8999962940216957,quote_mid;trade_last;iv_solved;prev_iv_model
2026-05-15 17:06:00+00:00,13.66,20260618,C,15.0,1.85,1.9,1.875,1.9,0.0,2948040.0,1.4231342221650416,1.8750000000000009,0.045,0.0,1.8775202268639681,quote_mid;trade_last;iv_solved;prev_iv_model
2026-05-15 17:06:00+00:00,13.66,20260618,C,20.0,0.85,0.95,0.8999999999999999,0.85,0.0,2948040.0,1.5278914455849848,0.9000000000000012,0.045,0.0,0.90141244222673,quote_mid;trade_last;iv_solved;prev_iv_model
2026-05-15 17:06:10+00:00,13.67,20260618,C,15.0,1.85,1.9,1.875,1.9,0.0,2948030.0,1.4201066195650895,1.875,0.045,0.0,1.8800477879830044,quote_mid;trade_last;iv_solved;prev_iv_model
2026-05-15 17:06:10+00:00,13.67,20260618,C,20.0,0.85,0.95,0.8999999999999999,0.85,0.0,2948030.0,1.5258915797279413,0.9000000000000008,0.045,0.0,0.9028302602426153,quote_mid;trade_last;iv_solved;prev_iv_model
2026-05-15 17:06:20+00:00,13.66,20260618,C,15.0,1.85,1.9,1.875,1.9,0.0,2948020.0,1.4231391355930914,1.8750000000000009,0.045,0.0,1.8699476204403211,quote_mid;trade_last;iv_solved;prev_iv_model
2026-05-15 17:06:20+00:00,13.66,20260618,C,20.0,0.85,0.95,0.8999999999999999,0.85,1.0,2948020.0,1.5278966882650775,0.8999999999999995,0.045,0.0,0.8971669487063529,quote_mid;trade_last;iv_solved;prev_iv_model
2026-05-15 17:06:30+00:00,13.66,20260618,C,15.0,1.85,1.9,1.875,1.9,0.0,2948010.0,1.4231415923257549,1.8749999999999982,0.045,0.0,1.8749959069438118,quote_mid;trade_last;iv_solved;prev_iv_model
2026-05-15 17:06:30+00:00,13.66,20260618,C,20.0,0.85,0.95,0.8999999999999999,0.85,0.0,2948010.0,1.5278993096250542,0.8999999999999999,0.045,0.0,0.8999962947919746,quote_mid;trade_last;iv_solved;prev_iv_model
2026-05-15 17:06:40+00:00,13.66,20260618,C,15.0,1.85,1.9,1.875,1.9,0.0,2948000.0,1.4231440490708462,1.8749999999999991,0.045,0.0,1.8749959069300468,quote_mid;trade_last;iv_solved;prev_iv_model
2026-05-15 17:06:40+00:00,13.66,20260618,C,20.0,0.85,0.95,0.8999999999999999,0.85,0.0,2948000.0,1.527901930998317,0.9000000000000004,0.045,0.0,0.8999962947795015,quote_mid;trade_last;iv_solved;prev_iv_model
2026-05-15 17:06:50+00:00,13.66,20260618,C,15.0,1.85,1.9,1.875,1.9,0.0,2947990.0,1.4231465058283637,1.8750000000000009,0.045,0.0,1.8749959069162871,quote_mid;trade_last;iv_solved;prev_iv_model
2026-05-15 17:06:50+00:00,13.66,20260618,C,20.0,0.85,0.95,0.8999999999999999,0.85,0.0,2947990.0,1.5279045523848684,0.9000000000000008,0.045,0.0,0.8999962947670248,quote_mid;trade_last;iv_solved;prev_iv_model
2026-05-15 17:07:00+00:00,13.66,20260618,C,15.0,1.85,1.9,1.875,1.9,0.0,2947980.0,1.4231489625983076,1.8750000000000018,0.045,0.0,1.874995906902524,quote_mid;trade_last;iv_solved;prev_iv_model
2026-05-15 17:07:00+00:00,13.66,20260618,C,20.0,0.85,0.95,0.8999999999999999,0.85,0.0,2947980.0,1.5279071737847043,0.8999999999999995,0.045,0.0,0.899996294754553,quote_mid;trade_last;iv_solved;prev_iv_model
2026-05-15 17:07:10+00:00,13.655,20260618,C,15.0,1.85,1.9,1.875,1.9,0.0,2947970.0,1.4246665825682756,1.875,0.045,0.0,1.8724724831138566,quote_mid;trade_last;iv_solved;prev_iv_model
2026-05-15 17:07:10+00:00,13.655,20260618,C,20.0,0.85,0.95,0.8999999999999999,0.85,0.0,2947970.0,1.5289115039848085,0.9000000000000004,0.045,0.0,0.8985813010244419,quote_mid;trade_last;iv_solved;prev_iv_model
2026-05-15 17:07:20+00:00,13.655,20260618,C,15.0,1.85,1.9,1.875,1.9,0.0,2947960.0,1.4246690419086194,1.8750000000000009,0.045,0.0,1.8749959041146393,quote_mid;trade_last;iv_solved;prev_iv_model
2026-05-15 17:07:20+00:00,13.655,20260618,C,20.0,0.85,0.95,0.8999999999999999,0.85,0.0,2947960.0,1.5289141271038935,0.9000000000000004,0.045,0.0,0.8999962939093971,quote_mid;trade_last;iv_solved;prev_iv_model
2026-05-15 17:07:30+00:00,13.65,20260618,C,15.0,1.85,1.9,1.875,1.9,0.0,2947950.0,1.42618675045766,1.875,0.045,0.0,1.8724732585288235,quote_mid;trade_last;iv_solved;prev_iv_model
2026-05-15 17:07:30+00:00,13.65,20260618,C,20.0,0.85,0.95,0.8999999999999999,0.85,0.0,2947950.0,1.529918766285665,0.8999999999999995,0.045,0.0,0.8985814712646545,quote_mid;trade_last;iv_solved;prev_iv_model
2026-05-15 17:07:40+00:00,13.6548,20260618,C,15.0,1.85,1.9,1.875,1.85,1.0,2947940.0,1.4247345691323439,1.8750000000000009,0.045,0.0,1.8774184723898912,quote_mid;trade_last;iv_solved;prev_iv_model
2026-05-15 17:07:40+00:00,13.6548,20260618,C,20.0,0.85,0.95,0.8999999999999999,0.85,0.0,2947940.0,1.5289594482546316,0.9000000000000004,0.045,0.0,0.9013556055183782,quote_mid;trade_last;iv_solved;prev_iv_model
2026-05-15 17:07:50+00:00,13.66,20260618,C,15.0,1.85,1.9,1.875,1.85,0.0,2947930.0,1.423161246634431,1.875,0.045,0.0,1.8776212015437599,quote_mid;trade_last;iv_solved;prev_iv_model
2026-05-15 17:07:50+00:00,13.66,20260618,C,20.0,0.85,0.95,0.8999999999999999,0.85,0.0,2947930.0,1.5279202809832015,0.9000000000000004,0.045,0.0,0.901469108233746,quote_mid;trade_last;iv_solved;prev_iv_model
2026-05-15 17:08:00+00:00,13.665,20260618,C,15.0,1.85,1.9,1.875,1.85,0.0,2947920.0,1.4216486069258667,1.875,0.045,0.0,1.877521008266413,quote_mid;trade_last;iv_solved;prev_iv_model
2026-05-15 17:08:00+00:00,13.665,20260618,C,20.0,0.85,0.95,0.8999999999999999,0.85,0.0,2947920.0,1.5269214887041596,0.8999999999999986,0.045,0.0,0.9014126142026986,quote_mid;trade_last;iv_solved;prev_iv_model
2026-05-15 17:08:10+00:00,13.665,20260618,C,15.0,1.85,1.9,1.875,1.85,0.0,2947910.0,1.421651061237375,1.8749999999999991,0.045,0.0,1.8749959095700408,quote_mid;trade_last;iv_solved;prev_iv_model
2026-05-15 17:08:10+00:00,13.665,20260618,C,20.0,0.85,0.95,0.8999999999999999,0.85,0.0,2947910.0,1.5269241085048133,0.9000000000000012,0.045,0.0,0.8999962954880658,quote_mid;trade_last;iv_solved;prev_iv_model
2026-05-15 17:08:20+00:00,13.665,20260618,C,15.0,1.85,1.9,1.875,1.85,0.0,2947900.0,1.4216535155612982,1.8750000000000009,0.045,0.0,1.8749959095562865,quote_mid;trade_last;iv_solved;prev_iv_model
2026-05-15 17:08:20+00:00,13.665,20260618,C,20.0,0.85,0.95,0.8999999999999999,0.85,0.0,2947900.0,1.5269267283187453,0.9000000000000008,0.045,0.0,0.8999962954755953,quote_mid;trade_last;iv_solved;prev_iv_model
2026-05-15 17:08:30+00:00,13.665,20260618,C,15.0,1.85,1.9,1.875,1.85,0.0,2947890.0,1.4216559698976359,1.8750000000000018,0.045,0.0,1.8749959095425321,quote_mid;trade_last;iv_solved;prev_iv_model
2026-05-15 17:08:30+00:00,13.665,20260618,C,20.0,0.85,0.95,0.8999999999999999,0.85,0.0,2947890.0,1.5269293481459578,0.9000000000000008,0.045,0.0,0.8999962954631191,quote_mid;trade_last;iv_solved;prev_iv_model
2026-05-15 17:08:40+00:00,13.665,20260618,C,15.0,1.85,1.9,1.875,1.9,1.0,2947880.0,1.4216584242463877,1.875,0.045,0.0,1.8749959095287787,quote_mid;trade_last;iv_solved;prev_iv_model
2026-05-15 17:08:40+00:00,13.665,20260618,C,20.0,0.85,0.95,0.8999999999999999,0.85,0.0,2947880.0,1.5269319679864481,0.8999999999999986,0.045,0.0,0.8999962954506473,quote_mid;trade_last;iv_solved;prev_iv_model
2026-05-15 17:08:50+00:00,13.665,20260618,C,15.0,1.85,1.9,1.875,1.9,0.0,2947870.0,1.4216608786075562,1.8750000000000018,0.045,0.0,1.8749959095150235,quote_mid;trade_last;iv_solved;prev_iv_model
2026-05-15 17:08:50+00:00,13.665,20260618,C,20.0,0.85,0.95,0.8999999999999999,0.85,0.0,2947870.0,1.5269345878402216,0.9000000000000004,0.045,0.0,0.8999962954381715,quote_mid;trade_last;iv_solved;prev_iv_model
2026-05-15 17:09:00+00:00,13.665,20260618,C,15.0,1.85,1.9,1.875,1.9,0.0,2947860.0,1.4216633329811375,1.8750000000000018,0.045,0.0,1.8749959095012718,quote_mid;trade_last;iv_solved;prev_iv_model
2026-05-15 17:09:00+00:00,13.665,20260618,C,20.0,0.85,0.95,0.8999999999999999,0.85,0.0,2947860.0,1.526937207707272,0.8999999999999972,0.045,0.0,0.899996295425701,quote_mid;trade_last;iv_solved;prev_iv_model
2026-05-15 17:09:10+00:00,13.6697,20260618,C,15.0,1.85,1.9,1.875,1.9,0.0,2947850.0,1.4202416508283258,1.875,0.045,0.0,1.8773701917250376,quote_mid;trade_last;iv_solved;prev_iv_model
2026-05-15 17:09:10+00:00,13.6697,20260618,C,20.0,0.85,0.95,0.8999999999999999,0.85,0.0,2947850.0,1.525998763901446,0.9000000000000008,0.045,0.0,0.9013277598803029,quote_mid;trade_last;iv_solved;prev_iv_model
2026-05-15 17:09:20+00:00,13.67,20260618,C,15.0,1.85,1.9,1.875,1.9,0.0,2947840.0,1.4201532026529513,1.8750000000000018,0.045,0.0,1.8751474618331727,quote_mid;trade_last;iv_solved;prev_iv_model
2026-05-15 17:09:20+00:00,13.67,20260618,C,20.0,0.85,0.95,0.8999999999999999,0.85,0.0,2947840.0,1.5259413232942296,0.8999999999999999,0.045,0.0,0.9000812579587008,quote_mid;trade_last;iv_solved;prev_iv_model
2026-05-15 17:09:30+00:00,13.675,20260618,C,15.0,1.85,1.9,1.875,1.9,0.0,2947830.0,1.4186406891013617,1.875,0.045,0.0,1.8775225781132727,quote_mid;trade_last;iv_solved;prev_iv_model
2026-05-15 17:09:30+00:00,13.675,20260618,C,20.0,0.85,0.95,0.8999999999999999,0.85,0.0,2947830.0,1.5249431183542943,0.8999999999999995,0.045,0.0,0.9014129599192704,quote_mid;trade_last;iv_solved;prev_iv_model
2026-05-15 17:09:40+00:00,13.68,20260618,C,15.0,1.85,1.9,1.875,1.9,0.0,2947820.0,1.417128245145379,1.8750000000000009,0.045,0.0,1.8775233663556392,quote_mid;trade_last;iv_solved;prev_iv_model
2026-05-15 17:09:40+00:00,13.68,20260618,C,20.0,0.85,0.95,0.8999999999999999,0.85,0.0,2947820.0,1.5239452123832717,0.899999999999999,0.045,0.0,0.9014131335423592,quote_mid;trade_last;iv_solved;prev_iv_model
2026-05-15 17:09:50+00:00,13.68,20260618,C,15.0,1.85,1.9,1.875,1.9,0.0,2947810.0,1.4171306919454665,1.875,0.045,0.0,1.8749959177450917,quote_mid;trade_last;iv_solved;prev_iv_model
2026-05-15 17:09:50+00:00,13.68,20260618,C,20.0,0.85,0.95,0.8999999999999999,0.85,0.0,2947810.0,1.5239478272429867,0.8999999999999995,0.045,0.0,0.8999962978296936,quote_mid;trade_last;iv_solved;prev_iv_model
2026-05-15 17:10:00+00:00,13.695,20260618,C,15.0,1.85,1.9,1.875,1.9,0.0,2947800.0,1.4125888759306497,1.875,0.045,0.0,1.8825856795574873,quote_mid;trade_last;iv_solved;prev_iv_model
2026-05-15 17:10:00+00:00,13.695,20260618,C,20.0,0.85,0.95,0.8999999999999999,0.85,0.0,2947800.0,1.5209506746249501,0.9000000000000021,0.045,0.0,0.9042513107631884,quote_mid;trade_last;iv_solved;prev_iv_model
2026-05-15 17:10:10+00:00,13.695,20260618,C,15.0,1.85,1.9,1.875,1.9,0.0,2947790.0,1.412591315121428,1.8750000000000009,0.045,0.0,1.8749959260615707,quote_mid;trade_last;iv_solved;prev_iv_model
2026-05-15 17:10:10+00:00,13.695,20260618,C,20.0,0.85,0.95,0.8999999999999999,0.85,0.0,2947790.0,1.520953284442037,0.9000000000000008,0.045,0.0,0.8999963002767739,quote_mid;trade_last;iv_solved;prev_iv_model
2026-05-15 17:10:20+00:00,13.74,20260618,C,15.0,1.85,1.9,1.875,1.9,0.0,2947780.0,1.398964439322811,1.8750000000000018,0.045,0.0,1.8978320769813868,quote_mid;trade_last;iv_solved;prev_iv_model
2026-05-15 17:10:20+00:00,13.74,20260618,C,20.0,0.85,0.95,0.8999999999999999,0.85,0.0,2947780.0,1.511972762988647,0.9000000000000008,0.045,0.0,0.9128019521567361,quote_mid;trade_last;iv_solved;prev_iv_model
2026-05-15 17:10:30+00:00,13.74,20260618,C,15.0,1.85,1.9,1.875,1.9,0.0,2947770.0,1.3989668556446988,1.8750000000000018,0.045,0.0,1.8749959512559151,quote_mid;trade_last;iv_solved;prev_iv_model
2026-05-15 17:10:30+00:00,13.74,20260618,C,20.0,0.85,0.95,0.8999999999999999,0.85,0.0,2947770.0,1.5119753576523718,0.9000000000000004,0.045,0.0,0.8999963077018802,quote_mid;trade_last;iv_solved;prev_iv_model
2026-05-15 17:10:40+00:00,13.74,20260618,C,15.0,1.85,1.9,1.875,1.9,0.0,2947760.0,1.3989692719788085,1.8749999999999991,0.045,0.0,1.874995951242302,quote_mid;trade_last;iv_solved;prev_iv_model
2026-05-15 17:10:40+00:00,13.74,20260618,C,20.0,0.85,0.95,0.8999999999999999,0.85,0.0,2947760.0,1.5119779523292496,0.899999999999999,0.045,0.0,0.8999963076894488,quote_mid;trade_last;iv_solved;prev_iv_model
2026-05-15 17:10:50+00:00,13.75,20260618,C,15.0,1.85,1.9,1.875,1.9,0.0,2947750.0,1.3959435709932384,1.8749999999999991,0.045,0.0,1.8800733582250002,quote_mid;trade_last;iv_solved;prev_iv_model
2026-05-15 17:10:50+00:00,13.75,20260618,C,20.0,0.85,0.95,0.8999999999999999,0.85,0.0,2947750.0,1.5099875661372661,0.8999999999999981,0.045,0.0,0.9028358880643585,quote_mid;trade_last;iv_solved;prev_iv_model
2026-05-15 17:11:00+00:00,13.71,20260618,C,15.0,1.85,1.9,1.875,1.9,0.0,2947740.0,1.408059817888914,1.8750000000000018,0.045,0.0,1.8547412780137966,quote_mid;trade_last;iv_solved;prev_iv_model
2026-05-15 17:11:00+00:00,13.71,20260618,C,20.0,0.85,0.95,0.8999999999999999,0.85,0.0,2947740.0,1.517969243025234,0.9000000000000008,0.045,0.0,0.8886884793762206,quote_mid;trade_last;iv_solved;prev_iv_model
2026-05-15 17:11:10+00:00,13.7091,20260618,C,15.0,1.85,1.9,1.875,1.9,0.0,2947730.0,1.4083348550129173,1.8750000000000018,0.045,0.0,1.8745401722323125,quote_mid;trade_last;iv_solved;prev_iv_model
2026-05-15 17:11:10+00:00,13.7091,20260618,C,20.0,0.85,0.95,0.8999999999999999,0.85,0.0,2947730.0,1.5181515974490982,0.9000000000000012,0.045,0.0,0.8997411934488118,quote_mid;trade_last;iv_solved;prev_iv_model
2026-05-15 17:11:20+00:00,13.7091,20260618,C,15.0,1.85,1.9,1.875,1.9,0.0,2947720.0,1.4083372871151743,1.8750000000000018,0.045,0.0,1.8749959338378783,quote_mid;trade_last;iv_solved;prev_iv_model
2026-05-15 17:11:20+00:00,13.7091,20260618,C,20.0,0.85,0.9,0.875,0.85,0.0,2947720.0,1.5004781241031515,0.875,0.045,0.0,0.8999963025184683,quote_mid;trade_last;iv_solved;prev_iv_model
2026-05-15 17:11:30+00:00,13.655,20260618,C,15.0,1.85,1.9,1.875,1.9,0.0,2947710.0,1.42473052946047,1.875,0.045,0.0,1.8476985080336625,quote_mid;trade_last;iv_solved;prev_iv_model
2026-05-15 17:11:30+00:00,13.655,20260618,C,20.0,0.85,0.9,0.875,0.85,0.0,2947710.0,1.5112220617698489,0.8750000000000013,0.045,0.0,0.8599611031927248,quote_mid;trade_last;iv_solved;prev_iv_model
2026-05-15 17:11:40+00:00,13.655,20260618,C,15.0,1.85,1.9,1.875,1.9,0.0,2947700.0,1.424732989124288,1.8750000000000009,0.045,0.0,1.8749959037565374,quote_mid;trade_last;iv_solved;prev_iv_model
2026-05-15 17:11:40+00:00,13.655,20260618,C,20.0,0.85,0.9,0.875,0.85,0.0,2947700.0,1.5112246550089243,0.8750000000000004,0.045,0.0,0.8749963621140444,quote_mid;trade_last;iv_solved;prev_iv_model
2026-05-15 17:11:50+00:00,13.66,20260618,C,15.0,1.85,1.9,1.875,1.9,0.0,2947690.0,1.4232202143327481,1.8750000000000009,0.045,0.0,1.877520224986558,quote_mid;trade_last;iv_solved;prev_iv_model
2026-05-15 17:11:50+00:00,13.66,20260618,C,20.0,0.85,0.9,0.875,0.85,0.0,2947690.0,1.510233043537573,0.8749999999999996,0.045,0.0,0.8763919390414876,quote_mid;trade_last;iv_solved;prev_iv_model
2026-05-15 17:12:00+00:00,13.67,20260618,C,15.0,1.85,1.9,1.875,1.9,0.0,2947680.0,1.4201924339890097,1.875,0.045,0.0,1.8800477847032493,quote_mid;trade_last;iv_solved;prev_iv_model
2026-05-15 17:12:00+00:00,13.67,20260618,C,20.0,0.85,0.9,0.875,0.85,0.0,2947680.0,1.508248122954432,0.8749999999999996,0.045,0.0,0.8777891960119812,quote_mid;trade_last;iv_solved;prev_iv_model
2026-05-15 17:12:10+00:00,13.66,20260618,C,15.0,1.85,1.9,1.875,1.9,0.0,2947670.0,1.4232251286307633,1.875,0.045,0.0,1.8699476227613863,quote_mid;trade_last;iv_solved;prev_iv_model
2026-05-15 17:12:10+00:00,13.66,20260618,C,20.0,0.85,0.9,0.875,0.85,0.0,2947670.0,1.5102382267211443,0.8749999999999991,0.045,0.0,0.8722081654506035,quote_mid;trade_last;iv_solved;prev_iv_model
2026-05-15 17:12:20+00:00,13.66,20260618,C,15.0,1.85,1.9,1.875,1.9,0.0,2947660.0,1.4232275857984158,1.875,0.045,0.0,1.8749959064620842,quote_mid;trade_last;iv_solved;prev_iv_model
2026-05-15 17:12:20+00:00,13.66,20260618,C,20.0,0.85,0.9,0.875,0.85,0.0,2947660.0,1.5102408183326355,0.875,0.045,0.0,0.8749963628710127,quote_mid;trade_last;iv_solved;prev_iv_model
2026-05-15 17:12:30+00:00,13.665,20260618,C,15.0,1.85,1.9,1.875,1.9,0.0,2947650.0,1.4217148776943946,1.875,0.045,0.0,1.8775210068162185,quote_mid;trade_last;iv_solved;prev_iv_model
2026-05-15 17:12:30+00:00,13.665,20260618,C,20.0,0.85,0.9,0.875,0.85,0.0,2947650.0,1.509249498855214,0.8750000000000004,0.045,0.0,0.8763921132899433,quote_mid;trade_last;iv_solved;prev_iv_model
2026-05-15 17:12:40+00:00,13.665,20260618,C,15.0,1.85,1.9,1.875,1.9,0.0,2947640.0,1.4217173323411312,1.8750000000000009,0.045,0.0,1.8749959091986614,quote_mid;trade_last;iv_solved;prev_iv_model
2026-05-15 17:12:40+00:00,13.665,20260618,C,20.0,0.85,0.9,0.875,0.85,0.0,2947640.0,1.5092520888133096,0.8750000000000009,0.045,0.0,0.8749963636531053,quote_mid;trade_last;iv_solved;prev_iv_model
2026-05-15 17:12:50+00:00,13.665,20260618,C,15.0,1.85,1.9,1.875,1.9,0.0,2947630.0,1.4217197870002853,1.8749999999999991,0.045,0.0,1.8749959091849036,quote_mid;trade_last;iv_solved;prev_iv_model
2026-05-15 17:12:50+00:00,13.665,20260618,C,20.0,0.85,0.9,0.875,0.85,0.0,2947630.0,1.5092546787845356,0.8750000000000009,0.045,0.0,0.8749963636408595,quote_mid;trade_last;iv_solved;prev_iv_model
2026-05-15 17:13:00+00:00,13.655,20260618,C,15.0,1.85,1.9,1.875,1.9,0.0,2947620.0,1.424752666882768,1.875,0.045,0.0,1.8699491836962583,quote_mid;trade_last;iv_solved;prev_iv_model
2026-05-15 17:13:00+00:00,13.655,20260618,C,20.0,0.85,0.9,0.875,0.85,0.0,2947620.0,1.5112454013947692,0.8750000000000013,0.045,0.0,0.8722085122134597,quote_mid;trade_last;iv_solved;prev_iv_model
2026-05-15 17:13:10+00:00,13.655,20260618,C,15.0,1.85,1.9,1.875,1.9,0.0,2947610.0,1.4247551266585732,1.875,0.045,0.0,1.8749959036325672,quote_mid;trade_last;iv_solved;prev_iv_model
2026-05-15 17:13:10+00:00,13.655,20260618,C,20.0,0.85,0.9,0.875,0.85,0.0,2947610.0,1.5112479947521567,0.8750000000000004,0.045,0.0,0.8749963620038059,quote_mid;trade_last;iv_solved;prev_iv_model
2026-05-15 17:13:20+00:00,13.6599,20260618,C,15.0,1.85,1.9,1.875,1.9,0.0,2947600.0,1.4232726334299945,1.8750000000000009,0.045,0.0,1.8774697216584322,quote_mid;trade_last;iv_solved;prev_iv_model
2026-05-15 17:13:20+00:00,13.6599,20260618,C,20.0,0.85,0.9,0.875,0.85,0.0,2947600.0,1.510276249729718,0.8750000000000013,0.045,0.0,0.8763640141912186,quote_mid;trade_last;iv_solved;prev_iv_model
2026-05-15 17:13:30+00:00,13.6599,20260618,C,15.0,1.85,1.9,1.875,1.9,0.0,2947590.0,1.423275090735579,1.8750000000000018,0.045,0.0,1.8749959063104775,quote_mid;trade_last;iv_solved;prev_iv_model
2026-05-15 17:13:30+00:00,13.6599,20260618,C,20.0,0.85,0.9,0.875,0.85,0.0,2947590.0,1.510278841466771,0.8750000000000004,0.045,0.0,0.8749963627691661,quote_mid;trade_last;iv_solved;prev_iv_model
2026-05-15 17:13:40+00:00,13.67,20260618,C,15.0,1.85,1.9,1.875,1.9,0.0,2947580.0,1.4202169551865302,1.875,0.045,0.0,1.8800983048128774,quote_mid;trade_last;iv_solved;prev_iv_model
2026-05-15 17:13:40+00:00,13.67,20260618,C,20.0,0.85,0.9,0.875,0.85,0.0,2947580.0,1.5082740059406508,0.8750000000000004,0.045,0.0,0.87781714373773,quote_mid;trade_last;iv_solved;prev_iv_model
2026-05-15 17:13:50+00:00,13.66,20260618,C,15.0,1.85,1.9,1.875,1.9,0.0,2947570.0,1.4232497008666547,1.8750000000000018,0.045,0.0,1.8699476234245278,quote_mid;trade_last;iv_solved;prev_iv_model
2026-05-15 17:13:50+00:00,13.66,20260618,C,20.0,0.85,0.9,0.875,0.85,0.0,2947570.0,1.5102641434272437,0.875,0.045,0.0,0.8722081656711249,quote_mid;trade_last;iv_solved;prev_iv_model
2026-05-15 17:14:00+00:00,13.66,20260618,C,15.0,1.85,1.9,1.875,1.9,0.0,2947560.0,1.4232521581586126,1.875,0.045,0.0,1.8749959063244273,quote_mid;trade_last;iv_solved;prev_iv_model
2026-05-15 17:14:00+00:00,13.66,20260618,C,20.0,0.85,0.9,0.875,0.85,0.0,2947560.0,1.5102667351701125,0.8750000000000004,0.045,0.0,0.8749963627485511,quote_mid;trade_last;iv_solved;prev_iv_model
2026-05-15 17:14:10+00:00,13.66,20260618,C,15.0,1.85,1.9,1.875,1.9,0.0,2947550.0,1.4232546154630024,1.8750000000000027,0.045,0.0,1.8749959063106596,quote_mid;trade_last;iv_solved;prev_iv_model
2026-05-15 17:14:10+00:00,13.66,20260618,C,20.0,0.85,0.9,0.875,0.85,0.0,2947550.0,1.5102693269261191,0.8749999999999996,0.045,0.0,0.8749963627363058,quote_mid;trade_last;iv_solved;prev_iv_model
2026-05-15 17:14:20+00:00,13.66,20260618,C,15.0,1.85,1.9,1.875,1.9,0.0,2947540.0,1.423257072779823,1.875,0.045,0.0,1.8749959062968946,quote_mid;trade_last;iv_solved;prev_iv_model
2026-05-15 17:14:20+00:00,13.66,20260618,C,20.0,0.85,0.95,0.8999999999999999,0.85,0.0,2947540.0,1.5280225285334805,0.8999999999999995,0.045,0.0,0.8749963627240591,quote_mid;trade_last;iv_solved;prev_iv_model
2026-05-15 17:14:30+00:00,13.66,20260618,C,15.0,1.85,1.9,1.875,1.9,0.0,2947530.0,1.4232595301090751,1.8750000000000009,0.045,0.0,1.8749959062831278,quote_mid;trade_last;iv_solved;prev_iv_model
2026-05-15 17:14:30+00:00,13.66,20260618,C,20.0,0.85,0.95,0.8999999999999999,0.85,0.0,2947530.0,1.5280251505313531,0.8999999999999995,0.045,0.0,0.8999962941930919,quote_mid;trade_last;iv_solved;prev_iv_model
2026-05-15 17:14:40+00:00,13.68,20260618,C,15.0,1.85,1.9,1.875,1.9,0.0,2947520.0,1.4172016545322066,1.8750000000000018,0.045,0.0,1.8851063665575225,quote_mid;trade_last;iv_solved;prev_iv_model
2026-05-15 17:14:40+00:00,13.68,20260618,C,20.0,0.85,0.95,0.8999999999999999,0.85,0.0,2947520.0,1.5240236639409397,0.9000000000000004,0.045,0.0,0.905669525958722,quote_mid;trade_last;iv_solved;prev_iv_model
2026-05-15 17:14:50+00:00,13.6899,20260618,C,15.0,1.85,1.9,1.875,1.9,0.0,2947510.0,1.4142046709308822,1.8750000000000009,0.045,0.0,1.8800034598529374,quote_mid;trade_last;iv_solved;prev_iv_model
2026-05-15 17:14:50+00:00,13.6899,20260618,C,20.0,0.85,0.95,0.8999999999999999,0.85,0.0,2947510.0,1.5220460313426503,0.9000000000000004,0.045,0.0,0.9028032640693859,quote_mid;trade_last;iv_solved;prev_iv_model
2026-05-15 17:15:00+00:00,13.67,20260618,C,15.0,1.85,1.9,1.875,1.9,0.0,2947500.0,1.4202365730376965,1.8749999999999991,0.045,0.0,1.8649440091298874,quote_mid;trade_last;iv_solved;prev_iv_model
2026-05-15 17:15:00+00:00,13.67,20260618,C,20.0,0.85,0.9,0.875,0.9,4.0,2947500.0,1.5082947132743336,0.8749999999999996,0.045,0.0,0.8943683978473271,quote_mid;trade_last;iv_solved;prev_iv_model
2026-05-15 17:15:10+00:00,13.675,20260618,C,15.0,1.85,1.9,1.875,1.9,0.0,2947490.0,1.418723973364545,1.8750000000000009,0.045,0.0,1.8775225762822894,quote_mid;trade_last;iv_solved;prev_iv_model
2026-05-15 17:15:10+00:00,13.675,20260618,C,20.0,0.85,0.95,0.8999999999999999,0.9,0.0,2947490.0,1.5250320880597,0.9000000000000004,0.045,0.0,0.8763924628670545,quote_mid;trade_last;iv_solved;prev_iv_model
2026-05-15 17:15:20+00:00,13.675,20260618,C,15.0,1.85,1.9,1.875,1.9,0.0,2947480.0,1.418726423118554,1.875,0.045,0.0,1.8749959145174397,quote_mid;trade_last;iv_solved;prev_iv_model
2026-05-15 17:15:20+00:00,13.675,20260618,C,20.0,0.85,0.95,0.8999999999999999,0.9,0.0,2947480.0,1.5250347050478892,0.9000000000000008,0.045,0.0,0.899996296595464,quote_mid;trade_last;iv_solved;prev_iv_model
2026-05-15 17:15:30+00:00,13.675,20260618,C,15.0,1.85,1.9,1.875,1.9,0.0,2947470.0,1.4187288728849548,1.8750000000000009,0.045,0.0,1.8749959145037032,quote_mid;trade_last;iv_solved;prev_iv_model
2026-05-15 17:15:30+00:00,13.675,20260618,C,20.0,0.85,0.95,0.8999999999999999,0.9,0.0,2947470.0,1.5250373220493465,0.9000000000000012,0.045,0.0,0.8999962965829931,quote_mid;trade_last;iv_solved;prev_iv_model
2026-05-15 17:15:40+00:00,13.64,20260618,C,15.0,1.85,1.9,1.875,1.9,0.0,2947460.0,1.429338395634892,1.8749999999999991,0.045,0.0,1.857350878871297,quote_mid;trade_last;iv_solved;prev_iv_model
2026-05-15 17:15:40+00:00,13.64,20260618,C,20.0,0.85,0.95,0.8999999999999999,0.9,0.0,2947460.0,1.5320525103496863,0.8999999999999995,0.045,0.0,0.8901156026590078,quote_mid;trade_last;iv_solved;prev_iv_model
2026-05-15 17:15:50+00:00,13.64,20260618,C,15.0,1.85,1.9,1.875,1.9,0.0,2947450.0,1.4293408632495757,1.8749999999999991,0.045,0.0,1.8749958951502297,quote_mid;trade_last;iv_solved;prev_iv_model
2026-05-15 17:15:50+00:00,13.64,20260618,C,20.0,0.85,0.95,0.8999999999999999,0.9,0.0,2947450.0,1.532055139229477,0.899999999999999,0.045,0.0,0.8999962908156083,quote_mid;trade_last;iv_solved;prev_iv_model
2026-05-15 17:16:00+00:00,13.64,20260618,C,15.0,1.85,1.9,1.875,1.9,0.0,2947440.0,1.4293433308767454,1.875,0.045,0.0,1.874995895136422,quote_mid;trade_last;iv_solved;prev_iv_model
2026-05-15 17:16:00+00:00,13.64,20260618,C,20.0,0.85,0.95,0.8999999999999999,0.9,0.0,2947440.0,1.5320577681225966,0.8999999999999999,0.045,0.0,0.8999962908031178,quote_mid;trade_last;iv_solved;prev_iv_model
2026-05-15 17:16:10+00:00,13.645,20260618,C,15.0,1.85,1.9,1.875,1.9,0.0,2947430.0,1.4278302504164744,1.8750000000000018,0.045,0.0,1.877517889873646,quote_mid;trade_last;iv_solved;prev_iv_model
2026-05-15 17:16:10+00:00,13.645,20260618,C,20.0,0.85,0.95,0.8999999999999999,0.9,0.0,2947430.0,1.5310576839515826,0.9000000000000008,0.045,0.0,0.9014119260613036,quote_mid;trade_last;iv_solved;prev_iv_model
2026-05-15 17:16:20+00:00,13.6401,20260618,C,15.0,1.85,1.9,1.875,1.9,0.0,2947420.0,1.4293179543221344,1.875,0.045,0.0,1.872525209898006,quote_mid;trade_last;iv_solved;prev_iv_model
2026-05-15 17:16:20+00:00,13.6401,20260618,C,20.0,0.85,0.95,0.8999999999999999,0.9,0.0,2947420.0,1.5320429686650123,0.9000000000000004,0.045,0.0,0.8986100872978642,quote_mid;trade_last;iv_solved;prev_iv_model
2026-05-15 17:16:30+00:00,13.64,20260618,C,15.0,1.85,1.9,1.875,1.9,0.0,2947410.0,1.429350733833159,1.8750000000000018,0.045,0.0,1.8749454720128282,quote_mid;trade_last;iv_solved;prev_iv_model
2026-05-15 17:16:30+00:00,13.64,20260618,C,20.0,0.85,0.9,0.875,0.85,10.0,2947410.0,1.51428442593263,0.8749999999999991,0.045,0.0,0.8999679915150813,quote_mid;trade_last;iv_solved;prev_iv_model
2026-05-15 17:16:40+00:00,13.64,20260618,C,15.0,1.85,1.9,1.875,1.9,0.0,2947400.0,1.4293532015102661,1.875,0.045,0.0,1.874995895081205,quote_mid;trade_last;iv_solved;prev_iv_model
2026-05-15 17:16:40+00:00,13.64,20260618,C,20.0,0.85,0.9,0.875,0.85,0.0,2947400.0,1.5142870246103746,0.8750000000000018,0.045,0.0,0.874996359332116,quote_mid;trade_last;iv_solved;prev_iv_model
2026-05-15 17:16:50+00:00,13.62,20260618,C,15.0,1.85,1.9,1.875,1.9,0.0,2947390.0,1.4354187734627404,1.8750000000000018,0.045,0.0,1.8649246552941081,quote_mid;trade_last;iv_solved;prev_iv_model
2026-05-15 17:16:50+00:00,13.62,20260618,C,20.0,0.85,0.9,0.875,0.85,0.0,2947390.0,1.5182732800263925,0.8749999999999987,0.045,0.0,0.8694294260046593,quote_mid;trade_last;iv_solved;prev_iv_model
2026-05-15 17:17:00+00:00,13.64,20260618,C,15.0,1.85,1.9,1.875,1.9,0.0,2947380.0,1.4293581369019344,1.8749999999999991,0.045,0.0,1.885081580219575,quote_mid;trade_last;iv_solved;prev_iv_model
2026-05-15 17:17:00+00:00,13.64,20260618,C,20.0,0.85,0.9,0.875,0.85,0.0,2947380.0,1.5142922220053836,0.8750000000000004,0.045,0.0,0.8805818219778501,quote_mid;trade_last;iv_solved;prev_iv_model
2026-05-15 17:17:10+00:00,13.64,20260618,C,15.0,1.85,1.9,1.875,1.9,0.0,2947370.0,1.4293606046164964,1.8749999999999991,0.045,0.0,1.8749958950397883,quote_mid;trade_last;iv_solved;prev_iv_model
2026-05-15 17:17:10+00:00,13.64,20260618,C,20.0,0.85,0.9,0.875,0.85,0.0,2947370.0,1.5142948207226516,0.8749999999999996,0.045,0.0,0.87499635929534,quote_mid;trade_last;iv_solved;prev_iv_model
2026-05-15 17:17:20+00:00,13.65,20260618,C,15.0,1.85,1.9,1.875,1.9,0.0,2947360.0,1.4263320245165292,1.875,0.045,0.0,1.880041556576594,quote_mid;trade_last;iv_solved;prev_iv_model
2026-05-15 17:17:20+00:00,13.65,20260618,C,20.0,0.85,0.95,0.8999999999999999,0.85,0.0,2947360.0,1.5300736545484002,0.9000000000000004,0.045,0.0,0.8777878061974094,quote_mid;trade_last;iv_solved;prev_iv_model
2026-05-15 17:17:30+00:00,13.655,20260618,C,15.0,1.85,1.9,1.875,1.9,0.0,2947350.0,1.424819085197531,1.875,0.045,0.0,1.8775194431926492,quote_mid;trade_last;iv_solved;prev_iv_model
2026-05-15 17:17:30+00:00,13.655,20260618,C,20.0,0.85,0.95,0.8999999999999999,0.85,0.0,2947350.0,1.5290741625151787,0.8999999999999999,0.045,0.0,0.9014122682898704,quote_mid;trade_last;iv_solved;prev_iv_model
2026-05-15 17:17:40+00:00,13.67,20260618,C,15.0,1.85,1.9,1.875,1.9,0.0,2947340.0,1.420275811122003,1.875,0.045,0.0,1.8825738903972908,quote_mid;trade_last;iv_solved;prev_iv_model
2026-05-15 17:17:40+00:00,13.67,20260618,C,20.0,0.85,0.95,0.8999999999999999,0.85,0.0,2947340.0,1.5260722503114592,0.8999999999999986,0.045,0.0,0.9042487109077797,quote_mid;trade_last;iv_solved;prev_iv_model
2026-05-15 17:17:50+00:00,13.68,20260618,C,15.0,1.85,1.9,1.875,1.9,0.0,2947330.0,1.4172481529063914,1.8750000000000009,0.045,0.0,1.8800509188694878,quote_mid;trade_last;iv_solved;prev_iv_model
2026-05-15 17:17:50+00:00,13.68,20260618,C,20.0,0.85,0.95,0.8999999999999999,0.85,0.0,2947330.0,1.524073356098826,0.9000000000000004,0.045,0.0,0.9028309482061752,quote_mid;trade_last;iv_solved;prev_iv_model
2026-05-15 17:18:00+00:00,13.68,20260618,C,15.0,1.85,1.9,1.875,1.9,0.0,2947320.0,1.4172506003130518,1.8749999999999991,0.045,0.0,1.8749959170724093,quote_mid;trade_last;iv_solved;prev_iv_model
2026-05-15 17:18:00+00:00,13.68,20260618,C,20.0,0.85,0.95,0.8999999999999999,0.85,0.0,2947320.0,1.5240759716081516,0.9000000000000004,0.045,0.0,0.8999962972188058,quote_mid;trade_last;iv_solved;prev_iv_model
2026-05-15 17:18:10+00:00,13.68,20260618,C,15.0,1.85,1.9,1.875,1.9,0.0,2947310.0,1.4172530477320966,1.875,0.045,0.0,1.8749959170586745,quote_mid;trade_last;iv_solved;prev_iv_model
2026-05-15 17:18:10+00:00,13.68,20260618,C,20.0,0.85,0.95,0.8999999999999999,0.85,0.0,2947310.0,1.5240785871307367,0.9000000000000017,0.045,0.0,0.8999962972063398,quote_mid;trade_last;iv_solved;prev_iv_model
2026-05-15 17:18:20+00:00,13.72,20260618,C,15.0,1.85,1.9,1.875,1.9,0.0,2947300.0,1.4051377891391406,1.8749999999999991,0.045,0.0,1.8952688700484002,quote_mid;trade_last;iv_solved;prev_iv_model
2026-05-15 17:18:20+00:00,13.72,20260618,C,20.0,0.85,0.95,0.8999999999999999,0.85,0.0,2947300.0,1.5160871580576978,0.9000000000000012,0.045,0.0,0.9113695543041342,quote_mid;trade_last;iv_solved;prev_iv_model
2026-05-15 17:18:30+00:00,13.72,20260618,C,15.0,1.85,1.9,1.875,1.9,0.0,2947290.0,1.405140216223597,1.8750000000000009,0.045,0.0,1.874995939355597,quote_mid;trade_last;iv_solved;prev_iv_model
2026-05-15 17:18:30+00:00,13.72,20260618,C,20.0,0.85,0.95,0.8999999999999999,0.85,0.0,2947290.0,1.516089760095956,0.899999999999999,0.045,0.0,0.8999963037871268,quote_mid;trade_last;iv_solved;prev_iv_model
2026-05-15 17:18:40+00:00,13.72,20260618,C,15.0,1.85,1.9,1.875,1.9,0.0,2947280.0,1.4051426433203313,1.8750000000000009,0.045,0.0,1.874995939341943,quote_mid;trade_last;iv_solved;prev_iv_model
2026-05-15 17:18:40+00:00,13.72,20260618,C,20.0,0.85,0.95,0.8999999999999999,0.85,0.0,2947280.0,1.5160923621474085,0.9000000000000017,0.045,0.0,0.8999963037746794,quote_mid;trade_last;iv_solved;prev_iv_model
2026-05-15 17:18:50+00:00,13.72,20260618,C,15.0,1.85,1.9,1.875,1.9,0.0,2947270.0,1.4051450704293433,1.8750000000000009,0.045,0.0,1.87499593932829,quote_mid;trade_last;iv_solved;prev_iv_model
2026-05-15 17:18:50+00:00,13.72,20260618,C,20.0,0.85,0.95,0.8999999999999999,0.85,0.0,2947270.0,1.51609496421205,0.8999999999999995,0.045,0.0,0.899996303762236,quote_mid;trade_last;iv_solved;prev_iv_model
2026-05-15 17:19:00+00:00,13.7,20260618,C,15.0,1.85,1.9,1.875,1.9,0.0,2947260.0,1.411205857039592,1.875,0.045,0.0,1.8648744114024636,quote_mid;trade_last;iv_solved;prev_iv_model
2026-05-15 17:19:00+00:00,13.7,20260618,C,20.0,0.85,0.95,0.8999999999999999,0.85,0.0,2947260.0,1.5200922120913831,0.9000000000000004,0.045,0.0,0.8943359737811534,quote_mid;trade_last;iv_solved;prev_iv_model
2026-05-15 17:19:10+00:00,13.7,20260618,C,15.0,1.85,1.9,1.875,1.9,0.0,2947250.0,1.4112082943517126,1.8750000000000018,0.045,0.0,1.874995928110577,quote_mid;trade_last;iv_solved;prev_iv_model
2026-05-15 17:19:10+00:00,13.7,20260618,C,20.0,0.85,0.95,0.8999999999999999,0.85,0.0,2947250.0,1.5200948209338518,0.9000000000000017,0.045,0.0,0.8999963004294087,quote_mid;trade_last;iv_solved;prev_iv_model
2026-05-15 17:19:20+00:00,13.71,20260618,C,15.0,1.85,1.9,1.875,1.9,0.0,2947240.0,1.4081814145593006,1.8749999999999991,0.045,0.0,1.8800604309949227,quote_mid;trade_last;iv_solved;prev_iv_model
2026-05-15 17:19:20+00:00,13.71,20260618,C,20.0,0.85,0.95,0.8999999999999999,0.85,0.0,2947240.0,1.5180995007926175,0.8999999999999999,0.045,0.0,0.9028330427091809,quote_mid;trade_last;iv_solved;prev_iv_model
2026-05-15 17:19:30+00:00,13.7,20260618,C,15.0,1.85,1.9,1.875,1.9,0.0,2947230.0,1.4112131690129437,1.8750000000000009,0.045,0.0,1.8699349901459419,quote_mid;trade_last;iv_solved;prev_iv_model
2026-05-15 17:19:30+00:00,13.7,20260618,C,20.0,0.85,0.95,0.8999999999999999,0.85,0.0,2947230.0,1.520100038658474,0.8999999999999995,0.045,0.0,0.8971641782126589,quote_mid;trade_last;iv_solved;prev_iv_model
2026-05-15 17:19:40+00:00,13.68,20260618,C,15.0,1.85,1.9,1.875,1.9,0.0,2947220.0,1.4172750750606786,1.875,0.045,0.0,1.8648871748534406,quote_mid;trade_last;iv_solved;prev_iv_model
2026-05-15 17:19:40+00:00,13.68,20260618,C,20.0,0.85,0.95,0.8999999999999999,0.85,0.0,2947220.0,1.5241021274307243,0.9000000000000004,0.045,0.0,0.8943387702619527,quote_mid;trade_last;iv_solved;prev_iv_model
2026-05-15 17:19:50+00:00,13.68,20260618,C,15.0,1.85,1.9,1.875,1.9,0.0,2947210.0,1.417277522603544,1.875,0.045,0.0,1.8749959169213666,quote_mid;trade_last;iv_solved;prev_iv_model
2026-05-15 17:19:50+00:00,13.68,20260618,C,20.0,0.85,0.95,0.8999999999999999,0.85,0.0,2947210.0,1.5241047430859163,0.9000000000000004,0.045,0.0,0.8999962970816409,quote_mid;trade_last;iv_solved;prev_iv_model
2026-05-15 17:20:00+00:00,13.67,20260618,C,15.0,1.85,1.9,1.875,1.9,0.0,2947200.0,1.4203101470513286,1.8749999999999991,0.045,0.0,1.869944492192304,quote_mid;trade_last;iv_solved;prev_iv_model
2026-05-15 17:20:00+00:00,13.67,20260618,C,20.0,0.85,0.95,0.8999999999999999,0.85,0.0,2947200.0,1.5261089158238486,0.9000000000000004,0.045,0.0,0.8971662627252384,quote_mid;trade_last;iv_solved;prev_iv_model
2026-05-15 17:20:10+00:00,13.6933,20260618,C,15.0,1.85,1.9,1.875,1.9,0.0,2947190.0,1.413252726672872,1.875,0.045,0.0,1.8867844806351561,quote_mid;trade_last;iv_solved;prev_iv_model
2026-05-15 17:20:10+00:00,13.6933,20260618,C,20.0,0.85,0.95,0.8999999999999999,0.85,0.0,2947190.0,1.5214497701507659,0.9000000000000012,0.045,0.0,0.906609259721443,quote_mid;trade_last;iv_solved;prev_iv_model
2026-05-15 17:20:20+00:00,13.66,20260618,C,15.0,1.85,1.9,1.875,1.9,0.0,2947180.0,1.423345544465493,1.875,0.045,0.0,1.8581868771667578,quote_mid;trade_last;iv_solved;prev_iv_model
2026-05-15 17:20:20+00:00,13.66,20260618,C,20.0,0.85,0.95,0.8999999999999999,0.85,0.0,2947180.0,1.5281169288318521,0.8999999999999999,0.045,0.0,0.890589831259124,quote_mid;trade_last;iv_solved;prev_iv_model
2026-05-15 17:20:30+00:00,13.6569,20260618,C,15.0,1.85,1.9,1.875,1.9,0.0,2947170.0,1.4242875202536114,1.8750000000000009,0.045,0.0,1.8734311873329803,quote_mid;trade_last;iv_solved;prev_iv_model
2026-05-15 17:20:30+00:00,13.6569,20260618,C,20.0,0.85,0.95,0.8999999999999999,0.85,0.0,2947170.0,1.5287406589491983,0.8999999999999986,0.045,0.0,0.8991188423069438,quote_mid;trade_last;iv_solved;prev_iv_model
2026-05-15 17:20:40+00:00,13.6895,20260618,C,15.0,1.85,1.9,1.875,1.9,0.0,2947160.0,1.4144113441839767,1.8750000000000018,0.045,0.0,1.891486546014895,quote_mid;trade_last;iv_solved;prev_iv_model
2026-05-15 17:20:40+00:00,13.6895,20260618,C,20.0,0.85,0.95,0.8999999999999999,0.85,0.0,2947160.0,1.5222174483967117,0.9000000000000017,0.045,0.0,0.9092538537547954,quote_mid;trade_last;iv_solved;prev_iv_model
2026-05-15 17:20:50+00:00,13.67,20260618,C,15.0,1.85,1.9,1.875,1.9,0.0,2947150.0,1.4203224104726413,1.8749999999999991,0.045,0.0,1.865146045776478,quote_mid;trade_last;iv_solved;prev_iv_model
2026-05-15 17:20:50+00:00,13.67,20260618,C,20.0,0.85,0.95,0.8999999999999999,0.85,0.0,2947150.0,1.5261220112804277,0.8999999999999986,0.045,0.0,0.894481370153331,quote_mid;trade_last;iv_solved;prev_iv_model
2026-05-15 17:21:00+00:00,13.688,20260618,C,15.0,1.85,1.9,1.875,1.9,0.0,2947140.0,1.4148707009659014,1.8750000000000018,0.045,0.0,1.8840997572981095,quote_mid;trade_last;iv_solved;prev_iv_model
2026-05-15 17:21:00+00:00,13.688,20260618,C,20.0,0.85,0.95,0.8999999999999999,0.85,0.0,2947140.0,1.5225226610213531,0.899999999999999,0.045,0.0,0.9051024906970011,quote_mid;trade_last;iv_solved;prev_iv_model
2026-05-15 17:21:10+00:00,13.6825,20260618,C,15.0,1.85,1.9,1.875,1.9,0.0,2947130.0,1.4165395964460314,1.8749999999999991,0.045,0.0,1.8722154159672133,quote_mid;trade_last;iv_solved;prev_iv_model
2026-05-15 17:21:10+00:00,13.6825,20260618,C,20.0,0.85,0.95,0.8999999999999999,0.85,0.0,2947130.0,1.5236254624801493,0.9000000000000012,0.045,0.0,0.8984388172644806,quote_mid;trade_last;iv_solved;prev_iv_model
2026-05-15 17:21:20+00:00,13.68,20260618,C,15.0,1.85,1.9,1.875,1.9,0.0,2947120.0,1.417299551046579,1.875,0.045,0.0,1.8737322339405837,quote_mid;trade_last;iv_solved;prev_iv_model
2026-05-15 17:21:20+00:00,13.68,20260618,C,20.0,0.85,0.95,0.8999999999999999,0.85,0.0,2947120.0,1.5241282845794246,0.9000000000000017,0.045,0.0,0.8992882476839195,quote_mid;trade_last;iv_solved;prev_iv_model
2026-05-15 17:21:30+00:00,13.68,20260618,C,15.0,1.85,1.9,1.875,1.9,0.0,2947110.0,1.4173019987132784,1.875,0.045,0.0,1.8749959167840462,quote_mid;trade_last;iv_solved;prev_iv_model
2026-05-15 17:21:30+00:00,13.68,20260618,C,20.0,0.85,0.95,0.8999999999999999,0.85,0.0,2947110.0,1.5241309003672363,0.8999999999999995,0.045,0.0,0.8999962969569384,quote_mid;trade_last;iv_solved;prev_iv_model
2026-05-15 17:21:40+00:00,13.68,20260618,C,15.0,1.85,1.9,1.875,1.9,0.0,2947100.0,1.4173044463923619,1.875,0.045,0.0,1.874995916770315,quote_mid;trade_last;iv_solved;prev_iv_model
2026-05-15 17:21:40+00:00,13.68,20260618,C,20.0,0.85,0.95,0.8999999999999999,0.85,0.0,2947100.0,1.5241335161683094,0.8999999999999995,0.045,0.0,0.899996296944467,quote_mid;trade_last;iv_solved;prev_iv_model
2026-05-15 17:21:50+00:00,13.68,20260618,C,15.0,1.85,1.9,1.875,1.9,0.0,2947090.0,1.4173068940838287,1.8750000000000018,0.045,0.0,1.8749959167565837,quote_mid;trade_last;iv_solved;prev_iv_model
2026-05-15 17:21:50+00:00,13.68,20260618,C,20.0,0.85,0.95,0.8999999999999999,0.85,0.0,2947090.0,1.524136131982647,0.9000000000000004,0.045,0.0,0.8999962969319939,quote_mid;trade_last;iv_solved;prev_iv_model
2026-05-15 17:22:00+00:00,13.68,20260618,C,15.0,1.85,1.9,1.875,1.9,0.0,2947080.0,1.4173093417876799,1.8750000000000018,0.045,0.0,1.874995916742849,quote_mid;trade_last;iv_solved;prev_iv_model
2026-05-15 17:22:00+00:00,13.68,20260618,C,20.0,0.85,0.95,0.8999999999999999,0.85,0.0,2947080.0,1.5241387478102455,0.9000000000000004,0.045,0.0,0.8999962969195234,quote_mid;trade_last;iv_solved;prev_iv_model
2026-05-15 17:22:10+00:00,13.68,20260618,C,15.0,1.85,1.9,1.875,1.9,0.0,2947070.0,1.4173117895039158,1.875,0.045,0.0,1.874995916729115,quote_mid;trade_last;iv_solved;prev_iv_model
2026-05-15 17:22:10+00:00,13.68,20260618,C,20.0,0.85,0.95,0.8999999999999999,0.85,0.0,2947070.0,1.5241413636511072,0.9000000000000004,0.045,0.0,0.899996296907053,quote_mid;trade_last;iv_solved;prev_iv_model
2026-05-15 17:22:20+00:00,13.67,20260618,C,15.0,1.85,1.9,1.875,1.9,0.0,2947060.0,1.4203444854128118,1.875,0.045,0.0,1.86994449312538,quote_mid;trade_last;iv_solved;prev_iv_model
2026-05-15 17:22:20+00:00,13.67,20260618,C,20.0,0.85,0.95,0.8999999999999999,0.85,0.0,2947060.0,1.5261455839388738,0.8999999999999999,0.045,0.0,0.897166263032485,quote_mid;trade_last;iv_solved;prev_iv_model
2026-05-15 17:22:30+00:00,13.675,20260618,C,15.0,1.85,1.9,1.875,1.9,0.0,2947050.0,1.4188317742661,1.8750000000000009,0.045,0.0,1.8775225739126276,quote_mid;trade_last;iv_solved;prev_iv_model
2026-05-15 17:22:30+00:00,13.675,20260618,C,20.0,0.85,0.95,0.8999999999999999,0.85,0.0,2947050.0,1.5251472480920936,0.8999999999999999,0.045,0.0,0.9014129576029886,quote_mid;trade_last;iv_solved;prev_iv_model
2026-05-15 17:22:40+00:00,13.71,20260618,C,15.0,1.85,1.9,1.875,1.9,0.0,2947040.0,1.4082300618399146,1.8749999999999982,0.045,0.0,1.8927233247971884,quote_mid;trade_last;iv_solved;prev_iv_model
2026-05-15 17:22:40+00:00,13.71,20260618,C,20.0,0.85,0.95,0.8999999999999999,0.85,0.0,2947040.0,1.5181516131453647,0.8999999999999999,0.045,0.0,0.9099420212144049,quote_mid;trade_last;iv_solved;prev_iv_model
2026-05-15 17:22:50+00:00,13.72,20260618,C,15.0,1.85,1.9,1.875,1.9,0.0,2947030.0,1.40520332472936,1.875,0.045,0.0,1.8800636338459196,quote_mid;trade_last;iv_solved;prev_iv_model
2026-05-15 17:22:50+00:00,13.72,20260618,C,20.0,0.85,0.95,0.8999999999999999,0.85,0.0,2947030.0,1.5161574177212862,0.8999999999999999,0.045,0.0,0.90283374711237,quote_mid;trade_last;iv_solved;prev_iv_model
2026-05-15 17:23:00+00:00,13.75,20260618,C,15.0,1.85,1.9,1.875,1.9,0.0,2947020.0,1.3961196259557274,1.8750000000000009,0.045,0.0,1.8902289728084725,quote_mid;trade_last;iv_solved;prev_iv_model
2026-05-15 17:23:00+00:00,13.75,20260618,C,20.0,0.85,0.95,0.8999999999999999,0.85,0.0,2947020.0,1.510176768151494,0.8999999999999999,0.045,0.0,0.9085267424809804,quote_mid;trade_last;iv_solved;prev_iv_model
2026-05-15 17:23:10+00:00,13.755,20260618,C,15.0,1.85,1.9,1.875,1.9,0.0,2947010.0,1.394607868078133,1.875,0.045,0.0,1.877535441080603,quote_mid;trade_last;iv_solved;prev_iv_model
2026-05-15 17:23:10+00:00,13.755,20260618,C,20.0,0.85,0.95,0.8999999999999999,0.85,0.0,2947010.0,1.509183190493303,0.9000000000000004,0.045,0.0,0.9014157890968404,quote_mid;trade_last;iv_solved;prev_iv_model
2026-05-15 17:23:20+00:00,13.755,20260618,C,15.0,1.85,1.9,1.875,1.9,0.0,2947000.0,1.394610277709888,1.8750000000000009,0.045,0.0,1.8749959586809979,quote_mid;trade_last;iv_solved;prev_iv_model
2026-05-15 17:23:20+00:00,13.755,20260618,C,20.0,0.85,0.9,0.875,0.85,0.0,2947000.0,1.4915764370205364,0.8749999999999996,0.045,0.0,0.8999963092398109,quote_mid;trade_last;iv_solved;prev_iv_model
2026-05-15 17:23:30+00:00,13.7401,20260618,C,15.0,1.85,1.9,1.875,1.9,0.0,2946990.0,1.3991250803277948,1.8750000000000018,0.045,0.0,1.8674359368476816,quote_mid;trade_last;iv_solved;prev_iv_model
2026-05-15 17:23:30+00:00,13.7401,20260618,C,20.0,0.85,0.9,0.875,0.85,0.0,2946990.0,1.4945261317087932,0.8749999999999987,0.045,0.0,0.8708349206890329,quote_mid;trade_last;iv_solved;prev_iv_model
2026-05-15 17:23:40+00:00,13.74,20260618,C,15.0,1.85,1.9,1.875,1.85,2.0,2946980.0,1.3991577837010776,1.8750000000000009,0.045,0.0,1.874945210172136,quote_mid;trade_last;iv_solved;prev_iv_model
2026-05-15 17:23:40+00:00,13.74,20260618,C,20.0,0.85,0.95,0.8999999999999999,0.85,0.0,2946980.0,1.512180377655949,0.8999999999999986,0.045,0.0,0.8749684169076404,quote_mid;trade_last;iv_solved;prev_iv_model
2026-05-15 17:23:50+00:00,13.74,20260618,C,15.0,1.85,1.9,1.875,1.85,0.0,2946970.0,1.399160201000981,1.875,0.045,0.0,1.874995950166702,quote_mid;trade_last;iv_solved;prev_iv_model
2026-05-15 17:23:50+00:00,13.74,20260618,C,20.0,0.85,0.95,0.8999999999999999,0.85,0.0,2946970.0,1.5121829733721812,0.8999999999999986,0.045,0.0,0.899996306707135,quote_mid;trade_last;iv_solved;prev_iv_model
2026-05-15 17:24:00+00:00,13.745,20260618,C,15.0,1.85,1.9,1.875,1.85,0.0,2946960.0,1.3976483325595517,1.8750000000000009,0.045,0.0,1.8775338022997197,quote_mid;trade_last;iv_solved;prev_iv_model
2026-05-15 17:24:00+00:00,13.745,20260618,C,20.0,0.85,0.95,0.8999999999999999,0.85,0.0,2946960.0,1.5111887971077427,0.9000000000000008,0.045,0.0,0.9014154287642273,quote_mid;trade_last;iv_solved;prev_iv_model
2026-05-15 17:24:10+00:00,13.745,20260618,C,15.0,1.85,1.9,1.875,1.85,0.0,2946950.0,1.3976507473398856,1.8750000000000009,0.045,0.0,1.8749959529604139,quote_mid;trade_last;iv_solved;prev_iv_model
2026-05-15 17:24:10+00:00,13.745,20260618,C,20.0,0.85,0.9,0.875,0.85,0.0,2946950.0,1.4935669082039813,0.8750000000000013,0.045,0.0,0.8999963075134296,quote_mid;trade_last;iv_solved;prev_iv_model
2026-05-15 17:24:20+00:00,13.745,20260618,C,15.0,1.85,1.9,1.875,1.85,0.0,2946940.0,1.3976531621324364,1.875,0.045,0.0,1.8749959529468025,quote_mid;trade_last;iv_solved;prev_iv_model
2026-05-15 17:24:20+00:00,13.745,20260618,C,20.0,0.85,0.9,0.875,0.85,0.0,2946940.0,1.493569472266513,0.875,0.045,0.0,0.8749963757880388,quote_mid;trade_last;iv_solved;prev_iv_model
2026-05-15 17:24:30+00:00,13.745,20260618,C,15.0,1.85,1.9,1.875,1.85,0.0,2946930.0,1.3976555769372037,1.8750000000000018,0.045,0.0,1.8749959529331939,quote_mid;trade_last;iv_solved;prev_iv_model
2026-05-15 17:24:30+00:00,13.745,20260618,C,20.0,0.85,0.9,0.875,0.85,0.0,2946930.0,1.4935720363420457,0.8750000000000009,0.045,0.0,0.8749963757758334,quote_mid;trade_last;iv_solved;prev_iv_model
2026-05-15 17:24:40+00:00,13.71,20260618,C,15.0,1.85,1.9,1.875,1.85,0.0,2946920.0,1.4082592525711042,1.875,0.045,0.0,1.857272862640487,quote_mid;trade_last;iv_solved;prev_iv_model
2026-05-15 17:24:40+00:00,13.71,20260618,C,20.0,0.85,0.9,0.875,0.85,0.0,2946920.0,1.5005057506392632,0.8749999999999987,0.045,0.0,0.8652425223869193,quote_mid;trade_last;iv_solved;prev_iv_model
2026-05-15 17:24:50+00:00,13.715,20260618,C,15.0,1.85,1.9,1.875,1.85,0.0,2946910.0,1.4067470388704435,1.875,0.045,0.0,1.8775289384697738,quote_mid;trade_last;iv_solved;prev_iv_model
2026-05-15 17:24:50+00:00,13.715,20260618,C,20.0,0.85,0.9,0.875,0.85,0.0,2946910.0,1.4995172738210854,0.875,0.045,0.0,0.8763938789531376,quote_mid;trade_last;iv_solved;prev_iv_model
2026-05-15 17:25:00+00:00,13.715,20260618,C,15.0,1.85,1.9,1.875,1.85,0.0,2946900.0,1.4067494689786724,1.8750000000000018,0.045,0.0,1.8749959360197828,quote_mid;trade_last;iv_solved;prev_iv_model
2026-05-15 17:25:00+00:00,13.715,20260618,C,20.0,0.85,0.9,0.875,0.85,0.0,2946900.0,1.4995198479761456,0.8750000000000009,0.045,0.0,0.8749963708485771,quote_mid;trade_last;iv_solved;prev_iv_model
2026-05-15 17:25:10+00:00,13.73,20260618,C,15.0,1.85,1.9,1.875,1.85,0.0,2946890.0,1.4022083104028265,1.8750000000000018,0.045,0.0,1.8826024286401415,quote_mid;trade_last;iv_solved;prev_iv_model
2026-05-15 17:25:10+00:00,13.73,20260618,C,20.0,0.85,0.95,0.8999999999999999,0.85,0.0,2946890.0,1.514198199700195,0.9000000000000012,0.045,0.0,0.8791934448907379,quote_mid;trade_last;iv_solved;prev_iv_model
2026-05-15 17:25:20+00:00,13.73,20260618,C,15.0,1.85,1.9,1.875,1.85,0.0,2946880.0,1.4022107329014801,1.8750000000000018,0.045,0.0,1.8749959444128024,quote_mid;trade_last;iv_solved;prev_iv_model
2026-05-15 17:25:20+00:00,13.73,20260618,C,20.0,0.85,0.9,0.875,0.85,0.0,2946880.0,1.4965535989233039,0.8749999999999996,0.045,0.0,0.899996304934708,quote_mid;trade_last;iv_solved;prev_iv_model
2026-05-15 17:25:30+00:00,13.73,20260618,C,15.0,1.85,1.9,1.875,1.85,0.0,2946870.0,1.4022131554123902,1.8750000000000018,0.045,0.0,1.8749959443991617,quote_mid;trade_last;iv_solved;prev_iv_model
2026-05-15 17:25:30+00:00,13.73,20260618,C,20.0,0.85,0.9,0.875,0.85,0.0,2946870.0,1.4965561680949064,0.875,0.045,0.0,0.8749963732544712,quote_mid;trade_last;iv_solved;prev_iv_model
2026-05-15 17:25:40+00:00,13.73,20260618,C,15.0,1.85,1.9,1.875,1.85,0.0,2946860.0,1.4022155779355563,1.875,0.045,0.0,1.8749959443855229,quote_mid;trade_last;iv_solved;prev_iv_model
2026-05-15 17:25:40+00:00,13.73,20260618,C,20.0,0.85,0.9,0.875,0.85,0.0,2946860.0,1.4965587372795328,0.8749999999999996,0.045,0.0,0.8749963732422597,quote_mid;trade_last;iv_solved;prev_iv_model
2026-05-15 17:25:50+00:00,13.715,20260618,C,15.0,1.85,1.9,1.875,1.85,0.0,2946850.0,1.4067616197042443,1.8750000000000009,0.045,0.0,1.8673974309129102,quote_mid;trade_last;iv_solved;prev_iv_model
2026-05-15 17:25:50+00:00,13.715,20260618,C,20.0,0.85,0.9,0.875,0.85,0.0,2946850.0,1.4995327189472323,0.8749999999999996,0.045,0.0,0.8708097295817883,quote_mid;trade_last;iv_solved;prev_iv_model
2026-05-15 17:26:00+00:00,13.715,20260618,C,15.0,1.85,1.9,1.875,1.85,0.0,2946840.0,1.4067640498862453,1.875,0.045,0.0,1.8749959359377764,quote_mid;trade_last;iv_solved;prev_iv_model
2026-05-15 17:26:00+00:00,13.715,20260618,C,20.0,0.85,0.9,0.875,0.85,0.0,2946840.0,1.499535293180604,0.8750000000000009,0.045,0.0,0.8749963707752464,quote_mid;trade_last;iv_solved;prev_iv_model
2026-05-15 17:26:10+00:00,13.73,20260618,C,15.0,1.85,1.9,1.875,1.9,4.0,2946830.0,1.4022228455785966,1.8750000000000018,0.045,0.0,1.88260242782217,quote_mid;trade_last;iv_solved;prev_iv_model
2026-05-15 17:26:10+00:00,13.73,20260618,C,20.0,0.85,0.9,0.875,0.85,0.0,2946830.0,1.4965664449115765,0.8750000000000022,0.045,0.0,0.8791934445041845,quote_mid;trade_last;iv_solved;prev_iv_model
2026-05-15 17:26:20+00:00,13.73,20260618,C,15.0,1.85,1.9,1.875,1.9,0.0,2946820.0,1.4022252681507887,1.8750000000000009,0.045,0.0,1.8749959443309683,quote_mid;trade_last;iv_solved;prev_iv_model
2026-05-15 17:26:20+00:00,13.73,20260618,C,20.0,0.85,0.9,0.875,0.85,0.0,2946820.0,1.4965690141483101,0.8750000000000004,0.045,0.0,0.8749963731934076,quote_mid;trade_last;iv_solved;prev_iv_model
2026-05-15 17:26:30+00:00,13.74,20260618,C,15.0,1.85,1.9,1.875,1.9,0.0,2946810.0,1.3991988794627135,1.875,0.045,0.0,1.8800700927896665,quote_mid;trade_last;iv_solved;prev_iv_model
2026-05-15 17:26:30+00:00,13.74,20260618,C,20.0,0.85,0.9,0.875,0.85,0.0,2946810.0,1.4945921042263293,0.8750000000000009,0.045,0.0,0.8777941619675644,quote_mid;trade_last;iv_solved;prev_iv_model
2026-05-15 17:26:40+00:00,13.735,20260618,C,15.0,1.85,1.9,1.875,1.9,0.0,2946800.0,1.400715677370378,1.8750000000000009,0.045,0.0,1.8724597952737643,quote_mid;trade_last;iv_solved;prev_iv_model
2026-05-15 17:26:40+00:00,13.735,20260618,C,20.0,0.85,0.9,0.875,0.85,0.0,2946800.0,1.4955842640679546,0.875,0.045,0.0,0.873599128683415,quote_mid;trade_last;iv_solved;prev_iv_model
2026-05-15 17:26:50+00:00,13.73,20260618,C,15.0,1.85,1.9,1.875,1.9,0.0,2946790.0,1.402232535940911,1.8750000000000009,0.045,0.0,1.872460604450258,quote_mid;trade_last;iv_solved;prev_iv_model
2026-05-15 17:26:50+00:00,13.73,20260618,C,20.0,0.85,0.9,0.875,0.85,0.0,2946790.0,1.496576721936675,0.8750000000000009,0.045,0.0,0.8735993080067179,quote_mid;trade_last;iv_solved;prev_iv_model
2026-05-15 17:27:00+00:00,13.7001,20260618,C,15.0,1.85,1.9,1.875,1.9,0.0,2946780.0,1.4112925651179324,1.875,0.045,0.0,1.8598646905394913,quote_mid;trade_last;iv_solved;prev_iv_model
2026-05-15 17:27:00+00:00,13.7001,20260618,C,20.0,0.85,0.9,0.875,0.85,0.0,2946780.0,1.5025050159125284,0.8750000000000009,0.045,0.0,0.8666629217699255,quote_mid;trade_last;iv_solved;prev_iv_model
2026-05-15 17:27:10+00:00,13.725,20260618,C,15.0,1.85,1.9,1.875,1.9,0.0,2946770.0,1.4037518819701482,1.875,0.045,0.0,1.8876191186354632,quote_mid;trade_last;iv_solved;prev_iv_model
2026-05-15 17:27:10+00:00,13.725,20260618,C,20.0,0.85,0.9,0.875,0.85,0.0,2946770.0,1.4975720491892361,0.8749999999999991,0.045,0.0,0.8819674495936227,quote_mid;trade_last;iv_solved;prev_iv_model
2026-05-15 17:27:20+00:00,13.7201,20260618,C,15.0,1.85,1.9,1.875,1.9,0.0,2946760.0,1.4052385774434355,1.8750000000000018,0.045,0.0,1.87251287426834,quote_mid;trade_last;iv_solved;prev_iv_model
2026-05-15 17:27:20+00:00,13.7201,20260618,C,20.0,0.85,0.9,0.875,0.85,0.0,2946760.0,1.4985452933300207,0.8750000000000009,0.045,0.0,0.8736275863559819,quote_mid;trade_last;iv_solved;prev_iv_model
2026-05-15 17:27:30+00:00,13.7201,20260618,C,15.0,1.85,1.9,1.875,1.9,5.0,2946750.0,1.4052410051401552,1.8750000000000009,0.045,0.0,1.87499593867423,quote_mid;trade_last;iv_solved;prev_iv_model
2026-05-15 17:27:30+00:00,13.7201,20260618,C,20.0,0.85,0.9,0.875,0.85,0.0,2946750.0,1.4985478659725624,0.8750000000000009,0.045,0.0,0.8749963714951292,quote_mid;trade_last;iv_solved;prev_iv_model
2026-05-15 17:27:40+00:00,13.735,20260618,C,15.0,1.85,1.9,1.875,1.9,0.0,2946740.0,1.4007301979406357,1.875,0.045,0.0,1.8825541183446575,quote_mid;trade_last;iv_solved;prev_iv_model
2026-05-15 17:27:40+00:00,13.735,20260618,C,20.0,0.85,0.95,0.8999999999999999,0.85,0.0,2946740.0,1.513239784935831,0.9000000000000004,0.045,0.0,0.8791659694737701,quote_mid;trade_last;iv_solved;prev_iv_model
2026-05-15 17:27:50+00:00,13.75,20260618,C,15.0,1.85,1.9,1.875,1.9,0.0,2946730.0,1.396189583644186,1.875,0.045,0.0,1.8826121453879328,quote_mid;trade_last;iv_solved;prev_iv_model
2026-05-15 17:27:50+00:00,13.75,20260618,C,20.0,0.85,0.95,0.8999999999999999,0.85,0.0,2946730.0,1.510251950031758,0.8999999999999999,0.045,0.0,0.9042571339479375,quote_mid;trade_last;iv_solved;prev_iv_model
2026-05-15 17:28:00+00:00,13.75,20260618,C,15.0,1.85,1.95,1.9,1.9,2.0,2946720.0,1.4111048991147945,1.9000000000000012,0.045,0.0,1.8749959554721203,quote_mid;trade_last;iv_solved;prev_iv_model
2026-05-15 17:28:00+00:00,13.75,20260618,C,20.0,0.85,0.95,0.8999999999999999,0.85,0.0,2946720.0,1.510254542707568,0.899999999999999,0.045,0.0,0.899996308059269,quote_mid;trade_last;iv_solved;prev_iv_model
2026-05-15 17:28:10+00:00,13.77,20260618,C,15.0,1.85,1.95,1.9,1.9,0.0,2946710.0,1.4050295241644828,1.9000000000000004,0.045,0.0,1.9101984319085679,quote_mid;trade_last;iv_solved;prev_iv_model
2026-05-15 17:28:10+00:00,13.77,20260618,C,20.0,0.85,0.9,0.875,0.85,0.0,2946710.0,1.488686276998381,0.8749999999999987,0.045,0.0,0.9056822357053922,quote_mid;trade_last;iv_solved;prev_iv_model
2026-05-15 17:28:20+00:00,13.77,20260618,C,15.0,1.85,1.95,1.9,1.9,0.0,2946700.0,1.4050319517920302,1.9000000000000004,0.045,0.0,1.8999959247762703,quote_mid;trade_last;iv_solved;prev_iv_model
2026-05-15 17:28:20+00:00,13.77,20260618,C,20.0,0.85,0.9,0.875,0.85,0.0,2946700.0,1.4886888330188421,0.8749999999999996,0.045,0.0,0.8749963795880182,quote_mid;trade_last;iv_solved;prev_iv_model
2026-05-15 17:28:30+00:00,13.77,20260618,C,15.0,1.85,1.95,1.9,1.9,0.0,2946690.0,1.4050343794318603,1.8999999999999995,0.045,0.0,1.8999959247625648,quote_mid;trade_last;iv_solved;prev_iv_model
2026-05-15 17:28:30+00:00,13.77,20260618,C,20.0,0.85,0.9,0.875,0.85,0.0,2946690.0,1.4886913890522608,0.8750000000000004,0.045,0.0,0.8749963795758262,quote_mid;trade_last;iv_solved;prev_iv_model
2026-05-15 17:28:40+00:00,13.76,20260618,C,15.0,1.85,1.95,1.9,1.9,0.0,2946680.0,1.4080756205704579,1.8999999999999995,0.045,0.0,1.8948982790357372,quote_mid;trade_last;iv_solved;prev_iv_model
2026-05-15 17:28:40+00:00,13.76,20260618,C,20.0,0.85,0.9,0.875,0.85,0.0,2946680.0,1.4906699453235528,0.8749999999999987,0.045,0.0,0.8722010498804171,quote_mid;trade_last;iv_solved;prev_iv_model
2026-05-15 17:28:50+00:00,13.7711,20260618,C,15.0,1.85,1.95,1.9,1.9,0.0,2946670.0,1.404704977357094,1.9000000000000012,0.045,0.0,1.9056585903941414,quote_mid;trade_last;iv_solved;prev_iv_model
2026-05-15 17:28:50+00:00,13.7711,20260618,C,20.0,0.85,0.9,0.875,0.85,0.0,2946670.0,1.4884792121328645,0.8749999999999996,0.045,0.0,0.8781046685279481,quote_mid;trade_last;iv_solved;prev_iv_model
2026-05-15 17:29:00+00:00,13.738,20260618,C,15.0,1.85,1.95,1.9,1.9,0.0,2946660.0,1.4147666784084936,1.9000000000000004,0.045,0.0,1.8831473471846936,quote_mid;trade_last;iv_solved;prev_iv_model
2026-05-15 17:29:00+00:00,13.738,20260618,C,20.0,0.85,0.9,0.875,0.85,0.0,2946660.0,1.4950264059451936,0.8749999999999982,0.045,0.0,0.8657640986153599,quote_mid;trade_last;iv_solved;prev_iv_model
2026-05-15 17:29:10+00:00,13.738,20260618,C,15.0,1.85,1.95,1.9,1.9,5.0,2946650.0,1.4147691224379573,1.8999999999999986,0.045,0.0,1.8999959065567973,quote_mid;trade_last;iv_solved;prev_iv_model
2026-05-15 17:29:10+00:00,13.738,20260618,C,20.0,0.85,0.9,0.875,0.85,0.0,2946650.0,1.4950289727262351,0.8750000000000009,0.045,0.0,0.87499637429084,quote_mid;trade_last;iv_solved;prev_iv_model
2026-05-15 17:29:20+00:00,13.725,20260618,C,15.0,1.85,1.95,1.9,1.9,0.0,2946640.0,1.4187230599332268,1.9000000000000004,0.045,0.0,1.8933836939721065,quote_mid;trade_last;iv_solved;prev_iv_model
2026-05-15 17:29:20+00:00,13.725,20260618,C,20.0,0.85,0.9,0.875,0.85,0.0,2946640.0,1.4976054730590582,0.8750000000000013,0.045,0.0,0.8713665082900293,quote_mid;trade_last;iv_solved;prev_iv_model
2026-05-15 17:29:30+00:00,13.71,20260618,C,15.0,1.85,1.95,1.9,1.9,0.0,2946630.0,1.4232854849318968,1.8999999999999986,0.045,0.0,1.8923736403939646,quote_mid;trade_last;iv_solved;prev_iv_model
2026-05-15 17:29:30+00:00,13.71,20260618,C,20.0,0.85,0.9,0.875,0.85,0.0,2946630.0,1.5005804546407182,0.8749999999999987,0.045,0.0,0.8708102659424495,quote_mid;trade_last;iv_solved;prev_iv_model
2026-05-15 17:29:40+00:00,13.72,20260618,C,15.0,1.85,1.95,1.9,1.9,0.0,2946620.0,1.4202478877984328,1.8999999999999986,0.045,0.0,1.9050810153452957,quote_mid;trade_last;iv_solved;prev_iv_model
2026-05-15 17:29:40+00:00,13.72,20260618,C,20.0,0.85,0.9,0.875,0.85,0.0,2946620.0,1.498601124594575,0.875,0.045,0.0,0.8777927233881826,quote_mid;trade_last;iv_solved;prev_iv_model
2026-05-15 17:29:50+00:00,13.735,20260618,C,15.0,1.85,1.95,1.9,1.9,0.0,2946610.0,1.415690748614757,1.8999999999999986,0.045,0.0,1.9076308447893195,quote_mid;trade_last;iv_solved;prev_iv_model
2026-05-15 17:29:50+00:00,13.735,20260618,C,20.0,0.85,0.9,0.875,0.85,0.0,2946610.0,1.4956330507427884,0.875,0.045,0.0,0.8791939818652255,quote_mid;trade_last;iv_solved;prev_iv_model
2026-05-15 17:30:00+00:00,13.75,20260618,C,15.0,1.85,1.95,1.9,1.9,0.0,2946600.0,1.411134153853426,1.9000000000000012,0.045,0.0,1.9076380341965562,quote_mid;trade_last;iv_solved;prev_iv_model
2026-05-15 17:30:00+00:00,13.75,20260618,C,20.0,0.85,0.9,0.875,0.85,0.0,2946600.0,1.492667618965327,0.8750000000000004,0.045,0.0,0.8791956061362973,quote_mid;trade_last;iv_solved;prev_iv_model
2026-05-15 17:30:10+00:00,13.7899,20260618,C,15.0,1.85,1.95,1.9,1.9,0.0,2946590.0,1.3990119184380494,1.9000000000000004,0.045,0.0,1.9203765893347855,quote_mid;trade_last;iv_solved;prev_iv_model
2026-05-15 17:30:10+00:00,13.7899,20260618,C,20.0,0.85,0.9,0.875,0.85,0.0,2946590.0,1.484788122054968,0.8750000000000009,0.045,0.0,0.8861973283901268,quote_mid;trade_last;iv_solved;prev_iv_model
2026-05-15 17:30:20+00:00,13.8,20260618,C,15.0,1.85,2.0,1.925,1.9,0.0,2946580.0,1.4108080823954476,1.9250000000000007,0.045,0.0,1.905157994165398,quote_mid;trade_last;iv_solved;prev_iv_model
2026-05-15 17:30:20+00:00,13.8,20260618,C,20.0,0.85,0.9,0.875,0.85,0.0,2946580.0,1.4827984019989113,0.875,0.045,0.0,0.8778266009721616,quote_mid;trade_last;iv_solved;prev_iv_model
2026-05-15 17:30:30+00:00,13.8,20260618,C,15.0,1.85,2.0,1.925,1.9,0.0,2946570.0,1.4108105200787109,1.9250000000000007,0.045,0.0,1.9249958998583843,quote_mid;trade_last;iv_solved;prev_iv_model
2026-05-15 17:30:30+00:00,13.8,20260618,C,20.0,0.85,0.9,0.875,0.85,0.0,2946570.0,1.4828009481787823,0.8750000000000004,0.045,0.0,0.8749963843617969,quote_mid;trade_last;iv_solved;prev_iv_model
2026-05-15 17:30:40+00:00,13.84,20260618,C,15.0,1.9,2.0,1.95,1.9,0.0,2946560.0,1.4134431029956933,1.9500000000000002,0.045,0.0,1.9455603309134881,quote_mid;trade_last;iv_solved;prev_iv_model
2026-05-15 17:30:40+00:00,13.84,20260618,C,20.0,0.85,0.95,0.8999999999999999,0.85,0.0,2946560.0,1.4924086205358358,0.9000000000000008,0.045,0.0,0.8862403705856314,quote_mid;trade_last;iv_solved;prev_iv_model
2026-05-15 17:30:50+00:00,13.84,20260618,C,15.0,1.9,2.0,1.95,1.9,0.0,2946550.0,1.4134455453615122,1.9500000000000002,0.045,0.0,1.9499958811849218,quote_mid;trade_last;iv_solved;prev_iv_model
2026-05-15 17:30:50+00:00,13.84,20260618,C,20.0,0.85,0.95,0.8999999999999999,0.85,0.0,2946550.0,1.4924111831981115,0.8999999999999999,0.045,0.0,0.8999963229311891,quote_mid;trade_last;iv_solved;prev_iv_model
2026-05-15 17:31:00+00:00,13.78,20260618,C,15.0,1.9,2.0,1.95,1.9,0.0,2946540.0,1.431800800125365,1.9499999999999993,0.045,0.0,1.919171700852477,quote_mid;trade_last;iv_solved;prev_iv_model
2026-05-15 17:31:00+00:00,13.78,20260618,C,20.0,0.85,0.95,0.8999999999999999,0.85,0.0,2946540.0,1.5043281547791434,0.8999999999999999,0.045,0.0,0.8830275942437331,quote_mid;trade_last;iv_solved;prev_iv_model
2026-05-15 17:31:10+00:00,13.78,20260618,C,15.0,1.9,2.0,1.95,1.9,0.0,2946530.0,1.4318032733524286,1.9499999999999984,0.045,0.0,1.9499958464888953,quote_mid;trade_last;iv_solved;prev_iv_model
2026-05-15 17:31:10+00:00,13.78,20260618,C,20.0,0.85,0.95,0.8999999999999999,0.85,0.0,2946530.0,1.504330737607523,0.9000000000000008,0.045,0.0,0.899996312827867,quote_mid;trade_last;iv_solved;prev_iv_model
2026-05-15 17:31:20+00:00,13.828,20260618,C,15.0,1.9,2.0,1.95,1.9,0.0,2946520.0,1.4171228802610805,1.950000000000001,0.045,0.0,1.9747344200025534,quote_mid;trade_last;iv_solved;prev_iv_model
2026-05-15 17:31:20+00:00,13.828,20260618,C,20.0,0.85,0.95,0.8999999999999999,0.85,0.0,2946520.0,1.4947984017017153,0.9000000000000012,0.045,0.0,0.9136889634603151,quote_mid;trade_last;iv_solved;prev_iv_model
2026-05-15 17:31:30+00:00,13.828,20260618,C,15.0,1.9,2.0,1.95,1.9,0.0,2946510.0,1.4171253288420922,1.9500000000000002,0.045,0.0,1.9499958741536298,quote_mid;trade_last;iv_solved;prev_iv_model
2026-05-15 17:31:30+00:00,13.828,20260618,C,20.0,0.85,0.95,0.8999999999999999,0.85,0.0,2946510.0,1.4948009684382741,0.8999999999999999,0.045,0.0,0.8999963208585551,quote_mid;trade_last;iv_solved;prev_iv_model
2026-05-15 17:31:40+00:00,13.828,20260618,C,15.0,1.9,2.0,1.95,1.9,0.0,2946500.0,1.4171277774354936,1.9499999999999984,0.045,0.0,1.9499958741397512,quote_mid;trade_last;iv_solved;prev_iv_model
2026-05-15 17:31:40+00:00,13.828,20260618,C,20.0,0.85,0.95,0.8999999999999999,0.85,0.0,2946500.0,1.4948035351878497,0.9000000000000017,0.045,0.0,0.8999963208461668,quote_mid;trade_last;iv_solved;prev_iv_model
2026-05-15 17:31:50+00:00,13.8156,20260618,C,15.0,1.9,2.0,1.95,1.9,0.0,2946490.0,1.4209228606787372,1.9499999999999984,0.045,0.0,1.9436106894456247,quote_mid;trade_last;iv_solved;prev_iv_model
2026-05-15 17:31:50+00:00,13.8156,20260618,C,20.0,0.85,0.95,0.8999999999999999,0.85,0.0,2946490.0,1.4972667217161706,0.8999999999999995,0.045,0.0,0.8964747130123576,quote_mid;trade_last;iv_solved;prev_iv_model
2026-05-15 17:32:00+00:00,13.83,20260618,C,15.0,1.9,2.0,1.95,1.9,0.0,2946480.0,1.4165209851058598,1.9499999999999993,0.045,0.0,1.9574179484226768,quote_mid;trade_last;iv_solved;prev_iv_model
2026-05-15 17:32:00+00:00,13.83,20260618,C,20.0,0.85,0.95,0.8999999999999999,0.85,0.0,2946480.0,1.4944119614972107,0.8999999999999995,0.045,0.0,0.9040949517842232,quote_mid;trade_last;iv_solved;prev_iv_model
2026-05-15 17:32:10+00:00,13.83,20260618,C,15.0,1.9,2.0,1.95,1.9,0.0,2946470.0,1.4165234327087304,1.9499999999999984,0.045,0.0,1.9499958752593018,quote_mid;trade_last;iv_solved;prev_iv_model
2026-05-15 17:32:10+00:00,13.83,20260618,C,20.0,0.85,0.95,0.8999999999999999,0.85,0.0,2946470.0,1.494414527615235,0.8999999999999999,0.045,0.0,0.8999963211459234,quote_mid;trade_last;iv_solved;prev_iv_model
2026-05-15 17:32:20+00:00,13.805,20260618,C,15.0,1.9,2.0,1.95,1.9,0.0,2946460.0,1.424172572700014,1.9500000000000002,0.045,0.0,1.9371313872966125,quote_mid;trade_last;iv_solved;prev_iv_model
2026-05-15 17:32:20+00:00,13.805,20260618,C,20.0,0.85,0.95,0.8999999999999999,0.85,0.0,2946460.0,1.4993793001026172,0.9000000000000004,0.045,0.0,0.8929043866289321,quote_mid;trade_last;iv_solved;prev_iv_model
2026-05-15 17:32:30+00:00,13.805,20260618,C,15.0,1.85,2.0,1.925,1.9,0.0,2946450.0,1.409315456845412,1.924999999999999,0.045,0.0,1.9499958607588024,quote_mid;trade_last;iv_solved;prev_iv_model
2026-05-15 17:32:30+00:00,13.805,20260618,C,20.0,0.85,0.95,0.8999999999999999,0.85,0.0,2946450.0,1.4993818746349548,0.8999999999999995,0.045,0.0,0.8999963169168441,quote_mid;trade_last;iv_solved;prev_iv_model
2026-05-15 17:32:40+00:00,13.8,20260618,C,15.0,1.85,2.0,1.925,1.9,0.0,2946440.0,1.410842211083601,1.9249999999999998,0.045,0.0,1.922432064413492,quote_mid;trade_last;iv_solved;prev_iv_model
2026-05-15 17:32:40+00:00,13.8,20260618,C,20.0,0.85,0.95,0.8999999999999999,0.85,0.0,2946440.0,1.5003777696475336,0.899999999999999,0.045,0.0,0.8985761729191428,quote_mid;trade_last;iv_solved;prev_iv_model
2026-05-15 17:32:50+00:00,13.78,20260618,C,15.0,1.85,2.0,1.925,1.9,0.0,2946430.0,1.4169424288361956,1.9250000000000007,0.045,0.0,1.9147538663173584,quote_mid;trade_last;iv_solved;prev_iv_model
2026-05-15 17:32:50+00:00,13.78,20260618,C,20.0,0.85,0.95,0.8999999999999999,0.85,0.0,2946430.0,1.5043565666116803,0.8999999999999999,0.045,0.0,0.8943245094570118,quote_mid;trade_last;iv_solved;prev_iv_model
2026-05-15 17:33:00+00:00,13.79,20260618,C,15.0,1.85,2.0,1.925,1.9,0.0,2946420.0,1.4138958798268733,1.924999999999999,0.045,0.0,1.930120462227431,quote_mid;trade_last;iv_solved;prev_iv_model
2026-05-15 17:33:00+00:00,13.79,20260618,C,20.0,0.85,0.95,0.8999999999999999,0.85,0.0,2946420.0,1.5023704486698408,0.9000000000000004,0.045,0.0,0.9028387818769419,quote_mid;trade_last;iv_solved;prev_iv_model
2026-05-15 17:33:10+00:00,13.79,20260618,C,15.0,1.85,2.0,1.925,1.9,0.0,2946410.0,1.4138983228301987,1.924999999999999,0.045,0.0,1.9249958938933203,quote_mid;trade_last;iv_solved;prev_iv_model
2026-05-15 17:33:10+00:00,13.79,20260618,C,20.0,0.85,0.95,0.8999999999999999,0.85,0.0,2946410.0,1.5023730282934862,0.9000000000000004,0.045,0.0,0.8999963143522831,quote_mid;trade_last;iv_solved;prev_iv_model
2026-05-15 17:33:20+00:00,13.7656,20260618,C,15.0,1.85,2.0,1.925,1.9,0.0,2946400.0,1.4213407287413626,1.924999999999999,0.045,0.0,1.9125121204833855,quote_mid;trade_last;iv_solved;prev_iv_model
2026-05-15 17:33:20+00:00,13.7656,20260618,C,20.0,0.85,0.95,0.8999999999999999,0.85,0.0,2946400.0,1.5072301238642258,0.8999999999999999,0.045,0.0,0.8930813646529425,quote_mid;trade_last;iv_solved;prev_iv_model
2026-05-15 17:33:30+00:00,13.775,20260618,C,15.0,1.85,2.0,1.925,1.9,0.0,2946390.0,1.418476808245018,1.9249999999999998,0.045,0.0,1.9298084354027996,quote_mid;trade_last;iv_solved;prev_iv_model
2026-05-15 17:33:30+00:00,13.775,20260618,C,20.0,0.85,0.95,0.8999999999999999,0.85,0.0,2946390.0,1.5053616954270037,0.9000000000000008,0.045,0.0,0.9026670951260112,quote_mid;trade_last;iv_solved;prev_iv_model
2026-05-15 17:33:40+00:00,13.775,20260618,C,15.0,1.85,2.0,1.925,1.9,0.0,2946380.0,1.4184792589706707,1.9249999999999998,0.045,0.0,1.9249958852624092,quote_mid;trade_last;iv_solved;prev_iv_model
2026-05-15 17:33:40+00:00,13.775,20260618,C,20.0,0.85,0.95,0.8999999999999999,0.85,0.0,2946380.0,1.5053642801335871,0.9000000000000008,0.045,0.0,0.899996311805809,quote_mid;trade_last;iv_solved;prev_iv_model
2026-05-15 17:33:50+00:00,13.77,20260618,C,15.0,1.85,2.0,1.925,1.9,0.0,2946370.0,1.4200063576377087,1.9250000000000016,0.045,0.0,1.9224369083816724,quote_mid;trade_last;iv_solved;prev_iv_model
2026-05-15 17:33:50+00:00,13.77,20260618,C,20.0,0.85,0.95,0.8999999999999999,0.85,0.0,2946370.0,1.5063619598041296,0.9000000000000012,0.045,0.0,0.8985772648185901,quote_mid;trade_last;iv_solved;prev_iv_model
2026-05-15 17:34:00+00:00,13.77,20260618,C,15.0,1.85,2.0,1.925,1.9,0.0,2946360.0,1.4200088109502338,1.9250000000000007,0.045,0.0,1.9249958823787692,quote_mid;trade_last;iv_solved;prev_iv_model
2026-05-15 17:34:00+00:00,13.77,20260618,C,20.0,0.85,0.95,0.8999999999999999,0.85,0.0,2946360.0,1.5063645462191846,0.8999999999999981,0.045,0.0,0.8999963109458187,quote_mid;trade_last;iv_solved;prev_iv_model
2026-05-15 17:34:10+00:00,13.8,20260618,C,15.0,1.85,2.0,1.925,1.9,0.0,2946350.0,1.4108641522312788,1.9250000000000016,0.045,0.0,1.9403799326224327,quote_mid;trade_last;iv_solved;prev_iv_model
2026-05-15 17:34:10+00:00,13.8,20260618,C,20.0,0.85,0.95,0.8999999999999999,0.85,0.0,2946350.0,1.5004009562564615,0.9000000000000008,0.045,0.0,0.9085375699212972,quote_mid;trade_last;iv_solved;prev_iv_model
2026-05-15 17:34:20+00:00,13.8,20260618,C,15.0,1.85,2.0,1.925,1.9,0.0,2946340.0,1.4108665901982587,1.9249999999999998,0.045,0.0,1.924995899541159,quote_mid;trade_last;iv_solved;prev_iv_model
2026-05-15 17:34:20+00:00,13.8,20260618,C,20.0,0.85,0.95,0.8999999999999999,0.85,0.0,2946340.0,1.5004035326116645,0.9000000000000004,0.045,0.0,0.8999963159414159,quote_mid;trade_last;iv_solved;prev_iv_model
2026-05-15 17:34:30+00:00,13.8,20260618,C,15.0,1.85,2.0,1.925,1.9,0.0,2946330.0,1.4108690281775753,1.9250000000000007,0.045,0.0,1.9249958995273655,quote_mid;trade_last;iv_solved;prev_iv_model
2026-05-15 17:34:30+00:00,13.8,20260618,C,20.0,0.85,0.95,0.8999999999999999,0.85,0.0,2946330.0,1.5004061089799334,0.8999999999999986,0.045,0.0,0.8999963159290081,quote_mid;trade_last;iv_solved;prev_iv_model
2026-05-15 17:34:40+00:00,13.8,20260618,C,15.0,1.85,2.0,1.925,1.9,1.0,2946320.0,1.4108714661692274,1.924999999999999,0.045,0.0,1.924995899513573,quote_mid;trade_last;iv_solved;prev_iv_model
2026-05-15 17:34:40+00:00,13.8,20260618,C,20.0,0.85,0.95,0.8999999999999999,0.85,0.0,2946320.0,1.5004086853612675,0.9000000000000012,0.045,0.0,0.8999963159165993,quote_mid;trade_last;iv_solved;prev_iv_model
2026-05-15 17:34:50+00:00,13.8,20260618,C,15.0,1.85,2.0,1.925,1.9,0.0,2946310.0,1.4108739041732177,1.924999999999999,0.045,0.0,1.9249958994997796,quote_mid;trade_last;iv_solved;prev_iv_model
2026-05-15 17:34:50+00:00,13.8,20260618,C,20.0,0.85,0.95,0.8999999999999999,0.85,0.0,2946310.0,1.5004112617556657,0.9000000000000004,0.045,0.0,0.8999963159041924,quote_mid;trade_last;iv_solved;prev_iv_model
2026-05-15 17:35:00+00:00,13.82,20260618,C,15.0,1.85,2.0,1.925,1.9,0.0,2946300.0,1.4047791928523101,1.924999999999999,0.045,0.0,1.9352647313028806,quote_mid;trade_last;iv_solved;prev_iv_model
2026-05-15 17:35:00+00:00,13.82,20260618,C,20.0,0.85,0.95,0.8999999999999999,0.85,0.0,2946300.0,1.4964422154989698,0.8999999999999995,0.045,0.0,0.9056895474369964,quote_mid;trade_last;iv_solved;prev_iv_model
2026-05-15 17:35:10+00:00,13.845,20260618,C,15.0,1.85,2.0,1.925,1.9,0.0,2946290.0,1.3971610834704524,1.924999999999999,0.045,0.0,1.9378525813912102,quote_mid;trade_last;iv_solved;prev_iv_model
2026-05-15 17:35:10+00:00,13.845,20260618,C,20.0,0.85,0.95,0.8999999999999999,0.85,0.0,2946290.0,1.4914868003839907,0.8999999999999995,0.045,0.0,0.9071199287801099,quote_mid;trade_last;iv_solved;prev_iv_model
2026-05-15 17:35:20+00:00,13.845,20260618,C,15.0,1.85,2.0,1.925,1.9,0.0,2946280.0,1.3971634984642645,1.9250000000000016,0.045,0.0,1.9249959254907187,quote_mid;trade_last;iv_solved;prev_iv_model
2026-05-15 17:35:20+00:00,13.845,20260618,C,20.0,0.85,0.95,0.8999999999999999,0.85,0.0,2946280.0,1.4914893617218383,0.8999999999999995,0.045,0.0,0.8999963234409298,quote_mid;trade_last;iv_solved;prev_iv_model
2026-05-15 17:35:30+00:00,13.855,20260618,C,15.0,1.85,2.0,1.925,1.9,0.0,2946270.0,1.3941179291776167,1.924999999999998,0.045,0.0,1.9301418641899444,quote_mid;trade_last;iv_solved;prev_iv_model
2026-05-15 17:35:30+00:00,13.855,20260618,C,20.0,0.85,0.95,0.8999999999999999,0.85,0.0,2946270.0,1.489510751090518,0.9000000000000008,0.045,0.0,0.9028436170470617,quote_mid;trade_last;iv_solved;prev_iv_model
2026-05-15 17:35:40+00:00,13.8403,20260618,C,15.0,1.85,2.0,1.925,1.9,0.0,2946260.0,1.3986009278982858,1.9250000000000016,0.045,0.0,1.9174387328347962,quote_mid;trade_last;iv_solved;prev_iv_model
2026-05-15 17:35:40+00:00,13.8403,20260618,C,20.0,0.85,0.95,0.8999999999999999,0.85,0.0,2946260.0,1.4924260365910187,0.8999999999999999,0.045,0.0,0.8958194555149919,quote_mid;trade_last;iv_solved;prev_iv_model
2026-05-15 17:35:50+00:00,13.87,20260618,C,15.0,1.85,2.0,1.925,1.9,0.0,2946250.0,1.3895509728952886,1.9250000000000016,0.045,0.0,1.9402943904816174,quote_mid;trade_last;iv_solved;prev_iv_model
2026-05-15 17:35:50+00:00,13.87,20260618,C,20.0,0.85,0.95,0.8999999999999999,0.85,0.0,2946250.0,1.48654626322136,0.9000000000000004,0.045,0.0,0.9084674527819532,quote_mid;trade_last;iv_solved;prev_iv_model
2026-05-15 17:36:00+00:00,13.87,20260618,C,15.0,1.85,2.0,1.925,1.9,0.0,2946240.0,1.389553375137826,1.9250000000000016,0.045,0.0,1.924995940028328,quote_mid;trade_last;iv_solved;prev_iv_model
2026-05-15 17:36:00+00:00,13.87,20260618,C,20.0,0.85,0.95,0.8999999999999999,0.85,0.0,2946240.0,1.4865488162418643,0.8999999999999999,0.045,0.0,0.8999963276217047,quote_mid;trade_last;iv_solved;prev_iv_model
2026-05-15 17:36:10+00:00,13.844,20260618,C,15.0,1.85,2.0,1.925,1.9,0.0,2946230.0,1.3974803810690948,1.9249999999999998,0.045,0.0,1.9116262999013527,quote_mid;trade_last;iv_solved;prev_iv_model
2026-05-15 17:36:10+00:00,13.844,20260618,C,20.0,0.85,0.95,0.8999999999999999,0.85,0.0,2946230.0,1.4917003507686584,0.9000000000000004,0.045,0.0,0.8926136275170684,quote_mid;trade_last;iv_solved;prev_iv_model
2026-05-15 17:36:20+00:00,13.8401,20260618,C,15.0,1.85,2.0,1.925,1.9,0.0,2946220.0,1.3986715604696212,1.9249999999999998,0.045,0.0,1.9229909664549236,quote_mid;trade_last;iv_solved;prev_iv_model
2026-05-15 17:36:20+00:00,13.8401,20260618,C,20.0,0.85,0.95,0.8999999999999999,0.85,0.0,2946220.0,1.4924759349383332,0.9000000000000017,0.045,0.0,0.898887364741991,quote_mid;trade_last;iv_solved;prev_iv_model
2026-05-15 17:36:30+00:00,13.84,20260618,C,15.0,1.85,2.0,1.925,1.9,0.0,2946210.0,1.3987044595045721,1.924999999999999,0.045,0.0,1.9249445135497654,quote_mid;trade_last;iv_solved;prev_iv_model
2026-05-15 17:36:30+00:00,13.84,20260618,C,20.0,0.85,0.95,0.8999999999999999,0.85,0.0,2946210.0,1.4924983214477878,0.8999999999999999,0.045,0.0,0.8999678804145224,quote_mid;trade_last;iv_solved;prev_iv_model
2026-05-15 17:36:40+00:00,13.8473,20260618,C,15.0,1.85,2.0,1.925,1.9,0.0,2946200.0,1.3964817631254207,1.9249999999999998,0.045,0.0,1.9287505744603406,quote_mid;trade_last;iv_solved;prev_iv_model
2026-05-15 17:36:40+00:00,13.8473,20260618,C,20.0,0.85,0.95,0.8999999999999999,0.85,0.0,2946200.0,1.4910540755369945,0.8999999999999999,0.045,0.0,0.9020740422660114,quote_mid;trade_last;iv_solved;prev_iv_model
2026-05-15 17:36:50+00:00,13.84,20260618,C,15.0,1.85,2.0,1.925,1.9,0.0,2946190.0,1.3987092948207738,1.924999999999999,0.045,0.0,1.9212430890919512,quote_mid;trade_last;iv_solved;prev_iv_model
2026-05-15 17:36:50+00:00,13.84,20260618,C,20.0,0.85,0.95,0.8999999999999999,0.85,0.0,2946190.0,1.4925034476950643,0.9000000000000004,0.045,0.0,0.8979210669701412,quote_mid;trade_last;iv_solved;prev_iv_model
2026-05-15 17:37:00+00:00,13.8302,20260618,C,15.0,1.85,2.0,1.925,1.9,0.0,2946180.0,1.401698978178847,1.924999999999999,0.045,0.0,1.9199610772772218,quote_mid;trade_last;iv_solved;prev_iv_model
2026-05-15 17:37:00+00:00,13.8302,20260618,C,20.0,0.85,0.95,0.8999999999999999,0.85,0.0,2946180.0,1.49444928052124,0.8999999999999999,0.045,0.0,0.8972115561078837,quote_mid;trade_last;iv_solved;prev_iv_model
2026-05-15 17:37:10+00:00,13.83,20260618,C,15.0,1.85,2.0,1.925,1.9,0.0,2946170.0,1.4017623670596717,1.924999999999999,0.045,0.0,1.9248931652091068,quote_mid;trade_last;iv_solved;prev_iv_model
2026-05-15 17:37:10+00:00,13.83,20260618,C,20.0,0.85,0.95,0.8999999999999999,0.85,0.0,2946170.0,1.4944915172070914,0.8999999999999986,0.045,0.0,0.8999394519436574,quote_mid;trade_last;iv_solved;prev_iv_model
2026-05-15 17:37:20+00:00,13.82,20260618,C,15.0,1.85,2.0,1.925,1.9,0.0,2946160.0,1.4048131829499306,1.9250000000000007,0.045,0.0,1.919861704099703,quote_mid;trade_last;iv_solved;prev_iv_model
2026-05-15 17:37:20+00:00,13.82,20260618,C,20.0,0.85,0.95,0.8999999999999999,0.85,0.0,2946160.0,1.4964781925737562,0.9000000000000012,0.045,0.0,0.8971555227554315,quote_mid;trade_last;iv_solved;prev_iv_model
2026-05-15 17:37:30+00:00,13.8001,20260618,C,15.0,1.85,2.0,1.925,1.9,0.0,2946150.0,1.4108824255879084,1.9249999999999998,0.045,0.0,1.9147920175728395,quote_mid;trade_last;iv_solved;prev_iv_model
2026-05-15 17:37:30+00:00,13.8001,20260618,C,20.0,0.85,0.95,0.8999999999999999,0.85,0.0,2946150.0,1.5004326155910213,0.9000000000000004,0.045,0.0,0.8943498926097315,quote_mid;trade_last;iv_solved;prev_iv_model
2026-05-15 17:37:40+00:00,13.83,20260618,C,15.0,1.85,2.0,1.925,1.9,0.0,2946140.0,1.4017696355630607,1.9249999999999998,0.045,0.0,1.9403578005299993,quote_mid;trade_last;iv_solved;prev_iv_model
2026-05-15 17:37:40+00:00,13.83,20260618,C,20.0,0.85,0.95,0.8999999999999999,0.85,0.0,2946140.0,1.4944992168104956,0.8999999999999986,0.045,0.0,0.9085156474885152,quote_mid;trade_last;iv_solved;prev_iv_model
2026-05-15 17:37:50+00:00,13.8319,20260618,C,15.0,1.85,2.0,1.925,1.9,0.0,2946130.0,1.401192878307992,1.9249999999999998,0.045,0.0,1.9259721777426888,quote_mid;trade_last;iv_solved;prev_iv_model
2026-05-15 17:37:50+00:00,13.8319,20260618,C,20.0,0.85,0.95,0.8999999999999999,0.85,0.0,2946130.0,1.4941249322673893,0.9000000000000008,0.045,0.0,0.9005366791662626,quote_mid;trade_last;iv_solved;prev_iv_model
2026-05-15 17:38:00+00:00,13.86,20260618,C,15.0,1.85,2.0,1.925,1.9,0.0,2946120.0,1.3926300932225586,1.9250000000000007,0.045,0.0,1.9394608327264526,quote_mid;trade_last;iv_solved;prev_iv_model
2026-05-15 17:38:00+00:00,13.86,20260618,C,20.0,0.85,0.95,0.8999999999999999,0.85,0.0,2946120.0,1.488558944770936,0.8999999999999995,0.045,0.0,0.9080081038925365,quote_mid;trade_last;iv_solved;prev_iv_model
2026-05-15 17:38:10+00:00,13.82,20260618,C,15.0,1.85,2.0,1.925,1.9,0.0,2946110.0,1.4048253228540912,1.9249999999999998,0.045,0.0,1.9044596662436684,quote_mid;trade_last;iv_solved;prev_iv_model
2026-05-15 17:38:10+00:00,13.82,20260618,C,20.0,0.85,0.95,0.8999999999999999,0.85,0.0,2946110.0,1.4964910421480746,0.9000000000000012,0.045,0.0,0.8886564022920016,quote_mid;trade_last;iv_solved;prev_iv_model
2026-05-15 17:38:20+00:00,13.83,20260618,C,15.0,1.85,2.0,1.925,1.9,0.0,2946100.0,1.401779327072556,1.9249999999999998,0.045,0.0,1.930133542555958,quote_mid;trade_last;iv_solved;prev_iv_model
2026-05-15 17:38:20+00:00,13.83,20260618,C,20.0,0.85,0.95,0.8999999999999999,0.85,0.0,2946100.0,1.4945094831305905,0.8999999999999986,0.045,0.0,0.9028417381271079,quote_mid;trade_last;iv_solved;prev_iv_model
2026-05-15 17:38:30+00:00,13.83,20260618,C,15.0,1.85,2.0,1.925,1.9,0.0,2946090.0,1.4017817499805822,1.9249999999999998,0.045,0.0,1.9249959165191184,quote_mid;trade_last;iv_solved;prev_iv_model
2026-05-15 17:38:30+00:00,13.83,20260618,C,20.0,0.85,0.95,0.8999999999999999,0.85,0.0,2946090.0,1.4945120497431548,0.9000000000000004,0.045,0.0,0.8999963206750539,quote_mid;trade_last;iv_solved;prev_iv_model
2026-05-15 17:38:40+00:00,13.845,20260618,C,15.0,1.85,2.0,1.925,1.9,0.0,2946080.0,1.39721180090674,1.9249999999999998,0.045,0.0,1.9327098489140244,quote_mid;trade_last;iv_solved;prev_iv_model
2026-05-15 17:38:40+00:00,13.845,20260618,C,20.0,0.85,0.95,0.8999999999999999,0.85,0.0,2946080.0,1.49154059120655,0.9000000000000012,0.045,0.0,0.9042675828355096,quote_mid;trade_last;iv_solved;prev_iv_model
2026-05-15 17:38:50+00:00,13.845,20260618,C,15.0,1.85,2.0,1.925,1.9,0.0,2946070.0,1.397214216157185,1.9250000000000007,0.045,0.0,1.9249959252028974,quote_mid;trade_last;iv_solved;prev_iv_model
2026-05-15 17:38:50+00:00,13.845,20260618,C,20.0,0.85,0.95,0.8999999999999999,0.85,0.0,2946070.0,1.4915431528171812,0.899999999999999,0.045,0.0,0.8999963231808801,quote_mid;trade_last;iv_solved;prev_iv_model
2026-05-15 17:39:00+00:00,13.83,20260618,C,15.0,1.85,2.0,1.925,1.9,0.0,2946060.0,1.4017890187782238,1.9249999999999998,0.045,0.0,1.9172896647211193,quote_mid;trade_last;iv_solved;prev_iv_model
2026-05-15 17:39:00+00:00,13.83,20260618,C,20.0,0.85,0.95,0.8999999999999999,0.85,0.0,2946060.0,1.494519749658945,0.8999999999999995,0.045,0.0,0.8957354599007039,quote_mid;trade_last;iv_solved;prev_iv_model
2026-05-15 17:39:10+00:00,13.825,20260618,C,15.0,1.85,2.0,1.925,1.9,0.0,2946050.0,1.403315646717732,1.9250000000000016,0.045,0.0,1.9224279692520456,quote_mid;trade_last;iv_solved;prev_iv_model
2026-05-15 17:39:10+00:00,13.825,20260618,C,20.0,0.85,0.95,0.8999999999999999,0.85,0.0,2946050.0,1.4955142437182318,0.8999999999999999,0.045,0.0,0.8985752508587299,quote_mid;trade_last;iv_solved;prev_iv_model
2026-05-15 17:39:20+00:00,13.825,20260618,C,15.0,1.85,2.0,1.925,1.9,0.0,2946040.0,1.4033180722480414,1.924999999999999,0.045,0.0,1.92499591355406,quote_mid;trade_last;iv_solved;prev_iv_model
2026-05-15 17:39:20+00:00,13.825,20260618,C,20.0,0.85,0.95,0.8999999999999999,0.85,0.0,2946040.0,1.4955168120728888,0.8999999999999999,0.045,0.0,0.8999963197708274,quote_mid;trade_last;iv_solved;prev_iv_model
2026-05-15 17:39:30+00:00,13.85,20260618,C,15.0,1.85,2.0,1.925,1.9,0.0,2946030.0,1.3956998081723837,1.9250000000000016,0.045,0.0,1.9378567180094128,quote_mid;trade_last;iv_solved;prev_iv_model
2026-05-15 17:39:30+00:00,13.85,20260618,C,20.0,0.85,0.95,0.8999999999999999,0.85,0.0,2946030.0,1.4905626286748719,0.9000000000000008,0.045,0.0,0.9071208630394332,quote_mid;trade_last;iv_solved;prev_iv_model
2026-05-15 17:39:40+00:00,13.855,20260618,C,15.0,1.85,2.0,1.925,1.9,0.0,2946020.0,1.39417818028392,1.9250000000000007,0.045,0.0,1.9275688904118589,quote_mid;trade_last;iv_solved;prev_iv_model
2026-05-15 17:39:40+00:00,13.855,20260618,C,20.0,0.85,0.95,0.8999999999999999,0.85,0.0,2946020.0,1.4895747053487018,0.8999999999999986,0.045,0.0,0.9014194870178094,quote_mid;trade_last;iv_solved;prev_iv_model
2026-05-15 17:39:50+00:00,13.8401,20260618,C,15.0,1.85,2.0,1.925,1.9,0.0,2946010.0,1.398722332398096,1.9250000000000007,0.045,0.0,1.917336017302131,quote_mid;trade_last;iv_solved;prev_iv_model
2026-05-15 17:39:50+00:00,13.8401,20260618,C,20.0,0.85,0.95,0.8999999999999999,0.85,0.0,2946010.0,1.4925297621512343,0.899999999999999,0.045,0.0,0.8957627084960698,quote_mid;trade_last;iv_solved;prev_iv_model
2026-05-15 17:40:00+00:00,13.8775,20260618,C,15.0,1.85,2.0,1.925,1.9,0.0,2946000.0,1.387325133158957,1.9250000000000007,0.045,0.0,1.944270086895159,quote_mid;trade_last;iv_solved;prev_iv_model
2026-05-15 17:40:00+00:00,13.8775,20260618,C,20.0,0.85,0.95,0.8999999999999999,0.85,0.0,2946000.0,1.485126199037608,0.9000000000000004,0.045,0.0,0.9106713498158485,quote_mid;trade_last;iv_solved;prev_iv_model
2026-05-15 17:40:10+00:00,13.8504,20260618,C,15.0,1.85,2.0,1.925,1.9,0.0,2945990.0,1.3955875342645903,1.9250000000000016,0.045,0.0,1.911054814929992,quote_mid;trade_last;iv_solved;prev_iv_model
2026-05-15 17:40:10+00:00,13.8504,20260618,C,20.0,0.85,0.95,0.8999999999999999,0.85,0.0,2945990.0,1.4904936190543738,0.8999999999999995,0.045,0.0,0.8923005489055287,quote_mid;trade_last;iv_solved;prev_iv_model
2026-05-15 17:40:20+00:00,13.8,20260618,C,15.0,1.85,2.0,1.925,1.9,0.0,2945980.0,1.4109543652265764,1.924999999999999,0.045,0.0,1.8991541167225874,quote_mid;trade_last;iv_solved;prev_iv_model
2026-05-15 17:40:20+00:00,13.8,20260618,C,20.0,0.85,0.95,0.8999999999999999,0.85,0.0,2945980.0,1.5004962901011112,0.9000000000000008,0.045,0.0,0.885725723709049,quote_mid;trade_last;iv_solved;prev_iv_model
2026-05-15 17:40:30+00:00,13.8,20260618,C,15.0,1.85,2.0,1.925,1.9,0.0,2945970.0,1.410956803650084,1.924999999999999,0.045,0.0,1.9249958990307388,quote_mid;trade_last;iv_solved;prev_iv_model
2026-05-15 17:40:30+00:00,13.8,20260618,C,20.0,0.85,0.95,0.8999999999999999,0.85,0.0,2945970.0,1.5004988669397914,0.9000000000000012,0.045,0.0,0.8999963154822548,quote_mid;trade_last;iv_solved;prev_iv_model
2026-05-15 17:40:40+00:00,13.77,20260618,C,15.0,1.85,1.95,1.9,1.9,0.0,2945960.0,1.4052116303224098,1.9000000000000012,0.045,0.0,1.9096429238557624,quote_mid;trade_last;iv_solved;prev_iv_model
2026-05-15 17:40:40+00:00,13.77,20260618,C,20.0,0.85,0.95,0.8999999999999999,0.85,0.0,2945960.0,1.5064680135778605,0.899999999999999,0.045,0.0,0.891496642843093,quote_mid;trade_last;iv_solved;prev_iv_model
2026-05-15 17:40:50+00:00,13.765,20260618,C,15.0,1.85,1.95,1.9,1.9,0.0,2945950.0,1.40673362576094,1.9000000000000004,0.045,0.0,1.8974462606383957,quote_mid;trade_last;iv_solved;prev_iv_model
2026-05-15 17:40:50+00:00,13.765,20260618,C,20.0,0.85,0.95,0.8999999999999999,0.85,0.0,2945950.0,1.5074660612869613,0.8999999999999999,0.045,0.0,0.8985774454414672,quote_mid;trade_last;iv_solved;prev_iv_model
2026-05-15 17:41:00+00:00,13.78,20260618,C,15.0,1.85,2.0,1.925,1.9,0.0,2945940.0,1.4170624010027568,1.9250000000000007,0.045,0.0,1.9076525775354698,quote_mid;trade_last;iv_solved;prev_iv_model
2026-05-15 17:41:00+00:00,13.78,20260618,C,20.0,0.85,0.95,0.8999999999999999,0.85,0.0,2945940.0,1.5044831476676128,0.8999999999999999,0.045,0.0,0.9042603770827089,quote_mid;trade_last;iv_solved;prev_iv_model
2026-05-15 17:41:10+00:00,13.775,20260618,C,15.0,1.85,1.95,1.9,1.9,0.0,2945930.0,1.4036993948678127,1.8999999999999995,0.045,0.0,1.9224361076619658,quote_mid;trade_last;iv_solved;prev_iv_model
2026-05-15 17:41:10+00:00,13.775,20260618,C,20.0,0.85,0.95,0.8999999999999999,0.85,0.0,2945930.0,1.5054806054976422,0.8999999999999999,0.045,0.0,0.8985770841916652,quote_mid;trade_last;iv_solved;prev_iv_model
2026-05-15 17:41:20+00:00,13.775,20260618,C,15.0,1.85,1.95,1.9,1.9,0.0,2945920.0,1.4037018209001197,1.8999999999999995,0.045,0.0,1.8999959265569997,quote_mid;trade_last;iv_solved;prev_iv_model
2026-05-15 17:41:20+00:00,13.775,20260618,C,20.0,0.85,0.95,0.8999999999999999,0.85,0.0,2945920.0,1.5054831908072788,0.9000000000000004,0.045,0.0,0.8999963112342857,quote_mid;trade_last;iv_solved;prev_iv_model
2026-05-15 17:41:30+00:00,13.775,20260618,C,15.0,1.85,1.95,1.9,1.9,0.0,2945910.0,1.4037042469447045,1.9000000000000004,0.045,0.0,1.899995926543296,quote_mid;trade_last;iv_solved;prev_iv_model
2026-05-15 17:41:30+00:00,13.775,20260618,C,20.0,0.85,0.95,0.8999999999999999,0.85,0.0,2945910.0,1.5054857761300275,0.8999999999999999,0.045,0.0,0.8999963112218601,quote_mid;trade_last;iv_solved;prev_iv_model
2026-05-15 17:41:40+00:00,13.775,20260618,C,15.0,1.85,1.95,1.9,1.9,0.0,2945900.0,1.4037066730015666,1.8999999999999995,0.045,0.0,1.8999959265295931,quote_mid;trade_last;iv_solved;prev_iv_model
2026-05-15 17:41:40+00:00,13.775,20260618,C,20.0,0.85,0.95,0.8999999999999999,0.85,0.0,2945900.0,1.5054883614658894,0.9000000000000004,0.045,0.0,0.8999963112094322,quote_mid;trade_last;iv_solved;prev_iv_model
2026-05-15 17:41:50+00:00,13.765,20260618,C,15.0,1.85,1.95,1.9,1.9,0.0,2945890.0,1.4067482126359119,1.8999999999999995,0.045,0.0,1.8948966587909108,quote_mid;trade_last;iv_solved;prev_iv_model
2026-05-15 17:41:50+00:00,13.765,20260618,C,20.0,0.85,0.95,0.8999999999999999,0.85,0.0,2945890.0,1.5074815933788281,0.9000000000000008,0.045,0.0,0.8971595555227823,quote_mid;trade_last;iv_solved;prev_iv_model
2026-05-15 17:42:00+00:00,13.76,20260618,C,15.0,1.85,1.95,1.9,1.9,0.0,2945880.0,1.4082702810838015,1.8999999999999995,0.045,0.0,1.8974470706746986,quote_mid;trade_last;iv_solved;prev_iv_model
2026-05-15 17:42:00+00:00,13.76,20260618,C,20.0,0.85,0.95,0.8999999999999999,0.85,0.0,2945880.0,1.508479950173347,0.9000000000000004,0.045,0.0,0.8985776254360682,quote_mid;trade_last;iv_solved;prev_iv_model
2026-05-15 17:42:10+00:00,13.78,20260618,C,15.0,1.85,1.95,1.9,1.9,0.0,2945870.0,1.4021944640060529,1.9000000000000012,0.045,0.0,1.9102049046747664,quote_mid;trade_last;iv_solved;prev_iv_model
2026-05-15 17:42:10+00:00,13.78,20260618,C,20.0,0.85,0.95,0.8999999999999999,0.85,0.0,2945870.0,1.5045012332436154,0.9000000000000004,0.045,0.0,0.9056836773645385,quote_mid;trade_last;iv_solved;prev_iv_model
2026-05-15 17:42:20+00:00,13.775,20260618,C,15.0,1.85,1.95,1.9,1.9,0.0,2945860.0,1.4037163773517998,1.9000000000000012,0.045,0.0,1.8974446346941134,quote_mid;trade_last;iv_solved;prev_iv_model
2026-05-15 17:42:20+00:00,13.775,20260618,C,20.0,0.85,0.95,0.8999999999999999,0.85,0.0,2945860.0,1.5054987029404643,0.9000000000000004,0.045,0.0,0.8985770842279193,quote_mid;trade_last;iv_solved;prev_iv_model
2026-05-15 17:42:30+00:00,13.76,20260618,C,15.0,1.85,1.95,1.9,1.9,0.0,2945850.0,1.4082775823862437,1.8999999999999995,0.045,0.0,1.8923495575965052,quote_mid;trade_last;iv_solved;prev_iv_model
2026-05-15 17:42:30+00:00,13.76,20260618,C,20.0,0.85,0.95,0.8999999999999999,0.85,0.0,2945850.0,1.5084877214870227,0.9000000000000004,0.045,0.0,0.8957431826091464,quote_mid;trade_last;iv_solved;prev_iv_model
2026-05-15 17:42:40+00:00,13.7547,20260618,C,15.0,1.85,1.95,1.9,1.9,0.0,2945840.0,1.4098909016292733,1.8999999999999995,0.045,0.0,1.8972950496502667,quote_mid;trade_last;iv_solved;prev_iv_model
2026-05-15 17:42:40+00:00,13.7547,20260618,C,20.0,0.85,0.95,0.8999999999999999,0.85,0.0,2945840.0,1.5095461563260555,0.9000000000000004,0.045,0.0,0.8984927372073841,quote_mid;trade_last;iv_solved;prev_iv_model
2026-05-15 17:42:50+00:00,13.76,20260618,C,15.0,1.85,1.95,1.9,1.9,0.0,2945830.0,1.4082824499827917,1.8999999999999995,0.045,0.0,1.9026977650889894,quote_mid;trade_last;iv_solved;prev_iv_model
2026-05-15 17:42:50+00:00,13.76,20260618,C,20.0,0.85,0.95,0.8999999999999999,0.85,0.0,2945830.0,1.5084929024285008,0.9000000000000004,0.045,0.0,0.9015011767759922,quote_mid;trade_last;iv_solved;prev_iv_model
2026-05-15 17:43:00+00:00,13.75,20260618,C,15.0,1.85,1.95,1.9,1.9,0.0,2945820.0,1.4113243529621005,1.9000000000000004,0.045,0.0,1.8949015233045055,quote_mid;trade_last;iv_solved;prev_iv_model
2026-05-15 17:43:00+00:00,13.75,20260618,C,20.0,0.85,0.95,0.8999999999999999,0.85,0.0,2945820.0,1.5104879373787181,0.8999999999999999,0.045,0.0,0.8971606365019773,quote_mid;trade_last;iv_solved;prev_iv_model
2026-05-15 17:43:10+00:00,13.7697,20260618,C,15.0,1.85,1.95,1.9,1.9,0.0,2945810.0,1.4053392345567142,1.9000000000000004,0.045,0.0,1.9100451798339542,quote_mid;trade_last;iv_solved;prev_iv_model
2026-05-15 17:43:10+00:00,13.7697,20260618,C,20.0,0.85,0.95,0.8999999999999999,0.85,0.0,2945810.0,1.5065665399814328,0.9000000000000012,0.045,0.0,0.9055967816873833,quote_mid;trade_last;iv_solved;prev_iv_model
2026-05-15 17:43:20+00:00,13.775,20260618,C,15.0,1.85,1.95,1.9,1.9,0.0,2945800.0,1.4037309342455053,1.8999999999999995,0.045,0.0,1.902700354406801,quote_mid;trade_last;iv_solved;prev_iv_model
2026-05-15 17:43:20+00:00,13.775,20260618,C,20.0,0.85,0.95,0.8999999999999999,0.85,0.0,2945800.0,1.505514215545722,0.9000000000000004,0.045,0.0,0.9015017541645531,quote_mid;trade_last;iv_solved;prev_iv_model
2026-05-15 17:43:30+00:00,13.775,20260618,C,15.0,1.85,1.95,1.9,1.9,0.0,2945790.0,1.4037333604374331,1.8999999999999995,0.045,0.0,1.8999959263788435,quote_mid;trade_last;iv_solved;prev_iv_model
2026-05-15 17:43:30+00:00,13.775,20260618,C,20.0,0.85,0.95,0.8999999999999999,0.85,0.0,2945790.0,1.5055168010258297,0.9000000000000012,0.045,0.0,0.8999963110727371,quote_mid;trade_last;iv_solved;prev_iv_model
2026-05-15 17:43:40+00:00,13.8077,20260618,C,15.0,1.85,1.95,1.9,1.9,0.0,2945780.0,1.3937990064485635,1.9000000000000004,0.045,0.0,1.9167176141588218,quote_mid;trade_last;iv_solved;prev_iv_model
2026-05-15 17:43:40+00:00,13.8077,20260618,C,20.0,0.85,0.95,0.8999999999999999,0.85,0.0,2945780.0,1.4990180667787154,0.9000000000000012,0.045,0.0,0.9093098342747834,quote_mid;trade_last;iv_solved;prev_iv_model
2026-05-15 17:43:50+00:00,13.8077,20260618,C,15.0,1.85,1.95,1.9,1.9,0.0,2945770.0,1.3938014159664531,1.8999999999999995,0.045,0.0,1.8999959450815531,quote_mid;trade_last;iv_solved;prev_iv_model
2026-05-15 17:43:50+00:00,13.8077,20260618,C,20.0,0.85,0.95,0.8999999999999999,0.85,0.0,2945770.0,1.4990206412922036,0.8999999999999999,0.045,0.0,0.899996316526551,quote_mid;trade_last;iv_solved;prev_iv_model
2026-05-15 17:44:00+00:00,13.8077,20260618,C,15.0,1.85,1.95,1.9,1.9,0.0,2945760.0,1.393803825496537,1.9000000000000004,0.045,0.0,1.8999959450679098,quote_mid;trade_last;iv_solved;prev_iv_model
2026-05-15 17:44:00+00:00,13.8077,20260618,C,20.0,0.85,0.95,0.8999999999999999,0.85,0.0,2945760.0,1.4990232158187506,0.8999999999999995,0.045,0.0,0.89999631651414,quote_mid;trade_last;iv_solved;prev_iv_model
2026-05-15 17:44:10+00:00,13.78,20260618,C,15.0,1.85,1.95,1.9,1.9,0.0,2945750.0,1.4022235474446698,1.9000000000000012,0.045,0.0,1.8858578124772372,quote_mid;trade_last;iv_solved;prev_iv_model
2026-05-15 17:44:10+00:00,13.78,20260618,C,20.0,0.85,0.95,0.8999999999999999,0.85,0.0,2945750.0,1.504532238582121,0.8999999999999995,0.045,0.0,0.8921450208323867,quote_mid;trade_last;iv_solved;prev_iv_model
2026-05-15 17:44:20+00:00,13.78,20260618,C,15.0,1.85,1.95,1.9,1.9,0.0,2945740.0,1.402225971144285,1.8999999999999995,0.045,0.0,1.899995929164204,quote_mid;trade_last;iv_solved;prev_iv_model
2026-05-15 17:44:20+00:00,13.78,20260618,C,20.0,0.85,0.95,0.8999999999999999,0.85,0.0,2945740.0,1.5045348224455148,0.8999999999999995,0.045,0.0,0.8999963118465573,quote_mid;trade_last;iv_solved;prev_iv_model
2026-05-15 17:44:30+00:00,13.78,20260618,C,15.0,1.85,1.95,1.9,1.9,0.0,2945730.0,1.4022283948561678,1.9000000000000012,0.045,0.0,1.8999959291505082,quote_mid;trade_last;iv_solved;prev_iv_model
2026-05-15 17:44:30+00:00,13.78,20260618,C,20.0,0.85,0.95,0.8999999999999999,0.85,0.0,2945730.0,1.504537406322013,0.8999999999999995,0.045,0.0,0.8999963118341352,quote_mid;trade_last;iv_solved;prev_iv_model
2026-05-15 17:44:40+00:00,13.795,20260618,C,15.0,1.85,1.95,1.9,1.9,0.0,2945720.0,1.3976725208322045,1.9000000000000004,0.045,0.0,1.9076599383039055,quote_mid;trade_last;iv_solved;prev_iv_model
2026-05-15 17:44:40+00:00,13.795,20260618,C,20.0,0.85,0.95,0.8999999999999999,0.85,0.0,2945720.0,1.5015570264136522,0.9000000000000004,0.045,0.0,0.9042620179613579,quote_mid;trade_last;iv_solved;prev_iv_model
2026-05-15 17:44:50+00:00,13.795,20260618,C,15.0,1.85,1.95,1.9,1.9,0.0,2945710.0,1.3976749369081856,1.8999999999999995,0.045,0.0,1.8999959377066444,quote_mid;trade_last;iv_solved;prev_iv_model
2026-05-15 17:44:50+00:00,13.795,20260618,C,20.0,0.85,0.95,0.8999999999999999,0.85,0.0,2945710.0,1.50155960527246,0.9000000000000008,0.045,0.0,0.899996314321009,quote_mid;trade_last;iv_solved;prev_iv_model
2026-05-15 17:45:00+00:00,13.79,20260618,C,15.0,1.85,1.95,1.9,1.9,0.0,2945700.0,1.3991967458545704,1.9000000000000012,0.045,0.0,1.8974421794975145,quote_mid;trade_last;iv_solved;prev_iv_model
2026-05-15 17:45:00+00:00,13.79,20260618,C,20.0,0.85,0.95,0.8999999999999999,0.85,0.0,2945700.0,1.5025562150147582,0.899999999999999,0.045,0.0,0.8985765390591212,quote_mid;trade_last;iv_solved;prev_iv_model
2026-05-15 17:45:10+00:00,13.78,20260618,C,15.0,1.85,1.95,1.9,1.9,0.0,2945690.0,1.402238089826365,1.8999999999999995,0.045,0.0,1.8948917570296864,quote_mid;trade_last;iv_solved;prev_iv_model
2026-05-15 17:45:10+00:00,13.78,20260618,C,20.0,0.85,0.95,0.8999999999999999,0.85,0.0,2945690.0,1.504547741959073,0.9000000000000012,0.045,0.0,0.8971584670995658,quote_mid;trade_last;iv_solved;prev_iv_model
2026-05-15 17:45:20+00:00,13.78,20260618,C,15.0,1.85,1.95,1.9,1.9,0.0,2945680.0,1.4022405135995815,1.9000000000000004,0.045,0.0,1.8999959290820287,quote_mid;trade_last;iv_solved;prev_iv_model
2026-05-15 17:45:20+00:00,13.78,20260618,C,20.0,0.85,0.95,0.8999999999999999,0.85,0.0,2945680.0,1.504550325901103,0.8999999999999995,0.045,0.0,0.8999963117720071,quote_mid;trade_last;iv_solved;prev_iv_model
2026-05-15 17:45:30+00:00,13.76,20260618,C,15.0,1.85,1.95,1.9,1.9,0.0,2945670.0,1.4083213925290496,1.8999999999999995,0.045,0.0,1.8898008897738015,quote_mid;trade_last;iv_solved;prev_iv_model
2026-05-15 17:45:30+00:00,13.76,20260618,C,20.0,0.85,0.95,0.8999999999999999,0.85,0.0,2945670.0,1.508534351852449,0.9000000000000004,0.045,0.0,0.8943274239520078,quote_mid;trade_last;iv_solved;prev_iv_model
2026-05-15 17:45:40+00:00,13.75,20260618,C,15.0,1.85,1.95,1.9,1.9,0.0,2945660.0,1.4113633774450887,1.8999999999999995,0.045,0.0,1.8949015243984801,quote_mid;trade_last;iv_solved;prev_iv_model
2026-05-15 17:45:40+00:00,13.75,20260618,C,20.0,0.85,0.95,0.8999999999999999,0.85,0.0,2945660.0,1.5105294409190768,0.8999999999999995,0.045,0.0,0.8971606368632901,quote_mid;trade_last;iv_solved;prev_iv_model
2026-05-15 17:45:50+00:00,13.755,20260618,C,15.0,1.85,1.95,1.9,1.9,0.0,2945650.0,1.4098460106988098,1.9000000000000004,0.045,0.0,1.9025440171713628,quote_mid;trade_last;iv_solved;prev_iv_model
2026-05-15 17:45:50+00:00,13.755,20260618,C,20.0,0.85,0.95,0.8999999999999999,0.85,0.0,2945650.0,1.5095356359825396,0.8999999999999999,0.045,0.0,0.9014157850222473,quote_mid;trade_last;iv_solved;prev_iv_model
2026-05-15 17:46:00+00:00,13.755,20260618,C,15.0,1.85,1.95,1.9,1.9,0.0,2945640.0,1.4098484472917159,1.9000000000000004,0.045,0.0,1.8999959147934176,quote_mid;trade_last;iv_solved;prev_iv_model
2026-05-15 17:46:00+00:00,13.755,20260618,C,20.0,0.85,0.95,0.8999999999999999,0.85,0.0,2945640.0,1.5095382283939087,0.9000000000000012,0.045,0.0,0.899996307548717,quote_mid;trade_last;iv_solved;prev_iv_model
2026-05-15 17:46:10+00:00,13.755,20260618,C,15.0,1.85,1.95,1.9,1.9,0.0,2945630.0,1.4098508838969543,1.9000000000000004,0.045,0.0,1.8999959147796748,quote_mid;trade_last;iv_solved;prev_iv_model
2026-05-15 17:46:10+00:00,13.755,20260618,C,20.0,0.85,0.95,0.8999999999999999,0.85,0.0,2945630.0,1.5095408208184256,0.9000000000000004,0.045,0.0,0.8999963075362758,quote_mid;trade_last;iv_solved;prev_iv_model
2026-05-15 17:46:20+00:00,13.75,20260618,C,15.0,1.85,1.95,1.9,1.9,0.0,2945620.0,1.4113731340596543,1.8999999999999995,0.045,0.0,1.897448684595905,quote_mid;trade_last;iv_solved;prev_iv_model
2026-05-15 17:46:20+00:00,13.75,20260618,C,20.0,0.85,0.95,0.8999999999999999,0.85,0.0,2945620.0,1.5105398173304816,0.9000000000000008,0.045,0.0,0.8985779841448225,quote_mid;trade_last;iv_solved;prev_iv_model
2026-05-15 17:46:30+00:00,13.745,20260618,C,15.0,1.85,1.95,1.9,1.9,0.0,2945610.0,1.4128954467172998,1.8999999999999995,0.045,0.0,1.8974494880019641,quote_mid;trade_last;iv_solved;prev_iv_model
2026-05-15 17:46:30+00:00,13.745,20260618,C,20.0,0.85,0.95,0.8999999999999999,0.85,0.0,2945610.0,1.5115391139140413,0.8999999999999995,0.045,0.0,0.8985781627685121,quote_mid;trade_last;iv_solved;prev_iv_model
2026-05-15 17:46:40+00:00,13.74,20260618,C,15.0,1.85,1.95,1.9,1.9,0.0,2945600.0,1.4144178234872609,1.8999999999999995,0.045,0.0,1.8974502892659286,quote_mid;trade_last;iv_solved;prev_iv_model
2026-05-15 17:46:40+00:00,13.74,20260618,C,20.0,0.85,0.9,0.875,0.85,0.0,2945600.0,1.4949026746426335,0.8750000000000018,0.045,0.0,0.8985783409465515,quote_mid;trade_last;iv_solved;prev_iv_model
2026-05-15 17:46:50+00:00,13.725,20260618,C,15.0,1.85,1.95,1.9,1.9,0.0,2945590.0,1.4189804505747836,1.8999999999999986,0.045,0.0,1.8923664915819458,quote_mid;trade_last;iv_solved;prev_iv_model
2026-05-15 17:46:50+00:00,13.725,20260618,C,20.0,0.85,0.9,0.875,0.85,0.0,2945590.0,1.4978755158725532,0.875,0.045,0.0,0.8708086596663374,quote_mid;trade_last;iv_solved;prev_iv_model
2026-05-15 17:47:00+00:00,13.7293,20260618,C,15.0,1.85,1.95,1.9,1.9,0.0,2945580.0,1.4176755896804,1.8999999999999986,0.045,0.0,1.9021837229401592,quote_mid;trade_last;iv_solved;prev_iv_model
2026-05-15 17:47:00+00:00,13.7293,20260618,C,20.0,0.85,0.9,0.875,0.85,0.0,2945580.0,1.4970263370293369,0.8750000000000004,0.045,0.0,0.8761986073801444,quote_mid;trade_last;iv_solved;prev_iv_model
2026-05-15 17:47:10+00:00,13.72,20260618,C,15.0,1.85,1.95,1.9,1.9,0.0,2945570.0,1.420505549312451,1.9000000000000012,0.045,0.0,1.8952670589729284,quote_mid;trade_last;iv_solved;prev_iv_model
2026-05-15 17:47:10+00:00,13.72,20260618,C,20.0,0.85,0.9,0.875,0.85,0.0,2945570.0,1.4988713460086145,0.8750000000000004,0.045,0.0,0.8723992842649002,quote_mid;trade_last;iv_solved;prev_iv_model
2026-05-15 17:47:20+00:00,13.755,20260618,C,15.0,1.85,1.95,1.9,1.9,0.0,2945560.0,1.4098679404789611,1.8999999999999995,0.045,0.0,1.917834151865276,quote_mid;trade_last;iv_solved;prev_iv_model
2026-05-15 17:47:20+00:00,13.755,20260618,C,20.0,0.85,0.9,0.875,0.85,0.0,2945560.0,1.4919453050441822,0.8749999999999987,0.045,0.0,0.8848095160133109,quote_mid;trade_last;iv_solved;prev_iv_model
2026-05-15 17:47:30+00:00,13.76,20260618,C,15.0,1.85,1.95,1.9,1.9,0.0,2945550.0,1.4083506015084217,1.8999999999999995,0.045,0.0,1.9025448268587555,quote_mid;trade_last;iv_solved;prev_iv_model
2026-05-15 17:47:30+00:00,13.76,20260618,C,20.0,0.85,0.9,0.875,0.85,0.0,2945550.0,1.4909592396172102,0.8749999999999996,0.045,0.0,0.876395503818971,quote_mid;trade_last;iv_solved;prev_iv_model
2026-05-15 17:47:40+00:00,13.76,20260618,C,15.0,1.85,1.95,1.9,1.9,0.0,2945540.0,1.4083530356701202,1.9000000000000012,0.045,0.0,1.8999959174956222,quote_mid;trade_last;iv_solved;prev_iv_model
2026-05-15 17:47:40+00:00,13.76,20260618,C,20.0,0.85,0.9,0.875,0.85,0.0,2945540.0,1.4909618004838854,0.875,0.045,0.0,0.8749963765335345,quote_mid;trade_last;iv_solved;prev_iv_model
2026-05-15 17:47:50+00:00,13.76,20260618,C,15.0,1.85,1.95,1.9,1.9,0.0,2945530.0,1.408355469844139,1.9000000000000012,0.045,0.0,1.8999959174818848,quote_mid;trade_last;iv_solved;prev_iv_model
2026-05-15 17:47:50+00:00,13.76,20260618,C,20.0,0.85,0.9,0.875,0.85,0.0,2945530.0,1.490964361363552,0.8750000000000027,0.045,0.0,0.8749963765213256,quote_mid;trade_last;iv_solved;prev_iv_model
2026-05-15 17:48:00+00:00,13.76,20260618,C,15.0,1.85,1.95,1.9,1.9,3.0,2945520.0,1.4083579040304786,1.8999999999999995,0.045,0.0,1.89999591746815,quote_mid;trade_last;iv_solved;prev_iv_model
2026-05-15 17:48:00+00:00,13.76,20260618,C,20.0,0.85,0.9,0.875,0.85,0.0,2945520.0,1.4909669222562059,0.8750000000000009,0.045,0.0,0.8749963765091211,quote_mid;trade_last;iv_solved;prev_iv_model
2026-05-15 17:48:10+00:00,13.785,20260618,C,15.0,1.85,2.0,1.925,1.9,0.0,2945510.0,1.415642949150325,1.9250000000000007,0.045,0.0,1.9127613473179057,quote_mid;trade_last;iv_solved;prev_iv_model
2026-05-15 17:48:10+00:00,13.785,20260618,C,20.0,0.85,0.9,0.875,0.85,0.0,2945510.0,1.486030694978206,0.8750000000000022,0.045,0.0,0.8820063470914179,quote_mid;trade_last;iv_solved;prev_iv_model
2026-05-15 17:48:20+00:00,13.785,20260618,C,15.0,1.85,2.0,1.925,1.9,0.0,2945500.0,1.4156453958417892,1.9249999999999998,0.045,0.0,1.924995889768363,quote_mid;trade_last;iv_solved;prev_iv_model
2026-05-15 17:48:20+00:00,13.785,20260618,C,20.0,0.85,0.9,0.875,0.85,0.0,2945500.0,1.486033247545146,0.8750000000000009,0.045,0.0,0.8749963805886569,quote_mid;trade_last;iv_solved;prev_iv_model
2026-05-15 17:48:30+00:00,13.785,20260618,C,15.0,1.85,2.0,1.925,1.9,0.0,2945490.0,1.4156478425456367,1.9250000000000016,0.045,0.0,1.924995889754534,quote_mid;trade_last;iv_solved;prev_iv_model
2026-05-15 17:48:30+00:00,13.785,20260618,C,20.0,0.85,0.9,0.875,0.85,0.0,2945490.0,1.486035800125035,0.8750000000000013,0.045,0.0,0.8749963805764622,quote_mid;trade_last;iv_solved;prev_iv_model
2026-05-15 17:48:40+00:00,13.785,20260618,C,15.0,1.85,1.95,1.9,1.9,0.0,2945480.0,1.4007694523853647,1.8999999999999995,0.045,0.0,1.9249958897407007,quote_mid;trade_last;iv_solved;prev_iv_model
2026-05-15 17:48:40+00:00,13.785,20260618,C,20.0,0.85,0.9,0.875,0.85,0.0,2945480.0,1.486038352717871,0.8750000000000013,0.045,0.0,0.8749963805642706,quote_mid;trade_last;iv_solved;prev_iv_model
2026-05-15 17:48:50+00:00,13.76,20260618,C,15.0,1.85,1.95,1.9,1.9,0.0,2945470.0,1.408370075146998,1.8999999999999986,0.045,0.0,1.8872522781406538,quote_mid;trade_last;iv_solved;prev_iv_model
2026-05-15 17:48:50+00:00,13.76,20260618,C,20.0,0.85,0.9,0.875,0.85,0.0,2945470.0,1.4909797269143383,0.8750000000000004,0.045,0.0,0.8680153929022594,quote_mid;trade_last;iv_solved;prev_iv_model
2026-05-15 17:49:00+00:00,13.76,20260618,C,15.0,1.85,1.95,1.9,1.95,1.0,2945460.0,1.408372509407267,1.8999999999999986,0.045,0.0,1.8999959173857262,quote_mid;trade_last;iv_solved;prev_iv_model
2026-05-15 17:49:00+00:00,13.76,20260618,C,20.0,0.85,0.9,0.875,0.85,0.0,2945460.0,1.4909822878849357,0.875,0.045,0.0,0.8749963764358761,quote_mid;trade_last;iv_solved;prev_iv_model
2026-05-15 17:49:10+00:00,13.79,20260618,C,15.0,1.85,2.0,1.925,1.95,0.0,2945450.0,1.414132908723031,1.9249999999999998,0.045,0.0,1.9153194750725424,quote_mid;trade_last;iv_solved;prev_iv_model
2026-05-15 17:49:10+00:00,13.79,20260618,C,20.0,0.85,0.9,0.875,0.85,0.0,2945450.0,1.485059117282404,0.875,0.045,0.0,0.8834123667238476,quote_mid;trade_last;iv_solved;prev_iv_model
2026-05-15 17:49:20+00:00,13.79,20260618,C,15.0,1.85,2.0,1.925,1.95,0.0,2945440.0,1.414135352925972,1.9250000000000007,0.045,0.0,1.9249958925530768,quote_mid;trade_last;iv_solved;prev_iv_model
2026-05-15 17:49:20+00:00,13.79,20260618,C,20.0,0.85,0.9,0.875,0.85,0.0,2945440.0,1.4850616682581421,0.8749999999999996,0.045,0.0,0.8749963813381756,quote_mid;trade_last;iv_solved;prev_iv_model
2026-05-15 17:49:30+00:00,13.79,20260618,C,15.0,1.85,2.0,1.925,1.95,0.0,2945430.0,1.414137797141286,1.9250000000000016,0.045,0.0,1.924995892539255,quote_mid;trade_last;iv_solved;prev_iv_model
2026-05-15 17:49:30+00:00,13.79,20260618,C,20.0,0.85,0.9,0.875,0.85,0.0,2945430.0,1.4850642192468193,0.8749999999999991,0.045,0.0,0.8749963813259845,quote_mid;trade_last;iv_solved;prev_iv_model
2026-05-15 17:49:40+00:00,13.76,20260618,C,15.0,1.85,2.0,1.925,1.95,0.0,2945420.0,1.423289434863543,1.9249999999999998,0.045,0.0,1.9096526430383003,quote_mid;trade_last;iv_solved;prev_iv_model
2026-05-15 17:49:40+00:00,13.76,20260618,C,20.0,0.85,0.9,0.875,0.85,0.0,2945420.0,1.4909925318972355,0.8749999999999991,0.045,0.0,0.866622126999312,quote_mid;trade_last;iv_solved;prev_iv_model
2026-05-15 17:49:50+00:00,13.7857,20260618,C,15.0,1.85,2.0,1.925,1.95,0.0,2945410.0,1.4154539511465503,1.924999999999999,0.045,0.0,1.938162922624402,quote_mid;trade_last;iv_solved;prev_iv_model
2026-05-15 17:49:50+00:00,13.7857,20260618,C,20.0,0.85,0.9,0.875,0.85,0.0,2945410.0,1.4859180377280365,0.8749999999999996,0.045,0.0,0.8822031081052009,quote_mid;trade_last;iv_solved;prev_iv_model
2026-05-15 17:50:00+00:00,13.78,20260618,C,15.0,1.85,2.0,1.925,1.95,0.0,2945400.0,1.4171946496932724,1.9250000000000007,0.045,0.0,1.9220768280671479,quote_mid;trade_last;iv_solved;prev_iv_model
2026-05-15 17:50:00+00:00,13.78,20260618,C,20.0,0.85,0.9,0.875,0.85,0.0,2945400.0,1.4870459665177362,0.875,0.045,0.0,0.8734017296219054,quote_mid;trade_last;iv_solved;prev_iv_model
2026-05-15 17:50:10+00:00,13.77,20260618,C,15.0,1.85,2.0,1.925,1.95,0.0,2945390.0,1.4202468412898597,1.9250000000000007,0.045,0.0,1.9198780024807354,quote_mid;trade_last;iv_solved;prev_iv_model
2026-05-15 17:50:10+00:00,13.77,20260618,C,20.0,0.85,0.9,0.875,0.85,0.0,2945390.0,1.4890237837932592,0.8750000000000022,0.045,0.0,0.8722003215584007,quote_mid;trade_last;iv_solved;prev_iv_model
2026-05-15 17:50:20+00:00,13.76,20260618,C,15.0,1.85,2.0,1.925,1.95,0.0,2945380.0,1.423299273416291,1.9249999999999998,0.045,0.0,1.9198812092674977,quote_mid;trade_last;iv_solved;prev_iv_model
2026-05-15 17:50:20+00:00,13.76,20260618,C,20.0,0.85,0.9,0.875,0.85,0.0,2945380.0,1.4910027761173947,0.8750000000000018,0.045,0.0,0.8722010528508277,quote_mid;trade_last;iv_solved;prev_iv_model
2026-05-15 17:50:30+00:00,13.797,20260618,C,15.0,1.85,2.0,1.925,1.95,0.0,2945370.0,1.4120179103053045,1.9249999999999998,0.045,0.0,1.943966229185345,quote_mid;trade_last;iv_solved;prev_iv_model
2026-05-15 17:50:30+00:00,13.797,20260618,C,20.0,0.85,0.9,0.875,0.85,0.0,2945370.0,1.483698344238931,0.8749999999999996,0.045,0.0,0.8853830491428512,quote_mid;trade_last;iv_solved;prev_iv_model
2026-05-15 17:50:40+00:00,13.76,20260618,C,15.0,1.85,1.95,1.9,1.95,0.0,2945360.0,1.4083968526876753,1.9000000000000004,0.045,0.0,1.906072867030491,quote_mid;trade_last;iv_solved;prev_iv_model
2026-05-15 17:50:40+00:00,13.76,20260618,C,20.0,0.85,0.9,0.875,0.85,0.0,2945360.0,1.491007898305424,0.8750000000000009,0.045,0.0,0.8646731958661125,quote_mid;trade_last;iv_solved;prev_iv_model
2026-05-15 17:50:50+00:00,13.775,20260618,C,15.0,1.85,1.95,1.9,1.95,0.0,2945350.0,1.4038401250401824,1.9000000000000004,0.045,0.0,1.9076501278791476,quote_mid;trade_last;iv_solved;prev_iv_model
2026-05-15 17:50:50+00:00,13.775,20260618,C,20.0,0.85,0.9,0.875,0.85,0.0,2945350.0,1.488046230814339,0.8750000000000018,0.045,0.0,0.8791983319949566,quote_mid;trade_last;iv_solved;prev_iv_model
2026-05-15 17:51:00+00:00,13.77,20260618,C,15.0,1.85,1.95,1.9,1.95,0.0,2945340.0,1.4053622236089414,1.9000000000000012,0.045,0.0,1.89744545031283,quote_mid;trade_last;iv_solved;prev_iv_model
2026-05-15 17:51:00+00:00,13.77,20260618,C,20.0,0.85,0.9,0.875,0.85,0.0,2945340.0,1.4890365725837205,0.875,0.045,0.0,0.8735978618000577,quote_mid;trade_last;iv_solved;prev_iv_model
2026-05-15 17:51:10+00:00,13.76,20260618,C,15.0,1.85,1.95,1.9,1.95,0.0,2945330.0,1.4084041559120886,1.9000000000000004,0.045,0.0,1.8948982883140628,quote_mid;trade_last;iv_solved;prev_iv_model
2026-05-15 17:51:10+00:00,13.76,20260618,C,20.0,0.85,0.9,0.875,0.85,0.0,2945330.0,1.4910155816849078,0.8750000000000009,0.045,0.0,0.8722010529650457,quote_mid;trade_last;iv_solved;prev_iv_model
2026-05-15 17:51:20+00:00,13.74,20260618,C,15.0,1.85,1.95,1.9,1.95,0.0,2945320.0,1.41448626909406,1.9000000000000004,0.045,0.0,1.8898138753855225,quote_mid;trade_last;iv_solved;prev_iv_model
2026-05-15 17:51:20+00:00,13.74,20260618,C,20.0,0.85,0.9,0.875,0.85,0.0,2945320.0,1.4949745693365335,0.8750000000000004,0.045,0.0,0.8694125503209911,quote_mid;trade_last;iv_solved;prev_iv_model
2026-05-15 17:51:30+00:00,13.75,20260618,C,15.0,1.85,1.95,1.9,1.95,0.0,2945310.0,1.4114487545209058,1.9000000000000012,0.045,0.0,1.9050905748629372,quote_mid;trade_last;iv_solved;prev_iv_model
2026-05-15 17:51:30+00:00,13.75,20260618,C,20.0,0.85,0.9,0.875,0.85,0.0,2945310.0,1.4929983333863146,0.8750000000000009,0.045,0.0,0.877794879068674,quote_mid;trade_last;iv_solved;prev_iv_model
2026-05-15 17:51:40+00:00,13.74,20260618,C,15.0,1.85,1.95,1.9,1.95,0.0,2945300.0,1.4144911584372126,1.9000000000000004,0.045,0.0,1.8949047479630217,quote_mid;trade_last;iv_solved;prev_iv_model
2026-05-15 17:51:40+00:00,13.74,20260618,C,20.0,0.85,0.9,0.875,0.85,0.0,2945300.0,1.494979705062577,0.8750000000000004,0.045,0.0,0.8722025048756241,quote_mid;trade_last;iv_solved;prev_iv_model
2026-05-15 17:51:50+00:00,13.73,20260618,C,15.0,1.85,1.95,1.9,1.95,0.0,2945290.0,1.417533815014381,1.8999999999999995,0.045,0.0,1.8949079519948224,quote_mid;trade_last;iv_solved;prev_iv_model
2026-05-15 17:51:50+00:00,13.73,20260618,C,20.0,0.85,0.9,0.875,0.85,0.0,2945290.0,1.4969622609048638,0.8749999999999996,0.045,0.0,0.8722032254857606,quote_mid;trade_last;iv_solved;prev_iv_model
2026-05-15 17:52:00+00:00,13.74,20260618,C,15.0,1.85,1.95,1.9,1.95,0.0,2945280.0,1.4144960478298692,1.8999999999999995,0.045,0.0,1.905087366959778,quote_mid;trade_last;iv_solved;prev_iv_model
2026-05-15 17:52:00+00:00,13.74,20260618,C,20.0,0.85,0.9,0.875,0.85,0.0,2945280.0,1.4949848408407256,0.8749999999999987,0.045,0.0,0.8777941547610459,quote_mid;trade_last;iv_solved;prev_iv_model
2026-05-15 17:52:10+00:00,13.765,20260618,C,15.0,1.85,1.95,1.9,1.95,0.0,2945270.0,1.4068989696188696,1.8999999999999995,0.045,0.0,1.9127451569479321,quote_mid;trade_last;iv_solved;prev_iv_model
2026-05-15 17:52:10+00:00,13.765,20260618,C,20.0,0.85,0.9,0.875,0.85,0.0,2945270.0,1.4900425668788735,0.8750000000000009,0.045,0.0,0.8820026874349014,quote_mid;trade_last;iv_solved;prev_iv_model
2026-05-15 17:52:20+00:00,13.76,20260618,C,15.0,1.85,1.95,1.9,1.95,0.0,2945260.0,1.4084211972003717,1.9000000000000004,0.045,0.0,1.8974470723757442,quote_mid;trade_last;iv_solved;prev_iv_model
2026-05-15 17:52:20+00:00,13.76,20260618,C,20.0,0.85,0.9,0.875,0.9,1.0,2945260.0,1.4910335100250993,0.8750000000000004,0.045,0.0,0.8735982262525646,quote_mid;trade_last;iv_solved;prev_iv_model
2026-05-15 17:52:30+00:00,13.76,20260618,C,15.0,1.85,1.95,1.9,1.95,0.0,2945250.0,1.408423631719422,1.8999999999999995,0.045,0.0,1.8999959170972254,quote_mid;trade_last;iv_solved;prev_iv_model
2026-05-15 17:52:30+00:00,13.76,20260618,C,20.0,0.85,0.9,0.875,0.9,0.0,2945250.0,1.4910360712685269,0.875,0.045,0.0,0.874996376179495,quote_mid;trade_last;iv_solved;prev_iv_model
2026-05-15 17:52:40+00:00,13.78,20260618,C,15.0,1.85,1.95,1.9,1.95,0.0,2945240.0,1.4023471717672957,1.9000000000000004,0.045,0.0,1.9102048934251439,quote_mid;trade_last;iv_solved;prev_iv_model
2026-05-15 17:52:40+00:00,13.78,20260618,C,20.0,0.85,0.9,0.875,0.9,0.0,2945240.0,1.487086838133564,0.8750000000000004,0.045,0.0,0.8806016667737273,quote_mid;trade_last;iv_solved;prev_iv_model
2026-05-15 17:52:50+00:00,13.78,20260618,C,15.0,1.85,1.95,1.9,1.95,0.0,2945230.0,1.4023495960926473,1.8999999999999995,0.045,0.0,1.899995928465609,quote_mid;trade_last;iv_solved;prev_iv_model
2026-05-15 17:52:50+00:00,13.78,20260618,C,20.0,0.85,0.9,0.875,0.9,0.0,2945230.0,1.487089392719703,0.8749999999999991,0.045,0.0,0.874996379437293,quote_mid;trade_last;iv_solved;prev_iv_model
2026-05-15 17:53:00+00:00,13.78,20260618,C,15.0,1.85,1.95,1.9,1.95,0.0,2945220.0,1.402352020430269,1.9000000000000004,0.045,0.0,1.8999959284519106,quote_mid;trade_last;iv_solved;prev_iv_model
2026-05-15 17:53:00+00:00,13.78,20260618,C,20.0,0.85,0.9,0.875,0.9,0.0,2945220.0,1.4870919473187993,0.8749999999999996,0.045,0.0,0.8749963794250974,quote_mid;trade_last;iv_solved;prev_iv_model
2026-05-15 17:53:10+00:00,13.775,20260618,C,15.0,1.85,1.95,1.9,1.95,0.0,2945210.0,1.4038741005824167,1.8999999999999995,0.045,0.0,1.8974446364956634,quote_mid;trade_last;iv_solved;prev_iv_model
2026-05-15 17:53:10+00:00,13.775,20260618,C,20.0,0.85,0.9,0.875,0.9,0.0,2945210.0,1.4880820175842748,0.875,0.045,0.0,0.8735976789954667,quote_mid;trade_last;iv_solved;prev_iv_model
2026-05-15 17:53:20+00:00,13.775,20260618,C,15.0,1.85,1.95,1.9,1.95,0.0,2945200.0,1.4038765274989986,1.8999999999999986,0.045,0.0,1.8999959255700922,quote_mid;trade_last;iv_solved;prev_iv_model
2026-05-15 17:53:20+00:00,13.775,20260618,C,20.0,0.85,0.9,0.875,0.9,0.0,2945200.0,1.4880845738793842,0.8750000000000009,0.045,0.0,0.8749963785791994,quote_mid;trade_last;iv_solved;prev_iv_model
2026-05-15 17:53:30+00:00,13.76,20260618,C,15.0,1.85,1.95,1.9,1.95,0.0,2945190.0,1.4084382390925283,1.8999999999999986,0.045,0.0,1.892349564864893,quote_mid;trade_last;iv_solved;prev_iv_model
2026-05-15 17:53:30+00:00,13.76,20260618,C,20.0,0.85,0.9,0.875,0.9,0.0,2945190.0,1.4910514390019474,0.8749999999999996,0.045,0.0,0.87080485707834,quote_mid;trade_last;iv_solved;prev_iv_model
2026-05-15 17:53:40+00:00,13.8,20260618,C,15.0,1.85,2.0,1.925,1.95,0.0,2945180.0,1.4111494781119869,1.9250000000000016,0.045,0.0,1.9204407620761215,quote_mid;trade_last;iv_solved;prev_iv_model
2026-05-15 17:53:40+00:00,13.8,20260618,C,20.0,0.85,0.9,0.875,0.9,0.0,2945180.0,1.4831549928490602,0.8750000000000009,0.045,0.0,0.8862284303296768,quote_mid;trade_last;iv_solved;prev_iv_model
2026-05-15 17:53:50+00:00,13.8,20260618,C,15.0,1.85,2.0,1.925,1.95,0.0,2945170.0,1.4111519175230716,1.9250000000000007,0.045,0.0,1.9249958979266886,quote_mid;trade_last;iv_solved;prev_iv_model
2026-05-15 17:53:50+00:00,13.8,20260618,C,20.0,0.85,0.9,0.875,0.9,0.0,2945170.0,1.483157540837468,0.8750000000000004,0.045,0.0,0.8749963826563896,quote_mid;trade_last;iv_solved;prev_iv_model
2026-05-15 17:54:00+00:00,13.8,20260618,C,15.0,1.85,2.0,1.925,1.95,0.0,2945160.0,1.4111543569465042,1.9249999999999998,0.045,0.0,1.924995897912888,quote_mid;trade_last;iv_solved;prev_iv_model
2026-05-15 17:54:00+00:00,13.8,20260618,C,20.0,0.85,0.9,0.875,0.9,0.0,2945160.0,1.4831600888387997,0.8749999999999996,0.045,0.0,0.8749963826442038,quote_mid;trade_last;iv_solved;prev_iv_model
2026-05-15 17:54:10+00:00,13.81,20260618,C,15.0,1.85,2.0,1.925,1.95,0.0,2945150.0,1.4081075435919272,1.9250000000000007,0.045,0.0,1.9301269568252826,quote_mid;trade_last;iv_solved;prev_iv_model
2026-05-15 17:54:10+00:00,13.81,20260618,C,20.0,0.85,0.9,0.875,0.9,0.0,2945150.0,1.481190780868098,0.875,0.045,0.0,0.8777992984199949,quote_mid;trade_last;iv_solved;prev_iv_model
2026-05-15 17:54:20+00:00,13.81,20260618,C,15.0,1.85,2.0,1.925,1.95,0.0,2945140.0,1.4081099779145823,1.9249999999999998,0.045,0.0,1.9249959036467539,quote_mid;trade_last;iv_solved;prev_iv_model
2026-05-15 17:54:20+00:00,13.81,20260618,C,20.0,0.85,0.9,0.875,0.9,0.0,2945140.0,1.4811933255604743,0.8750000000000004,0.045,0.0,0.8749963842697484,quote_mid;trade_last;iv_solved;prev_iv_model
2026-05-15 17:54:30+00:00,13.81,20260618,C,15.0,1.85,2.0,1.925,1.95,0.0,2945130.0,1.4081124122495616,1.9250000000000016,0.045,0.0,1.9249959036329694,quote_mid;trade_last;iv_solved;prev_iv_model
2026-05-15 17:54:30+00:00,13.81,20260618,C,20.0,0.85,0.9,0.875,0.9,0.0,2945130.0,1.4811958702657568,0.8749999999999996,0.045,0.0,0.8749963842575683,quote_mid;trade_last;iv_solved;prev_iv_model
2026-05-15 17:54:40+00:00,13.81,20260618,C,15.0,1.85,2.0,1.925,1.95,0.0,2945120.0,1.4081148465968618,1.924999999999999,0.045,0.0,1.9249959036191884,quote_mid;trade_last;iv_solved;prev_iv_model
2026-05-15 17:54:40+00:00,13.81,20260618,C,20.0,0.85,0.9,0.875,0.9,0.0,2945120.0,1.4811984149839508,0.8750000000000004,0.045,0.0,0.874996384245383,quote_mid;trade_last;iv_solved;prev_iv_model
2026-05-15 17:54:50+00:00,13.8,20260618,C,15.0,1.85,2.0,1.925,1.95,0.0,2945110.0,1.4111665542489082,1.924999999999999,0.045,0.0,1.9198682808884522,quote_mid;trade_last;iv_solved;prev_iv_model
2026-05-15 17:54:50+00:00,13.8,20260618,C,20.0,0.85,0.9,0.875,0.9,0.0,2945110.0,1.483172829039355,0.8749999999999996,0.045,0.0,0.8721981069203619,quote_mid;trade_last;iv_solved;prev_iv_model
2026-05-15 17:55:00+00:00,13.83,20260618,C,15.0,1.85,2.0,1.925,1.95,0.0,2945100.0,1.4020216785828974,1.924999999999999,0.045,0.0,1.940409152866331,quote_mid;trade_last;iv_solved;prev_iv_model
2026-05-15 17:55:00+00:00,13.83,20260618,C,20.0,0.85,0.9,0.875,0.9,0.0,2945100.0,1.477263225165761,0.875,0.045,0.0,0.883421279809415,quote_mid;trade_last;iv_solved;prev_iv_model
2026-05-15 17:55:10+00:00,13.83,20260618,C,15.0,1.85,2.0,1.925,1.95,0.0,2945090.0,1.402024102717518,1.924999999999999,0.045,0.0,1.9249959151450087,quote_mid;trade_last;iv_solved;prev_iv_model
2026-05-15 17:55:10+00:00,13.83,20260618,C,20.0,0.85,0.9,0.875,0.9,0.0,2945090.0,1.4772657632588393,0.8750000000000018,0.045,0.0,0.8749963875162776,quote_mid;trade_last;iv_solved;prev_iv_model
2026-05-15 17:55:20+00:00,13.84,20260618,C,15.0,1.85,2.0,1.925,1.95,0.0,2945080.0,1.3989777316166574,1.9250000000000016,0.045,0.0,1.9301368472868017,quote_mid;trade_last;iv_solved;prev_iv_model
2026-05-15 17:55:20+00:00,13.84,20260618,C,20.0,0.85,0.9,0.875,0.9,0.0,2945080.0,1.475299882060166,0.8750000000000009,0.045,0.0,0.8778015567543203,quote_mid;trade_last;iv_solved;prev_iv_model
2026-05-15 17:55:30+00:00,13.8999,20260618,C,15.0,1.85,2.0,1.925,1.95,0.0,2945070.0,1.3807202451997824,1.9250000000000016,0.045,0.0,1.9559105496575873,quote_mid;trade_last;iv_solved;prev_iv_model
2026-05-15 17:55:30+00:00,13.8999,20260618,C,20.0,0.85,0.9,0.875,0.9,0.0,2945070.0,1.463535480544727,0.8750000000000004,0.045,0.0,0.8918846068355539,quote_mid;trade_last;iv_solved;prev_iv_model
2026-05-15 17:55:40+00:00,13.8999,20260618,C,15.0,1.85,2.0,1.925,1.95,0.0,2945060.0,1.3807226335623306,1.9249999999999998,0.045,0.0,1.9249959559996483,quote_mid;trade_last;iv_solved;prev_iv_model
2026-05-15 17:55:40+00:00,13.8999,20260618,C,20.0,0.85,0.9,0.875,0.9,0.0,2945060.0,1.4635379954476817,0.875,0.045,0.0,0.8749963991188014,quote_mid;trade_last;iv_solved;prev_iv_model
2026-05-15 17:55:50+00:00,13.875,20260618,C,15.0,1.85,2.0,1.925,1.95,0.0,2945050.0,1.3883151468899695,1.924999999999999,0.045,0.0,1.912165741592565,quote_mid;trade_last;iv_solved;prev_iv_model
2026-05-15 17:55:50+00:00,13.875,20260618,C,20.0,0.85,0.9,0.875,0.9,0.0,2945050.0,1.468426999587964,0.8750000000000009,0.045,0.0,0.8680216933363893,quote_mid;trade_last;iv_solved;prev_iv_model
2026-05-15 17:56:00+00:00,13.89,20260618,C,15.0,1.85,2.0,1.925,1.95,0.0,2945040.0,1.38374512271866,1.9249999999999998,0.045,0.0,1.932732542806681,quote_mid;trade_last;iv_solved;prev_iv_model
2026-05-15 17:56:00+00:00,13.89,20260618,C,20.0,0.85,0.9,0.875,0.9,0.0,2945040.0,1.4654850084212123,0.875,0.045,0.0,0.8792113412471192,quote_mid;trade_last;iv_solved;prev_iv_model
2026-05-15 17:56:10+00:00,13.89,20260618,C,15.0,1.85,2.0,1.925,1.95,0.0,2945030.0,1.3837475161880226,1.924999999999999,0.045,0.0,1.9249959501218532,quote_mid;trade_last;iv_solved;prev_iv_model
2026-05-15 17:56:10+00:00,13.89,20260618,C,20.0,0.85,0.9,0.875,0.9,0.0,2945030.0,1.4654875266466028,0.8749999999999996,0.045,0.0,0.8749963974264023,quote_mid;trade_last;iv_solved;prev_iv_model
2026-05-15 17:56:20+00:00,13.89,20260618,C,15.0,1.85,2.0,1.925,1.95,0.0,2945020.0,1.3837499096695,1.9249999999999998,0.045,0.0,1.9249959501082268,quote_mid;trade_last;iv_solved;prev_iv_model
2026-05-15 17:56:20+00:00,13.89,20260618,C,20.0,0.85,0.9,0.875,0.9,0.0,2945020.0,1.4654900448847679,0.8750000000000004,0.045,0.0,0.8749963974142658,quote_mid;trade_last;iv_solved;prev_iv_model
2026-05-15 17:56:30+00:00,13.9,20260618,C,15.0,1.85,2.0,1.925,1.95,0.0,2945010.0,1.3807040937597659,1.9250000000000016,0.045,0.0,1.930157110449061,quote_mid;trade_last;iv_solved;prev_iv_model
2026-05-15 17:56:30+00:00,13.9,20260618,C,20.0,0.85,0.9,0.875,0.9,0.0,2945010.0,1.4635309597151638,0.875,0.045,0.0,0.8778061719914239,quote_mid;trade_last;iv_solved;prev_iv_model
2026-05-15 17:56:40+00:00,13.89,20260618,C,15.0,1.85,2.0,1.925,1.95,0.0,2945000.0,1.3837546966688006,1.9249999999999998,0.045,0.0,1.9198381573861294,quote_mid;trade_last;iv_solved;prev_iv_model
2026-05-15 17:56:40+00:00,13.89,20260618,C,20.0,0.85,0.9,0.875,0.9,0.0,2945000.0,1.4654950813994247,0.8750000000000022,0.045,0.0,0.8721912663060047,quote_mid;trade_last;iv_solved;prev_iv_model
2026-05-15 17:56:50+00:00,13.88,20260618,C,15.0,1.85,2.0,1.925,1.95,0.0,2944990.0,1.38680537913076,1.924999999999999,0.045,0.0,1.919841576766018,quote_mid;trade_last;iv_solved;prev_iv_model
2026-05-15 17:56:50+00:00,13.88,20260618,C,20.0,0.85,0.9,0.875,0.9,0.0,2944990.0,1.4674603421268593,0.8750000000000009,0.045,0.0,0.8721920409844275,quote_mid;trade_last;iv_solved;prev_iv_model
2026-05-15 17:57:00+00:00,13.865,20260618,C,15.0,1.85,2.0,1.925,1.95,0.0,2944980.0,1.3913803790555108,1.9249999999999998,0.045,0.0,1.917272037762717,quote_mid;trade_last;iv_solved;prev_iv_model
2026-05-15 17:57:00+00:00,13.865,20260618,C,20.0,0.85,0.9,0.875,0.9,0.0,2944980.0,1.4704091121665286,0.875,0.045,0.0,0.8707930500677388,quote_mid;trade_last;iv_solved;prev_iv_model
2026-05-15 17:57:10+00:00,13.89,20260618,C,15.0,1.85,2.0,1.925,1.95,0.0,2944970.0,1.3837618772586113,1.9250000000000007,0.045,0.0,1.9378902343069822,quote_mid;trade_last;iv_solved;prev_iv_model
2026-05-15 17:57:10+00:00,13.89,20260618,C,20.0,0.85,0.9,0.875,0.9,0.0,2944970.0,1.4655026362672188,0.8749999999999991,0.045,0.0,0.8820261342928792,quote_mid;trade_last;iv_solved;prev_iv_model
2026-05-15 17:57:20+00:00,13.86,20260618,C,15.0,1.85,2.0,1.925,1.95,0.0,2944960.0,1.392909446897149,1.924999999999999,0.045,0.0,1.9095532128735497,quote_mid;trade_last;iv_solved;prev_iv_model
2026-05-15 17:57:20+00:00,13.86,20260618,C,20.0,0.85,0.9,0.875,0.9,0.0,2944960.0,1.4713968209560964,0.8750000000000013,0.045,0.0,0.8665995781802893,quote_mid;trade_last;iv_solved;prev_iv_model
2026-05-15 17:57:30+00:00,13.845,20260618,C,15.0,1.85,2.0,1.925,1.95,0.0,2944950.0,1.3974848015704984,1.9250000000000016,0.045,0.0,1.9172821580389892,quote_mid;trade_last;iv_solved;prev_iv_model
2026-05-15 17:57:30+00:00,13.845,20260618,C,20.0,0.85,0.9,0.875,0.9,0.0,2944950.0,1.4743490344871235,0.8750000000000004,0.045,0.0,0.870795345403157,quote_mid;trade_last;iv_solved;prev_iv_model
2026-05-15 17:57:40+00:00,13.85,20260618,C,15.0,1.85,2.0,1.925,1.95,0.0,2944940.0,1.3959628699184745,1.9250000000000007,0.045,0.0,1.9275680448523023,quote_mid;trade_last;iv_solved;prev_iv_model
2026-05-15 17:57:40+00:00,13.85,20260618,C,20.0,0.85,0.9,0.875,0.9,0.0,2944940.0,1.473368051738078,0.8750000000000009,0.045,0.0,0.8763988686795994,quote_mid;trade_last;iv_solved;prev_iv_model
2026-05-15 17:57:50+00:00,13.84,20260618,C,15.0,1.85,2.0,1.925,1.95,0.0,2944930.0,1.3990140184278386,1.924999999999999,0.045,0.0,1.9198550725991455,quote_mid;trade_last;iv_solved;prev_iv_model
2026-05-15 17:57:50+00:00,13.84,20260618,C,20.0,0.85,0.9,0.875,0.9,0.0,2944930.0,1.4753379052579478,0.8750000000000004,0.045,0.0,0.872195103246673,quote_mid;trade_last;iv_solved;prev_iv_model
2026-05-15 17:58:00+00:00,13.84,20260618,C,15.0,1.85,2.0,1.925,1.95,0.0,2944920.0,1.3990164376465541,1.9250000000000007,0.045,0.0,1.924995920717393,quote_mid;trade_last;iv_solved;prev_iv_model
2026-05-15 17:58:00+00:00,13.84,20260618,C,20.0,0.85,0.9,0.875,0.9,0.0,2944920.0,1.475340440240681,0.8750000000000009,0.045,0.0,0.8749963889669568,quote_mid;trade_last;iv_solved;prev_iv_model
2026-05-15 17:58:10+00:00,13.84,20260618,C,15.0,1.85,2.0,1.925,1.95,0.0,2944910.0,1.3990188568775164,1.9250000000000007,0.045,0.0,1.924995920703667,quote_mid;trade_last;iv_solved;prev_iv_model
2026-05-15 17:58:10+00:00,13.84,20260618,C,20.0,0.85,0.9,0.875,0.9,0.0,2944910.0,1.475342975236273,0.8749999999999996,0.045,0.0,0.8749963889547923,quote_mid;trade_last;iv_solved;prev_iv_model
2026-05-15 17:58:20+00:00,13.84,20260618,C,15.0,1.85,2.0,1.925,1.95,0.0,2944900.0,1.3990212761207248,1.9250000000000016,0.045,0.0,1.9249959206899376,quote_mid;trade_last;iv_solved;prev_iv_model
2026-05-15 17:58:20+00:00,13.84,20260618,C,20.0,0.85,0.9,0.875,0.9,0.0,2944900.0,1.475345510244726,0.8749999999999996,0.045,0.0,0.8749963889426233,quote_mid;trade_last;iv_solved;prev_iv_model
2026-05-15 17:58:30+00:00,13.86,20260618,C,15.0,1.85,2.0,1.925,1.95,0.0,2944890.0,1.3929263096943694,1.9250000000000007,0.045,0.0,1.9352911679076108,quote_mid;trade_last;iv_solved;prev_iv_model
2026-05-15 17:58:30+00:00,13.86,20260618,C,20.0,0.85,0.9,0.875,0.9,0.0,2944890.0,1.4714145192670496,0.8750000000000009,0.045,0.0,0.8806136420749335,quote_mid;trade_last;iv_solved;prev_iv_model
2026-05-15 17:58:40+00:00,13.84,20260618,C,15.0,1.85,2.0,1.925,1.95,0.0,2944880.0,1.399026114643883,1.9250000000000007,0.045,0.0,1.9147142828755968,quote_mid;trade_last;iv_solved;prev_iv_model
2026-05-15 17:58:40+00:00,13.84,20260618,C,20.0,0.85,0.9,0.875,0.9,0.0,2944880.0,1.4753505803002152,0.8749999999999996,0.045,0.0,0.8693976991472603,quote_mid;trade_last;iv_solved;prev_iv_model
2026-05-15 17:58:50+00:00,13.84,20260618,C,15.0,1.85,2.0,1.925,1.95,0.0,2944870.0,1.399028533923833,1.9250000000000016,0.045,0.0,1.9249959206487537,quote_mid;trade_last;iv_solved;prev_iv_model
2026-05-15 17:58:50+00:00,13.84,20260618,C,20.0,0.85,0.9,0.875,0.9,0.0,2944870.0,1.4753531153472506,0.8750000000000004,0.045,0.0,0.8749963889061245,quote_mid;trade_last;iv_solved;prev_iv_model
2026-05-15 17:59:00+00:00,13.857,20260618,C,15.0,1.85,2.0,1.925,1.95,0.0,2944860.0,1.3938481183994953,1.924999999999999,0.045,0.0,1.9337451637574468,quote_mid;trade_last;iv_solved;prev_iv_model
2026-05-15 17:59:00+00:00,13.857,20260618,C,20.0,0.85,0.9,0.875,0.9,0.0,2944860.0,1.4720118447048343,0.8750000000000004,0.045,0.0,0.8797696770639045,quote_mid;trade_last;iv_solved;prev_iv_model
2026-05-15 17:59:10+00:00,13.855,20260618,C,15.0,1.85,2.0,1.925,1.95,0.0,2944850.0,1.3944602568008375,1.924999999999999,0.045,0.0,1.923966750337101,quote_mid;trade_last;iv_solved;prev_iv_model
2026-05-15 17:59:10+00:00,13.855,20260618,C,20.0,0.85,0.9,0.875,0.9,0.0,2944850.0,1.4724075920663742,0.8750000000000004,0.045,0.0,0.8744355953751741,quote_mid;trade_last;iv_solved;prev_iv_model
2026-05-15 17:59:20+00:00,13.84,20260618,C,15.0,1.85,2.0,1.925,1.95,0.0,2944840.0,1.3990357918371674,1.9250000000000016,0.045,0.0,1.917284672373107,quote_mid;trade_last;iv_solved;prev_iv_model
2026-05-15 17:59:20+00:00,13.84,20260618,C,20.0,0.85,0.9,0.875,0.9,0.0,2944840.0,1.475360720565528,0.875,0.045,0.0,0.8707959162524115,quote_mid;trade_last;iv_solved;prev_iv_model
2026-05-15 17:59:30+00:00,13.82,20260618,C,15.0,1.85,2.0,1.925,1.95,0.0,2944830.0,1.4051362090219324,1.9249999999999998,0.045,0.0,1.9147276273754024,quote_mid;trade_last;iv_solved;prev_iv_model
2026-05-15 17:59:30+00:00,13.82,20260618,C,20.0,0.85,0.9,0.875,0.9,0.0,2944830.0,1.4793014111181901,0.8750000000000018,0.045,0.0,0.869400727759114,quote_mid;trade_last;iv_solved;prev_iv_model
2026-05-15 17:59:40+00:00,13.83,20260618,C,15.0,1.85,2.0,1.925,1.95,0.0,2944820.0,1.4020895589911304,1.9250000000000016,0.045,0.0,1.9301335301175326,quote_mid;trade_last;iv_solved;prev_iv_model
2026-05-15 17:59:40+00:00,13.83,20260618,C,20.0,0.85,0.9,0.875,0.9,0.0,2944820.0,1.4773342966393268,0.8750000000000009,0.045,0.0,0.8778007990026744,quote_mid;trade_last;iv_solved;prev_iv_model
2026-05-15 17:59:50+00:00,13.82,20260618,C,15.0,1.85,2.0,1.925,1.95,0.0,2944810.0,1.4051410682167504,1.9250000000000007,0.045,0.0,1.9198617135235043,quote_mid;trade_last;iv_solved;prev_iv_model
2026-05-15 17:59:50+00:00,13.82,20260618,C,20.0,0.85,0.9,0.875,0.9,0.0,2944810.0,1.4793064946753907,0.8750000000000018,0.045,0.0,0.8721966127954661,quote_mid;trade_last;iv_solved;prev_iv_model
2026-05-15 18:00:00+00:00,13.83,20260618,C,15.0,1.85,2.0,1.925,1.95,0.0,2944800.0,1.4020944079599116,1.9250000000000007,0.045,0.0,1.9301335299231726,quote_mid;trade_last;iv_solved;prev_iv_model
2026-05-15 18:00:00+00:00,13.83,20260618,C,20.0,0.85,0.9,0.875,0.9,0.0,2944800.0,1.4773393735594857,0.8750000000000004,0.045,0.0,0.8778007989071668,quote_mid;trade_last;iv_solved;prev_iv_model
2026-05-15 18:00:10+00:00,13.835,20260618,C,15.0,1.85,2.0,1.925,1.95,0.0,2944790.0,1.4005723424797867,1.9250000000000007,0.045,0.0,1.9275655388424342,quote_mid;trade_last;iv_solved;prev_iv_model
2026-05-15 18:00:10+00:00,13.835,20260618,C,20.0,0.85,0.9,0.875,0.9,0.0,2944790.0,1.4763575105012605,0.8750000000000004,0.045,0.0,0.8763982969503981,quote_mid;trade_last;iv_solved;prev_iv_model
2026-05-15 18:00:20+00:00,13.849,20260618,C,15.0,1.85,2.0,1.925,1.95,0.0,2944780.0,1.3963063720215771,1.9249999999999998,0.045,0.0,1.9321974287877008,quote_mid;trade_last;iv_solved;prev_iv_model
2026-05-15 18:00:20+00:00,13.849,20260618,C,20.0,0.85,0.9,0.875,0.9,0.0,2944780.0,1.4736052451926844,0.8750000000000004,0.045,0.0,0.8789256648271988,quote_mid;trade_last;iv_solved;prev_iv_model
2026-05-15 18:00:30+00:00,13.85,20260618,C,15.0,1.85,2.0,1.925,1.95,0.0,2944770.0,1.3960039109818436,1.9250000000000007,0.045,0.0,1.9255103487507794,quote_mid;trade_last;iv_solved;prev_iv_model
2026-05-15 18:00:30+00:00,13.85,20260618,C,20.0,0.85,0.9,0.875,0.9,0.0,2944770.0,1.4734110914092202,0.8750000000000004,0.045,0.0,0.8752768084281364,quote_mid;trade_last;iv_solved;prev_iv_model
2026-05-15 18:00:40+00:00,13.835,20260618,C,15.0,1.85,2.0,1.925,1.95,0.0,2944760.0,1.4005796083742759,1.9250000000000007,0.045,0.0,1.9172871796467392,quote_mid;trade_last;iv_solved;prev_iv_model
2026-05-15 18:00:40+00:00,13.835,20260618,C,20.0,0.85,0.9,0.875,0.9,0.0,2944760.0,1.4763651210217326,0.8749999999999996,0.045,0.0,0.8707964856160246,quote_mid;trade_last;iv_solved;prev_iv_model
2026-05-15 18:00:50+00:00,13.835,20260618,C,15.0,1.85,2.0,1.925,1.95,0.0,2944750.0,1.4005820303636285,1.9249999999999998,0.045,0.0,1.9249959175789542,quote_mid;trade_last;iv_solved;prev_iv_model
2026-05-15 18:00:50+00:00,13.835,20260618,C,20.0,0.85,0.9,0.875,0.9,0.0,2944750.0,1.4763676578876308,0.8749999999999996,0.045,0.0,0.8749963879309552,quote_mid;trade_last;iv_solved;prev_iv_model
2026-05-15 18:01:00+00:00,13.835,20260618,C,15.0,1.85,2.0,1.925,1.95,0.0,2944740.0,1.4005844523652424,1.9249999999999998,0.045,0.0,1.924995917565214,quote_mid;trade_last;iv_solved;prev_iv_model
2026-05-15 18:01:00+00:00,13.835,20260618,C,20.0,0.85,0.9,0.875,0.9,0.0,2944740.0,1.476370194766401,0.8750000000000009,0.045,0.0,0.8749963879187832,quote_mid;trade_last;iv_solved;prev_iv_model
2026-05-15 18:01:10+00:00,13.84,20260618,C,15.0,1.85,2.0,1.925,1.95,0.0,2944730.0,1.3990624051291451,1.9250000000000007,0.045,0.0,1.927566371340311,quote_mid;trade_last;iv_solved;prev_iv_model
2026-05-15 18:01:10+00:00,13.84,20260618,C,20.0,0.85,0.9,0.875,0.9,0.0,2944730.0,1.4753886073562268,0.8750000000000004,0.045,0.0,0.8763984867422825,quote_mid;trade_last;iv_solved;prev_iv_model
2026-05-15 18:01:20+00:00,13.84,20260618,C,15.0,1.85,2.0,1.925,1.95,0.0,2944720.0,1.399064824592816,1.9249999999999998,0.045,0.0,1.9249959204428242,quote_mid;trade_last;iv_solved;prev_iv_model
2026-05-15 18:01:20+00:00,13.84,20260618,C,20.0,0.85,0.9,0.875,0.9,0.0,2944720.0,1.4753911425961919,0.8750000000000013,0.045,0.0,0.874996388723611,quote_mid;trade_last;iv_solved;prev_iv_model
2026-05-15 18:01:30+00:00,13.8599,20260618,C,15.0,1.85,2.0,1.925,1.95,0.0,2944710.0,1.393000160576657,1.9250000000000007,0.045,0.0,1.9352396214325855,quote_mid;trade_last;iv_solved;prev_iv_model
2026-05-15 18:01:30+00:00,13.8599,20260618,C,20.0,0.85,0.9,0.875,0.9,0.0,2944710.0,1.4714796889473956,0.8749999999999996,0.045,0.0,0.8805855005836669,quote_mid;trade_last;iv_solved;prev_iv_model
2026-05-15 18:01:40+00:00,13.84,20260618,C,15.0,1.85,2.0,1.925,1.95,0.0,2944700.0,1.399069663556903,1.9249999999999998,0.045,0.0,1.9147656933342416,quote_mid;trade_last;iv_solved;prev_iv_model
2026-05-15 18:01:40+00:00,13.84,20260618,C,20.0,0.85,0.9,0.875,0.9,0.0,2944700.0,1.4753962131147103,0.8750000000000018,0.045,0.0,0.8694256550357591,quote_mid;trade_last;iv_solved;prev_iv_model
2026-05-15 18:01:50+00:00,13.83,20260618,C,15.0,1.85,2.0,1.925,1.95,0.0,2944690.0,1.4021210781658389,1.9249999999999998,0.045,0.0,1.9198584032075,quote_mid;trade_last;iv_solved;prev_iv_model
2026-05-15 18:01:50+00:00,13.83,20260618,C,20.0,0.85,0.9,0.875,0.9,0.0,2944690.0,1.4773672975412184,0.875,0.045,0.0,0.8721958602527411,quote_mid;trade_last;iv_solved;prev_iv_model
2026-05-15 18:02:00+00:00,13.83,20260618,C,15.0,1.85,2.0,1.925,1.95,0.0,2944680.0,1.4021235028036636,1.9250000000000007,0.045,0.0,1.9249959145813555,quote_mid;trade_last;iv_solved;prev_iv_model
2026-05-15 18:02:00+00:00,13.83,20260618,C,20.0,0.85,0.9,0.875,0.9,0.0,2944680.0,1.4773698361622896,0.8749999999999996,0.045,0.0,0.8749963870172071,quote_mid;trade_last;iv_solved;prev_iv_model
2026-05-15 18:02:10+00:00,13.815,20260618,C,15.0,1.85,2.0,1.925,1.95,0.0,2944670.0,1.4066997230720224,1.9250000000000007,0.045,0.0,1.9172971393542069,quote_mid;trade_last;iv_solved;prev_iv_model
2026-05-15 18:02:10+00:00,13.815,20260618,C,20.0,0.85,0.9,0.875,0.9,0.0,2944670.0,1.4803273664772427,0.8749999999999996,0.045,0.0,0.8707987485408912,quote_mid;trade_last;iv_solved;prev_iv_model
2026-05-15 18:02:20+00:00,13.8101,20260618,C,15.0,1.85,2.0,1.925,1.95,0.0,2944660.0,1.4081963457762794,1.9250000000000007,0.045,0.0,1.922481730339932,quote_mid;trade_last;iv_solved;prev_iv_model
2026-05-15 18:02:20+00:00,13.8101,20260618,C,20.0,0.85,0.9,0.875,0.9,0.0,2944660.0,1.4812957716285653,0.875,0.045,0.0,0.8736243733969791,quote_mid;trade_last;iv_solved;prev_iv_model
2026-05-15 18:02:30+00:00,13.81,20260618,C,15.0,1.85,2.0,1.925,1.95,0.0,2944650.0,1.4082292748224883,1.9250000000000007,0.045,0.0,1.924944593290868,quote_mid;trade_last;iv_solved;prev_iv_model
2026-05-15 18:02:30+00:00,13.81,20260618,C,20.0,0.85,0.9,0.875,0.9,0.0,2944650.0,1.4813180313027288,0.875,0.045,0.0,0.8749683741990686,quote_mid;trade_last;iv_solved;prev_iv_model
2026-05-15 18:02:40+00:00,13.81,20260618,C,15.0,1.85,2.0,1.925,1.95,0.0,2944640.0,1.4082317097614245,1.9250000000000007,0.045,0.0,1.9249959029573915,quote_mid;trade_last;iv_solved;prev_iv_model
2026-05-15 18:02:40+00:00,13.81,20260618,C,20.0,0.85,0.9,0.875,0.9,0.0,2944640.0,1.4813205766406967,0.8750000000000018,0.045,0.0,0.8749963836605552,quote_mid;trade_last;iv_solved;prev_iv_model
2026-05-15 18:02:50+00:00,13.8,20260618,C,15.0,1.85,2.0,1.925,1.95,0.0,2944630.0,1.4112836640625672,1.9250000000000007,0.045,0.0,1.9198682842044343,quote_mid;trade_last;iv_solved;prev_iv_model
2026-05-15 18:02:50+00:00,13.8,20260618,C,20.0,0.85,0.9,0.875,0.9,0.0,2944630.0,1.48329515140919,0.8749999999999996,0.045,0.0,0.8721981080325625,quote_mid;trade_last;iv_solved;prev_iv_model
2026-05-15 18:03:00+00:00,13.8088,20260618,C,15.0,1.85,2.0,1.925,1.95,0.0,2944620.0,1.4086025129630704,1.9249999999999998,0.045,0.0,1.929510871569689,quote_mid;trade_last;iv_solved;prev_iv_model
2026-05-15 18:03:00+00:00,13.8088,20260618,C,20.0,0.85,0.9,0.875,0.9,0.0,2944620.0,1.4815622501664287,0.8750000000000004,0.045,0.0,0.8774626620215824,quote_mid;trade_last;iv_solved;prev_iv_model
2026-05-15 18:03:10+00:00,13.795,20260618,C,15.0,1.85,2.0,1.925,1.95,0.0,2944610.0,1.4128133798776097,1.9250000000000007,0.045,0.0,1.9179220904630379,quote_mid;trade_last;iv_solved;prev_iv_model
2026-05-15 18:03:10+00:00,13.795,20260618,C,20.0,0.85,0.9,0.875,0.9,0.0,2944610.0,1.4842867014722039,0.8749999999999991,0.045,0.0,0.8711362984226763,quote_mid;trade_last;iv_solved;prev_iv_model
2026-05-15 18:03:20+00:00,13.82,20260618,C,15.0,1.85,2.0,1.925,1.95,0.0,2944600.0,1.4051920927330177,1.924999999999999,0.045,0.0,1.9378319968848903,quote_mid;trade_last;iv_solved;prev_iv_model
2026-05-15 18:03:20+00:00,13.82,20260618,C,20.0,0.85,0.9,0.875,0.9,0.0,2944600.0,1.4793598751404948,0.875,0.045,0.0,0.8820128245413126,quote_mid;trade_last;iv_solved;prev_iv_model
2026-05-15 18:03:30+00:00,13.83,20260618,C,15.0,1.85,2.0,1.925,1.95,0.0,2944590.0,1.402145325096499,1.9249999999999998,0.045,0.0,1.9301335278823517,quote_mid;trade_last;iv_solved;prev_iv_model
2026-05-15 18:03:30+00:00,13.83,20260618,C,20.0,0.85,0.9,0.875,0.9,0.0,2944590.0,1.477392684331563,0.8750000000000004,0.045,0.0,0.8778007979043125,quote_mid;trade_last;iv_solved;prev_iv_model
2026-05-15 18:03:40+00:00,13.83,20260618,C,15.0,1.85,2.0,1.925,1.95,0.0,2944580.0,1.4021477498570833,1.924999999999999,0.045,0.0,1.924995914443853,quote_mid;trade_last;iv_solved;prev_iv_model
2026-05-15 18:03:40+00:00,13.83,20260618,C,20.0,0.85,0.9,0.875,0.9,0.0,2944580.0,1.477395223081441,0.8750000000000009,0.045,0.0,0.874996386895464,quote_mid;trade_last;iv_solved;prev_iv_model
2026-05-15 18:03:50+00:00,13.84,20260618,C,15.0,1.85,2.0,1.925,1.95,0.0,2944570.0,1.3991011180177897,1.9250000000000007,0.045,0.0,1.9301368423142238,quote_mid;trade_last;iv_solved;prev_iv_model
2026-05-15 18:03:50+00:00,13.84,20260618,C,20.0,0.85,0.9,0.875,0.9,0.0,2944570.0,1.4754291727392577,0.8749999999999996,0.045,0.0,0.8778015543151612,quote_mid;trade_last;iv_solved;prev_iv_model
2026-05-15 18:04:00+00:00,13.83,20260618,C,15.0,1.85,2.0,1.925,1.95,0.0,2944560.0,1.402152599415082,1.924999999999999,0.045,0.0,1.9198584041195677,quote_mid;trade_last;iv_solved;prev_iv_model
2026-05-15 18:04:00+00:00,13.83,20260618,C,20.0,0.85,0.9,0.875,0.9,0.0,2944560.0,1.477400300619844,0.8750000000000009,0.045,0.0,0.8721958605572011,quote_mid;trade_last;iv_solved;prev_iv_model
2026-05-15 18:04:10+00:00,13.8419,20260618,C,15.0,1.85,2.0,1.925,1.95,0.0,2944550.0,1.3985266506244707,1.9249999999999998,0.045,0.0,1.9311143786254021,quote_mid;trade_last;iv_solved;prev_iv_model
2026-05-15 18:04:10+00:00,13.8419,20260618,C,20.0,0.85,0.9,0.875,0.9,0.0,2944550.0,1.4750603402579197,0.8750000000000018,0.045,0.0,0.8783351458916497,quote_mid;trade_last;iv_solved;prev_iv_model
2026-05-15 18:04:20+00:00,13.8419,20260618,C,15.0,1.85,2.0,1.925,1.95,0.0,2944540.0,1.3985290693348391,1.9249999999999998,0.045,0.0,1.924995921300657,quote_mid;trade_last;iv_solved;prev_iv_model
2026-05-15 18:04:20+00:00,13.8419,20260618,C,20.0,0.85,0.9,0.875,0.9,0.0,2944540.0,1.475062875096973,0.875,0.045,0.0,0.8749963888198455,quote_mid;trade_last;iv_solved;prev_iv_model
2026-05-15 18:04:30+00:00,13.8438,20260618,C,15.0,1.85,2.0,1.925,1.95,0.0,2944530.0,1.3979521842637532,1.924999999999999,0.045,0.0,1.9259729315485892,quote_mid;trade_last;iv_solved;prev_iv_model
2026-05-15 18:04:30+00:00,13.8438,20260618,C,20.0,0.85,0.9,0.875,0.9,0.0,2944530.0,1.4746915467003068,0.8749999999999987,0.045,0.0,0.8755291267009357,quote_mid;trade_last;iv_solved;prev_iv_model
2026-05-15 18:04:40+00:00,13.8438,20260618,C,15.0,1.85,2.0,1.925,1.95,0.0,2944520.0,1.3979546020248241,1.9250000000000016,0.045,0.0,1.9249959223787227,quote_mid;trade_last;iv_solved;prev_iv_model
2026-05-15 18:04:40+00:00,13.8438,20260618,C,20.0,0.85,0.9,0.875,0.9,0.0,2944520.0,1.474694080932693,0.8750000000000013,0.045,0.0,0.8749963891108705,quote_mid;trade_last;iv_solved;prev_iv_model
2026-05-15 18:04:50+00:00,13.8999,20260618,C,15.0,1.85,2.05,1.95,1.95,0.0,2944510.0,1.3956214959343685,1.9499999999999993,0.045,0.0,1.9539493337592635,quote_mid;trade_last;iv_solved;prev_iv_model
2026-05-15 18:04:50+00:00,13.8999,20260618,C,20.0,0.85,0.9,0.875,0.9,0.0,2944510.0,1.4636763347598856,0.8750000000000013,0.045,0.0,0.8908091065616475,quote_mid;trade_last;iv_solved;prev_iv_model
2026-05-15 18:05:00+00:00,13.88,20260618,C,15.0,1.85,2.0,1.925,1.95,0.0,2944500.0,1.3869229273683623,1.9249999999999998,0.045,0.0,1.9397063159191053,quote_mid;trade_last;iv_solved;prev_iv_model
2026-05-15 18:05:00+00:00,13.88,20260618,C,20.0,0.85,0.9,0.875,0.9,0.0,2944500.0,1.4675839159947563,0.8750000000000013,0.045,0.0,0.869419543278501,quote_mid;trade_last;iv_solved;prev_iv_model
2026-05-15 18:05:10+00:00,13.89,20260618,C,15.0,1.85,2.0,1.925,1.95,0.0,2944490.0,1.3838767815266348,1.9250000000000016,0.045,0.0,1.9301536827006522,quote_mid;trade_last;iv_solved;prev_iv_model
2026-05-15 18:05:10+00:00,13.89,20260618,C,20.0,0.85,0.9,0.875,0.9,0.0,2944490.0,1.4656235297909137,0.8750000000000009,0.045,0.0,0.8778053910762256,quote_mid;trade_last;iv_solved;prev_iv_model
2026-05-15 18:05:20+00:00,13.89,20260618,C,15.0,1.85,2.0,1.925,1.95,0.0,2944480.0,1.3838791756624582,1.9249999999999998,0.045,0.0,1.924995949372268,quote_mid;trade_last;iv_solved;prev_iv_model
2026-05-15 18:05:20+00:00,13.89,20260618,C,20.0,0.85,0.9,0.875,0.9,0.0,2944480.0,1.4656260487190709,0.8749999999999987,0.045,0.0,0.8749963967587648,quote_mid;trade_last;iv_solved;prev_iv_model
2026-05-15 18:05:30+00:00,13.895,20260618,C,15.0,1.85,2.0,1.925,1.95,0.0,2944470.0,1.3823573190036016,1.9250000000000007,0.045,0.0,1.927575679193314,quote_mid;trade_last;iv_solved;prev_iv_model
2026-05-15 18:05:30+00:00,13.895,20260618,C,20.0,0.85,0.9,0.875,0.9,0.0,2944470.0,1.464647534992801,0.875,0.045,0.0,0.8764006057290392,quote_mid;trade_last;iv_solved;prev_iv_model
2026-05-15 18:05:40+00:00,13.91,20260618,C,15.0,1.85,2.0,1.925,1.95,0.0,2944460.0,1.3777870370836727,1.9249999999999998,0.045,0.0,1.9327428038203989,quote_mid;trade_last;iv_solved;prev_iv_model
2026-05-15 18:05:40+00:00,13.91,20260618,C,20.0,0.85,0.9,0.875,0.9,0.0,2944460.0,1.4617086443276786,0.8750000000000013,0.045,0.0,0.8792136740106411,quote_mid;trade_last;iv_solved;prev_iv_model
2026-05-15 18:05:50+00:00,13.905,20260618,C,15.0,1.85,2.0,1.925,1.95,0.0,2944450.0,1.3793136353905422,1.9250000000000016,0.045,0.0,1.9224144912477206,quote_mid;trade_last;iv_solved;prev_iv_model
2026-05-15 18:05:50+00:00,13.905,20260618,C,20.0,0.85,0.9,0.875,0.9,0.0,2944450.0,1.4626913455064083,0.8749999999999996,0.045,0.0,0.8735927664744279,quote_mid;trade_last;iv_solved;prev_iv_model
2026-05-15 18:06:00+00:00,13.905,20260618,C,15.0,1.85,2.0,1.925,1.95,0.0,2944440.0,1.3793160218900127,1.9249999999999998,0.045,0.0,1.9249959581692684,quote_mid;trade_last;iv_solved;prev_iv_model
2026-05-15 18:06:00+00:00,13.905,20260618,C,20.0,0.85,0.9,0.875,0.9,0.0,2944440.0,1.4626938595089296,0.875,0.045,0.0,0.8749963992207892,quote_mid;trade_last;iv_solved;prev_iv_model
2026-05-15 18:06:10+00:00,13.905,20260618,C,15.0,1.85,2.0,1.925,1.95,0.0,2944430.0,1.3793184084015633,1.924999999999999,0.045,0.0,1.9249959581556668,quote_mid;trade_last;iv_solved;prev_iv_model
2026-05-15 18:06:10+00:00,13.905,20260618,C,20.0,0.85,0.9,0.875,0.9,0.0,2944430.0,1.4626963735242056,0.8750000000000009,0.045,0.0,0.8749963992086554,quote_mid;trade_last;iv_solved;prev_iv_model
2026-05-15 18:06:20+00:00,13.8801,20260618,C,15.0,1.85,2.0,1.925,1.95,0.0,2944420.0,1.386911635488243,1.9250000000000007,0.045,0.0,1.9121613995422235,quote_mid;trade_last;iv_solved;prev_iv_model
2026-05-15 18:06:20+00:00,13.8801,20260618,C,20.0,0.85,0.9,0.875,0.9,0.0,2944420.0,1.4675844593050638,0.8749999999999991,0.045,0.0,0.8680207136159757,quote_mid;trade_last;iv_solved;prev_iv_model
2026-05-15 18:06:30+00:00,13.88,20260618,C,15.0,1.85,2.05,1.95,1.95,0.0,2944410.0,1.4017323857847384,1.9499999999999984,0.045,0.0,1.9249443999433922,quote_mid;trade_last;iv_solved;prev_iv_model
2026-05-15 18:06:30+00:00,13.88,20260618,C,20.0,0.85,0.9,0.875,0.9,0.0,2944410.0,1.4676066165755248,0.8749999999999996,0.045,0.0,0.8749683323285904,quote_mid;trade_last;iv_solved;prev_iv_model
2026-05-15 18:06:40+00:00,13.885,20260618,C,15.0,1.85,2.05,1.95,1.95,0.0,2944400.0,1.4002054367643662,1.9499999999999993,0.045,0.0,1.9525820595079022,quote_mid;trade_last;iv_solved;prev_iv_model
2026-05-15 18:06:40+00:00,13.885,20260618,C,20.0,0.85,0.9,0.875,0.9,0.0,2944400.0,1.4666275280150742,0.8749999999999991,0.045,0.0,0.8764002159893707,quote_mid;trade_last;iv_solved;prev_iv_model
2026-05-15 18:06:50+00:00,13.885,20260618,C,15.0,1.85,2.0,1.925,1.95,0.0,2944390.0,1.3854250120617784,1.9250000000000016,0.045,0.0,1.9499959045595352,quote_mid;trade_last;iv_solved;prev_iv_model
2026-05-15 18:06:50+00:00,13.885,20260618,C,20.0,0.85,0.9,0.875,0.9,0.0,2944390.0,1.4666300487181956,0.8750000000000009,0.045,0.0,0.8749963958138891,quote_mid;trade_last;iv_solved;prev_iv_model
2026-05-15 18:07:00+00:00,13.87,20260618,C,15.0,1.85,2.0,1.925,1.95,0.0,2944380.0,1.3900004037409643,1.9250000000000016,0.045,0.0,1.9172694976567364,quote_mid;trade_last;iv_solved;prev_iv_model
2026-05-15 18:07:00+00:00,13.87,20260618,C,20.0,0.85,0.9,0.875,0.9,0.0,2944380.0,1.4695782641279966,0.8749999999999996,0.045,0.0,0.8707924753527556,quote_mid;trade_last;iv_solved;prev_iv_model
2026-05-15 18:07:10+00:00,13.87,20260618,C,15.0,1.85,2.0,1.925,1.95,0.0,2944370.0,1.3900028082582039,1.9250000000000007,0.045,0.0,1.9249959374731667,quote_mid;trade_last;iv_solved;prev_iv_model
2026-05-15 18:07:10+00:00,13.87,20260618,C,20.0,0.85,0.9,0.875,0.9,0.0,2944370.0,1.4695807898394695,0.8749999999999996,0.045,0.0,0.8749963932865858,quote_mid;trade_last;iv_solved;prev_iv_model
2026-05-15 18:07:20+00:00,13.86,20260618,C,15.0,1.85,2.0,1.925,1.95,0.0,2944360.0,1.3930540045511344,1.9250000000000007,0.045,0.0,1.9198483651110934,quote_mid;trade_last;iv_solved;prev_iv_model
2026-05-15 18:07:20+00:00,13.86,20260618,C,20.0,0.85,0.9,0.875,0.9,0.0,2944360.0,1.4715485411618463,0.8750000000000004,0.045,0.0,0.8721935808204364,quote_mid;trade_last;iv_solved;prev_iv_model
2026-05-15 18:07:30+00:00,13.86,20260618,C,15.0,1.85,2.0,1.925,1.95,0.0,2944350.0,1.393056414217411,1.9249999999999998,0.045,0.0,1.9249959315938359,quote_mid;trade_last;iv_solved;prev_iv_model
2026-05-15 18:07:30+00:00,13.86,20260618,C,20.0,0.85,0.9,0.875,0.9,0.0,2944350.0,1.4715510702232772,0.8750000000000004,0.045,0.0,0.8749963915967638,quote_mid;trade_last;iv_solved;prev_iv_model
2026-05-15 18:07:40+00:00,13.855,20260618,C,15.0,1.85,2.0,1.925,1.95,0.0,2944340.0,1.3945832655215193,1.924999999999999,0.045,0.0,1.9224229857594146,quote_mid;trade_last;iv_solved;prev_iv_model
2026-05-15 18:07:40+00:00,13.855,20260618,C,20.0,0.85,0.9,0.875,0.9,0.0,2944340.0,1.472536643291464,0.8750000000000013,0.045,0.0,0.8735946924048514,quote_mid;trade_last;iv_solved;prev_iv_model
2026-05-15 18:07:50+00:00,13.85,20260618,C,15.0,1.85,2.0,1.925,1.95,0.0,2944330.0,1.3961101513139256,1.924999999999999,0.045,0.0,1.9224238227458823,quote_mid;trade_last;iv_solved;prev_iv_model
2026-05-15 18:07:50+00:00,13.85,20260618,C,20.0,0.85,0.9,0.875,0.9,0.0,2944330.0,1.4735225054447776,0.8750000000000009,0.045,0.0,0.8735948824898259,quote_mid;trade_last;iv_solved;prev_iv_model
2026-05-15 18:08:00+00:00,13.85,20260618,C,15.0,1.85,2.0,1.925,1.95,0.0,2944320.0,1.3961125661419955,1.9249999999999998,0.045,0.0,1.924995925715704,quote_mid;trade_last;iv_solved;prev_iv_model
2026-05-15 18:08:00+00:00,13.85,20260618,C,20.0,0.85,0.9,0.875,0.9,0.0,2944320.0,1.473525037871041,0.8750000000000013,0.045,0.0,0.8749963898972908,quote_mid;trade_last;iv_solved;prev_iv_model
2026-05-15 18:08:10+00:00,13.85,20260618,C,15.0,1.85,2.0,1.925,1.95,0.0,2944310.0,1.3961149809822913,1.9250000000000016,0.045,0.0,1.9249959257019906,quote_mid;trade_last;iv_solved;prev_iv_model
2026-05-15 18:08:10+00:00,13.85,20260618,C,20.0,0.85,0.9,0.875,0.9,0.0,2944310.0,1.473527570310154,0.875,0.045,0.0,0.8749963898851254,quote_mid;trade_last;iv_solved;prev_iv_model
2026-05-15 18:08:20+00:00,13.86,20260618,C,15.0,1.85,2.0,1.925,1.95,0.0,2944300.0,1.3930684627318,1.9249999999999998,0.045,0.0,1.9301435222151886,quote_mid;trade_last;iv_solved;prev_iv_model
2026-05-15 18:08:20+00:00,13.86,20260618,C,20.0,0.85,0.9,0.875,0.9,0.0,2944300.0,1.4715637157229207,0.8749999999999996,0.045,0.0,0.8778030769326968,quote_mid;trade_last;iv_solved;prev_iv_model
2026-05-15 18:08:30+00:00,13.85,20260618,C,15.0,1.85,2.0,1.925,1.95,0.0,2944290.0,1.3961198106995645,1.9250000000000007,0.045,0.0,1.9198517303460791,quote_mid;trade_last;iv_solved;prev_iv_model
2026-05-15 18:08:30+00:00,13.85,20260618,C,20.0,0.85,0.9,0.875,0.9,0.0,2944290.0,1.4735326352269307,0.8750000000000004,0.045,0.0,0.8721943446856848,quote_mid;trade_last;iv_solved;prev_iv_model
2026-05-15 18:08:40+00:00,13.8443,20260618,C,15.0,1.85,2.0,1.925,1.95,0.0,2944280.0,1.3978601779887185,1.9250000000000007,0.045,0.0,1.9220648147369737,quote_mid;trade_last;iv_solved;prev_iv_model
2026-05-15 18:08:40+00:00,13.8443,20260618,C,20.0,0.85,0.9,0.875,0.9,0.0,2944280.0,1.4746565240205438,0.8750000000000013,0.045,0.0,0.8733989954249326,quote_mid;trade_last;iv_solved;prev_iv_model
2026-05-15 18:08:50+00:00,13.865,20260618,C,15.0,1.85,2.0,1.925,1.95,0.0,2944270.0,1.3915512600725064,1.9250000000000007,0.045,0.0,1.9356549569315051,quote_mid;trade_last;iv_solved;prev_iv_model
2026-05-15 18:08:50+00:00,13.865,20260618,C,20.0,0.85,0.9,0.875,0.9,0.0,2944270.0,1.4705885329173567,0.8749999999999996,0.045,0.0,0.880811311832788,quote_mid;trade_last;iv_solved;prev_iv_model
2026-05-15 18:09:00+00:00,13.86,20260618,C,15.0,1.85,2.0,1.925,1.95,0.0,2944260.0,1.3930781017629252,1.9250000000000007,0.045,0.0,1.9224221467855465,quote_mid;trade_last;iv_solved;prev_iv_model
2026-05-15 18:09:00+00:00,13.86,20260618,C,20.0,0.85,0.9,0.875,0.9,0.0,2944260.0,1.471573832353637,0.8749999999999987,0.045,0.0,0.8735945019171987,quote_mid;trade_last;iv_solved;prev_iv_model
2026-05-15 18:09:10+00:00,13.86,20260618,C,15.0,1.85,2.0,1.925,1.95,0.0,2944250.0,1.3930805115512102,1.9249999999999998,0.045,0.0,1.924995931456901,quote_mid;trade_last;iv_solved;prev_iv_model
2026-05-15 18:09:10+00:00,13.86,20260618,C,20.0,0.85,0.9,0.875,0.9,0.0,2944250.0,1.4715763615433999,0.8749999999999982,0.045,0.0,0.874996391475166,quote_mid;trade_last;iv_solved;prev_iv_model
2026-05-15 18:09:20+00:00,13.86,20260618,C,15.0,1.85,2.0,1.925,1.95,0.0,2944240.0,1.393082921351696,1.9249999999999998,0.045,0.0,1.924995931443208,quote_mid;trade_last;iv_solved;prev_iv_model
2026-05-15 18:09:20+00:00,13.86,20260618,C,20.0,0.85,0.9,0.875,0.9,0.0,2944240.0,1.4715788907459992,0.8750000000000013,0.045,0.0,0.8749963914630023,quote_mid;trade_last;iv_solved;prev_iv_model
2026-05-15 18:09:30+00:00,13.855,20260618,C,15.0,1.85,2.0,1.925,1.95,0.0,2944230.0,1.394609800978547,1.9250000000000016,0.045,0.0,1.9224229860742623,quote_mid;trade_last;iv_solved;prev_iv_model
2026-05-15 18:09:30+00:00,13.855,20260618,C,20.0,0.85,0.9,0.875,0.9,0.0,2944230.0,1.4725644822478676,0.8749999999999996,0.045,0.0,0.8735946924678948,quote_mid;trade_last;iv_solved;prev_iv_model
2026-05-15 18:09:40+00:00,13.855,20260618,C,15.0,1.85,2.0,1.925,1.95,0.0,2944220.0,1.3946122133661074,1.9249999999999998,0.045,0.0,1.9249959284953242,quote_mid;trade_last;iv_solved;prev_iv_model
2026-05-15 18:09:40+00:00,13.855,20260618,C,20.0,0.85,0.9,0.875,0.9,0.0,2944220.0,1.4725670131391402,0.8750000000000004,0.045,0.0,0.8749963906068414,quote_mid;trade_last;iv_solved;prev_iv_model
2026-05-15 18:09:50+00:00,13.85,20260618,C,15.0,1.85,2.0,1.925,1.95,0.0,2944210.0,1.3961391300577475,1.9250000000000007,0.045,0.0,1.9224238230881898,quote_mid;trade_last;iv_solved;prev_iv_model
2026-05-15 18:09:50+00:00,13.85,20260618,C,20.0,0.85,0.9,0.875,0.9,0.0,2944210.0,1.4735528954080679,0.8750000000000004,0.045,0.0,0.8735948825583248,quote_mid;trade_last;iv_solved;prev_iv_model
2026-05-15 18:10:00+00:00,13.855,20260618,C,15.0,1.85,2.0,1.925,1.95,0.0,2944200.0,1.3946170381778735,1.9250000000000016,0.045,0.0,1.9275688802379651,quote_mid;trade_last;iv_solved;prev_iv_model
2026-05-15 18:10:00+00:00,13.855,20260618,C,20.0,0.85,0.9,0.875,0.9,0.0,2944200.0,1.4725720749602136,0.875,0.045,0.0,0.8763990577919754,quote_mid;trade_last;iv_solved;prev_iv_model
2026-05-15 18:10:10+00:00,13.855,20260618,C,15.0,1.85,2.0,1.925,1.95,0.0,2944190.0,1.3946194506020784,1.9249999999999998,0.045,0.0,1.9249959284542113,quote_mid;trade_last;iv_solved;prev_iv_model
2026-05-15 18:10:10+00:00,13.855,20260618,C,20.0,0.85,0.9,0.875,0.9,0.0,2944190.0,1.472574605890014,0.8750000000000004,0.045,0.0,0.8749963905703506,quote_mid;trade_last;iv_solved;prev_iv_model
2026-05-15 18:10:20+00:00,13.855,20260618,C,15.0,1.85,2.0,1.925,1.95,0.0,2944180.0,1.3946218630384992,1.9250000000000007,0.045,0.0,1.924995928440505,quote_mid;trade_last;iv_solved;prev_iv_model
2026-05-15 18:10:20+00:00,13.855,20260618,C,20.0,0.85,0.9,0.875,0.9,0.0,2944180.0,1.4725771368326588,0.8750000000000004,0.045,0.0,0.8749963905581835,quote_mid;trade_last;iv_solved;prev_iv_model
2026-05-15 18:10:30+00:00,13.86,20260618,C,15.0,1.85,2.0,1.925,1.95,0.0,2944170.0,1.39309979029674,1.9250000000000016,0.045,0.0,1.9275697218298138,quote_mid;trade_last;iv_solved;prev_iv_model
2026-05-15 18:10:30+00:00,13.86,20260618,C,20.0,0.85,0.9,0.875,0.9,0.0,2944170.0,1.471596595523541,0.8750000000000013,0.045,0.0,0.8763992494922968,quote_mid;trade_last;iv_solved;prev_iv_model
2026-05-15 18:10:40+00:00,13.86,20260618,C,15.0,1.85,2.0,1.925,1.95,0.0,2944160.0,1.3931022001948392,1.924999999999999,0.045,0.0,1.9249959313336538,quote_mid;trade_last;iv_solved;prev_iv_model
2026-05-15 18:10:40+00:00,13.86,20260618,C,20.0,0.85,0.9,0.875,0.9,0.0,2944160.0,1.471599124828813,0.8750000000000009,0.045,0.0,0.8749963913657193,quote_mid;trade_last;iv_solved;prev_iv_model
2026-05-15 18:10:50+00:00,13.86,20260618,C,15.0,1.85,2.0,1.925,1.95,0.0,2944150.0,1.393104610105142,1.9250000000000007,0.045,0.0,1.9249959313199572,quote_mid;trade_last;iv_solved;prev_iv_model
2026-05-15 18:10:50+00:00,13.86,20260618,C,20.0,0.85,0.9,0.875,0.9,0.0,2944150.0,1.4716016541469221,0.875,0.045,0.0,0.8749963913535574,quote_mid;trade_last;iv_solved;prev_iv_model
2026-05-15 18:11:00+00:00,13.86,20260618,C,15.0,1.85,2.0,1.925,1.95,0.0,2944140.0,1.3931070200276463,1.924999999999999,0.045,0.0,1.9249959313062632,quote_mid;trade_last;iv_solved;prev_iv_model
2026-05-15 18:11:00+00:00,13.86,20260618,C,20.0,0.85,0.9,0.875,0.9,0.0,2944140.0,1.4716041834778637,0.8750000000000013,0.045,0.0,0.874996391341397,quote_mid;trade_last;iv_solved;prev_iv_model
2026-05-15 18:11:10+00:00,13.86,20260618,C,15.0,1.85,2.0,1.925,1.95,0.0,2944130.0,1.3931094299623532,1.9249999999999998,0.045,0.0,1.9249959312925684,quote_mid;trade_last;iv_solved;prev_iv_model
2026-05-15 18:11:10+00:00,13.86,20260618,C,20.0,0.85,0.9,0.875,0.9,0.0,2944130.0,1.4716067128216435,0.8750000000000009,0.045,0.0,0.8749963913292333,quote_mid;trade_last;iv_solved;prev_iv_model
2026-05-15 18:11:20+00:00,13.86,20260618,C,15.0,1.85,2.0,1.925,1.95,0.0,2944120.0,1.393111839909262,1.924999999999999,0.045,0.0,1.9249959312788736,quote_mid;trade_last;iv_solved;prev_iv_model
2026-05-15 18:11:20+00:00,13.86,20260618,C,20.0,0.85,0.9,0.875,0.9,0.0,2944120.0,1.471609242178256,0.8750000000000009,0.045,0.0,0.8749963913170755,quote_mid;trade_last;iv_solved;prev_iv_model
2026-05-15 18:11:30+00:00,13.865,20260618,C,15.0,1.85,2.0,1.925,1.95,0.0,2944110.0,1.3915897769522423,1.9249999999999998,0.045,0.0,1.927570565502335,quote_mid;trade_last;iv_solved;prev_iv_model
2026-05-15 18:11:30+00:00,13.865,20260618,C,20.0,0.85,0.9,0.875,0.9,0.0,2944110.0,1.4706289746876093,0.8750000000000013,0.045,0.0,0.8763994415583527,quote_mid;trade_last;iv_solved;prev_iv_model
2026-05-15 18:11:40+00:00,13.865,20260618,C,15.0,1.85,2.0,1.925,1.95,0.0,2944100.0,1.3915921843608325,1.924999999999998,0.045,0.0,1.9249959341758505,quote_mid;trade_last;iv_solved;prev_iv_model
2026-05-15 18:11:40+00:00,13.865,20260618,C,20.0,0.85,0.9,0.875,0.9,0.0,2944100.0,1.470631502407274,0.8750000000000009,0.045,0.0,0.8749963921252628,quote_mid;trade_last;iv_solved;prev_iv_model
2026-05-15 18:11:50+00:00,13.865,20260618,C,15.0,1.85,2.0,1.925,1.95,0.0,2944090.0,1.391594591781614,1.924999999999999,0.045,0.0,1.9249959341621627,quote_mid;trade_last;iv_solved;prev_iv_model
2026-05-15 18:11:50+00:00,13.865,20260618,C,20.0,0.85,0.9,0.875,0.9,0.0,2944090.0,1.4706340301397658,0.8750000000000004,0.045,0.0,0.8749963921131023,quote_mid;trade_last;iv_solved;prev_iv_model
2026-05-15 18:12:00+00:00,13.865,20260618,C,15.0,1.85,2.0,1.925,1.95,0.0,2944080.0,1.3915969992145851,1.924999999999999,0.045,0.0,1.9249959341484777,quote_mid;trade_last;iv_solved;prev_iv_model
2026-05-15 18:12:00+00:00,13.865,20260618,C,20.0,0.85,0.9,0.875,0.9,0.0,2944080.0,1.4706365578850868,0.8749999999999991,0.045,0.0,0.8749963921009423,quote_mid;trade_last;iv_solved;prev_iv_model
2026-05-15 18:12:10+00:00,13.8699,20260618,C,15.0,1.85,2.0,1.925,1.95,0.0,2944070.0,1.3901054383379932,1.9250000000000007,0.045,0.0,1.9275198854303213,quote_mid;trade_last;iv_solved;prev_iv_model
2026-05-15 18:12:10+00:00,13.8699,20260618,C,20.0,0.85,0.9,0.875,0.9,0.0,2944070.0,1.4696762147227886,0.8750000000000009,0.045,0.0,0.8763715560495182,quote_mid;trade_last;iv_solved;prev_iv_model
2026-05-15 18:12:20+00:00,13.87,20260618,C,15.0,1.85,2.0,1.925,1.95,0.0,2944060.0,1.3900773543313965,1.9249999999999998,0.045,0.0,1.9250474465338598,quote_mid;trade_last;iv_solved;prev_iv_model
2026-05-15 18:12:20+00:00,13.87,20260618,C,20.0,0.85,0.9,0.875,0.9,0.0,2944060.0,1.4696590932522926,0.8750000000000004,0.045,0.0,0.8750244482484795,quote_mid;trade_last;iv_solved;prev_iv_model
2026-05-15 18:12:30+00:00,13.88,20260618,C,15.0,1.85,2.0,1.925,1.95,0.0,2944050.0,1.3870309055206853,1.9249999999999998,0.045,0.0,1.9301502740326226,quote_mid;trade_last;iv_solved;prev_iv_model
2026-05-15 18:12:30+00:00,13.88,20260618,C,20.0,0.85,0.9,0.875,0.9,0.0,2944050.0,1.4676974292660274,0.8750000000000013,0.045,0.0,0.8778046142226317,quote_mid;trade_last;iv_solved;prev_iv_model
2026-05-15 18:12:40+00:00,13.88,20260618,C,15.0,1.85,2.0,1.925,1.95,0.0,2944040.0,1.387033305314619,1.924999999999999,0.045,0.0,1.9249959428895904,quote_mid;trade_last;iv_solved;prev_iv_model
2026-05-15 18:12:40+00:00,13.88,20260618,C,20.0,0.85,0.9,0.875,0.9,0.0,2944040.0,1.4676999520775804,0.8750000000000009,0.045,0.0,0.874996394553702,quote_mid;trade_last;iv_solved;prev_iv_model
2026-05-15 18:12:50+00:00,13.88,20260618,C,15.0,1.85,2.0,1.925,1.95,0.0,2944030.0,1.387035705120704,1.9249999999999998,0.045,0.0,1.9249959428759347,quote_mid;trade_last;iv_solved;prev_iv_model
2026-05-15 18:12:50+00:00,13.88,20260618,C,20.0,0.85,0.9,0.875,0.9,0.0,2944030.0,1.467702474901937,0.8750000000000004,0.045,0.0,0.8749963945415491,quote_mid;trade_last;iv_solved;prev_iv_model
2026-05-15 18:13:00+00:00,13.89,20260618,C,15.0,1.85,2.0,1.925,1.95,0.0,2944020.0,1.3839893190141161,1.9249999999999998,0.045,0.0,1.9301536780409299,quote_mid;trade_last;iv_solved;prev_iv_model
2026-05-15 18:13:00+00:00,13.89,20260618,C,20.0,0.85,0.9,0.875,0.9,0.0,2944020.0,1.4657419332319357,0.8750000000000004,0.045,0.0,0.8778053888109194,quote_mid;trade_last;iv_solved;prev_iv_model
2026-05-15 18:13:10+00:00,13.885,20260618,C,15.0,1.85,2.0,1.925,1.95,0.0,2944010.0,1.3855160997113383,1.9249999999999998,0.045,0.0,1.9224179175853768,quote_mid;trade_last;iv_solved;prev_iv_model
2026-05-15 18:13:10+00:00,13.885,20260618,C,20.0,0.85,0.9,0.875,0.9,0.0,2944010.0,1.4667258449152074,0.8750000000000009,0.045,0.0,0.8735935425633339,quote_mid;trade_last;iv_solved;prev_iv_model
2026-05-15 18:13:20+00:00,13.885,20260618,C,15.0,1.85,2.0,1.925,1.95,0.0,2944000.0,1.3855184969914194,1.9250000000000016,0.045,0.0,1.9249959457745165,quote_mid;trade_last;iv_solved;prev_iv_model
2026-05-15 18:13:20+00:00,13.885,20260618,C,20.0,0.85,0.9,0.875,0.9,0.0,2944000.0,1.4667283661172208,0.875,0.045,0.0,0.87499639534018,quote_mid;trade_last;iv_solved;prev_iv_model
2026-05-15 18:13:30+00:00,13.885,20260618,C,15.0,1.85,2.0,1.925,1.95,0.0,2943990.0,1.3855208942836383,1.924999999999999,0.045,0.0,1.9249959457608714,quote_mid;trade_last;iv_solved;prev_iv_model
2026-05-15 18:13:30+00:00,13.885,20260618,C,20.0,0.85,0.9,0.875,0.9,0.0,2943990.0,1.4667308873320275,0.8750000000000004,0.045,0.0,0.8749963953280298,quote_mid;trade_last;iv_solved;prev_iv_model
2026-05-15 18:13:40+00:00,13.885,20260618,C,15.0,1.85,2.0,1.925,1.95,0.0,2943980.0,1.3855232915879965,1.9249999999999998,0.045,0.0,1.9249959457472237,quote_mid;trade_last;iv_solved;prev_iv_model
2026-05-15 18:13:40+00:00,13.885,20260618,C,20.0,0.85,0.9,0.875,0.9,0.0,2943980.0,1.4667334085596297,0.875,0.045,0.0,0.8749963953158817,quote_mid;trade_last;iv_solved;prev_iv_model
2026-05-15 18:13:50+00:00,13.885,20260618,C,15.0,1.85,2.0,1.925,1.95,0.0,2943970.0,1.385525688904493,1.924999999999999,0.045,0.0,1.924995945733576,quote_mid;trade_last;iv_solved;prev_iv_model
2026-05-15 18:13:50+00:00,13.885,20260618,C,20.0,0.85,0.9,0.875,0.9,0.0,2943970.0,1.466735929800027,0.8749999999999991,0.045,0.0,0.8749963953037332,quote_mid;trade_last;iv_solved;prev_iv_model
2026-05-15 18:14:00+00:00,13.885,20260618,C,15.0,1.85,2.0,1.925,1.95,0.0,2943960.0,1.385528086233129,1.9249999999999998,0.045,0.0,1.92499594571993,quote_mid;trade_last;iv_solved;prev_iv_model
2026-05-15 18:14:00+00:00,13.885,20260618,C,20.0,0.85,0.9,0.875,0.9,0.0,2943960.0,1.4667384510532182,0.875,0.045,0.0,0.8749963952915869,quote_mid;trade_last;iv_solved;prev_iv_model
2026-05-15 18:14:10+00:00,13.88,20260618,C,15.0,1.85,2.0,1.925,1.95,0.0,2943950.0,1.3870549040068347,1.9249999999999998,0.045,0.0,1.9224187682879421,quote_mid;trade_last;iv_solved;prev_iv_model
2026-05-15 18:14:10+00:00,13.88,20260618,C,20.0,0.85,0.9,0.875,0.9,0.0,2943950.0,1.4677226579576845,0.875,0.045,0.0,0.8735937354105925,quote_mid;trade_last;iv_solved;prev_iv_model
2026-05-15 18:14:20+00:00,13.88,20260618,C,15.0,1.85,1.95,1.9,1.95,0.0,2943940.0,1.372270608420906,1.9000000000000004,0.045,0.0,1.9249959427530303,quote_mid;trade_last;iv_solved;prev_iv_model
2026-05-15 18:14:20+00:00,13.88,20260618,C,20.0,0.85,0.9,0.875,0.9,0.0,2943940.0,1.4677251808972667,0.8750000000000004,0.045,0.0,0.8749963944321917,quote_mid;trade_last;iv_solved;prev_iv_model
2026-05-15 18:14:30+00:00,13.87,20260618,C,15.0,1.85,1.95,1.9,1.95,0.0,2943930.0,1.375311697031257,1.9000000000000004,0.045,0.0,1.8948615103413076,quote_mid;trade_last;iv_solved;prev_iv_model
2026-05-15 18:14:30+00:00,13.87,20260618,C,20.0,0.85,0.9,0.875,0.9,0.0,2943930.0,1.4696919338334151,0.8750000000000009,0.045,0.0,0.8721928144998032,quote_mid;trade_last;iv_solved;prev_iv_model
2026-05-15 18:14:40+00:00,13.885,20260618,C,15.0,1.85,2.0,1.925,1.95,0.0,2943920.0,1.3855376756690596,1.9249999999999998,0.045,0.0,1.9077053546417426,quote_mid;trade_last;iv_solved;prev_iv_model
2026-05-15 18:14:40+00:00,13.885,20260618,C,20.0,0.85,0.9,0.875,0.9,0.0,2943920.0,1.4667485361939323,0.875,0.045,0.0,0.8792107531251308,quote_mid;trade_last;iv_solved;prev_iv_model
2026-05-15 18:14:50+00:00,13.885,20260618,C,15.0,1.85,2.0,1.925,1.95,0.0,2943910.0,1.3855400730583898,1.924999999999999,0.045,0.0,1.9249959456516992,quote_mid;trade_last;iv_solved;prev_iv_model
2026-05-15 18:14:50+00:00,13.885,20260618,C,20.0,0.85,0.9,0.875,0.9,0.0,2943910.0,1.4667510575110976,0.8750000000000009,0.045,0.0,0.8749963952308439,quote_mid;trade_last;iv_solved;prev_iv_model
2026-05-15 18:15:00+00:00,13.87,20260618,C,15.0,1.85,1.95,1.9,1.95,0.0,2943900.0,1.3753188369030593,1.8999999999999986,0.045,0.0,1.9172695031508091,quote_mid;trade_last;iv_solved;prev_iv_model
2026-05-15 18:15:00+00:00,13.87,20260618,C,20.0,0.85,0.9,0.875,0.9,0.0,2943900.0,1.4696995127367405,0.8749999999999996,0.045,0.0,0.8707924773550779,quote_mid;trade_last;iv_solved;prev_iv_model
2026-05-15 18:15:10+00:00,13.895,20260618,C,15.0,1.85,2.0,1.925,1.95,0.0,2943890.0,1.3824960517271525,1.9250000000000007,0.045,0.0,1.91285348039629,quote_mid;trade_last;iv_solved;prev_iv_model
2026-05-15 18:15:10+00:00,13.895,20260618,C,20.0,0.85,0.9,0.875,0.9,0.0,2943890.0,1.4647935591800696,0.875,0.045,0.0,0.8820270907793937,quote_mid;trade_last;iv_solved;prev_iv_model
2026-05-15 18:15:20+00:00,13.905,20260618,C,15.0,1.85,2.0,1.925,1.95,0.0,2943880.0,1.3794496851453295,1.9250000000000007,0.045,0.0,1.9301588173654656,quote_mid;trade_last;iv_solved;prev_iv_model
2026-05-15 18:15:20+00:00,13.905,20260618,C,20.0,0.85,0.9,0.875,0.9,0.0,2943880.0,1.4628346640113188,0.875,0.045,0.0,0.8778065571155653,quote_mid;trade_last;iv_solved;prev_iv_model
2026-05-15 18:15:30+00:00,13.905,20260618,C,15.0,1.85,2.0,1.925,1.95,0.0,2943870.0,1.3794520723336063,1.9249999999999998,0.045,0.0,1.9249959573938362,quote_mid;trade_last;iv_solved;prev_iv_model
2026-05-15 18:15:30+00:00,13.905,20260618,C,20.0,0.85,0.9,0.875,0.9,0.0,2943870.0,1.4628371787410863,0.8750000000000013,0.045,0.0,0.8749963985290861,quote_mid;trade_last;iv_solved;prev_iv_model
2026-05-15 18:15:40+00:00,13.9,20260618,C,15.0,1.85,2.0,1.925,1.95,0.0,2943860.0,1.3809788371717029,1.924999999999999,0.045,0.0,1.9224153527037933,quote_mid;trade_last;iv_solved;prev_iv_model
2026-05-15 18:15:40+00:00,13.9,20260618,C,20.0,0.85,0.9,0.875,0.9,0.0,2943860.0,1.4638202621998548,0.8750000000000018,0.045,0.0,0.8735929614699467,quote_mid;trade_last;iv_solved;prev_iv_model
2026-05-15 18:15:50+00:00,13.88,20260618,C,15.0,1.85,1.95,1.9,1.95,0.0,2943850.0,1.3722919822825559,1.9000000000000004,0.045,0.0,1.914687179072959,quote_mid;trade_last;iv_solved;prev_iv_model
2026-05-15 18:15:50+00:00,13.88,20260618,C,20.0,0.85,0.9,0.875,0.9,0.0,2943850.0,1.4677478879296717,0.8750000000000004,0.045,0.0,0.8693915614714784,quote_mid;trade_last;iv_solved;prev_iv_model
2026-05-15 18:16:00+00:00,13.8999,20260618,C,15.0,1.85,2.0,1.925,1.95,0.0,2943840.0,1.3810141045240765,1.9250000000000007,0.045,0.0,1.910233963747749,quote_mid;trade_last;iv_solved;prev_iv_model
2026-05-15 18:16:00+00:00,13.8999,20260618,C,20.0,0.85,0.9,0.875,0.9,0.0,2943840.0,1.46384490936109,0.8749999999999996,0.045,0.0,0.8805916258599962,quote_mid;trade_last;iv_solved;prev_iv_model
2026-05-15 18:16:10+00:00,13.895,20260618,C,15.0,1.85,2.0,1.925,1.95,0.0,2943830.0,1.3825104057136226,1.924999999999999,0.045,0.0,1.92246780520406,quote_mid;trade_last;iv_solved;prev_iv_model
2026-05-15 18:16:10+00:00,13.895,20260618,C,20.0,0.85,0.9,0.875,0.9,0.0,2943830.0,1.4648086675835974,0.8750000000000004,0.045,0.0,0.8736212110300854,quote_mid;trade_last;iv_solved;prev_iv_model
2026-05-15 18:16:20+00:00,13.885,20260618,C,15.0,1.85,2.0,1.925,1.95,0.0,2943820.0,1.385561650108646,1.9250000000000016,0.045,0.0,1.9198398778511576,quote_mid;trade_last;iv_solved;prev_iv_model
2026-05-15 18:16:20+00:00,13.885,20260618,C,20.0,0.85,0.9,0.875,0.9,0.0,2943820.0,1.4667737499413915,0.8749999999999996,0.045,0.0,0.8721916569093882,quote_mid;trade_last;iv_solved;prev_iv_model
2026-05-15 18:16:30+00:00,13.89,20260618,C,15.0,1.85,2.0,1.925,1.95,0.0,2943810.0,1.3840396103779584,1.9249999999999998,0.045,0.0,1.9275748178214567,quote_mid;trade_last;iv_solved;prev_iv_model
2026-05-15 18:16:30+00:00,13.89,20260618,C,20.0,0.85,0.9,0.875,0.9,0.0,2943810.0,1.4657948460253238,0.8750000000000004,0.045,0.0,0.8764004087438093,quote_mid;trade_last;iv_solved;prev_iv_model
2026-05-15 18:16:40+00:00,13.88,20260618,C,15.0,1.85,2.0,1.925,1.95,0.0,2943800.0,1.3870909040145905,1.924999999999999,0.045,0.0,1.9198415853340878,quote_mid;trade_last;iv_solved;prev_iv_model
2026-05-15 18:16:40+00:00,13.88,20260618,C,20.0,0.85,0.9,0.875,0.9,0.0,2943800.0,1.4677605033958239,0.8750000000000004,0.045,0.0,0.872192043821642,quote_mid;trade_last;iv_solved;prev_iv_model
2026-05-15 18:16:50+00:00,13.8894,20260618,C,15.0,1.85,2.0,1.925,1.95,0.0,2943790.0,1.384227332445024,1.9250000000000016,0.045,0.0,1.9298440207524008,quote_mid;trade_last;iv_solved;prev_iv_model
2026-05-15 18:16:50+00:00,13.8894,20260618,C,20.0,0.85,0.9,0.875,0.9,0.0,2943790.0,1.465917642116882,0.8750000000000009,0.045,0.0,0.8776366953984138,quote_mid;trade_last;iv_solved;prev_iv_model
2026-05-15 18:17:00+00:00,13.88,20260618,C,15.0,1.85,2.0,1.925,1.95,0.0,2943780.0,1.3870957042222276,1.9250000000000007,0.045,0.0,1.9201508480618692,quote_mid;trade_last;iv_solved;prev_iv_model
2026-05-15 18:17:00+00:00,13.88,20260618,C,20.0,0.85,0.9,0.875,0.9,0.0,2943780.0,1.467765549671919,0.8750000000000004,0.045,0.0,0.8723601958036657,quote_mid;trade_last;iv_solved;prev_iv_model
2026-05-15 18:17:10+00:00,13.9,20260618,C,15.0,1.85,2.0,1.925,1.95,0.0,2943770.0,1.3810003455800928,1.9249999999999998,0.045,0.0,1.9353181803131934,quote_mid;trade_last;iv_solved;prev_iv_model
2026-05-15 18:17:10+00:00,13.9,20260618,C,20.0,0.85,0.9,0.875,0.9,0.0,2943770.0,1.463842910387625,0.8750000000000004,0.045,0.0,0.8806197961662359,quote_mid;trade_last;iv_solved;prev_iv_model
2026-05-15 18:17:20+00:00,13.9,20260618,C,15.0,1.85,2.0,1.925,1.95,0.0,2943760.0,1.3810027354637535,1.9249999999999998,0.045,0.0,1.9249959542891437,quote_mid;trade_last;iv_solved;prev_iv_model
2026-05-15 18:17:20+00:00,13.9,20260618,C,20.0,0.85,0.9,0.875,0.9,0.0,2943760.0,1.4638454269167882,0.875,0.045,0.0,0.8749963975578705,quote_mid;trade_last;iv_solved;prev_iv_model
2026-05-15 18:17:30+00:00,13.8952,20260618,C,15.0,1.85,2.0,1.925,1.95,0.0,2943750.0,1.3824685679654585,1.9250000000000016,0.045,0.0,1.9225193675518044,quote_mid;trade_last;iv_solved;prev_iv_model
2026-05-15 18:17:30+00:00,13.8952,20260618,C,20.0,0.85,0.9,0.875,0.9,0.0,2943750.0,1.4647895726351172,0.8750000000000031,0.045,0.0,0.8736492593685026,quote_mid;trade_last;iv_solved;prev_iv_model
2026-05-15 18:17:40+00:00,13.9008,20260618,C,15.0,1.85,2.0,1.925,1.95,0.0,2943740.0,1.380763609039708,1.924999999999999,0.045,0.0,1.927886357683895,quote_mid;trade_last;iv_solved;prev_iv_model
2026-05-15 18:17:40+00:00,13.9008,20260618,C,20.0,0.85,0.9,0.875,0.9,0.0,2943740.0,1.463693546865045,0.875,0.045,0.0,0.8765694270804922,quote_mid;trade_last;iv_solved;prev_iv_model
2026-05-15 18:17:50+00:00,13.9008,20260618,C,15.0,1.85,2.0,1.925,1.95,0.0,2943730.0,1.3807659985496747,1.9250000000000007,0.045,0.0,1.9249959547208402,quote_mid;trade_last;iv_solved;prev_iv_model
2026-05-15 18:17:50+00:00,13.9008,20260618,C,20.0,0.85,0.9,0.875,0.9,0.0,2943730.0,1.4636960631670441,0.8750000000000004,0.045,0.0,0.8749963976554374,quote_mid;trade_last;iv_solved;prev_iv_model
2026-05-15 18:18:00+00:00,13.9008,20260618,C,15.0,1.85,2.0,1.925,1.95,0.0,2943720.0,1.3807683880717403,1.9249999999999998,0.045,0.0,1.9249959547072244,quote_mid;trade_last;iv_solved;prev_iv_model
2026-05-15 18:18:00+00:00,13.9008,20260618,C,20.0,0.85,0.9,0.875,0.9,0.0,2943720.0,1.4636985794818136,0.8749999999999996,0.045,0.0,0.874996397643296,quote_mid;trade_last;iv_solved;prev_iv_model
2026-05-15 18:18:10+00:00,13.88,20260618,C,15.0,1.85,2.0,1.925,1.95,0.0,2943710.0,1.3871125053318054,1.924999999999999,0.045,0.0,1.914274826225265,quote_mid;trade_last;iv_solved;prev_iv_model
2026-05-15 18:18:10+00:00,13.88,20260618,C,20.0,0.85,0.9,0.875,0.9,0.0,2943710.0,1.467783212041617,0.875,0.045,0.0,0.8691676908881973,quote_mid;trade_last;iv_solved;prev_iv_model
2026-05-15 18:18:20+00:00,13.85,20260618,C,15.0,1.85,1.95,1.9,1.95,0.0,2943700.0,1.3814443219502857,1.9000000000000012,0.045,0.0,1.909563428628612,quote_mid;trade_last;iv_solved;prev_iv_model
2026-05-15 18:18:20+00:00,13.85,20260618,C,20.0,0.85,0.9,0.875,0.9,0.0,2943700.0,1.4736820734000493,0.8750000000000004,0.045,0.0,0.8666018943028266,quote_mid;trade_last;iv_solved;prev_iv_model
2026-05-15 18:18:30+00:00,13.82,20260618,C,15.0,1.85,1.95,1.9,1.95,0.0,2943690.0,1.3905643098237497,1.8999999999999995,0.045,0.0,1.8846438338370621,quote_mid;trade_last;iv_solved;prev_iv_model
2026-05-15 18:18:30+00:00,13.82,20260618,C,20.0,0.85,0.9,0.875,0.9,0.0,2943690.0,1.4795912562308553,0.8749999999999996,0.045,0.0,0.8666087413404742,quote_mid;trade_last;iv_solved;prev_iv_model
2026-05-15 18:18:40+00:00,13.81,20260618,C,15.0,1.85,1.95,1.9,1.95,0.0,2943680.0,1.3936061762074226,1.8999999999999995,0.045,0.0,1.8948818462245383,quote_mid;trade_last;iv_solved;prev_iv_model
2026-05-15 18:18:40+00:00,13.81,20260618,C,20.0,0.85,0.9,0.875,0.9,0.0,2943680.0,1.4815649892322758,0.8749999999999991,0.045,0.0,0.8721973646347307,quote_mid;trade_last;iv_solved;prev_iv_model
2026-05-15 18:18:50+00:00,13.8199,20260618,C,15.0,1.85,1.95,1.9,1.95,0.0,2943670.0,1.3905995153561075,1.9000000000000012,0.045,0.0,1.9050622877306909,quote_mid;trade_last;iv_solved;prev_iv_model
2026-05-15 18:18:50+00:00,13.8199,20260618,C,20.0,0.85,0.9,0.875,0.9,0.0,2943670.0,1.4796160489451995,0.8750000000000009,0.045,0.0,0.877771977388337,quote_mid;trade_last;iv_solved;prev_iv_model
2026-05-15 18:19:00+00:00,13.795,20260618,C,15.0,1.85,1.95,1.9,1.95,0.0,2943660.0,1.398170490825076,1.8999999999999995,0.045,0.0,1.8872745262695885,quote_mid;trade_last;iv_solved;prev_iv_model
2026-05-15 18:19:00+00:00,13.795,20260618,C,20.0,0.85,0.9,0.875,0.9,0.0,2943660.0,1.4845290466938015,0.8749999999999996,0.045,0.0,0.86803684037837,quote_mid;trade_last;iv_solved;prev_iv_model
2026-05-15 18:19:10+00:00,13.795,20260618,C,15.0,1.85,1.95,1.9,1.95,0.0,2943650.0,1.3981729094221924,1.8999999999999995,0.045,0.0,1.899995934889387,quote_mid;trade_last;iv_solved;prev_iv_model
2026-05-15 18:19:10+00:00,13.795,20260618,C,20.0,0.85,0.9,0.875,0.9,0.0,2943650.0,1.484531598317615,0.875,0.045,0.0,0.8749963799785201,quote_mid;trade_last;iv_solved;prev_iv_model
2026-05-15 18:19:20+00:00,13.761,20260618,C,15.0,1.85,1.9,1.875,1.95,0.0,2943640.0,1.3936026358512494,1.8750000000000018,0.045,0.0,1.8826638344836635,quote_mid;trade_last;iv_solved;prev_iv_model
2026-05-15 18:19:20+00:00,13.761,20260618,C,20.0,0.85,0.9,0.875,0.9,0.0,2943640.0,1.4912508466592636,0.8749999999999996,0.045,0.0,0.8655079865012314,quote_mid;trade_last;iv_solved;prev_iv_model
2026-05-15 18:19:30+00:00,13.76,20260618,C,15.0,1.85,1.9,1.875,1.95,0.0,2943630.0,1.3939080370825803,1.8750000000000009,0.045,0.0,1.874487906228965,quote_mid;trade_last;iv_solved;prev_iv_model
2026-05-15 18:19:30+00:00,13.76,20260618,C,20.0,0.85,0.9,0.875,0.9,0.0,2943630.0,1.4914511643295367,0.8750000000000018,0.045,0.0,0.874716666638315,quote_mid;trade_last;iv_solved;prev_iv_model
2026-05-15 18:19:40+00:00,13.76,20260618,C,15.0,1.85,1.9,1.875,1.95,0.0,2943620.0,1.3939104482925422,1.8750000000000009,0.045,0.0,1.8749959569173882,quote_mid;trade_last;iv_solved;prev_iv_model
2026-05-15 18:19:40+00:00,13.76,20260618,C,20.0,0.85,0.9,0.875,0.9,0.0,2943620.0,1.4914537276922912,0.8749999999999996,0.045,0.0,0.8749963741882576,quote_mid;trade_last;iv_solved;prev_iv_model
2026-05-15 18:19:50+00:00,13.75,20260618,C,15.0,1.85,1.9,1.875,1.95,0.0,2943610.0,1.3969428817024734,1.875,0.045,0.0,1.8699188371867175,quote_mid;trade_last;iv_solved;prev_iv_model
2026-05-15 18:19:50+00:00,13.75,20260618,C,20.0,0.85,0.9,0.875,0.9,0.0,2943610.0,1.4934344892665568,0.8750000000000009,0.045,0.0,0.8722017845802084,quote_mid;trade_last;iv_solved;prev_iv_model
2026-05-15 18:20:00+00:00,13.76,20260618,C,15.0,1.85,1.9,1.875,1.95,0.0,2943600.0,1.3939152707491034,1.8750000000000009,0.045,0.0,1.8800765919855147,quote_mid;trade_last;iv_solved;prev_iv_model
2026-05-15 18:20:00+00:00,13.76,20260618,C,20.0,0.85,0.9,0.875,0.9,0.0,2943600.0,1.4914588544568375,0.8750000000000009,0.045,0.0,0.8777955987192128,quote_mid;trade_last;iv_solved;prev_iv_model
2026-05-15 18:20:10+00:00,13.76,20260618,C,15.0,1.85,1.9,1.875,1.95,0.0,2943590.0,1.3939176819957027,1.8750000000000018,0.045,0.0,1.8749959568765542,quote_mid;trade_last;iv_solved;prev_iv_model
2026-05-15 18:20:10+00:00,13.76,20260618,C,20.0,0.85,0.9,0.875,0.9,0.0,2943590.0,1.491461417858626,0.8749999999999996,0.045,0.0,0.8749963741515896,quote_mid;trade_last;iv_solved;prev_iv_model
2026-05-15 18:20:20+00:00,13.78,20260618,C,15.0,1.85,2.0,1.925,1.95,0.0,2943580.0,1.417640643137184,1.9249999999999998,0.045,0.0,1.8851706104641721,quote_mid;trade_last;iv_solved;prev_iv_model
2026-05-15 18:20:20+00:00,13.78,20260618,C,20.0,0.85,0.9,0.875,0.9,0.0,2943580.0,1.4875110769912028,0.875,0.045,0.0,0.8806016530658218,quote_mid;trade_last;iv_solved;prev_iv_model
2026-05-15 18:20:30+00:00,13.765,20260618,C,15.0,1.85,2.0,1.925,1.95,0.0,2943570.0,1.4222191938718578,1.9250000000000016,0.045,0.0,1.9173215872784066,quote_mid;trade_last;iv_solved;prev_iv_model
2026-05-15 18:20:30+00:00,13.765,20260618,C,20.0,0.85,0.9,0.875,0.9,0.0,2943570.0,1.490477878500272,0.8750000000000018,0.045,0.0,0.8708043148301856,quote_mid;trade_last;iv_solved;prev_iv_model
2026-05-15 18:20:40+00:00,13.765,20260618,C,15.0,1.85,2.0,1.925,1.95,0.0,2943560.0,1.4222216532305962,1.9249999999999998,0.045,0.0,1.9249958756414092,quote_mid;trade_last;iv_solved;prev_iv_model
2026-05-15 18:20:40+00:00,13.765,20260618,C,20.0,0.85,0.9,0.875,0.9,0.0,2943560.0,1.4904804402680987,0.8749999999999991,0.045,0.0,0.8749963749350136,quote_mid;trade_last;iv_solved;prev_iv_model
2026-05-15 18:20:50+00:00,13.77,20260618,C,15.0,1.85,2.0,1.925,1.95,0.0,2943550.0,1.4206986840551261,1.9249999999999998,0.045,0.0,1.9275549047108873,quote_mid;trade_last;iv_solved;prev_iv_model
2026-05-15 18:20:50+00:00,13.77,20260618,C,20.0,0.85,0.9,0.875,0.9,0.0,2943550.0,1.4894946250604963,0.8749999999999987,0.045,0.0,0.8763958647440848,quote_mid;trade_last;iv_solved;prev_iv_model
2026-05-15 18:21:00+00:00,13.77,20260618,C,15.0,1.85,2.0,1.925,1.95,0.0,2943540.0,1.4207011408728625,1.9249999999999998,0.045,0.0,1.9249958784687484,quote_mid;trade_last;iv_solved;prev_iv_model
2026-05-15 18:21:00+00:00,13.77,20260618,C,20.0,0.85,0.9,0.875,0.9,0.0,2943540.0,1.489497185181822,0.8750000000000009,0.045,0.0,0.874996375731294,quote_mid;trade_last;iv_solved;prev_iv_model
2026-05-15 18:21:10+00:00,13.765,20260618,C,15.0,1.85,2.0,1.925,1.95,0.0,2943530.0,1.422229031381558,1.924999999999999,0.045,0.0,1.9224377158044081,quote_mid;trade_last;iv_solved;prev_iv_model
2026-05-15 18:21:10+00:00,13.765,20260618,C,20.0,0.85,0.9,0.875,0.9,0.0,2943530.0,1.490488125649605,0.875,0.045,0.0,0.8735980451928689,quote_mid;trade_last;iv_solved;prev_iv_model
2026-05-15 18:21:20+00:00,13.765,20260618,C,15.0,1.85,2.0,1.925,1.95,0.0,2943520.0,1.4222314907901286,1.9250000000000016,0.045,0.0,1.9249958755858554,quote_mid;trade_last;iv_solved;prev_iv_model
2026-05-15 18:21:20+00:00,13.765,20260618,C,20.0,0.85,0.9,0.875,0.9,0.0,2943520.0,1.4904906874694475,0.8749999999999996,0.045,0.0,0.8749963748861291,quote_mid;trade_last;iv_solved;prev_iv_model
2026-05-15 18:21:30+00:00,13.78,20260618,C,15.0,1.85,2.0,1.925,1.95,0.0,2943510.0,1.417657804941681,1.9249999999999998,0.045,0.0,1.9326779602123088,quote_mid;trade_last;iv_solved;prev_iv_model
2026-05-15 18:21:30+00:00,13.78,20260618,C,20.0,0.85,0.9,0.875,0.9,0.0,2943510.0,1.487528974435854,0.875,0.045,0.0,0.8791988708491272,quote_mid;trade_last;iv_solved;prev_iv_model
2026-05-15 18:21:40+00:00,13.8,20260618,C,15.0,1.85,2.0,1.925,1.95,0.0,2943500.0,1.4115594724865712,1.9250000000000016,0.045,0.0,1.9352516603976033,quote_mid;trade_last;iv_solved;prev_iv_model
2026-05-15 18:21:40+00:00,13.8,20260618,C,20.0,0.85,0.9,0.875,0.9,0.0,2943500.0,1.4835832363102344,0.8749999999999991,0.045,0.0,0.8806046035991959,quote_mid;trade_last;iv_solved;prev_iv_model
2026-05-15 18:21:50+00:00,13.8,20260618,C,15.0,1.85,2.0,1.925,1.95,0.0,2943490.0,1.4115619139737499,1.9249999999999998,0.045,0.0,1.9249958956062354,quote_mid;trade_last;iv_solved;prev_iv_model
2026-05-15 18:21:50+00:00,13.8,20260618,C,20.0,0.85,0.9,0.875,0.9,0.0,2943490.0,1.4835857864717226,0.8750000000000018,0.045,0.0,0.8749963806077603,quote_mid;trade_last;iv_solved;prev_iv_model
2026-05-15 18:22:00+00:00,13.8,20260618,C,15.0,1.85,2.0,1.925,1.95,0.0,2943480.0,1.4115643554732942,1.9249999999999998,0.045,0.0,1.9249958955924154,quote_mid;trade_last;iv_solved;prev_iv_model
2026-05-15 18:22:00+00:00,13.8,20260618,C,20.0,0.85,0.9,0.875,0.9,0.0,2943480.0,1.4835883366461524,0.8750000000000004,0.045,0.0,0.8749963805955581,quote_mid;trade_last;iv_solved;prev_iv_model
2026-05-15 18:22:10+00:00,13.765,20260618,C,15.0,1.85,2.0,1.925,1.95,0.0,2943470.0,1.4222437880198524,1.9249999999999998,0.045,0.0,1.9070900354246048,quote_mid;trade_last;iv_solved;prev_iv_model
2026-05-15 18:22:10+00:00,13.765,20260618,C,20.0,0.85,0.9,0.875,0.9,0.0,2943470.0,1.4905034967637132,0.8750000000000004,0.045,0.0,0.8652285717990718,quote_mid;trade_last;iv_solved;prev_iv_model
2026-05-15 18:22:20+00:00,13.765,20260618,C,15.0,1.85,2.0,1.925,1.95,0.0,2943460.0,1.4222462475031712,1.9249999999999998,0.045,0.0,1.9249958755025247,quote_mid;trade_last;iv_solved;prev_iv_model
2026-05-15 18:22:20+00:00,13.765,20260618,C,20.0,0.85,0.9,0.875,0.9,0.0,2943460.0,1.4905060586615786,0.8749999999999987,0.045,0.0,0.8749963748128011,quote_mid;trade_last;iv_solved;prev_iv_model
2026-05-15 18:22:30+00:00,13.75,20260618,C,15.0,1.85,2.0,1.925,1.95,0.0,2943450.0,1.4268254313867126,1.9250000000000007,0.045,0.0,1.9173287929738745,quote_mid;trade_last;iv_solved;prev_iv_model
2026-05-15 18:22:30+00:00,13.75,20260618,C,20.0,0.85,0.9,0.875,0.9,0.0,2943450.0,1.493475558609361,0.8749999999999991,0.045,0.0,0.8708059576621641,quote_mid;trade_last;iv_solved;prev_iv_model
2026-05-15 18:22:40+00:00,13.775,20260618,C,15.0,1.85,2.0,1.925,1.95,0.0,2943440.0,1.419200310558972,1.924999999999999,0.045,0.0,1.9377956700174321,quote_mid;trade_last;iv_solved;prev_iv_model
2026-05-15 18:22:40+00:00,13.775,20260618,C,20.0,0.85,0.9,0.875,0.9,0.0,2943440.0,1.4885346839091604,0.8749999999999996,0.045,0.0,0.8820044932711957,quote_mid;trade_last;iv_solved;prev_iv_model
2026-05-15 18:22:50+00:00,13.775,20260618,C,15.0,1.85,2.0,1.925,1.95,0.0,2943430.0,1.4192027649476975,1.924999999999999,0.045,0.0,1.9249958811749002,quote_mid;trade_last;iv_solved;prev_iv_model
2026-05-15 18:22:50+00:00,13.775,20260618,C,20.0,0.85,0.9,0.875,0.9,0.0,2943430.0,1.4885372425013315,0.8749999999999969,0.045,0.0,0.8749963764182707,quote_mid;trade_last;iv_solved;prev_iv_model
2026-05-15 18:23:00+00:00,13.775,20260618,C,15.0,1.85,2.0,1.925,1.95,0.0,2943420.0,1.4192052193488554,1.9249999999999998,0.045,0.0,1.9249958811610313,quote_mid;trade_last;iv_solved;prev_iv_model
2026-05-15 18:23:00+00:00,13.775,20260618,C,20.0,0.85,0.9,0.875,0.9,0.0,2943420.0,1.4885398011064908,0.8750000000000004,0.045,0.0,0.8749963764060564,quote_mid;trade_last;iv_solved;prev_iv_model
2026-05-15 18:23:10+00:00,13.77,20260618,C,15.0,1.85,2.0,1.925,1.95,0.0,2943410.0,1.420733080635948,1.9250000000000016,0.045,0.0,1.9224369163801898,quote_mid;trade_last;iv_solved;prev_iv_model
2026-05-15 18:23:10+00:00,13.77,20260618,C,20.0,0.85,0.9,0.875,0.9,0.0,2943410.0,1.4895304679416173,0.8749999999999991,0.045,0.0,0.8735978628329604,quote_mid;trade_last;iv_solved;prev_iv_model
2026-05-15 18:23:20+00:00,13.78,20260618,C,15.0,1.85,2.0,1.925,1.95,0.0,2943400.0,1.4176847747210841,1.9250000000000016,0.045,0.0,1.9301172058240166,quote_mid;trade_last;iv_solved;prev_iv_model
2026-05-15 18:23:20+00:00,13.78,20260618,C,20.0,0.85,0.9,0.875,0.9,0.0,2943400.0,1.487557100276586,0.8750000000000009,0.045,0.0,0.8777970639326944,quote_mid;trade_last;iv_solved;prev_iv_model
2026-05-15 18:23:30+00:00,13.78,20260618,C,15.0,1.85,2.0,1.925,1.95,0.0,2943390.0,1.417687226593729,1.9250000000000016,0.045,0.0,1.9249958839818948,quote_mid;trade_last;iv_solved;prev_iv_model
2026-05-15 18:23:30+00:00,13.78,20260618,C,20.0,0.85,0.9,0.875,0.9,0.0,2943390.0,1.4875596572490708,0.8749999999999987,0.045,0.0,0.8749963771914238,quote_mid;trade_last;iv_solved;prev_iv_model
2026-05-15 18:23:40+00:00,13.78,20260618,C,15.0,1.85,2.0,1.925,1.95,0.0,2943380.0,1.4176896784787938,1.924999999999999,0.045,0.0,1.9249958839680321,quote_mid;trade_last;iv_solved;prev_iv_model
2026-05-15 18:23:40+00:00,13.78,20260618,C,20.0,0.85,0.9,0.875,0.9,0.0,2943380.0,1.4875622142345373,0.8750000000000004,0.045,0.0,0.8749963771792082,quote_mid;trade_last;iv_solved;prev_iv_model
2026-05-15 18:23:50+00:00,13.7701,20260618,C,15.0,1.85,2.0,1.925,1.95,0.0,2943370.0,1.420712399776718,1.9250000000000007,0.045,0.0,1.9199291618085876,quote_mid;trade_last;iv_solved;prev_iv_model
2026-05-15 18:23:50+00:00,13.7701,20260618,C,20.0,0.85,0.9,0.875,0.9,0.0,2943370.0,1.4895209440723418,0.875,0.045,0.0,0.8722282600994444,quote_mid;trade_last;iv_solved;prev_iv_model
2026-05-15 18:24:00+00:00,13.79,20260618,C,15.0,1.85,2.0,1.925,1.95,0.0,2943360.0,1.4146440162199547,1.9250000000000007,0.045,0.0,1.9351939505926152,quote_mid;trade_last;iv_solved;prev_iv_model
2026-05-15 18:24:00+00:00,13.79,20260618,C,20.0,0.85,0.9,0.875,0.9,0.0,2943360.0,1.4855925526378728,0.875,0.045,0.0,0.8805750507474639,quote_mid;trade_last;iv_solved;prev_iv_model
2026-05-15 18:24:10+00:00,13.79,20260618,C,15.0,1.85,2.0,1.925,1.95,0.0,2943350.0,1.4146464630109916,1.9249999999999998,0.045,0.0,1.9249958896623314,quote_mid;trade_last;iv_solved;prev_iv_model
2026-05-15 18:24:10+00:00,13.79,20260618,C,20.0,0.85,0.9,0.875,0.9,0.0,2943350.0,1.4855951063204356,0.8749999999999996,0.045,0.0,0.8749963787884991,quote_mid;trade_last;iv_solved;prev_iv_model
2026-05-15 18:24:20+00:00,13.78,20260618,C,15.0,1.85,2.0,1.925,1.95,0.0,2943340.0,1.4176994861432584,1.9250000000000016,0.045,0.0,1.9198747926143929,quote_mid;trade_last;iv_solved;prev_iv_model
2026-05-15 18:24:20+00:00,13.78,20260618,C,20.0,0.85,0.9,0.875,0.9,0.0,2943340.0,1.4875724423061953,0.875,0.045,0.0,0.8721995914290686,quote_mid;trade_last;iv_solved;prev_iv_model
2026-05-15 18:24:30+00:00,13.76,20260618,C,15.0,1.85,2.0,1.925,1.9,1.0,2943330.0,1.423803766139467,1.924999999999999,0.045,0.0,1.914766835553669,quote_mid;trade_last;iv_solved;prev_iv_model
2026-05-15 18:24:30+00:00,13.76,20260618,C,20.0,0.85,0.9,0.875,0.9,0.0,2943330.0,1.491528070872473,0.8750000000000009,0.045,0.0,0.8694096484276099,quote_mid;trade_last;iv_solved;prev_iv_model
2026-05-15 18:24:40+00:00,13.76,20260618,C,15.0,1.85,2.0,1.925,1.9,0.0,2943320.0,1.42380622836358,1.924999999999999,0.045,0.0,1.9249958724563285,quote_mid;trade_last;iv_solved;prev_iv_model
2026-05-15 18:24:40+00:00,13.76,20260618,C,20.0,0.85,0.9,0.875,0.9,0.0,2943320.0,1.491530634625608,0.8750000000000004,0.045,0.0,0.8749963738215336,quote_mid;trade_last;iv_solved;prev_iv_model
2026-05-15 18:24:50+00:00,13.76,20260618,C,15.0,1.85,2.0,1.925,1.9,0.0,2943310.0,1.4238086906001675,1.9250000000000007,0.045,0.0,1.9249958724424276,quote_mid;trade_last;iv_solved;prev_iv_model
2026-05-15 18:24:50+00:00,13.76,20260618,C,20.0,0.85,0.9,0.875,0.9,0.0,2943310.0,1.4915331983917581,0.875,0.045,0.0,0.8749963738093047,quote_mid;trade_last;iv_solved;prev_iv_model
2026-05-15 18:25:00+00:00,13.75,20260618,C,15.0,1.85,2.0,1.925,1.9,0.0,2943300.0,1.4268624408089594,1.9250000000000007,0.045,0.0,1.9198844129230768,quote_mid;trade_last;iv_solved;prev_iv_model
2026-05-15 18:25:00+00:00,13.75,20260618,C,20.0,0.85,0.9,0.875,0.9,0.0,2943300.0,1.4935140641477096,0.8750000000000013,0.045,0.0,0.8722017852853132,quote_mid;trade_last;iv_solved;prev_iv_model
2026-05-15 18:25:10+00:00,13.76,20260618,C,15.0,1.85,2.0,1.925,1.9,0.0,2943290.0,1.423813615110761,1.9249999999999998,0.045,0.0,1.930110801218615,quote_mid;trade_last;iv_solved;prev_iv_model
2026-05-15 18:25:10+00:00,13.76,20260618,C,20.0,0.85,0.9,0.875,0.9,0.0,2943290.0,1.491538325963102,0.8749999999999982,0.045,0.0,0.8777955972540377,quote_mid;trade_last;iv_solved;prev_iv_model
2026-05-15 18:25:20+00:00,13.76,20260618,C,15.0,1.85,1.95,1.9,1.9,0.0,2943280.0,1.4089034724612883,1.8999999999999995,0.045,0.0,1.9249958724007286,quote_mid;trade_last;iv_solved;prev_iv_model
2026-05-15 18:25:20+00:00,13.76,20260618,C,20.0,0.85,0.9,0.875,0.9,0.0,2943280.0,1.491540889768297,0.8749999999999991,0.045,0.0,0.8749963737726283,quote_mid;trade_last;iv_solved;prev_iv_model
2026-05-15 18:25:30+00:00,13.76,20260618,C,15.0,1.85,1.95,1.9,1.9,0.0,2943270.0,1.408905909422539,1.9000000000000012,0.045,0.0,1.8999959143750447,quote_mid;trade_last;iv_solved;prev_iv_model
2026-05-15 18:25:30+00:00,13.76,20260618,C,20.0,0.85,0.9,0.875,0.9,0.0,2943270.0,1.4915434535865062,0.8750000000000009,0.045,0.0,0.8749963737604034,quote_mid;trade_last;iv_solved;prev_iv_model
2026-05-15 18:25:40+00:00,13.73,20260618,C,15.0,1.85,1.95,1.9,1.9,0.0,2943260.0,1.4180313816133827,1.8999999999999986,0.045,0.0,1.8847330161192488,quote_mid;trade_last;iv_solved;prev_iv_model
2026-05-15 18:25:40+00:00,13.73,20260618,C,20.0,0.85,0.9,0.875,0.9,0.0,2943260.0,1.4974844910662855,0.8749999999999996,0.045,0.0,0.8666287030510658,quote_mid;trade_last;iv_solved;prev_iv_model
2026-05-15 18:25:50+00:00,13.72,20260618,C,15.0,1.85,1.95,1.9,1.9,0.0,2943250.0,1.4210753444610154,1.8999999999999995,0.045,0.0,1.8949111526482048,quote_mid;trade_last;iv_solved;prev_iv_model
2026-05-15 18:25:50+00:00,13.72,20260618,C,20.0,0.85,0.9,0.875,0.9,0.0,2943250.0,1.4994689172967663,0.8750000000000009,0.045,0.0,0.8722039471185163,quote_mid;trade_last;iv_solved;prev_iv_model
2026-05-15 18:26:00+00:00,13.73,20260618,C,15.0,1.85,1.95,1.9,1.9,0.0,2943240.0,1.4180362862927027,1.8999999999999995,0.045,0.0,1.9050841570156738,quote_mid;trade_last;iv_solved;prev_iv_model
2026-05-15 18:26:00+00:00,13.73,20260618,C,20.0,0.85,0.9,0.875,0.9,0.0,2943240.0,1.4974896388681023,0.8750000000000009,0.045,0.0,0.8777934245554313,quote_mid;trade_last;iv_solved;prev_iv_model
2026-05-15 18:26:10+00:00,13.715,20260618,C,15.0,1.85,1.95,1.9,1.9,0.0,2943230.0,1.4226011195524166,1.9000000000000004,0.045,0.0,1.8923712967144857,quote_mid;trade_last;iv_solved;prev_iv_model
2026-05-15 18:26:10+00:00,13.715,20260618,C,20.0,0.85,0.9,0.875,0.9,0.0,2943230.0,1.500465445147745,0.8750000000000009,0.045,0.0,0.8708097440011282,quote_mid;trade_last;iv_solved;prev_iv_model
2026-05-15 18:26:20+00:00,13.7009,20260618,C,15.0,1.85,1.95,1.9,1.9,0.0,2943220.0,1.4268927873635038,1.8999999999999995,0.045,0.0,1.8928350418986,quote_mid;trade_last;iv_solved;prev_iv_model
2026-05-15 18:26:20+00:00,13.7009,20260618,C,20.0,0.75,0.85,0.8,0.85,22.0,2943220.0,1.4493604010861416,0.8000000000000016,0.045,0.0,0.8710621083312979,quote_mid;trade_last;iv_solved;prev_iv_model
2026-05-15 18:26:30+00:00,13.7009,20260618,C,15.0,1.85,1.95,1.9,1.9,0.0,2943210.0,1.4268952546396112,1.8999999999999995,0.045,0.0,1.899995880928711,quote_mid;trade_last;iv_solved;prev_iv_model
2026-05-15 18:26:30+00:00,13.7009,20260618,C,20.0,0.75,0.9,0.825,0.85,0.0,2943210.0,1.4674718782746927,0.8250000000000006,0.045,0.0,0.79999657406881,quote_mid;trade_last;iv_solved;prev_iv_model
2026-05-15 18:26:40+00:00,13.7099,20260618,C,15.0,1.85,1.95,1.9,1.9,0.0,2943200.0,1.4241598556443482,1.8999999999999986,0.045,0.0,1.9045695863977157,quote_mid;trade_last;iv_solved;prev_iv_model
2026-05-15 18:26:40+00:00,13.7099,20260618,C,20.0,0.75,0.9,0.825,0.85,0.0,2943200.0,1.4657162639819061,0.8249999999999997,0.045,0.0,0.8274363125571975,quote_mid;trade_last;iv_solved;prev_iv_model
2026-05-15 18:26:50+00:00,13.71,20260618,C,15.0,1.85,1.95,1.9,1.9,0.0,2943190.0,1.4241318988469773,1.9000000000000004,0.045,0.0,1.9000467035118502,quote_mid;trade_last;iv_solved;prev_iv_model
2026-05-15 18:26:50+00:00,13.71,20260618,C,20.0,0.75,0.9,0.825,0.85,0.0,2943190.0,1.4656992541151137,0.8250000000000002,0.045,0.0,0.8250235961857562,quote_mid;trade_last;iv_solved;prev_iv_model
2026-05-15 18:27:00+00:00,13.69,20260618,C,15.0,1.75,1.95,1.85,1.85,3.0,2943180.0,1.4002480326681277,1.8500000000000005,0.045,0.0,1.8898457581685353,quote_mid;trade_last;iv_solved;prev_iv_model
2026-05-15 18:27:00+00:00,13.69,20260618,C,20.0,0.75,0.9,0.825,0.85,0.0,2943180.0,1.469610016165121,0.8249999999999997,0.045,0.0,0.8195890275207733,quote_mid;trade_last;iv_solved;prev_iv_model
2026-05-15 18:27:10+00:00,13.69,20260618,C,15.0,1.75,1.95,1.85,1.85,0.0,2943170.0,1.4002504546673005,1.8499999999999996,0.045,0.0,1.849995959176824,quote_mid;trade_last;iv_solved;prev_iv_model
2026-05-15 18:27:10+00:00,13.69,20260618,C,20.0,0.75,0.9,0.825,0.85,0.0,2943170.0,1.4696125425030067,0.8249999999999997,0.045,0.0,0.824996501521789,quote_mid;trade_last;iv_solved;prev_iv_model
2026-05-15 18:27:20+00:00,13.69,20260618,C,15.0,1.75,1.95,1.85,1.85,0.0,2943160.0,1.4002528766787425,1.8499999999999996,0.045,0.0,1.849995959163218,quote_mid;trade_last;iv_solved;prev_iv_model
2026-05-15 18:27:20+00:00,13.69,20260618,C,20.0,0.75,0.9,0.825,0.85,0.0,2943160.0,1.4696150688537166,0.8250000000000002,0.045,0.0,0.8249965015099954,quote_mid;trade_last;iv_solved;prev_iv_model
2026-05-15 18:27:30+00:00,13.69,20260618,C,15.0,1.75,1.95,1.85,1.85,0.0,2943150.0,1.400255298702454,1.8499999999999996,0.045,0.0,1.849995959149612,quote_mid;trade_last;iv_solved;prev_iv_model
2026-05-15 18:27:30+00:00,13.69,20260618,C,20.0,0.75,0.9,0.825,0.85,0.0,2943150.0,1.4696175952172532,0.8250000000000006,0.045,0.0,0.8249965014981986,quote_mid;trade_last;iv_solved;prev_iv_model
2026-05-15 18:27:40+00:00,13.67,20260618,C,15.0,1.75,1.95,1.85,1.85,0.0,2943140.0,1.4063002714096986,1.8500000000000014,0.045,0.0,1.8399292316486946,quote_mid;trade_last;iv_solved;prev_iv_model
2026-05-15 18:27:40+00:00,13.67,20260618,C,20.0,0.75,0.9,0.825,0.85,0.0,2943140.0,1.4735330620653366,0.8250000000000002,0.045,0.0,0.81959190261166,quote_mid;trade_last;iv_solved;prev_iv_model
2026-05-15 18:27:50+00:00,13.67,20260618,C,15.0,1.75,1.95,1.85,1.85,0.0,2943130.0,1.4063027036247306,1.8499999999999988,0.045,0.0,1.849995948028348,quote_mid;trade_last;iv_solved;prev_iv_model
2026-05-15 18:27:50+00:00,13.67,20260618,C,20.0,0.75,0.9,0.825,0.85,0.0,2943130.0,1.4735355950772906,0.8250000000000002,0.045,0.0,0.8249964983536016,quote_mid;trade_last;iv_solved;prev_iv_model
2026-05-15 18:28:00+00:00,13.67,20260618,C,15.0,1.75,1.95,1.85,1.85,0.0,2943120.0,1.4063051358520862,1.8500000000000005,0.045,0.0,1.8499959480147004,quote_mid;trade_last;iv_solved;prev_iv_model
2026-05-15 18:28:00+00:00,13.67,20260618,C,20.0,0.75,0.9,0.825,0.85,0.0,2943120.0,1.4735381281021023,0.8250000000000006,0.045,0.0,0.8249964983417963,quote_mid;trade_last;iv_solved;prev_iv_model
2026-05-15 18:28:10+00:00,13.67,20260618,C,15.0,1.75,1.95,1.85,1.85,0.0,2943110.0,1.4063075680917634,1.8499999999999988,0.045,0.0,1.849995948001057,quote_mid;trade_last;iv_solved;prev_iv_model
2026-05-15 18:28:10+00:00,13.67,20260618,C,20.0,0.75,0.9,0.825,0.85,0.0,2943110.0,1.4735406611397743,0.8249999999999997,0.045,0.0,0.8249964983299907,quote_mid;trade_last;iv_solved;prev_iv_model
2026-05-15 18:28:20+00:00,13.68,20260618,C,15.0,1.75,1.95,1.85,1.85,0.0,2943100.0,1.4032885713375864,1.8499999999999996,0.045,0.0,1.8550331223740057,quote_mid;trade_last;iv_solved;prev_iv_model
2026-05-15 18:28:20+00:00,13.68,20260618,C,20.0,0.75,0.9,0.825,0.85,0.0,2943100.0,1.4715861252483404,0.8250000000000002,0.045,0.0,0.8277054409615694,quote_mid;trade_last;iv_solved;prev_iv_model
2026-05-15 18:28:30+00:00,13.66,20260618,C,15.0,1.75,1.95,1.85,1.85,0.0,2943090.0,1.4093341460359836,1.8499999999999988,0.045,0.0,1.8399356245306135,quote_mid;trade_last;iv_solved;prev_iv_model
2026-05-15 18:28:30+00:00,13.66,20260618,C,20.0,0.75,0.9,0.825,0.85,0.0,2943090.0,1.475503973430195,0.8249999999999997,0.045,0.0,0.8195933298782112,quote_mid;trade_last;iv_solved;prev_iv_model
2026-05-15 18:28:40+00:00,13.66,20260618,C,15.0,1.75,1.95,1.85,1.85,0.0,2943080.0,1.4093365833971672,1.8499999999999996,0.045,0.0,1.849995942433881,quote_mid;trade_last;iv_solved;prev_iv_model
2026-05-15 18:28:40+00:00,13.66,20260618,C,20.0,0.75,0.9,0.825,0.8,2.0,2943080.0,1.475506509820931,0.8249999999999997,0.045,0.0,0.8249964967375867,quote_mid;trade_last;iv_solved;prev_iv_model
2026-05-15 18:28:50+00:00,13.665,20260618,C,15.0,1.75,1.95,1.85,1.85,0.0,2943070.0,1.4078281232658538,1.8500000000000014,0.045,0.0,1.8525120922510787,quote_mid;trade_last;iv_solved;prev_iv_model
2026-05-15 18:28:50+00:00,13.665,20260618,C,20.0,0.75,0.9,0.825,0.8,0.0,2943070.0,1.4745297728934457,0.8250000000000015,0.045,0.0,0.8263499393727782,quote_mid;trade_last;iv_solved;prev_iv_model
2026-05-15 18:29:00+00:00,13.665,20260618,C,15.0,1.75,1.95,1.85,1.85,0.0,2943060.0,1.4078305581093513,1.8499999999999996,0.045,0.0,1.8499959451679588,quote_mid;trade_last;iv_solved;prev_iv_model
2026-05-15 18:29:00+00:00,13.665,20260618,C,20.0,0.75,0.9,0.825,0.8,0.0,2943060.0,1.4745323076524235,0.8249999999999993,0.045,0.0,0.8249964974921666,quote_mid;trade_last;iv_solved;prev_iv_model
2026-05-15 18:29:10+00:00,13.665,20260618,C,15.0,1.75,1.95,1.85,1.85,0.0,2943050.0,1.4078329929651852,1.8500000000000014,0.045,0.0,1.849995945154303,quote_mid;trade_last;iv_solved;prev_iv_model
2026-05-15 18:29:10+00:00,13.665,20260618,C,20.0,0.75,0.9,0.825,0.8,0.0,2943050.0,1.4745348424242701,0.8250000000000006,0.045,0.0,0.8249964974803583,quote_mid;trade_last;iv_solved;prev_iv_model
2026-05-15 18:29:20+00:00,13.6709,20260618,C,15.0,1.75,1.95,1.85,1.85,0.0,2943040.0,1.4060526515075993,1.8499999999999996,0.045,0.0,1.8529661179165053,quote_mid;trade_last;iv_solved;prev_iv_model
2026-05-15 18:29:20+00:00,13.6709,20260618,C,20.0,0.75,0.9,0.825,0.8,0.0,2943040.0,1.4733822067421478,0.8249999999999997,0.045,0.0,0.8265939123638848,quote_mid;trade_last;iv_solved;prev_iv_model
2026-05-15 18:29:30+00:00,13.68,20260618,C,15.0,1.75,1.95,1.85,1.85,0.0,2943030.0,1.4033055618592698,1.8499999999999996,0.045,0.0,1.8545797596393587,quote_mid;trade_last;iv_solved;prev_iv_model
2026-05-15 18:29:30+00:00,13.68,20260618,C,20.0,0.75,0.9,0.825,0.8,0.0,2943030.0,1.471603833774584,0.8249999999999997,0.045,0.0,0.8274614741912285,quote_mid;trade_last;iv_solved;prev_iv_model
2026-05-15 18:29:40+00:00,13.68,20260618,C,15.0,1.75,1.95,1.85,1.85,0.0,2943020.0,1.403307989125841,1.8500000000000014,0.045,0.0,1.8499959534185022,quote_mid;trade_last;iv_solved;prev_iv_model
2026-05-15 18:29:40+00:00,13.68,20260618,C,20.0,0.75,0.9,0.825,0.8,0.0,2943020.0,1.4716063636154204,0.8249999999999997,0.045,0.0,0.8249964997831176,quote_mid;trade_last;iv_solved;prev_iv_model
2026-05-15 18:29:50+00:00,13.685,20260618,C,15.0,1.75,1.95,1.85,1.85,0.0,2943010.0,1.4017997798228299,1.8499999999999996,0.045,0.0,1.8525152883879397,quote_mid;trade_last;iv_solved;prev_iv_model
2026-05-15 18:29:50+00:00,13.685,20260618,C,20.0,0.75,0.9,0.825,0.8,0.0,2943010.0,1.4706307833811936,0.8250000000000002,0.045,0.0,0.8263506562755749,quote_mid;trade_last;iv_solved;prev_iv_model
2026-05-15 18:30:00+00:00,13.66,20260618,C,15.0,1.75,1.95,1.85,1.85,0.0,2943000.0,1.409356082731187,1.8500000000000005,0.045,0.0,1.8374208127795315,quote_mid;trade_last;iv_solved;prev_iv_model
2026-05-15 18:30:00+00:00,13.66,20260618,C,20.0,0.75,0.9,0.825,0.8,0.0,2943000.0,1.4755268014103868,0.8250000000000002,0.045,0.0,0.8182450115522029,quote_mid;trade_last;iv_solved;prev_iv_model
2026-05-15 18:30:10+00:00,13.6605,20260618,C,15.0,1.75,1.95,1.85,1.85,0.0,2942990.0,1.4092074251605928,1.8499999999999996,0.045,0.0,1.8502474809610865,quote_mid;trade_last;iv_solved;prev_iv_model
2026-05-15 18:30:10+00:00,13.6605,20260618,C,20.0,0.75,0.9,0.825,0.8,0.0,2942990.0,1.4754313960234424,0.8250000000000006,0.045,0.0,0.8251317804050382,quote_mid;trade_last;iv_solved;prev_iv_model
2026-05-15 18:30:20+00:00,13.6595,20260618,C,15.0,1.75,1.95,1.85,1.85,0.0,2942980.0,1.409512053715233,1.8500000000000005,0.045,0.0,1.849492900325365,quote_mid;trade_last;iv_solved;prev_iv_model
2026-05-15 18:30:20+00:00,13.6595,20260618,C,20.0,0.75,0.9,0.825,0.8,0.0,2942980.0,1.4756298194382476,0.8250000000000002,0.045,0.0,0.8247259659222843,quote_mid;trade_last;iv_solved;prev_iv_model
2026-05-15 18:30:30+00:00,13.6595,20260618,C,15.0,1.75,1.95,1.85,1.85,0.0,2942970.0,1.4095144914665143,1.8499999999999988,0.045,0.0,1.8499959420076122,quote_mid;trade_last;iv_solved;prev_iv_model
2026-05-15 18:30:30+00:00,13.6595,20260618,C,20.0,0.75,0.9,0.825,0.8,0.0,2942970.0,1.475632356136419,0.8250000000000006,0.045,0.0,0.8249964965298666,quote_mid;trade_last;iv_solved;prev_iv_model
2026-05-15 18:30:40+00:00,13.665,20260618,C,15.0,1.75,1.95,1.85,1.85,0.0,2942960.0,1.407854907222808,1.8499999999999988,0.045,0.0,1.8527637124358076,quote_mid;trade_last;iv_solved;prev_iv_model
2026-05-15 18:30:40+00:00,13.665,20260618,C,20.0,0.75,0.9,0.825,0.8,0.0,2942960.0,1.4745576559499773,0.8250000000000011,0.045,0.0,0.8264853376043657,quote_mid;trade_last;iv_solved;prev_iv_model
2026-05-15 18:30:50+00:00,13.685,20260618,C,15.0,1.75,1.95,1.85,1.85,0.0,2942950.0,1.4018143285034044,1.8500000000000005,0.045,0.0,1.8600738907291623,quote_mid;trade_last;iv_solved;prev_iv_model
2026-05-15 18:30:50+00:00,13.685,20260618,C,20.0,0.75,0.9,0.825,0.8,0.0,2942950.0,1.470645952839556,0.824999999999998,0.045,0.0,0.8304190464019401,quote_mid;trade_last;iv_solved;prev_iv_model
2026-05-15 18:31:00+00:00,13.665,20260618,C,15.0,1.75,1.95,1.85,1.85,0.0,2942940.0,1.4078597771935364,1.8500000000000005,0.045,0.0,1.8399324349546031,quote_mid;trade_last;iv_solved;prev_iv_model
2026-05-15 18:31:00+00:00,13.665,20260618,C,20.0,0.75,0.9,0.825,0.8,0.0,2942940.0,1.4745627257639171,0.8250000000000002,0.045,0.0,0.8195926181046937,quote_mid;trade_last;iv_solved;prev_iv_model
2026-05-15 18:31:10+00:00,13.63,20260618,C,15.0,1.75,1.95,1.85,1.85,0.0,2942930.0,1.4184403314134886,1.8500000000000005,0.045,0.0,1.8324248990852317,quote_mid;trade_last;iv_solved;prev_iv_model
2026-05-15 18:31:10+00:00,13.63,20260618,C,20.0,0.75,0.9,0.825,0.8,0.0,2942930.0,1.4814265286318302,0.8250000000000006,0.045,0.0,0.8155587878956472,quote_mid;trade_last;iv_solved;prev_iv_model
2026-05-15 18:31:20+00:00,13.64,20260618,C,15.0,1.75,1.95,1.85,1.85,0.0,2942920.0,1.4154200709740756,1.8499999999999996,0.045,0.0,1.8550204821950453,quote_mid;trade_last;iv_solved;prev_iv_model
2026-05-15 18:31:20+00:00,13.64,20260618,C,20.0,0.75,0.9,0.825,0.8,0.0,2942920.0,1.4794672327584912,0.8250000000000006,0.045,0.0,0.8277026019968772,quote_mid;trade_last;iv_solved;prev_iv_model
2026-05-15 18:31:30+00:00,13.61,20260618,C,15.0,1.75,1.95,1.85,1.85,0.0,2942910.0,1.4244916742003673,1.8499999999999996,0.045,0.0,1.8349534803049883,quote_mid;trade_last;iv_solved;prev_iv_model
2026-05-15 18:31:30+00:00,13.61,20260618,C,20.0,0.75,0.9,0.825,0.8,0.0,2942910.0,1.485358874241633,0.8249999999999997,0.045,0.0,0.8169082555903815,quote_mid;trade_last;iv_solved;prev_iv_model
2026-05-15 18:31:40+00:00,13.62,20260618,C,15.0,1.75,1.95,1.85,1.85,0.0,2942900.0,1.4214707427040154,1.8500000000000005,0.045,0.0,1.855014262709747,quote_mid;trade_last;iv_solved;prev_iv_model
2026-05-15 18:31:40+00:00,13.62,20260618,C,20.0,0.75,0.9,0.825,0.8,0.0,2942900.0,1.4833972033929879,0.8250000000000015,0.045,0.0,0.8277012036443101,quote_mid;trade_last;iv_solved;prev_iv_model
2026-05-15 18:31:50+00:00,13.62,20260618,C,15.0,1.75,1.95,1.85,1.85,0.0,2942890.0,1.4214732006472195,1.8499999999999996,0.045,0.0,1.8499959202056582,quote_mid;trade_last;iv_solved;prev_iv_model
2026-05-15 18:31:50+00:00,13.62,20260618,C,20.0,0.75,0.9,0.825,0.8,0.0,2942890.0,1.4833997533078658,0.8250000000000002,0.045,0.0,0.8249964903083429,quote_mid;trade_last;iv_solved;prev_iv_model
2026-05-15 18:32:00+00:00,13.66,20260618,C,15.0,1.75,1.95,1.85,1.85,0.0,2942880.0,1.40938533321415,1.8499999999999996,0.045,0.0,1.8701221172609772,quote_mid;trade_last;iv_solved;prev_iv_model
2026-05-15 18:32:00+00:00,13.66,20260618,C,20.0,0.75,0.9,0.825,0.8,0.0,2942880.0,1.4755572403398856,0.8249999999999997,0.045,0.0,0.8358503065072336,quote_mid;trade_last;iv_solved;prev_iv_model
2026-05-15 18:32:10+00:00,13.66,20260618,C,15.0,1.75,1.95,1.85,1.85,0.0,2942870.0,1.4093877708346731,1.8500000000000023,0.045,0.0,1.8499959421469168,quote_mid;trade_last;iv_solved;prev_iv_model
2026-05-15 18:32:10+00:00,13.66,20260618,C,20.0,0.75,0.9,0.825,0.8,0.0,2942870.0,1.4755597770010525,0.8250000000000006,0.045,0.0,0.8249964964895331,quote_mid;trade_last;iv_solved;prev_iv_model
2026-05-15 18:32:20+00:00,13.66,20260618,C,15.0,1.75,1.85,1.8,1.85,0.0,2942860.0,1.379354949876527,1.7999999999999998,0.045,0.0,1.8499959421332495,quote_mid;trade_last;iv_solved;prev_iv_model
2026-05-15 18:32:20+00:00,13.66,20260618,C,20.0,0.75,0.9,0.825,0.8,0.0,2942860.0,1.4755623136750975,0.8250000000000006,0.045,0.0,0.824996496477719,quote_mid;trade_last;iv_solved;prev_iv_model
2026-05-15 18:32:30+00:00,13.65,20260618,C,15.0,1.75,1.95,1.85,1.8,30.0,2942850.0,1.4124147735304158,1.8499999999999996,0.045,0.0,1.7950052263626999,quote_mid;trade_last;iv_solved;prev_iv_model
2026-05-15 18:32:30+00:00,13.65,20260618,C,20.0,0.75,0.9,0.825,0.8,0.0,2942850.0,1.4775243530642221,0.8249999999999997,0.045,0.0,0.8222936433723484,quote_mid;trade_last;iv_solved;prev_iv_model
2026-05-15 18:32:40+00:00,13.68,20260618,C,15.0,1.8,1.95,1.875,1.8,0.0,2942840.0,1.418348285373614,1.875,0.045,0.0,1.8651087290145565,quote_mid;trade_last;iv_solved;prev_iv_model
2026-05-15 18:32:40+00:00,13.68,20260618,C,20.0,0.75,0.9,0.825,0.8,0.0,2942840.0,1.4716519029467916,0.8250000000000002,0.045,0.0,0.8331351717623505,quote_mid;trade_last;iv_solved;prev_iv_model
2026-05-15 18:32:50+00:00,13.6788,20260618,C,15.0,1.8,1.95,1.875,1.8,0.0,2942830.0,1.4187146111837632,1.875,0.045,0.0,1.8743893886984928,quote_mid;trade_last;iv_solved;prev_iv_model
2026-05-15 18:32:50+00:00,13.6788,20260618,C,20.0,0.75,0.9,0.825,0.8,0.0,2942830.0,1.4718892301511999,0.8249999999999993,0.045,0.0,0.824671702338815,quote_mid;trade_last;iv_solved;prev_iv_model
2026-05-15 18:33:00+00:00,13.68,20260618,C,15.0,1.75,1.9,1.825,1.85,1.0,2942820.0,1.3883605048680665,1.8249999999999993,0.045,0.0,1.8756024839354826,quote_mid;trade_last;iv_solved;prev_iv_model
2026-05-15 18:33:00+00:00,13.68,20260618,C,20.0,0.75,0.9,0.825,0.8,0.0,2942820.0,1.471656963129396,0.8249999999999988,0.045,0.0,0.8253213637783898,quote_mid;trade_last;iv_solved;prev_iv_model
2026-05-15 18:33:10+00:00,13.67,20260618,C,15.0,1.75,1.9,1.825,1.85,0.0,2942810.0,1.391373593268324,1.8250000000000002,0.045,0.0,1.8199804406118432,quote_mid;trade_last;iv_solved;prev_iv_model
2026-05-15 18:33:10+00:00,13.67,20260618,C,20.0,0.75,0.9,0.825,0.8,0.0,2942810.0,1.4736166582500139,0.8250000000000002,0.045,0.0,0.8222922245391806,quote_mid;trade_last;iv_solved;prev_iv_model
2026-05-15 18:33:20+00:00,13.67,20260618,C,15.0,1.75,1.9,1.825,1.85,0.0,2942800.0,1.3913760003942244,1.8249999999999993,0.045,0.0,1.8249959899381638,quote_mid;trade_last;iv_solved;prev_iv_model
2026-05-15 18:33:20+00:00,13.67,20260618,C,20.0,0.75,0.9,0.825,0.8,0.0,2942800.0,1.4736191916863755,0.824999999999998,0.045,0.0,0.8249964979639794,quote_mid;trade_last;iv_solved;prev_iv_model
2026-05-15 18:33:30+00:00,13.685,20260618,C,15.0,1.75,1.9,1.825,1.85,0.0,2942790.0,1.3868624538105632,1.8250000000000002,0.045,0.0,1.832527342290219,quote_mid;trade_last;iv_solved;prev_iv_model
2026-05-15 18:33:30+00:00,13.685,20260618,C,20.0,0.75,0.9,0.825,0.8,0.0,2942790.0,1.4706864069876757,0.8249999999999988,0.045,0.0,0.8290619280382123,quote_mid;trade_last;iv_solved;prev_iv_model
2026-05-15 18:33:40+00:00,13.685,20260618,C,15.0,1.75,1.9,1.825,1.85,0.0,2942780.0,1.3868648533622743,1.8249999999999984,0.045,0.0,1.8249959982055852,quote_mid;trade_last;iv_solved;prev_iv_model
2026-05-15 18:33:40+00:00,13.685,20260618,C,20.0,0.75,0.85,0.8,0.8,0.0,2942780.0,1.4525536719895795,0.7999999999999994,0.045,0.0,0.8249965002805166,quote_mid;trade_last;iv_solved;prev_iv_model
2026-05-15 18:33:50+00:00,13.685,20260618,C,15.0,1.75,1.9,1.825,1.85,0.0,2942770.0,1.3868672529261419,1.8249999999999984,0.045,0.0,1.8249959981921107,quote_mid;trade_last;iv_solved;prev_iv_model
2026-05-15 18:33:50+00:00,13.685,20260618,C,20.0,0.75,0.9,0.825,0.8,1.0,2942770.0,1.470691463987257,0.8249999999999997,0.045,0.0,0.7999965711231702,quote_mid;trade_last;iv_solved;prev_iv_model
2026-05-15 18:34:00+00:00,13.685,20260618,C,15.0,1.75,1.9,1.825,1.85,0.0,2942760.0,1.3868696525021673,1.8250000000000002,0.045,0.0,1.8249959981786334,quote_mid;trade_last;iv_solved;prev_iv_model
2026-05-15 18:34:00+00:00,13.685,20260618,C,20.0,0.75,0.9,0.825,0.8,0.0,2942760.0,1.4706939925063027,0.8250000000000002,0.045,0.0,0.8249965002569155,quote_mid;trade_last;iv_solved;prev_iv_model
2026-05-15 18:34:10+00:00,13.685,20260618,C,15.0,1.75,1.9,1.825,1.85,0.0,2942750.0,1.3868720520903497,1.8249999999999993,0.045,0.0,1.8249959981651607,quote_mid;trade_last;iv_solved;prev_iv_model
2026-05-15 18:34:10+00:00,13.685,20260618,C,20.0,0.75,0.9,0.825,0.8,0.0,2942750.0,1.4706965210381875,0.8249999999999993,0.045,0.0,0.8249965002451161,quote_mid;trade_last;iv_solved;prev_iv_model
2026-05-15 18:34:20+00:00,13.71,20260618,C,15.0,1.75,1.9,1.825,1.85,0.0,2942740.0,1.3793489480312173,1.825000000000001,0.045,0.0,1.837569036736773,quote_mid;trade_last;iv_solved;prev_iv_model
2026-05-15 18:34:20+00:00,13.71,20260618,C,20.0,0.75,0.9,0.825,0.8,0.0,2942740.0,1.4658126537511311,0.8250000000000015,0.045,0.0,0.8317816451048174,quote_mid;trade_last;iv_solved;prev_iv_model
2026-05-15 18:34:30+00:00,13.72,20260618,C,15.0,1.75,1.95,1.85,1.85,0.0,2942730.0,1.3912944560550602,1.8499999999999996,0.045,0.0,1.830028280584206,quote_mid;trade_last;iv_solved;prev_iv_model
2026-05-15 18:34:30+00:00,13.72,20260618,C,20.0,0.75,0.9,0.825,0.8,0.0,2942730.0,1.4638626485449455,0.8249999999999997,0.045,0.0,0.827708333238967,quote_mid;trade_last;iv_solved;prev_iv_model
2026-05-15 18:34:40+00:00,13.72,20260618,C,15.0,1.75,1.95,1.85,1.85,0.0,2942720.0,1.391296863357887,1.8499999999999996,0.045,0.0,1.8499959753132167,quote_mid;trade_last;iv_solved;prev_iv_model
2026-05-15 18:34:40+00:00,13.72,20260618,C,20.0,0.75,0.9,0.825,0.8,0.0,2942720.0,1.4638651655388437,0.8249999999999993,0.045,0.0,0.8249965056909327,quote_mid;trade_last;iv_solved;prev_iv_model
2026-05-15 18:34:50+00:00,13.71,20260618,C,15.0,1.75,1.95,1.85,1.85,0.0,2942710.0,1.3943199078163433,1.8499999999999988,0.045,0.0,1.8449494925270322,quote_mid;trade_last;iv_solved;prev_iv_model
2026-05-15 18:34:50+00:00,13.71,20260618,C,20.0,0.75,0.9,0.825,0.8,0.0,2942710.0,1.4658202146480543,0.8250000000000006,0.045,0.0,0.8222893451176092,quote_mid;trade_last;iv_solved;prev_iv_model
2026-05-15 18:35:00+00:00,13.7192,20260618,C,15.0,1.75,1.95,1.85,1.85,0.0,2942700.0,1.3915433212805421,1.8500000000000005,0.045,0.0,1.8546417725504893,quote_mid;trade_last;iv_solved;prev_iv_model
2026-05-15 18:35:00+00:00,13.7192,20260618,C,20.0,0.75,0.9,0.825,0.8,0.0,2942700.0,1.4640263597053802,0.8249999999999993,0.045,0.0,0.8274911882028877,quote_mid;trade_last;iv_solved;prev_iv_model
2026-05-15 18:35:10+00:00,13.71,20260618,C,15.0,1.75,1.95,1.85,1.85,0.0,2942690.0,1.3943247326476018,1.8499999999999988,0.045,0.0,1.845353199152651,quote_mid;trade_last;iv_solved;prev_iv_model
2026-05-15 18:35:10+00:00,13.71,20260618,C,20.0,0.75,0.9,0.825,0.8,0.0,2942690.0,1.465825255309983,0.8250000000000002,0.045,0.0,0.8225057728381571,quote_mid;trade_last;iv_solved;prev_iv_model
2026-05-15 18:35:20+00:00,13.68,20260618,C,15.0,1.75,1.9,1.825,1.85,0.0,2942680.0,1.3883941346461968,1.8249999999999984,0.045,0.0,1.8348868025580627,quote_mid;trade_last;iv_solved;prev_iv_model
2026-05-15 18:35:20+00:00,13.68,20260618,C,20.0,0.75,0.9,0.825,0.8,0.0,2942680.0,1.4716923858463793,0.8249999999999997,0.045,0.0,0.8168933827147171,quote_mid;trade_last;iv_solved;prev_iv_model
2026-05-15 18:35:30+00:00,13.71,20260618,C,15.0,1.75,1.9,1.825,1.85,0.0,2942670.0,1.3793656569415411,1.8250000000000002,0.045,0.0,1.8400838923390648,quote_mid;trade_last;iv_solved;prev_iv_model
2026-05-15 18:35:30+00:00,13.71,20260618,C,20.0,0.75,0.9,0.825,0.8,0.0,2942670.0,1.4658302960230967,0.8250000000000006,0.045,0.0,0.8331416285206457,quote_mid;trade_last;iv_solved;prev_iv_model
2026-05-15 18:35:40+00:00,13.715,20260618,C,15.0,1.75,1.9,1.825,1.85,0.0,2942660.0,1.3778630808554744,1.8250000000000002,0.045,0.0,1.8275112830159186,quote_mid;trade_last;iv_solved;prev_iv_model
2026-05-15 18:35:40+00:00,13.715,20260618,C,20.0,0.75,0.9,0.825,0.8,0.0,2942660.0,1.4648563970172086,0.8250000000000006,0.045,0.0,0.8263517439939996,quote_mid;trade_last;iv_solved;prev_iv_model
2026-05-15 18:35:50+00:00,13.72,20260618,C,15.0,1.75,1.9,1.825,1.85,0.0,2942650.0,1.376360548552468,1.825000000000001,0.045,0.0,1.8275121126536238,quote_mid;trade_last;iv_solved;prev_iv_model
2026-05-15 18:35:50+00:00,13.72,20260618,C,20.0,0.75,0.9,0.825,0.8,0.0,2942650.0,1.4638827848539506,0.8249999999999993,0.045,0.0,0.826351926956844,quote_mid;trade_last;iv_solved;prev_iv_model
2026-05-15 18:36:00+00:00,13.74,20260618,C,15.0,1.75,1.9,1.825,1.85,0.0,2942640.0,1.3703437087832246,1.8250000000000002,0.045,0.0,1.835074092839947,quote_mid;trade_last;iv_solved;prev_iv_model
2026-05-15 18:36:00+00:00,13.74,20260618,C,20.0,0.75,0.9,0.825,0.8,0.0,2942640.0,1.4599836656485632,0.8250000000000002,0.045,0.0,0.8304270252013026,quote_mid;trade_last;iv_solved;prev_iv_model
2026-05-15 18:36:10+00:00,13.73,20260618,C,15.0,1.75,1.9,1.825,1.85,0.0,2942630.0,1.3733556087633159,1.8249999999999984,0.045,0.0,1.819960700122052,quote_mid;trade_last;iv_solved;prev_iv_model
2026-05-15 18:36:10+00:00,13.73,20260618,C,20.0,0.75,0.9,0.825,0.8,0.0,2942630.0,1.461936419569458,0.8250000000000006,0.045,0.0,0.822287884462221,quote_mid;trade_last;iv_solved;prev_iv_model
2026-05-15 18:36:20+00:00,13.7523,20260618,C,15.0,1.75,1.95,1.85,1.85,0.0,2942620.0,1.3815655365737642,1.8500000000000014,0.045,0.0,1.8362422930889348,quote_mid;trade_last;iv_solved;prev_iv_model
2026-05-15 18:36:20+00:00,13.7523,20260618,C,20.0,0.75,0.9,0.825,0.8,0.0,2942620.0,1.4575914643098073,0.8250000000000011,0.045,0.0,0.8310545643052079,quote_mid;trade_last;iv_solved;prev_iv_model
2026-05-15 18:36:30+00:00,13.7523,20260618,C,15.0,1.75,1.95,1.85,1.85,0.0,2942610.0,1.3815679275980726,1.8500000000000005,0.045,0.0,1.8499959933407304,quote_mid;trade_last;iv_solved;prev_iv_model
2026-05-15 18:36:30+00:00,13.7523,20260618,C,20.0,0.75,0.9,0.825,0.8,0.0,2942610.0,1.4575939707818462,0.8250000000000006,0.045,0.0,0.8249965106457942,quote_mid;trade_last;iv_solved;prev_iv_model
2026-05-15 18:36:40+00:00,13.7523,20260618,C,15.0,1.75,1.95,1.85,1.85,0.0,2942600.0,1.381570318634496,1.8500000000000014,0.045,0.0,1.8499959933272372,quote_mid;trade_last;iv_solved;prev_iv_model
2026-05-15 18:36:40+00:00,13.7523,20260618,C,20.0,0.75,0.9,0.825,0.8,0.0,2942600.0,1.4575964772666126,0.8250000000000002,0.045,0.0,0.8249965106340267,quote_mid;trade_last;iv_solved;prev_iv_model
2026-05-15 18:36:50+00:00,13.7523,20260618,C,15.0,1.75,1.95,1.85,1.85,0.0,2942590.0,1.3815727096830317,1.8499999999999996,0.045,0.0,1.8499959933137466,quote_mid;trade_last;iv_solved;prev_iv_model
2026-05-15 18:36:50+00:00,13.7523,20260618,C,20.0,0.75,0.9,0.825,0.8,0.0,2942590.0,1.4575989837641044,0.8249999999999997,0.045,0.0,0.8249965106222632,quote_mid;trade_last;iv_solved;prev_iv_model
2026-05-15 18:37:00+00:00,13.75,20260618,C,15.0,1.75,1.95,1.85,1.85,0.0,2942580.0,1.382269697458419,1.8500000000000014,0.045,0.0,1.8488322479289936,quote_mid;trade_last;iv_solved;prev_iv_model
2026-05-15 18:37:00+00:00,13.75,20260618,C,20.0,0.75,0.9,0.825,0.8,0.0,2942580.0,1.4580496220484824,0.8249999999999993,0.045,0.0,0.8243728391865934,quote_mid;trade_last;iv_solved;prev_iv_model
2026-05-15 18:37:10+00:00,13.75,20260618,C,15.0,1.75,1.95,1.85,1.85,0.0,2942570.0,1.3822720896997236,1.8500000000000005,0.045,0.0,1.8499959919874849,quote_mid;trade_last;iv_solved;prev_iv_model
2026-05-15 18:37:10+00:00,13.75,20260618,C,20.0,0.75,0.9,0.825,0.8,0.0,2942570.0,1.4580521293300044,0.8250000000000006,0.045,0.0,0.8249965102358519,quote_mid;trade_last;iv_solved;prev_iv_model
2026-05-15 18:37:20+00:00,13.75,20260618,C,15.0,1.75,1.95,1.85,1.85,0.0,2942560.0,1.3822744819531483,1.8499999999999996,0.045,0.0,1.8499959919739881,quote_mid;trade_last;iv_solved;prev_iv_model
2026-05-15 18:37:20+00:00,13.75,20260618,C,20.0,0.75,0.9,0.825,0.8,0.0,2942560.0,1.458054636624257,0.8250000000000006,0.045,0.0,0.8249965102240844,quote_mid;trade_last;iv_solved;prev_iv_model
2026-05-15 18:37:30+00:00,13.75,20260618,C,15.0,1.75,1.95,1.85,1.85,0.0,2942550.0,1.3822768742186926,1.8500000000000005,0.045,0.0,1.8499959919604922,quote_mid;trade_last;iv_solved;prev_iv_model
2026-05-15 18:37:30+00:00,13.75,20260618,C,20.0,0.75,0.9,0.825,0.8,0.0,2942550.0,1.4580571439312386,0.8250000000000006,0.045,0.0,0.82499651021232,quote_mid;trade_last;iv_solved;prev_iv_model
2026-05-15 18:37:40+00:00,13.75,20260618,C,15.0,1.75,1.95,1.85,1.85,0.0,2942540.0,1.382279266496357,1.8499999999999988,0.045,0.0,1.8499959919469946,quote_mid;trade_last;iv_solved;prev_iv_model
2026-05-15 18:37:40+00:00,13.75,20260618,C,20.0,0.75,0.9,0.825,0.8,0.0,2942540.0,1.4580596512509514,0.8250000000000002,0.045,0.0,0.824996510200553,quote_mid;trade_last;iv_solved;prev_iv_model
2026-05-15 18:37:50+00:00,13.75,20260618,C,15.0,1.75,1.95,1.85,1.85,0.0,2942530.0,1.382281658786142,1.8500000000000014,0.045,0.0,1.8499959919334987,quote_mid;trade_last;iv_solved;prev_iv_model
2026-05-15 18:37:50+00:00,13.75,20260618,C,20.0,0.75,0.9,0.825,0.8,0.0,2942530.0,1.4580621585833944,0.8250000000000011,0.045,0.0,0.8249965101887855,quote_mid;trade_last;iv_solved;prev_iv_model
2026-05-15 18:38:00+00:00,13.77,20260618,C,15.0,1.75,1.95,1.85,1.85,0.0,2942520.0,1.3762443131286162,1.8499999999999996,0.045,0.0,1.8601293025669259,quote_mid;trade_last;iv_solved;prev_iv_model
2026-05-15 18:38:00+00:00,13.77,20260618,C,20.0,0.75,0.9,0.825,0.8,0.0,2942520.0,1.4541698601574398,0.8249999999999997,0.045,0.0,0.8304314675769771,quote_mid;trade_last;iv_solved;prev_iv_model
2026-05-15 18:38:10+00:00,13.77,20260618,C,15.0,1.75,1.95,1.85,1.85,0.0,2942510.0,1.3762466952820014,1.8499999999999979,0.045,0.0,1.8499960032303875,quote_mid;trade_last;iv_solved;prev_iv_model
2026-05-15 18:38:10+00:00,13.77,20260618,C,20.0,0.75,0.9,0.825,0.8,0.0,2942510.0,1.4541723609223043,0.8250000000000006,0.045,0.0,0.8249965133250483,quote_mid;trade_last;iv_solved;prev_iv_model
2026-05-15 18:38:20+00:00,13.77,20260618,C,15.0,1.75,1.95,1.85,1.85,0.0,2942500.0,1.3762490774474565,1.8500000000000014,0.045,0.0,1.849996003216928,quote_mid;trade_last;iv_solved;prev_iv_model
2026-05-15 18:38:20+00:00,13.77,20260618,C,20.0,0.75,0.9,0.825,0.8,0.0,2942500.0,1.4541748616998662,0.8249999999999997,0.045,0.0,0.8249965133132919,quote_mid;trade_last;iv_solved;prev_iv_model
2026-05-15 18:38:30+00:00,13.77,20260618,C,15.0,1.75,1.95,1.85,1.85,0.0,2942490.0,1.3762514596249784,1.8499999999999996,0.045,0.0,1.8499960032034721,quote_mid;trade_last;iv_solved;prev_iv_model
2026-05-15 18:38:30+00:00,13.77,20260618,C,20.0,0.75,0.9,0.825,0.8,0.0,2942490.0,1.454177362490126,0.8250000000000006,0.045,0.0,0.8249965133015373,quote_mid;trade_last;iv_solved;prev_iv_model
2026-05-15 18:38:40+00:00,13.782,20260618,C,15.0,1.75,1.95,1.85,1.85,0.0,2942480.0,1.372630268810357,1.8500000000000014,0.045,0.0,1.8560807226218188,quote_mid;trade_last;iv_solved;prev_iv_model
2026-05-15 18:38:40+00:00,13.782,20260618,C,20.0,0.75,0.9,0.825,0.8,0.0,2942480.0,1.451845162414355,0.8250000000000002,0.045,0.0,0.828256682306725,quote_mid;trade_last;iv_solved;prev_iv_model
2026-05-15 18:38:50+00:00,13.8193,20260618,C,15.0,1.75,1.95,1.85,1.85,0.0,2942470.0,1.361370477177954,1.8500000000000014,0.045,0.0,1.868956977784233,quote_mid;trade_last;iv_solved;prev_iv_model
2026-05-15 18:38:50+00:00,13.8193,20260618,C,20.0,0.75,0.9,0.825,0.8,0.0,2942470.0,1.4446010832120728,0.8250000000000002,0.045,0.0,0.8351591812877825,quote_mid;trade_last;iv_solved;prev_iv_model
2026-05-15 18:39:00+00:00,13.84,20260618,C,15.0,1.75,2.0,1.875,1.85,0.0,2942460.0,1.3699510839487967,1.8750000000000009,0.045,0.0,1.8605331944672594,quote_mid;trade_last;iv_solved;prev_iv_model
2026-05-15 18:39:00+00:00,13.84,20260618,C,20.0,0.75,0.9,0.825,0.8,0.0,2942460.0,1.4405887937330246,0.8250000000000002,0.045,0.0,0.8306329616634653,quote_mid;trade_last;iv_solved;prev_iv_model
2026-05-15 18:39:10+00:00,13.83,20260618,C,15.0,1.75,2.0,1.875,1.85,0.0,2942450.0,1.3729829233073776,1.875,0.045,0.0,1.8698920457657957,quote_mid;trade_last;iv_solved;prev_iv_model
2026-05-15 18:39:10+00:00,13.83,20260618,C,20.0,0.75,0.9,0.825,0.8,0.0,2942450.0,1.4425301765271152,0.8249999999999988,0.045,0.0,0.8222803682109907,quote_mid;trade_last;iv_solved;prev_iv_model
2026-05-15 18:39:20+00:00,13.845,20260618,C,15.0,1.75,2.0,1.875,1.85,0.0,2942440.0,1.368441123156222,1.875,0.045,0.0,1.882659690721976,quote_mid;trade_last;iv_solved;prev_iv_model
2026-05-15 18:39:20+00:00,13.845,20260618,C,20.0,0.75,0.9,0.825,0.8,0.0,2942440.0,1.439624716785484,0.8249999999999988,0.045,0.0,0.8290798108664612,quote_mid;trade_last;iv_solved;prev_iv_model
2026-05-15 18:39:30+00:00,13.8303,20260618,C,15.0,1.75,2.0,1.875,1.85,0.0,2942430.0,1.372896791603265,1.8750000000000009,0.045,0.0,1.8674930488859678,quote_mid;trade_last;iv_solved;prev_iv_model
2026-05-15 18:39:30+00:00,13.8303,20260618,C,20.0,0.75,0.9,0.825,0.8,0.0,2942430.0,1.4424769550598717,0.8250000000000006,0.045,0.0,0.8210050905898876,quote_mid;trade_last;iv_solved;prev_iv_model
2026-05-15 18:39:40+00:00,13.83,20260618,C,15.0,1.75,2.0,1.875,1.85,0.0,2942420.0,1.372990054260152,1.8750000000000009,0.045,0.0,1.8748428763108214,quote_mid;trade_last;iv_solved;prev_iv_model
2026-05-15 18:39:40+00:00,13.83,20260618,C,20.0,0.75,0.9,0.825,0.8,0.0,2942420.0,1.4425376199276072,0.8249999999999997,0.045,0.0,0.824914981307598,quote_mid;trade_last;iv_solved;prev_iv_model
2026-05-15 18:39:50+00:00,13.84,20260618,C,15.0,1.75,2.0,1.875,1.85,0.0,2942410.0,1.3699629433934648,1.8750000000000018,0.045,0.0,1.8801034074622587,quote_mid;trade_last;iv_solved;prev_iv_model
2026-05-15 18:39:50+00:00,13.84,20260618,C,20.0,0.75,0.9,0.825,0.8,0.0,2942410.0,1.4406011829903842,0.8250000000000006,0.045,0.0,0.8277173534009976,quote_mid;trade_last;iv_solved;prev_iv_model
2026-05-15 18:40:00+00:00,13.84,20260618,C,15.0,1.75,2.0,1.875,1.85,0.0,2942400.0,1.3699653153184448,1.8749999999999991,0.045,0.0,1.8749960011304099,quote_mid;trade_last;iv_solved;prev_iv_model
2026-05-15 18:40:00+00:00,13.84,20260618,C,20.0,0.75,0.9,0.825,0.8,0.0,2942400.0,1.440603660879598,0.8249999999999984,0.045,0.0,0.8249965243313206,quote_mid;trade_last;iv_solved;prev_iv_model
2026-05-15 18:40:10+00:00,13.8328,20260618,C,15.0,1.75,2.0,1.875,1.85,0.0,2942390.0,1.3721489167632637,1.8750000000000009,0.045,0.0,1.8713204591728827,quote_mid;trade_last;iv_solved;prev_iv_model
2026-05-15 18:40:10+00:00,13.8328,20260618,C,20.0,0.75,0.9,0.825,0.8,0.0,2942390.0,1.4420020511125489,0.8249999999999988,0.045,0.0,0.8230403429419968,quote_mid;trade_last;iv_solved;prev_iv_model
2026-05-15 18:40:20+00:00,13.84,20260618,C,15.0,1.75,2.0,1.875,1.85,0.0,2942380.0,1.369970059204455,1.8750000000000009,0.045,0.0,1.8786733303350198,quote_mid;trade_last;iv_solved;prev_iv_model
2026-05-15 18:40:20+00:00,13.84,20260618,C,20.0,0.75,0.9,0.825,0.8,0.0,2942380.0,1.4406086166957683,0.8249999999999997,0.045,0.0,0.8269551278718743,quote_mid;trade_last;iv_solved;prev_iv_model
2026-05-15 18:40:30+00:00,13.84,20260618,C,15.0,1.75,2.0,1.875,1.85,0.0,2942370.0,1.3699724311654853,1.8750000000000009,0.045,0.0,1.874996001090012,quote_mid;trade_last;iv_solved;prev_iv_model
2026-05-15 18:40:30+00:00,13.84,20260618,C,20.0,0.75,0.9,0.825,0.8,0.0,2942370.0,1.4406110946227262,0.8249999999999997,0.045,0.0,0.8249965242961639,quote_mid;trade_last;iv_solved;prev_iv_model
2026-05-15 18:40:40+00:00,13.84,20260618,C,15.0,1.75,2.0,1.875,1.85,0.0,2942360.0,1.3699748031385317,1.8750000000000018,0.045,0.0,1.8749960010765498,quote_mid;trade_last;iv_solved;prev_iv_model
2026-05-15 18:40:40+00:00,13.84,20260618,C,20.0,0.75,0.9,0.825,0.8,0.0,2942360.0,1.4406135725622637,0.8249999999999993,0.045,0.0,0.8249965242844453,quote_mid;trade_last;iv_solved;prev_iv_model
2026-05-15 18:40:50+00:00,13.83,20260618,C,15.0,1.75,2.0,1.875,1.85,0.0,2942350.0,1.3730066935714316,1.8750000000000018,0.045,0.0,1.869892046489011,quote_mid;trade_last;iv_solved;prev_iv_model
2026-05-15 18:40:50+00:00,13.83,20260618,C,20.0,0.75,0.9,0.825,0.8,0.0,2942350.0,1.442554988303001,0.8249999999999988,0.045,0.0,0.8222803684483813,quote_mid;trade_last;iv_solved;prev_iv_model
2026-05-15 18:41:00+00:00,13.83,20260618,C,15.0,1.75,2.0,1.875,1.85,0.0,2942340.0,1.3730090706640694,1.8750000000000018,0.045,0.0,1.874995995263542,quote_mid;trade_last;iv_solved;prev_iv_model
2026-05-15 18:41:00+00:00,13.83,20260618,C,20.0,0.75,0.9,0.825,0.8,0.0,2942340.0,1.4425574695498793,0.8249999999999988,0.045,0.0,0.8249965226629148,quote_mid;trade_last;iv_solved;prev_iv_model
2026-05-15 18:41:10+00:00,13.81,20260618,C,15.0,1.75,1.95,1.85,1.85,0.0,2942330.0,1.3642114027036993,1.8499999999999996,0.045,0.0,1.8648018051459632,quote_mid;trade_last;iv_solved;prev_iv_model
2026-05-15 18:41:10+00:00,13.81,20260618,C,20.0,0.75,0.9,0.825,0.8,0.0,2942330.0,1.446441221985315,0.8250000000000002,0.045,0.0,0.8195711922361304,quote_mid;trade_last;iv_solved;prev_iv_model
2026-05-15 18:41:20+00:00,13.82,20260618,C,15.0,1.75,1.95,1.85,1.85,0.0,2942320.0,1.3611944896284376,1.8500000000000023,0.045,0.0,1.8550795288244917,quote_mid;trade_last;iv_solved;prev_iv_model
2026-05-15 18:41:20+00:00,13.82,20260618,C,20.0,0.75,0.9,0.825,0.8,0.0,2942320.0,1.444502506226065,0.8250000000000015,0.045,0.0,0.8277158136364418,quote_mid;trade_last;iv_solved;prev_iv_model
2026-05-15 18:41:30+00:00,13.8,20260618,C,15.0,1.75,1.95,1.85,1.85,0.0,2942310.0,1.3672355028264298,1.8499999999999979,0.045,0.0,1.8398429669286926,quote_mid;trade_last;iv_solved;prev_iv_model
2026-05-15 18:41:30+00:00,13.8,20260618,C,20.0,0.75,0.9,0.825,0.8,0.0,2942310.0,1.448388536979802,0.8249999999999993,0.045,0.0,0.8195727180844616,quote_mid;trade_last;iv_solved;prev_iv_model
2026-05-15 18:41:40+00:00,13.8,20260618,C,15.0,1.75,1.95,1.85,1.85,0.0,2942300.0,1.3672378699942502,1.8500000000000005,0.045,0.0,1.849996020044025,quote_mid;trade_last;iv_solved;prev_iv_model
2026-05-15 18:41:40+00:00,13.8,20260618,C,20.0,0.75,0.9,0.825,0.8,0.0,2942300.0,1.4483910281354286,0.8249999999999997,0.045,0.0,0.8249965178362251,quote_mid;trade_last;iv_solved;prev_iv_model
2026-05-15 18:41:50+00:00,13.8,20260618,C,15.0,1.75,1.95,1.85,1.85,0.0,2942290.0,1.367240237174062,1.8500000000000005,0.045,0.0,1.849996020030626,quote_mid;trade_last;iv_solved;prev_iv_model
2026-05-15 18:41:50+00:00,13.8,20260618,C,20.0,0.75,0.9,0.825,0.8,0.0,2942290.0,1.4483935193037056,0.8249999999999993,0.045,0.0,0.8249965178244834,quote_mid;trade_last;iv_solved;prev_iv_model
2026-05-15 18:42:00+00:00,13.8,20260618,C,15.0,1.75,1.95,1.85,1.85,0.0,2942280.0,1.3672426043658676,1.8499999999999996,0.045,0.0,1.8499960200172216,quote_mid;trade_last;iv_solved;prev_iv_model
2026-05-15 18:42:00+00:00,13.8,20260618,C,20.0,0.75,0.9,0.825,0.8,0.0,2942280.0,1.4483960104846316,0.8250000000000015,0.045,0.0,0.8249965178127399,quote_mid;trade_last;iv_solved;prev_iv_model
2026-05-15 18:42:10+00:00,13.79,20260618,C,15.0,1.75,1.95,1.85,1.85,0.0,2942270.0,1.3702644772222716,1.8500000000000005,0.045,0.0,1.8449228640654294,quote_mid;trade_last;iv_solved;prev_iv_model
2026-05-15 18:42:10+00:00,13.79,20260618,C,20.0,0.75,0.9,0.825,0.8,0.0,2942270.0,1.4503419894992375,0.8250000000000002,0.045,0.0,0.8222834180337575,quote_mid;trade_last;iv_solved;prev_iv_model
2026-05-15 18:42:20+00:00,13.79,20260618,C,15.0,1.75,1.95,1.85,1.85,0.0,2942260.0,1.3702668495173929,1.8499999999999996,0.045,0.0,1.8499960142769263,quote_mid;trade_last;iv_solved;prev_iv_model
2026-05-15 18:42:20+00:00,13.79,20260618,C,20.0,0.75,0.9,0.825,0.8,0.0,2942260.0,1.4503444839955408,0.8250000000000015,0.045,0.0,0.8249965162008035,quote_mid;trade_last;iv_solved;prev_iv_model
2026-05-15 18:42:30+00:00,13.785,20260618,C,15.0,1.75,1.95,1.85,1.85,0.0,2942250.0,1.3717790249659076,1.8499999999999996,0.045,0.0,1.8474602708368977,quote_mid;trade_last;iv_solved;prev_iv_model
2026-05-15 18:42:30+00:00,13.785,20260618,C,20.0,0.75,0.9,0.825,0.8,0.0,2942250.0,1.4513191523949147,0.8249999999999997,0.045,0.0,0.8236396655014304,quote_mid;trade_last;iv_solved;prev_iv_model
2026-05-15 18:42:40+00:00,13.79,20260618,C,15.0,1.75,1.95,1.85,1.85,0.0,2942240.0,1.3702715941436914,1.8500000000000005,0.045,0.0,1.8525326346805056,quote_mid;trade_last;iv_solved;prev_iv_model
2026-05-15 18:42:40+00:00,13.79,20260618,C,20.0,0.75,0.9,0.825,0.8,0.0,2942240.0,1.450349473026145,0.8250000000000011,0.045,0.0,0.8263545340699401,quote_mid;trade_last;iv_solved;prev_iv_model
2026-05-15 18:42:50+00:00,13.8,20260618,C,15.0,1.75,1.95,1.85,1.85,0.0,2942230.0,1.3672544405047882,1.8500000000000023,0.045,0.0,1.8550726833971716,quote_mid;trade_last;iv_solved;prev_iv_model
2026-05-15 18:42:50+00:00,13.8,20260618,C,20.0,0.75,0.9,0.825,0.8,0.0,2942230.0,1.448408466579001,0.8249999999999997,0.045,0.0,0.8277142882479711,quote_mid;trade_last;iv_solved;prev_iv_model
2026-05-15 18:43:00+00:00,13.794,20260618,C,15.0,1.75,1.95,1.85,1.85,0.0,2942220.0,1.3690685124084765,1.8500000000000005,0.045,0.0,1.8469512957773055,quote_mid;trade_last;iv_solved;prev_iv_model
2026-05-15 18:43:00+00:00,13.794,20260618,C,20.0,0.75,0.9,0.825,0.8,0.0,2942220.0,1.449576923963837,0.8250000000000006,0.045,0.0,0.8233680062950484,quote_mid;trade_last;iv_solved;prev_iv_model
2026-05-15 18:43:10+00:00,13.794,20260618,C,15.0,1.75,1.95,1.85,1.85,0.0,2942210.0,1.3690708827318585,1.8500000000000014,0.045,0.0,1.84999601649349,quote_mid;trade_last;iv_solved;prev_iv_model
2026-05-15 18:43:10+00:00,13.794,20260618,C,20.0,0.75,0.9,0.825,0.8,0.0,2942210.0,1.449579417207174,0.8250000000000015,0.045,0.0,0.8249965167771709,quote_mid;trade_last;iv_solved;prev_iv_model
2026-05-15 18:43:20+00:00,13.795,20260618,C,15.0,1.75,1.95,1.85,1.85,0.0,2942200.0,1.3687712984197975,1.8500000000000005,0.045,0.0,1.850503508364831,quote_mid;trade_last;iv_solved;prev_iv_model
2026-05-15 18:43:20+00:00,13.795,20260618,C,20.0,0.75,0.9,0.825,0.8,0.0,2942200.0,1.4493875537054914,0.8249999999999993,0.045,0.0,0.8252680799506349,quote_mid;trade_last;iv_solved;prev_iv_model
2026-05-15 18:43:30+00:00,13.8,20260618,C,15.0,1.75,1.95,1.85,1.85,0.0,2942190.0,1.3672639096318022,1.8500000000000014,0.045,0.0,1.8525343380014059,quote_mid;trade_last;iv_solved;prev_iv_model
2026-05-15 18:43:30+00:00,13.8,20260618,C,20.0,0.75,0.9,0.825,0.8,0.0,2942190.0,1.4484184316821929,0.8250000000000002,0.045,0.0,0.8263549136547987,quote_mid;trade_last;iv_solved;prev_iv_model
2026-05-15 18:43:40+00:00,13.8,20260618,C,15.0,1.75,1.95,1.85,1.85,0.0,2942180.0,1.36726627694354,1.8499999999999996,0.045,0.0,1.8499960198832017,quote_mid;trade_last;iv_solved;prev_iv_model
2026-05-15 18:43:40+00:00,13.8,20260618,C,20.0,0.75,0.9,0.825,0.8,0.0,2942180.0,1.4484209229896168,0.8249999999999988,0.045,0.0,0.824996517695324,quote_mid;trade_last;iv_solved;prev_iv_model
2026-05-15 18:43:50+00:00,13.8,20260618,C,15.0,1.75,1.95,1.85,1.85,0.0,2942170.0,1.3672686442672712,1.8499999999999996,0.045,0.0,1.8499960198698018,quote_mid;trade_last;iv_solved;prev_iv_model
2026-05-15 18:43:50+00:00,13.8,20260618,C,20.0,0.75,0.9,0.825,0.8,0.0,2942170.0,1.4484234143096906,0.8250000000000006,0.045,0.0,0.824996517683585,quote_mid;trade_last;iv_solved;prev_iv_model
2026-05-15 18:44:00+00:00,13.82,20260618,C,15.0,1.75,1.95,1.85,1.85,0.0,2942160.0,1.3612322030400454,1.8500000000000005,0.045,0.0,1.8601630875208368,quote_mid;trade_last;iv_solved;prev_iv_model
2026-05-15 18:44:00+00:00,13.82,20260618,C,20.0,0.75,0.9,0.825,0.8,0.0,2942160.0,1.4445422608413043,0.8249999999999993,0.045,0.0,0.8304390125659498,quote_mid;trade_last;iv_solved;prev_iv_model
2026-05-15 18:44:10+00:00,13.83,20260618,C,15.0,1.75,1.95,1.85,1.85,0.0,2942150.0,1.3582152808498322,1.8500000000000005,0.045,0.0,1.855082976937771,quote_mid;trade_last;iv_solved;prev_iv_model
2026-05-15 18:44:10+00:00,13.83,20260618,C,20.0,0.75,0.9,0.825,0.8,0.0,2942150.0,1.442604615634345,0.8250000000000006,0.045,0.0,0.8277165807035449,quote_mid;trade_last;iv_solved;prev_iv_model
2026-05-15 18:44:20+00:00,13.81,20260618,C,15.0,1.75,1.95,1.85,1.85,0.0,2942140.0,1.364256283986601,1.8500000000000005,0.045,0.0,1.839836081118639,quote_mid;trade_last;iv_solved;prev_iv_model
2026-05-15 18:44:20+00:00,13.81,20260618,C,20.0,0.75,0.9,0.825,0.8,0.0,2942140.0,1.4464884931492326,0.8250000000000006,0.045,0.0,0.8195711933549337,quote_mid;trade_last;iv_solved;prev_iv_model
2026-05-15 18:44:30+00:00,13.81,20260618,C,15.0,1.75,1.95,1.85,1.85,0.0,2942130.0,1.3642586462790618,1.8500000000000005,0.045,0.0,1.8499960255446801,quote_mid;trade_last;iv_solved;prev_iv_model
2026-05-15 18:44:30+00:00,13.81,20260618,C,20.0,0.75,0.9,0.825,0.8,0.0,2942130.0,1.4464909812315616,0.8249999999999997,0.045,0.0,0.8249965192275552,quote_mid;trade_last;iv_solved;prev_iv_model
2026-05-15 18:44:40+00:00,13.81,20260618,C,15.0,1.75,1.95,1.85,1.85,0.0,2942120.0,1.3642610085834903,1.8499999999999996,0.045,0.0,1.849996025531297,quote_mid;trade_last;iv_solved;prev_iv_model
2026-05-15 18:44:40+00:00,13.81,20260618,C,20.0,0.75,0.9,0.825,0.8,0.0,2942120.0,1.4464934693265254,0.8250000000000006,0.045,0.0,0.8249965192158171,quote_mid;trade_last;iv_solved;prev_iv_model
2026-05-15 18:44:50+00:00,13.81,20260618,C,15.0,1.75,1.95,1.85,1.85,0.0,2942110.0,1.3642633708998888,1.8500000000000014,0.045,0.0,1.8499960255179122,quote_mid;trade_last;iv_solved;prev_iv_model
2026-05-15 18:44:50+00:00,13.81,20260618,C,20.0,0.75,0.9,0.825,0.8,0.0,2942110.0,1.4464959574341223,0.8250000000000011,0.045,0.0,0.8249965192040816,quote_mid;trade_last;iv_solved;prev_iv_model
2026-05-15 18:45:00+00:00,13.81,20260618,C,15.0,1.75,1.95,1.85,1.85,0.0,2942100.0,1.3642657332282537,1.8500000000000005,0.045,0.0,1.84999602550453,quote_mid;trade_last;iv_solved;prev_iv_model
2026-05-15 18:45:00+00:00,13.81,20260618,C,20.0,0.75,0.9,0.825,0.8,0.0,2942100.0,1.4464984455543552,0.8249999999999997,0.045,0.0,0.8249965191923407,quote_mid;trade_last;iv_solved;prev_iv_model
2026-05-15 18:45:10+00:00,13.8001,20260618,C,15.0,1.75,1.95,1.85,1.85,0.0,2942090.0,1.3672573878929462,1.8500000000000005,0.045,0.0,1.8449701869633195,quote_mid;trade_last;iv_solved;prev_iv_model
2026-05-15 18:45:10+00:00,13.8001,20260618,C,20.0,0.75,0.9,0.825,0.8,0.0,2942090.0,1.4484239155939833,0.8250000000000002,0.045,0.0,0.8223097731513582,quote_mid;trade_last;iv_solved;prev_iv_model
2026-05-15 18:45:20+00:00,13.8001,20260618,C,15.0,1.75,1.95,1.85,1.85,0.0,2942080.0,1.3672597552738308,1.8499999999999988,0.045,0.0,1.8499960198063832,quote_mid;trade_last;iv_solved;prev_iv_model
2026-05-15 18:45:20+00:00,13.8001,20260618,C,20.0,0.75,0.9,0.825,0.8,0.0,2942080.0,1.4484264069950221,0.8250000000000002,0.045,0.0,0.8249965175937963,quote_mid;trade_last;iv_solved;prev_iv_model
2026-05-15 18:45:30+00:00,13.79,20260618,C,15.0,1.75,1.95,1.85,1.85,0.0,2942070.0,1.370311925408413,1.8500000000000014,0.045,0.0,1.844872134582733,quote_mid;trade_last;iv_solved;prev_iv_model
2026-05-15 18:45:30+00:00,13.79,20260618,C,20.0,0.75,0.9,0.825,0.8,0.0,2942070.0,1.4503918818320076,0.824999999999998,0.045,0.0,0.8222563073079119,quote_mid;trade_last;iv_solved;prev_iv_model
2026-05-15 18:45:40+00:00,13.775,20260618,C,15.0,1.75,1.95,1.85,1.85,0.0,2942060.0,1.374843951035921,1.8500000000000005,0.045,0.0,1.8423939718940554,quote_mid;trade_last;iv_solved;prev_iv_model
2026-05-15 18:45:40+00:00,13.775,20260618,C,20.0,0.75,0.9,0.825,0.8,0.0,2942060.0,1.4533118473245663,0.8250000000000002,0.045,0.0,0.8209300347588733,quote_mid;trade_last;iv_solved;prev_iv_model
2026-05-15 18:45:50+00:00,13.78,20260618,C,15.0,1.75,1.95,1.85,1.85,0.0,2942050.0,1.3733364107774353,1.8500000000000005,0.045,0.0,1.8525309390839704,quote_mid;trade_last;iv_solved;prev_iv_model
2026-05-15 18:45:50+00:00,13.78,20260618,C,20.0,0.75,0.9,0.825,0.8,0.0,2942050.0,1.4523415699224165,0.8250000000000002,0.045,0.0,0.8263541555684557,quote_mid;trade_last;iv_solved;prev_iv_model
2026-05-15 18:46:00+00:00,13.7744,20260618,C,15.0,1.75,1.95,1.85,1.85,0.0,2942040.0,1.37502990451019,1.8500000000000014,0.045,0.0,1.8471579863472263,quote_mid;trade_last;iv_solved;prev_iv_model
2026-05-15 18:46:00+00:00,13.7744,20260618,C,20.0,0.75,0.9,0.825,0.8,0.0,2942040.0,1.453433599382612,0.8250000000000002,0.045,0.0,0.8234773544804757,quote_mid;trade_last;iv_solved;prev_iv_model
2026-05-15 18:46:10+00:00,13.78,20260618,C,15.0,1.75,1.95,1.85,1.85,0.0,2942030.0,1.373341166069293,1.8499999999999988,0.045,0.0,1.8528351332950797,quote_mid;trade_last;iv_solved;prev_iv_model
2026-05-15 18:46:10+00:00,13.78,20260618,C,20.0,0.75,0.9,0.825,0.8,0.0,2942030.0,1.4523465660698798,0.8249999999999997,0.045,0.0,0.8265171383048702,quote_mid;trade_last;iv_solved;prev_iv_model
2026-05-15 18:46:20+00:00,13.78,20260618,C,15.0,1.75,1.95,1.85,1.85,0.0,2942020.0,1.3733435437332937,1.8499999999999996,0.045,0.0,1.8499960082554994,quote_mid;trade_last;iv_solved;prev_iv_model
2026-05-15 18:46:20+00:00,13.78,20260618,C,20.0,0.75,0.9,0.825,0.8,0.0,2942020.0,1.4523490641626373,0.8249999999999993,0.045,0.0,0.8249965143326841,quote_mid;trade_last;iv_solved;prev_iv_model
2026-05-15 18:46:30+00:00,13.785,20260618,C,15.0,1.75,1.95,1.85,1.85,0.0,2942010.0,1.3718360249033394,1.8499999999999996,0.045,0.0,1.8525317849980167,quote_mid;trade_last;iv_solved;prev_iv_model
2026-05-15 18:46:30+00:00,13.785,20260618,C,20.0,0.75,0.9,0.825,0.8,0.0,2942010.0,1.4513790639115784,0.8250000000000006,0.045,0.0,0.8263543442003609,quote_mid;trade_last;iv_solved;prev_iv_model
2026-05-15 18:46:40+00:00,13.83,20260618,C,15.0,1.75,1.95,1.85,1.85,0.0,2942000.0,1.3582505639494964,1.8500000000000005,0.045,0.0,1.872887684951551,quote_mid;trade_last;iv_solved;prev_iv_model
2026-05-15 18:46:40+00:00,13.83,20260618,C,20.0,0.75,0.9,0.825,0.8,0.0,2942000.0,1.442641839440395,0.8249999999999997,0.045,0.0,0.8372675299157368,quote_mid;trade_last;iv_solved;prev_iv_model
2026-05-15 18:46:50+00:00,13.78,20260618,C,15.0,1.75,1.95,1.85,1.85,0.0,2941990.0,1.3733506767975796,1.8500000000000014,0.045,0.0,1.8246483830738685,quote_mid;trade_last;iv_solved;prev_iv_model
2026-05-15 18:46:50+00:00,13.78,20260618,C,20.0,0.75,0.9,0.825,0.8,0.0,2941990.0,1.4523565585170308,0.8250000000000015,0.045,0.0,0.8114740053150573,quote_mid;trade_last;iv_solved;prev_iv_model
2026-05-15 18:47:00+00:00,13.76,20260618,C,15.0,1.75,1.95,1.85,1.85,0.0,2941980.0,1.3793930285478853,1.8500000000000014,0.045,0.0,1.8398701600746108,quote_mid;trade_last;iv_solved;prev_iv_model
2026-05-15 18:47:00+00:00,13.76,20260618,C,20.0,0.75,0.9,0.825,0.8,0.0,2941980.0,1.4562519269151042,0.8249999999999993,0.045,0.0,0.8195787515689692,quote_mid;trade_last;iv_solved;prev_iv_model
2026-05-15 18:47:10+00:00,13.76,20260618,C,15.0,1.75,1.95,1.85,1.85,0.0,2941970.0,1.3793954164345825,1.8499999999999988,0.045,0.0,1.8499959968332806,quote_mid;trade_last;iv_solved;prev_iv_model
2026-05-15 18:47:10+00:00,13.76,20260618,C,20.0,0.75,0.9,0.825,0.8,0.0,2941970.0,1.4562544316622166,0.8250000000000011,0.045,0.0,0.8249965111087216,quote_mid;trade_last;iv_solved;prev_iv_model
2026-05-15 18:47:20+00:00,13.757,20260618,C,15.0,1.75,1.95,1.85,1.85,0.0,2941960.0,1.3803038571200448,1.8499999999999988,0.045,0.0,1.8484773723581283,quote_mid;trade_last;iv_solved;prev_iv_model
2026-05-15 18:47:20+00:00,13.757,20260618,C,20.0,0.75,0.9,0.825,0.8,0.0,2941960.0,1.4568412641696136,0.8249999999999988,0.045,0.0,0.824182912558193,quote_mid;trade_last;iv_solved;prev_iv_model
2026-05-15 18:47:30+00:00,13.755,20260618,C,15.0,1.75,1.95,1.85,1.85,0.0,2941950.0,1.3809102910889388,1.8499999999999996,0.045,0.0,1.848983710139299,quote_mid;trade_last;iv_solved;prev_iv_model
2026-05-15 18:47:30+00:00,13.755,20260618,C,20.0,0.75,0.9,0.825,0.8,0.0,2941950.0,1.457233379826548,0.8249999999999997,0.045,0.0,0.8244541020616354,quote_mid;trade_last;iv_solved;prev_iv_model
2026-05-15 18:47:40+00:00,13.755,20260618,C,15.0,1.75,1.95,1.85,1.85,0.0,2941940.0,1.380912681552899,1.8500000000000005,0.045,0.0,1.8499959939631205,quote_mid;trade_last;iv_solved;prev_iv_model
2026-05-15 18:47:40+00:00,13.755,20260618,C,20.0,0.75,0.9,0.825,0.8,0.0,2941940.0,1.4572358862608064,0.8250000000000006,0.045,0.0,0.824996510283619,quote_mid;trade_last;iv_solved;prev_iv_model
2026-05-15 18:47:50+00:00,13.755,20260618,C,15.0,1.75,1.95,1.85,1.85,0.0,2941930.0,1.3809150720289738,1.8500000000000014,0.045,0.0,1.8499959939496273,quote_mid;trade_last;iv_solved;prev_iv_model
2026-05-15 18:47:50+00:00,13.755,20260618,C,20.0,0.75,0.9,0.825,0.8,0.0,2941930.0,1.4572383927077923,0.8250000000000002,0.045,0.0,0.8249965102718502,quote_mid;trade_last;iv_solved;prev_iv_model
2026-05-15 18:48:00+00:00,13.755,20260618,C,15.0,1.75,1.95,1.85,1.85,0.0,2941920.0,1.3809174625171607,1.8499999999999988,0.045,0.0,1.8499959939361368,quote_mid;trade_last;iv_solved;prev_iv_model
2026-05-15 18:48:00+00:00,13.755,20260618,C,20.0,0.75,0.9,0.825,0.8,0.0,2941920.0,1.457240899167508,0.8250000000000002,0.045,0.0,0.8249965102600791,quote_mid;trade_last;iv_solved;prev_iv_model
2026-05-15 18:48:10+00:00,13.76,20260618,C,15.0,1.75,1.95,1.85,1.85,10.0,2941910.0,1.3794097440088735,1.8500000000000014,0.045,0.0,1.8525275762204974,quote_mid;trade_last;iv_solved;prev_iv_model
2026-05-15 18:48:10+00:00,13.76,20260618,C,20.0,0.75,0.9,0.825,0.8,0.0,2941910.0,1.4562694604120123,0.8250000000000002,0.045,0.0,0.8263534046152623,quote_mid;trade_last;iv_solved;prev_iv_model
2026-05-15 18:48:20+00:00,13.77,20260618,C,15.0,1.75,1.95,1.85,1.85,0.0,2941900.0,1.3763920294637644,1.8499999999999996,0.045,0.0,1.855062549448709,quote_mid;trade_last;iv_solved;prev_iv_model
2026-05-15 18:48:20+00:00,13.77,20260618,C,20.0,0.75,0.9,0.825,0.8,0.0,2941900.0,1.4543249315935478,0.8249999999999997,0.045,0.0,0.8277120260760049,quote_mid;trade_last;iv_solved;prev_iv_model
2026-05-15 18:48:30+00:00,13.7672,20260618,C,15.0,1.75,1.95,1.85,1.85,0.0,2941890.0,1.3772400268309286,1.8500000000000005,0.045,0.0,1.8485776633482596,quote_mid;trade_last;iv_solved;prev_iv_model
2026-05-15 18:48:30+00:00,13.7672,20260618,C,20.0,0.75,0.9,0.825,0.8,0.0,2941890.0,1.4548724880163135,0.8249999999999997,0.045,0.0,0.8242369300429804,quote_mid;trade_last;iv_solved;prev_iv_model
2026-05-15 18:48:40+00:00,13.75,20260618,C,15.0,1.75,1.9,1.825,1.85,0.0,2941880.0,1.3675142607153479,1.8249999999999984,0.045,0.0,1.8412934959890297,quote_mid;trade_last;iv_solved;prev_iv_model
2026-05-15 18:48:40+00:00,13.75,20260618,C,20.0,0.75,0.9,0.825,0.8,0.0,2941880.0,1.4582251625044105,0.8250000000000002,0.045,0.0,0.8203375735276999,quote_mid;trade_last;iv_solved;prev_iv_model
2026-05-15 18:48:50+00:00,13.745,20260618,C,15.0,1.75,1.9,1.825,1.85,0.0,2941870.0,1.3690214841549082,1.8249999999999984,0.045,0.0,1.8224758247165536,quote_mid;trade_last;iv_solved;prev_iv_model
2026-05-15 18:48:50+00:00,13.745,20260618,C,20.0,0.75,0.9,0.825,0.8,0.0,2941870.0,1.4592021972653204,0.8249999999999993,0.045,0.0,0.8236411536518844,quote_mid;trade_last;iv_solved;prev_iv_model
2026-05-15 18:49:00+00:00,13.7402,20260618,C,15.0,1.75,1.9,1.825,1.85,0.0,2941860.0,1.3704685549956697,1.8249999999999993,0.045,0.0,1.822577404508893,quote_mid;trade_last;iv_solved;prev_iv_model
2026-05-15 18:49:00+00:00,13.7402,20260618,C,20.0,0.75,0.9,0.825,0.8,0.0,2941860.0,1.460140525098752,0.8250000000000002,0.045,0.0,0.8236955185343939,quote_mid;trade_last;iv_solved;prev_iv_model
2026-05-15 18:49:10+00:00,13.745,20260618,C,15.0,1.75,1.9,1.825,1.85,0.0,2941850.0,1.3690262247170915,1.8249999999999993,0.045,0.0,1.8274154785196988,quote_mid;trade_last;iv_solved;prev_iv_model
2026-05-15 18:49:10+00:00,13.745,20260618,C,20.0,0.75,0.9,0.825,0.8,0.0,2941850.0,1.4592072169494186,0.8249999999999997,0.045,0.0,0.8262985738240691,quote_mid;trade_last;iv_solved;prev_iv_model
2026-05-15 18:49:20+00:00,13.745,20260618,C,15.0,1.75,1.9,1.825,1.85,0.0,2941840.0,1.3690285950161991,1.8249999999999993,0.045,0.0,1.8249960304448924,quote_mid;trade_last;iv_solved;prev_iv_model
2026-05-15 18:49:20+00:00,13.745,20260618,C,20.0,0.75,0.9,0.825,0.8,0.0,2941840.0,1.4592097268105872,0.8250000000000015,0.045,0.0,0.8249965085880575,quote_mid;trade_last;iv_solved;prev_iv_model
2026-05-15 18:49:30+00:00,13.745,20260618,C,15.0,1.75,1.9,1.825,1.85,0.0,2941830.0,1.3690309653273163,1.8249999999999993,0.045,0.0,1.8249960304315236,quote_mid;trade_last;iv_solved;prev_iv_model
2026-05-15 18:49:30+00:00,13.745,20260618,C,20.0,0.75,0.9,0.825,0.8,0.0,2941830.0,1.4592122366845026,0.8249999999999997,0.045,0.0,0.8249965085762838,quote_mid;trade_last;iv_solved;prev_iv_model
2026-05-15 18:49:40+00:00,13.745,20260618,C,15.0,1.75,1.9,1.825,1.85,0.0,2941820.0,1.3690333356504452,1.8249999999999984,0.045,0.0,1.8249960304181538,quote_mid;trade_last;iv_solved;prev_iv_model
2026-05-15 18:49:40+00:00,13.745,20260618,C,20.0,0.75,0.9,0.825,0.8,0.0,2941820.0,1.4592147465711647,0.8250000000000011,0.045,0.0,0.824996508564507,quote_mid;trade_last;iv_solved;prev_iv_model
2026-05-15 18:49:50+00:00,13.755,20260618,C,15.0,1.8,1.95,1.875,1.85,0.0,2941810.0,1.3958625239330575,1.8750000000000009,0.045,0.0,1.8300399697820575,quote_mid;trade_last;iv_solved;prev_iv_model
2026-05-15 18:49:50+00:00,13.755,20260618,C,20.0,0.75,0.9,0.825,0.8,0.0,2941810.0,1.4572684710645065,0.8250000000000011,0.045,0.0,0.8277109073581776,quote_mid;trade_last;iv_solved;prev_iv_model
2026-05-15 18:50:00+00:00,13.7501,20260618,C,15.0,1.8,1.95,1.875,1.85,0.0,2941800.0,1.3973501265442714,1.875,0.045,0.0,1.8725081237278873,quote_mid;trade_last;iv_solved;prev_iv_model
2026-05-15 18:50:00+00:00,13.7501,20260618,C,20.0,0.75,0.9,0.825,0.8,0.0,2941800.0,1.4582257404159575,0.8249999999999997,0.045,0.0,0.8236680668056819,quote_mid;trade_last;iv_solved;prev_iv_model
2026-05-15 18:50:10+00:00,13.76,20260618,C,15.0,1.8,1.95,1.875,1.85,0.0,2941790.0,1.394351905423632,1.8750000000000009,0.045,0.0,1.8800257671257485,quote_mid;trade_last;iv_solved;prev_iv_model
2026-05-15 18:50:10+00:00,13.76,20260618,C,20.0,0.75,0.9,0.825,0.8,0.0,2941790.0,1.4562995192854467,0.825000000000002,0.045,0.0,0.8276841120267959,quote_mid;trade_last;iv_solved;prev_iv_model
2026-05-15 18:50:20+00:00,13.755,20260618,C,15.0,1.8,1.95,1.875,1.85,0.0,2941780.0,1.3958697719235116,1.8750000000000018,0.045,0.0,1.8724565510023217,quote_mid;trade_last;iv_solved;prev_iv_model
2026-05-15 18:50:20+00:00,13.755,20260618,C,20.0,0.75,0.9,0.825,0.8,0.0,2941780.0,1.457275990940103,0.8250000000000011,0.045,0.0,0.8236407843773645,quote_mid;trade_last;iv_solved;prev_iv_model
2026-05-15 18:50:30+00:00,13.74,20260618,C,15.0,1.8,1.9,1.85,1.85,0.0,2941770.0,1.385484016060765,1.8499999999999996,0.045,0.0,1.8673853072186928,quote_mid;trade_last;iv_solved;prev_iv_model
2026-05-15 18:50:30+00:00,13.74,20260618,C,20.0,0.75,0.9,0.825,0.8,0.0,2941770.0,1.460202127228849,0.8250000000000011,0.045,0.0,0.8209339468211194,quote_mid;trade_last;iv_solved;prev_iv_model
2026-05-15 18:50:40+00:00,13.7302,20260618,C,15.0,1.8,1.9,1.85,1.85,0.0,2941760.0,1.3884467005996992,1.8500000000000005,0.045,0.0,1.8450439410563586,quote_mid;trade_last;iv_solved;prev_iv_model
2026-05-15 18:50:40+00:00,13.7302,20260618,C,20.0,0.75,0.9,0.825,0.8,0.0,2941760.0,1.4621161475977464,0.825000000000002,0.045,0.0,0.8223420058992432,quote_mid;trade_last;iv_solved;prev_iv_model
2026-05-15 18:50:50+00:00,13.7302,20260618,C,15.0,1.8,1.9,1.85,1.85,0.0,2941750.0,1.3884491039001796,1.8499999999999996,0.045,0.0,1.849995979723687,quote_mid;trade_last;iv_solved;prev_iv_model
2026-05-15 18:50:50+00:00,13.7302,20260618,C,20.0,0.75,0.9,0.825,0.8,0.0,2941750.0,1.4621186624609277,0.8250000000000002,0.045,0.0,0.8249965061511539,quote_mid;trade_last;iv_solved;prev_iv_model
2026-05-15 18:51:00+00:00,13.7302,20260618,C,15.0,1.8,1.9,1.85,1.85,0.0,2941740.0,1.38845150721284,1.8499999999999996,0.045,0.0,1.849995979710144,quote_mid;trade_last;iv_solved;prev_iv_model
2026-05-15 18:51:00+00:00,13.7302,20260618,C,20.0,0.75,0.9,0.825,0.8,0.0,2941740.0,1.4621211773368832,0.8249999999999988,0.045,0.0,0.824996506139366,quote_mid;trade_last;iv_solved;prev_iv_model
2026-05-15 18:51:10+00:00,13.735,20260618,C,15.0,1.8,1.9,1.85,1.85,0.0,2941730.0,1.3870039436050283,1.8499999999999988,0.045,0.0,1.8524223237641264,quote_mid;trade_last;iv_solved;prev_iv_model
2026-05-15 18:51:10+00:00,13.735,20260618,C,20.0,0.75,0.9,0.825,0.8,0.0,2941730.0,1.4611872997144375,0.8250000000000002,0.045,0.0,0.8262982182528025,quote_mid;trade_last;iv_solved;prev_iv_model
2026-05-15 18:51:20+00:00,13.71,20260618,C,15.0,1.8,1.9,1.85,1.85,0.0,2941720.0,1.394558795665819,1.8500000000000005,0.045,0.0,1.8373803732450193,quote_mid;trade_last;iv_solved;prev_iv_model
2026-05-15 18:51:20+00:00,13.71,20260618,C,20.0,0.75,0.9,0.825,0.8,0.0,2941720.0,1.4660697888716854,0.8249999999999988,0.045,0.0,0.8182360038919603,quote_mid;trade_last;iv_solved;prev_iv_model
2026-05-15 18:51:30+00:00,13.725,20260618,C,15.0,1.8,1.9,1.85,1.85,0.0,2941710.0,1.3900295726321406,1.8499999999999988,0.045,0.0,1.8575736045396836,quote_mid;trade_last;iv_solved;prev_iv_model
2026-05-15 18:51:30+00:00,13.725,20260618,C,20.0,0.75,0.9,0.825,0.8,0.0,2941710.0,1.463143451318464,0.8249999999999997,0.045,0.0,0.8290662649331728,quote_mid;trade_last;iv_solved;prev_iv_model
2026-05-15 18:51:40+00:00,13.74,20260618,C,15.0,1.8,1.95,1.875,1.85,0.0,2941700.0,1.4004358220328799,1.875,0.045,0.0,1.8575809743598466,quote_mid;trade_last;iv_solved;prev_iv_model
2026-05-15 18:51:40+00:00,13.74,20260618,C,20.0,0.75,0.9,0.825,0.8,0.0,2941700.0,1.4602197087930606,0.8249999999999984,0.045,0.0,0.8290679155242198,quote_mid;trade_last;iv_solved;prev_iv_model
2026-05-15 18:51:50+00:00,13.7582,20260618,C,15.0,1.8,1.95,1.875,1.85,0.0,2941690.0,1.3949216063638996,1.8749999999999991,0.045,0.0,1.8842417936351419,quote_mid;trade_last;iv_solved;prev_iv_model
2026-05-15 18:51:50+00:00,13.7582,20260618,C,20.0,0.75,0.9,0.825,0.8,0.0,2941690.0,1.4566751700263842,0.8250000000000006,0.045,0.0,0.8299400747581895,quote_mid;trade_last;iv_solved;prev_iv_model
2026-05-15 18:52:00+00:00,13.7582,20260618,C,15.0,1.8,1.95,1.875,1.85,0.0,2941680.0,1.3949240208630944,1.8750000000000036,0.045,0.0,1.8749959532534248,quote_mid;trade_last;iv_solved;prev_iv_model
2026-05-15 18:52:00+00:00,13.7582,20260618,C,20.0,0.75,0.9,0.825,0.8,0.0,2941680.0,1.4566776757360724,0.8249999999999993,0.045,0.0,0.8249965104830554,quote_mid;trade_last;iv_solved;prev_iv_model
2026-05-15 18:52:10+00:00,13.7582,20260618,C,15.0,1.8,1.95,1.875,1.85,0.0,2941670.0,1.3949264353745239,1.8750000000000009,0.045,0.0,1.8749959532397957,quote_mid;trade_last;iv_solved;prev_iv_model
2026-05-15 18:52:10+00:00,13.7582,20260618,C,20.0,0.75,0.9,0.825,0.8,0.0,2941670.0,1.4566801814584895,0.8250000000000006,0.045,0.0,0.8249965104712853,quote_mid;trade_last;iv_solved;prev_iv_model
2026-05-15 18:52:20+00:00,13.7582,20260618,C,15.0,1.8,1.95,1.875,1.85,0.0,2941660.0,1.394928849898191,1.875,0.045,0.0,1.8749959532261604,quote_mid;trade_last;iv_solved;prev_iv_model
2026-05-15 18:52:20+00:00,13.7582,20260618,C,20.0,0.75,0.9,0.825,0.8,0.0,2941660.0,1.4566826871936307,0.8250000000000006,0.045,0.0,0.8249965104595209,quote_mid;trade_last;iv_solved;prev_iv_model
2026-05-15 18:52:30+00:00,13.76,20260618,C,15.0,1.8,1.95,1.875,1.85,0.0,2941650.0,1.3943856949588604,1.875,0.045,0.0,1.8759104482904254,quote_mid;trade_last;iv_solved;prev_iv_model
2026-05-15 18:52:30+00:00,13.76,20260618,C,20.0,0.75,0.9,0.825,0.8,0.0,2941650.0,1.4563345902865015,0.8249999999999988,0.045,0.0,0.8254848791861615,quote_mid;trade_last;iv_solved;prev_iv_model
2026-05-15 18:52:40+00:00,13.76,20260618,C,15.0,1.8,1.95,1.875,1.85,0.0,2941640.0,1.3943881085888314,1.8750000000000018,0.045,0.0,1.8749959542205819,quote_mid;trade_last;iv_solved;prev_iv_model
2026-05-15 18:52:40+00:00,13.76,20260618,C,20.0,0.8,0.9,0.8500000000000001,0.8,0.0,2941640.0,1.474216451254001,0.8500000000000014,0.045,0.0,0.8249965107204087,quote_mid;trade_last;iv_solved;prev_iv_model
2026-05-15 18:52:50+00:00,13.75,20260618,C,15.0,1.8,1.95,1.875,1.85,0.0,2941630.0,1.3974215539482255,1.875,0.045,0.0,1.869918850926381,quote_mid;trade_last;iv_solved;prev_iv_model
2026-05-15 18:52:50+00:00,13.75,20260618,C,20.0,0.8,0.9,0.8500000000000001,0.8,0.0,2941630.0,1.4761826559495055,0.8499999999999988,0.045,0.0,0.8472436997414765,quote_mid;trade_last;iv_solved;prev_iv_model
2026-05-15 18:53:00+00:00,13.75,20260618,C,15.0,1.8,1.95,1.875,1.85,0.0,2941620.0,1.397423972703891,1.8750000000000009,0.045,0.0,1.8749959485231589,quote_mid;trade_last;iv_solved;prev_iv_model
2026-05-15 18:53:00+00:00,13.75,20260618,C,20.0,0.8,0.9,0.8500000000000001,0.8,0.0,2941620.0,1.4761851949703897,0.8499999999999988,0.045,0.0,0.8499964392295811,quote_mid;trade_last;iv_solved;prev_iv_model
2026-05-15 18:53:10+00:00,13.74,20260618,C,15.0,1.8,1.95,1.875,1.85,0.0,2941610.0,1.4004576364183499,1.8750000000000009,0.045,0.0,1.8699221211044774,quote_mid;trade_last;iv_solved;prev_iv_model
2026-05-15 18:53:10+00:00,13.74,20260618,C,20.0,0.8,0.9,0.8500000000000001,0.8,0.0,2941610.0,1.4781525724216404,0.8499999999999996,0.045,0.0,0.8472444316297314,quote_mid;trade_last;iv_solved;prev_iv_model
2026-05-15 18:53:20+00:00,13.75,20260618,C,15.0,1.8,1.95,1.875,1.85,0.0,2941600.0,1.3974288102519985,1.8749999999999991,0.045,0.0,1.88007329906789,quote_mid;trade_last;iv_solved;prev_iv_model
2026-05-15 18:53:20+00:00,13.75,20260618,C,20.0,0.8,0.9,0.8500000000000001,0.8,0.0,2941600.0,1.4761902730508463,0.8500000000000005,0.045,0.0,0.8527530983553442,quote_mid;trade_last;iv_solved;prev_iv_model
2026-05-15 18:53:30+00:00,13.75,20260618,C,15.0,1.8,1.95,1.875,1.85,0.0,2941590.0,1.3974312290444413,1.8750000000000018,0.045,0.0,1.8749959484822112,quote_mid;trade_last;iv_solved;prev_iv_model
2026-05-15 18:53:30+00:00,13.75,20260618,C,20.0,0.8,0.9,0.8500000000000001,0.8,0.0,2941590.0,1.4761928121104178,0.8499999999999996,0.045,0.0,0.8499964391935482,quote_mid;trade_last;iv_solved;prev_iv_model
2026-05-15 18:53:40+00:00,13.765,20260618,C,15.0,1.8,1.95,1.875,1.85,0.0,2941580.0,1.3928871340569824,1.8750000000000009,0.045,0.0,1.8826194317040352,quote_mid;trade_last;iv_solved;prev_iv_model
2026-05-15 18:53:40+00:00,13.765,20260618,C,20.0,0.8,0.9,0.8500000000000001,0.8,0.0,2941580.0,1.4732502578228739,0.8500000000000001,0.045,0.0,0.854134551538694,quote_mid;trade_last;iv_solved;prev_iv_model
2026-05-15 18:53:50+00:00,13.765,20260618,C,15.0,1.8,1.95,1.875,1.85,0.0,2941570.0,1.3928895452221104,1.8750000000000018,0.045,0.0,1.8749959569657113,quote_mid;trade_last;iv_solved;prev_iv_model
2026-05-15 18:53:50+00:00,13.765,20260618,C,20.0,0.8,0.9,0.8500000000000001,0.8,0.0,2941570.0,1.4732527919212335,0.8499999999999988,0.045,0.0,0.8499964415849255,quote_mid;trade_last;iv_solved;prev_iv_model
2026-05-15 18:54:00+00:00,13.76,20260618,C,15.0,1.8,1.95,1.875,1.85,0.0,2941560.0,1.3944074180689805,1.8750000000000018,0.045,0.0,1.8724557316378556,quote_mid;trade_last;iv_solved;prev_iv_model
2026-05-15 18:54:00+00:00,13.76,20260618,C,20.0,0.8,0.9,0.8500000000000001,0.8,0.0,2941560.0,1.4742367370779914,0.8499999999999979,0.045,0.0,0.8486192130649797,quote_mid;trade_last;iv_solved;prev_iv_model
2026-05-15 18:54:10+00:00,13.76,20260618,C,15.0,1.8,1.95,1.875,1.85,0.0,2941550.0,1.3944098318090474,1.8749999999999991,0.045,0.0,1.8749959540979138,quote_mid;trade_last;iv_solved;prev_iv_model
2026-05-15 18:54:10+00:00,13.76,20260618,C,20.0,0.8,0.9,0.8500000000000001,0.8,0.0,2941550.0,1.4742392728639482,0.8500000000000001,0.045,0.0,0.8499964407551683,quote_mid;trade_last;iv_solved;prev_iv_model
2026-05-15 18:54:20+00:00,13.765,20260618,C,15.0,1.8,1.95,1.875,1.85,0.0,2941540.0,1.3928967787908144,1.8750000000000009,0.045,0.0,1.8775370581404287,quote_mid;trade_last;iv_solved;prev_iv_model
2026-05-15 18:54:20+00:00,13.765,20260618,C,20.0,0.8,0.9,0.8500000000000001,0.8,0.0,2941540.0,1.4732603942935398,0.8499999999999988,0.045,0.0,0.8513748326954258,quote_mid;trade_last;iv_solved;prev_iv_model
2026-05-15 18:54:30+00:00,13.78,20260618,C,15.0,1.8,1.95,1.875,1.85,0.0,2941530.0,1.3883530504678991,1.8749999999999982,0.045,0.0,1.8826268470556018,quote_mid;trade_last;iv_solved;prev_iv_model
2026-05-15 18:54:30+00:00,13.78,20260618,C,20.0,0.8,0.9,0.8500000000000001,0.8,0.0,2941530.0,1.4703204162566847,0.8500000000000019,0.045,0.0,0.8541362170528353,quote_mid;trade_last;iv_solved;prev_iv_model
2026-05-15 18:54:40+00:00,13.8,20260618,C,15.0,1.8,1.95,1.875,1.85,0.0,2941520.0,1.3822944889200905,1.8750000000000018,0.045,0.0,1.885183851521969,quote_mid;trade_last;iv_solved;prev_iv_model
2026-05-15 18:54:40+00:00,13.8,20260618,C,20.0,0.8,0.9,0.8500000000000001,0.8,0.0,2941520.0,1.4664036256955617,0.8500000000000001,0.045,0.0,0.8555210787725995,quote_mid;trade_last;iv_solved;prev_iv_model
2026-05-15 18:54:50+00:00,13.81,20260618,C,15.0,1.8,1.95,1.875,1.85,0.0,2941510.0,1.3792666065224974,1.875,0.045,0.0,1.8800932040878875,quote_mid;trade_last;iv_solved;prev_iv_model
2026-05-15 18:54:50+00:00,13.81,20260618,C,20.0,0.8,0.9,0.8500000000000001,0.8,0.0,2941510.0,1.4644482082614494,0.8500000000000014,0.045,0.0,0.8527575642700662,quote_mid;trade_last;iv_solved;prev_iv_model
2026-05-15 18:55:00+00:00,13.805,20260618,C,15.0,1.8,1.95,1.875,1.85,0.0,2941500.0,1.3807841190082168,1.8749999999999991,0.045,0.0,1.872448252492683,quote_mid;trade_last;iv_solved;prev_iv_model
2026-05-15 18:55:00+00:00,13.805,20260618,C,20.0,0.8,0.9,0.8500000000000001,0.8,0.0,2941500.0,1.4654295558789392,0.8500000000000014,0.045,0.0,0.8486175418158779,quote_mid;trade_last;iv_solved;prev_iv_model
2026-05-15 18:55:10+00:00,13.805,20260618,C,15.0,1.8,1.95,1.875,1.85,0.0,2941490.0,1.3807865098710965,1.875,0.045,0.0,1.8749959797125912,quote_mid;trade_last;iv_solved;prev_iv_model
2026-05-15 18:55:10+00:00,13.805,20260618,C,20.0,0.8,0.9,0.8500000000000001,0.8,0.0,2941490.0,1.465432076802876,0.850000000000001,0.045,0.0,0.8499964479571265,quote_mid;trade_last;iv_solved;prev_iv_model
2026-05-15 18:55:20+00:00,13.85,20260618,C,15.0,1.8,2.0,1.9,1.85,0.0,2941480.0,1.3819752968216976,1.8999999999999986,0.045,0.0,1.8979949573567207,quote_mid;trade_last;iv_solved;prev_iv_model
2026-05-15 18:55:20+00:00,13.85,20260618,C,20.0,0.8,0.9,0.8500000000000001,0.8,0.0,2941480.0,1.4566353847766944,0.8500000000000014,0.045,0.0,0.8624657863935647,quote_mid;trade_last;iv_solved;prev_iv_model
2026-05-15 18:55:30+00:00,13.91,20260618,C,15.0,1.85,2.0,1.925,1.85,0.0,2941470.0,1.3785003690498678,1.9249999999999998,0.045,0.0,1.93088414411472,quote_mid;trade_last;iv_solved;prev_iv_model
2026-05-15 18:55:30+00:00,13.91,20260618,C,20.0,0.8,0.9,0.8500000000000001,0.8,0.0,2941470.0,1.4449412276089353,0.8499999999999988,0.045,0.0,0.866667488296307,quote_mid;trade_last;iv_solved;prev_iv_model
2026-05-15 18:55:40+00:00,13.92,20260618,C,15.0,1.85,2.0,1.925,1.85,0.0,2941460.0,1.3754528242840283,1.9249999999999998,0.045,0.0,1.930163975277444,quote_mid;trade_last;iv_solved;prev_iv_model
2026-05-15 18:55:40+00:00,13.92,20260618,C,20.0,0.8,0.9,0.8500000000000001,0.8,0.0,2941460.0,1.4429981870251947,0.8500000000000005,0.045,0.0,0.8527660898847893,quote_mid;trade_last;iv_solved;prev_iv_model
2026-05-15 18:55:50+00:00,13.915,20260618,C,15.0,1.85,2.0,1.925,1.85,0.0,2941450.0,1.3769801711134146,1.9250000000000016,0.045,0.0,1.922412773810402,quote_mid;trade_last;iv_solved;prev_iv_model
2026-05-15 18:55:50+00:00,13.915,20260618,C,20.0,0.8,0.9,0.8500000000000001,0.8,0.0,2941450.0,1.4439732958571363,0.8500000000000001,0.045,0.0,0.8486133028928533,quote_mid;trade_last;iv_solved;prev_iv_model
2026-05-15 18:56:00+00:00,13.9001,20260618,C,15.0,1.85,2.0,1.925,1.85,0.0,2941440.0,1.3815270156750912,1.9250000000000016,0.045,0.0,1.9173056673628572,quote_mid;trade_last;iv_solved;prev_iv_model
2026-05-15 18:56:00+00:00,13.9001,20260618,C,20.0,0.8,0.9,0.8500000000000001,0.8,0.0,2941440.0,1.4468758630069547,0.8499999999999996,0.045,0.0,0.8458792507573976,quote_mid;trade_last;iv_solved;prev_iv_model
2026-05-15 18:56:10+00:00,13.9001,20260618,C,15.0,1.85,2.0,1.925,1.85,0.0,2941430.0,1.3815294083298766,1.924999999999999,0.045,0.0,1.9249959511727823,quote_mid;trade_last;iv_solved;prev_iv_model
2026-05-15 18:56:10+00:00,13.9001,20260618,C,20.0,0.8,0.9,0.8500000000000001,0.8,0.0,2941430.0,1.4468783525656281,0.8499999999999996,0.045,0.0,0.8499964634226562,quote_mid;trade_last;iv_solved;prev_iv_model
2026-05-15 18:56:20+00:00,13.8823,20260618,C,15.0,1.85,2.0,1.925,1.85,0.0,2941420.0,1.3869609359748698,1.924999999999999,0.045,0.0,1.9158197850854277,quote_mid;trade_last;iv_solved;prev_iv_model
2026-05-15 18:56:20+00:00,13.8823,20260618,C,20.0,0.8,0.9,0.8500000000000001,0.8,0.0,2941420.0,1.4503486368095642,0.8500000000000005,0.045,0.0,0.845081405384351,quote_mid;trade_last;iv_solved;prev_iv_model
2026-05-15 18:56:30+00:00,13.8899,20260618,C,15.0,1.85,2.0,1.925,1.85,0.0,2941410.0,1.3846452497594157,1.9250000000000016,0.045,0.0,1.9289157804327912,quote_mid;trade_last;iv_solved;prev_iv_model
2026-05-15 18:56:30+00:00,13.8899,20260618,C,20.0,0.8,0.9,0.8500000000000001,0.8,0.0,2941410.0,1.4488700638801495,0.8499999999999996,0.045,0.0,0.8520992191017354,quote_mid;trade_last;iv_solved;prev_iv_model
2026-05-15 18:56:40+00:00,13.81,20260618,C,15.0,1.8,2.0,1.9,1.85,0.0,2941400.0,1.394156178796674,1.9000000000000004,0.045,0.0,1.8840029852745603,quote_mid;trade_last;iv_solved;prev_iv_model
2026-05-15 18:56:40+00:00,13.81,20260618,C,20.0,0.8,0.9,0.8500000000000001,0.8,0.0,2941400.0,1.4644759207557931,0.8500000000000005,0.045,0.0,0.8280752462768097,quote_mid;trade_last;iv_solved;prev_iv_model
2026-05-15 18:56:50+00:00,13.84,20260618,C,15.0,1.8,2.0,1.9,1.85,0.0,2941390.0,1.385037095818336,1.9000000000000004,0.045,0.0,1.91536886762802,quote_mid;trade_last;iv_solved;prev_iv_model
2026-05-15 18:56:50+00:00,13.84,20260618,C,20.0,0.8,0.9,0.8500000000000001,0.8,0.0,2941390.0,1.4586113579598674,0.8499999999999988,0.045,0.0,0.8582983029019684,quote_mid;trade_last;iv_solved;prev_iv_model
2026-05-15 18:57:00+00:00,13.825,20260618,C,15.0,1.8,1.95,1.875,1.85,0.0,2941380.0,1.3747523692641161,1.875,0.045,0.0,1.892317312603879,quote_mid;trade_last;iv_solved;prev_iv_model
2026-05-15 18:57:00+00:00,13.825,20260618,C,20.0,0.8,0.9,0.8500000000000001,0.8,0.0,2941380.0,1.461546130572466,0.8500000000000001,0.045,0.0,0.8458603823645321,quote_mid;trade_last;iv_solved;prev_iv_model
2026-05-15 18:57:10+00:00,13.89,20260618,C,15.0,1.8,2.0,1.9,1.85,0.0,2941370.0,1.3698413672783492,1.8999999999999995,0.045,0.0,1.908305591434214,quote_mid;trade_last;iv_solved;prev_iv_model
2026-05-15 18:57:10+00:00,13.89,20260618,C,20.0,0.8,0.9,0.8500000000000001,0.8,0.0,2941370.0,1.4488605522437865,0.8499999999999988,0.045,0.0,0.8680529150481306,quote_mid;trade_last;iv_solved;prev_iv_model
2026-05-15 18:57:20+00:00,13.91,20260618,C,15.0,1.8,2.0,1.9,1.85,0.0,2941360.0,1.3637639049988,1.8999999999999995,0.045,0.0,1.9102923867430386,quote_mid;trade_last;iv_solved;prev_iv_model
2026-05-15 18:57:20+00:00,13.91,20260618,C,20.0,0.8,0.9,0.8500000000000001,0.8,0.0,2941360.0,1.4449685771381415,0.8500000000000001,0.045,0.0,0.8555379963182892,quote_mid;trade_last;iv_solved;prev_iv_model
2026-05-15 18:57:30+00:00,13.91,20260618,C,15.0,1.8,2.0,1.9,1.85,0.0,2941350.0,1.363766267588323,1.8999999999999995,0.045,0.0,1.8999959987544504,quote_mid;trade_last;iv_solved;prev_iv_model
2026-05-15 18:57:30+00:00,13.91,20260618,C,20.0,0.8,0.9,0.8500000000000001,0.8,0.0,2941350.0,1.4449710635347461,0.8500000000000005,0.045,0.0,0.8499964649576999,quote_mid;trade_last;iv_solved;prev_iv_model
2026-05-15 18:57:40+00:00,13.88,20260618,C,15.0,1.9,2.0,1.95,1.85,0.0,2941340.0,1.4024772707199142,1.9499999999999993,0.045,0.0,1.884582011193701,quote_mid;trade_last;iv_solved;prev_iv_model
2026-05-15 18:57:40+00:00,13.88,20260618,C,20.0,0.8,0.9,0.8500000000000001,0.8,0.0,2941340.0,1.4508169520237866,0.8499999999999992,0.045,0.0,0.841720299587212,quote_mid;trade_last;iv_solved;prev_iv_model
2026-05-15 18:57:50+00:00,13.885,20260618,C,15.0,1.8,1.95,1.875,1.9,1.0,2941330.0,1.3565848287699107,1.8750000000000009,0.045,0.0,1.9525820423008922,quote_mid;trade_last;iv_solved;prev_iv_model
2026-05-15 18:57:50+00:00,13.885,20260618,C,20.0,0.85,0.9,0.875,0.8,0.0,2941330.0,1.467401985153714,0.8750000000000009,0.045,0.0,0.851379410093609,quote_mid;trade_last;iv_solved;prev_iv_model
2026-05-15 18:58:00+00:00,13.915,20260618,C,15.0,1.8,2.0,1.9,1.9,0.0,2941320.0,1.3622533989415988,1.9000000000000012,0.045,0.0,1.8903962718382896,quote_mid;trade_last;iv_solved;prev_iv_model
2026-05-15 18:58:00+00:00,13.915,20260618,C,20.0,0.85,0.9,0.875,0.8,0.0,2941320.0,1.4615177170660312,0.8750000000000009,0.045,0.0,0.8834407620899261,quote_mid;trade_last;iv_solved;prev_iv_model
2026-05-15 18:58:10+00:00,13.89,20260618,C,15.0,1.8,2.0,1.9,1.9,0.0,2941310.0,1.3698556042880394,1.9000000000000004,0.045,0.0,1.8871423273993209,quote_mid;trade_last;iv_solved;prev_iv_model
2026-05-15 18:58:10+00:00,13.89,20260618,C,20.0,0.85,0.9,0.875,0.8,0.0,2941310.0,1.4664251937027322,0.875,0.045,0.0,0.86799084566541,quote_mid;trade_last;iv_solved;prev_iv_model
2026-05-15 18:58:20+00:00,13.89,20260618,C,15.0,1.8,2.0,1.9,1.9,0.0,2941300.0,1.3698579771650743,1.9000000000000004,0.045,0.0,1.8999959868886052,quote_mid;trade_last;iv_solved;prev_iv_model
2026-05-15 18:58:20+00:00,13.89,20260618,C,20.0,0.85,0.9,0.875,0.8,0.0,2941300.0,1.466427716700598,0.875,0.045,0.0,0.8749963928937072,quote_mid;trade_last;iv_solved;prev_iv_model
2026-05-15 18:58:30+00:00,13.88,20260618,C,15.0,1.8,2.0,1.9,1.9,0.0,2941290.0,1.3729003580792916,1.8999999999999986,0.045,0.0,1.8948580765686787,quote_mid;trade_last;iv_solved;prev_iv_model
2026-05-15 18:58:30+00:00,13.88,20260618,C,20.0,0.85,0.9,0.875,0.8,0.0,2941290.0,1.4683942114802293,0.875,0.045,0.0,0.8721920498021203,quote_mid;trade_last;iv_solved;prev_iv_model
2026-05-15 18:58:40+00:00,13.885,20260618,C,15.0,1.8,2.0,1.9,1.9,0.0,2941280.0,1.3713827235065241,1.9000000000000012,0.045,0.0,1.9025657761497472,quote_mid;trade_last;iv_solved;prev_iv_model
2026-05-15 18:58:40+00:00,13.885,20260618,C,20.0,0.85,0.9,0.875,0.8,0.0,2941280.0,1.4674146084558108,0.8749999999999996,0.045,0.0,0.8764002065773036,quote_mid;trade_last;iv_solved;prev_iv_model
2026-05-15 18:58:50+00:00,13.885,20260618,C,15.0,1.8,2.0,1.9,1.9,0.0,2941270.0,1.3713850989767766,1.9000000000000004,0.045,0.0,1.8999959839079743,quote_mid;trade_last;iv_solved;prev_iv_model
2026-05-15 18:58:50+00:00,13.885,20260618,C,20.0,0.85,0.9,0.875,0.8,0.0,2941270.0,1.4674171331547012,0.875,0.045,0.0,0.8749963920206953,quote_mid;trade_last;iv_solved;prev_iv_model
2026-05-15 18:59:00+00:00,13.877,20260618,C,15.0,1.8,2.0,1.9,1.9,0.0,2941260.0,1.373819509286978,1.8999999999999995,0.045,0.0,1.8958864925082484,quote_mid;trade_last;iv_solved;prev_iv_model
2026-05-15 18:59:00+00:00,13.877,20260618,C,20.0,0.85,0.9,0.875,0.8,0.0,2941260.0,1.4689912064949233,0.875,0.045,0.0,0.872752793825033,quote_mid;trade_last;iv_solved;prev_iv_model
2026-05-15 18:59:10+00:00,13.86,20260618,C,15.0,1.8,2.0,1.9,1.9,0.0,2941250.0,1.3789901064356753,1.8999999999999986,0.045,0.0,1.8912732476031149,quote_mid;trade_last;iv_solved;prev_iv_model
2026-05-15 18:59:10+00:00,13.86,20260618,C,20.0,0.85,0.9,0.875,0.8,0.0,2941250.0,1.4723356984162228,0.8749999999999991,0.045,0.0,0.8702339339706051,quote_mid;trade_last;iv_solved;prev_iv_model
2026-05-15 18:59:20+00:00,13.88,20260618,C,15.0,1.8,2.0,1.9,1.9,0.0,2941240.0,1.372912248276931,1.8999999999999986,0.045,0.0,1.9102716345772484,quote_mid;trade_last;iv_solved;prev_iv_model
2026-05-15 18:59:20+00:00,13.88,20260618,C,20.0,0.85,0.9,0.875,0.8,0.0,2941240.0,1.4684068433541762,0.8749999999999996,0.045,0.0,0.8806166785137566,quote_mid;trade_last;iv_solved;prev_iv_model
2026-05-15 18:59:30+00:00,13.88,20260618,C,15.0,1.8,2.0,1.9,1.9,0.0,2941230.0,1.372914626352614,1.9000000000000004,0.045,0.0,1.8999959809175513,quote_mid;trade_last;iv_solved;prev_iv_model
2026-05-15 18:59:30+00:00,13.88,20260618,C,20.0,0.85,0.9,0.875,0.8,0.0,2941230.0,1.468409369767464,0.875,0.045,0.0,0.8749963911361305,quote_mid;trade_last;iv_solved;prev_iv_model
2026-05-15 18:59:40+00:00,13.88,20260618,C,15.0,1.8,2.0,1.9,1.9,0.0,2941220.0,1.3729170044403491,1.9000000000000004,0.045,0.0,1.899995980904012,quote_mid;trade_last;iv_solved;prev_iv_model
2026-05-15 18:59:40+00:00,13.88,20260618,C,20.0,0.85,0.9,0.875,0.8,0.0,2941220.0,1.468411896193584,0.875,0.045,0.0,0.874996391123954,quote_mid;trade_last;iv_solved;prev_iv_model
2026-05-15 18:59:50+00:00,13.88,20260618,C,15.0,1.8,2.0,1.9,1.9,0.0,2941210.0,1.3729193825401356,1.8999999999999995,0.045,0.0,1.8999959808904734,quote_mid;trade_last;iv_solved;prev_iv_model
2026-05-15 18:59:50+00:00,13.88,20260618,C,20.0,0.85,0.9,0.875,0.8,0.0,2941210.0,1.468414422632538,0.8749999999999996,0.045,0.0,0.8749963911117793,quote_mid;trade_last;iv_solved;prev_iv_model
2026-05-15 19:00:00+00:00,13.87,20260618,C,15.0,1.8,2.0,1.9,1.9,0.0,2941200.0,1.3759618698298248,1.9000000000000012,0.045,0.0,1.8948615301937117,quote_mid;trade_last;iv_solved;prev_iv_model
2026-05-15 19:00:00+00:00,13.87,20260618,C,20.0,0.85,0.9,0.875,0.8,0.0,2941200.0,1.4703820869041229,0.875,0.045,0.0,0.8721928209812089,quote_mid;trade_last;iv_solved;prev_iv_model
2026-05-15 19:00:10+00:00,13.885,20260618,C,15.0,1.8,2.0,1.9,1.9,0.0,2941190.0,1.3714041031721855,1.9000000000000004,0.045,0.0,1.9077053156624268,quote_mid;trade_last;iv_solved;prev_iv_model
2026-05-15 19:00:10+00:00,13.885,20260618,C,20.0,0.85,0.9,0.875,0.8,0.0,2941190.0,1.4674373312074982,0.8750000000000022,0.045,0.0,0.879210735058876,quote_mid;trade_last;iv_solved;prev_iv_model
2026-05-15 19:00:20+00:00,13.91,20260618,C,15.0,1.8,2.0,1.9,1.9,0.0,2941180.0,1.3638064334420283,1.9000000000000012,0.045,0.0,1.9128664113988458,quote_mid;trade_last;iv_solved;prev_iv_model
2026-05-15 19:00:20+00:00,13.91,20260618,C,20.0,0.85,0.9,0.875,0.8,0.0,2941180.0,1.4625333733978598,0.8750000000000009,0.045,0.0,0.8820299793235047,quote_mid;trade_last;iv_solved;prev_iv_model
2026-05-15 19:00:30+00:00,13.8601,20260618,C,15.0,1.8,2.0,1.9,1.9,0.0,2941170.0,1.3789788108005716,1.9000000000000012,0.045,0.0,1.8743916438275656,quote_mid;trade_last;iv_solved;prev_iv_model
2026-05-15 19:00:30+00:00,13.8601,20260618,C,20.0,0.85,0.9,0.875,0.8,0.0,2941170.0,1.4723362947205314,0.875,0.045,0.0,0.8610489555999985,quote_mid;trade_last;iv_solved;prev_iv_model
2026-05-15 19:00:40+00:00,13.86,20260618,C,15.0,1.8,2.0,1.9,1.9,0.0,2941160.0,1.3790116015134295,1.9000000000000012,0.045,0.0,1.8999446591287938,quote_mid;trade_last;iv_solved;prev_iv_model
2026-05-15 19:00:40+00:00,13.86,20260618,C,20.0,0.85,0.9,0.875,0.8,0.0,2941160.0,1.4723584963988081,0.875,0.045,0.0,0.874968340539978,quote_mid;trade_last;iv_solved;prev_iv_model
2026-05-15 19:00:50+00:00,13.85,20260618,C,15.0,1.8,2.0,1.9,1.9,0.0,2941150.0,1.382054276519403,1.8999999999999986,0.045,0.0,1.8948683811570142,quote_mid;trade_last;iv_solved;prev_iv_model
2026-05-15 19:00:50+00:00,13.85,20260618,C,20.0,0.85,0.9,0.875,0.8,0.0,2941150.0,1.4743284652627624,0.8750000000000009,0.045,0.0,0.8721943520875484,quote_mid;trade_last;iv_solved;prev_iv_model
2026-05-15 19:01:00+00:00,13.85,20260618,C,15.0,1.8,2.0,1.9,1.9,0.0,2941140.0,1.382056670049789,1.8999999999999995,0.045,0.0,1.8999959632568215,quote_mid;trade_last;iv_solved;prev_iv_model
2026-05-15 19:01:00+00:00,13.85,20260618,C,20.0,0.85,0.9,0.875,0.8,0.0,2941140.0,1.4743310017808793,0.8750000000000004,0.045,0.0,0.8749963860244501,quote_mid;trade_last;iv_solved;prev_iv_model
2026-05-15 19:01:10+00:00,13.84,20260618,C,15.0,1.8,1.95,1.875,1.9,0.0,2941130.0,1.3702666474926097,1.875,0.045,0.0,1.8948717791522647,quote_mid;trade_last;iv_solved;prev_iv_model
2026-05-15 19:01:10+00:00,13.84,20260618,C,20.0,0.85,0.9,0.875,0.8,0.0,2941130.0,1.4763021257787652,0.8749999999999987,0.045,0.0,0.8721951121732028,quote_mid;trade_last;iv_solved;prev_iv_model
2026-05-15 19:01:20+00:00,13.84,20260618,C,15.0,1.8,1.95,1.875,1.9,0.0,2941120.0,1.3702690209564783,1.8750000000000018,0.045,0.0,1.874995999406126,quote_mid;trade_last;iv_solved;prev_iv_model
2026-05-15 19:01:20+00:00,13.84,20260618,C,20.0,0.85,0.9,0.875,0.8,0.0,2941120.0,1.4763046656563925,0.8750000000000013,0.045,0.0,0.8749963843377508,quote_mid;trade_last;iv_solved;prev_iv_model
2026-05-15 19:01:30+00:00,13.84,20260618,C,15.0,1.8,1.95,1.875,1.9,2.0,2941110.0,1.3702713944323763,1.8750000000000009,0.045,0.0,1.874995999392648,quote_mid;trade_last;iv_solved;prev_iv_model
2026-05-15 19:01:30+00:00,13.84,20260618,C,20.0,0.85,0.9,0.875,0.8,0.0,2941110.0,1.4763072055469224,0.875,0.045,0.0,0.874996384325553,quote_mid;trade_last;iv_solved;prev_iv_model
2026-05-15 19:01:40+00:00,13.83,20260618,C,15.0,1.8,1.95,1.875,1.9,0.0,2941100.0,1.3733039235151971,1.8750000000000009,0.045,0.0,1.8698920555283651,quote_mid;trade_last;iv_solved;prev_iv_model
2026-05-15 19:01:40+00:00,13.83,20260618,C,20.0,0.85,0.9,0.875,0.8,0.0,2941100.0,1.4782794910372092,0.8750000000000009,0.045,0.0,0.8721958686552975,quote_mid;trade_last;iv_solved;prev_iv_model
2026-05-15 19:01:50+00:00,13.83,20260618,C,15.0,1.8,1.95,1.875,1.9,0.0,2941090.0,1.3733063021139742,1.8750000000000009,0.045,0.0,1.8749959935771363,quote_mid;trade_last;iv_solved;prev_iv_model
2026-05-15 19:01:50+00:00,13.83,20260618,C,20.0,0.85,0.9,0.875,0.8,0.0,2941090.0,1.4782820342893066,0.8750000000000009,0.045,0.0,0.8749963826413545,quote_mid;trade_last;iv_solved;prev_iv_model
2026-05-15 19:02:00+00:00,13.83,20260618,C,15.0,1.85,1.95,1.9,1.9,0.0,2941080.0,1.3881519796785016,1.8999999999999995,0.045,0.0,1.8749959935636404,quote_mid;trade_last;iv_solved;prev_iv_model
2026-05-15 19:02:00+00:00,13.83,20260618,C,20.0,0.85,0.9,0.875,0.8,0.0,2941080.0,1.4782845775543216,0.8749999999999996,0.045,0.0,0.8749963826291554,quote_mid;trade_last;iv_solved;prev_iv_model
2026-05-15 19:02:10+00:00,13.83,20260618,C,15.0,1.85,1.95,1.9,1.9,0.0,2941070.0,1.3881543835269694,1.8999999999999995,0.045,0.0,1.8999959515438452,quote_mid;trade_last;iv_solved;prev_iv_model
2026-05-15 19:02:10+00:00,13.83,20260618,C,20.0,0.75,0.85,0.8,0.85,1.0,2941070.0,1.4249585647832879,0.8000000000000007,0.045,0.0,0.8749963826169478,quote_mid;trade_last;iv_solved;prev_iv_model
2026-05-15 19:02:20+00:00,13.825,20260618,C,15.0,1.85,1.95,1.9,1.9,1.0,2941060.0,1.3896771026892591,1.8999999999999986,0.045,0.0,1.8974363857490957,quote_mid;trade_last;iv_solved;prev_iv_model
2026-05-15 19:02:20+00:00,13.825,20260618,C,20.0,0.75,0.9,0.825,0.85,0.0,2941060.0,1.4438452762113712,0.8250000000000006,0.045,0.0,0.798659932649048,quote_mid;trade_last;iv_solved;prev_iv_model
2026-05-15 19:02:30+00:00,13.8349,20260618,C,15.0,1.85,1.95,1.9,1.9,0.0,2941050.0,1.3866693097982608,1.9000000000000012,0.045,0.0,1.9050672395300303,quote_mid;trade_last;iv_solved;prev_iv_model
2026-05-15 19:02:30+00:00,13.8349,20260618,C,20.0,0.75,0.9,0.825,0.85,0.0,2941050.0,1.4419272268070222,0.8249999999999993,0.045,0.0,0.8276897294467616,quote_mid;trade_last;iv_solved;prev_iv_model
2026-05-15 19:02:40+00:00,13.82,20260618,C,15.0,1.85,1.95,1.9,1.9,0.0,2941040.0,1.391202268625594,1.8999999999999995,0.045,0.0,1.8923710141003145,quote_mid;trade_last;iv_solved;prev_iv_model
2026-05-15 19:02:40+00:00,13.82,20260618,C,20.0,0.75,0.9,0.825,0.85,0.0,2941040.0,1.4448206336112661,0.8249999999999993,0.045,0.0,0.8209520295275854,quote_mid;trade_last;iv_solved;prev_iv_model
2026-05-15 19:02:50+00:00,13.8805,20260618,C,15.0,1.85,1.95,1.9,1.9,0.0,2941030.0,1.3728101821535188,1.9000000000000004,0.045,0.0,1.9310807862091979,quote_mid;trade_last;iv_solved;prev_iv_model
2026-05-15 19:02:50+00:00,13.8805,20260618,C,20.0,0.75,0.9,0.825,0.85,0.0,2941030.0,1.433100259231093,0.8249999999999997,0.045,0.0,0.8415360095443853,quote_mid;trade_last;iv_solved;prev_iv_model
2026-05-15 19:03:00+00:00,13.8805,20260618,C,15.0,1.85,1.95,1.9,1.9,0.0,2941020.0,1.3728125602265537,1.9000000000000004,0.045,0.0,1.8999959809266924,quote_mid;trade_last;iv_solved;prev_iv_model
2026-05-15 19:03:00+00:00,13.8805,20260618,C,20.0,0.75,0.9,0.825,0.85,0.0,2941020.0,1.4331027255754036,0.8250000000000002,0.045,0.0,0.824996529213621,quote_mid;trade_last;iv_solved;prev_iv_model
2026-05-15 19:03:10+00:00,13.885,20260618,C,15.0,1.85,2.0,1.925,1.9,0.0,2941010.0,1.3862358286014889,1.9250000000000007,0.045,0.0,1.9023087962455616,quote_mid;trade_last;iv_solved;prev_iv_model
2026-05-15 19:03:10+00:00,13.885,20260618,C,20.0,0.75,0.9,0.825,0.85,0.0,2941010.0,1.4322348748738722,0.8249999999999988,0.045,0.0,0.8262219987454902,quote_mid;trade_last;iv_solved;prev_iv_model
2026-05-15 19:03:20+00:00,13.885,20260618,C,15.0,1.85,2.0,1.925,1.9,0.0,2941000.0,1.3862382295277103,1.9250000000000016,0.045,0.0,1.9249959416765652,quote_mid;trade_last;iv_solved;prev_iv_model
2026-05-15 19:03:20+00:00,13.885,20260618,C,20.0,0.75,0.9,0.825,0.85,0.0,2941000.0,1.4322373397693777,0.8249999999999993,0.045,0.0,0.8249965299149262,quote_mid;trade_last;iv_solved;prev_iv_model
2026-05-15 19:03:30+00:00,13.885,20260618,C,15.0,1.85,2.0,1.925,1.9,0.0,2940990.0,1.3862406304660992,1.9249999999999998,0.045,0.0,1.9249959416628935,quote_mid;trade_last;iv_solved;prev_iv_model
2026-05-15 19:03:30+00:00,13.885,20260618,C,20.0,0.75,0.9,0.825,0.85,0.0,2940990.0,1.4322398046774034,0.8249999999999988,0.045,0.0,0.8249965299032218,quote_mid;trade_last;iv_solved;prev_iv_model
2026-05-15 19:03:40+00:00,13.87,20260618,C,15.0,1.85,2.0,1.925,1.9,0.0,2940980.0,1.390818641854212,1.9250000000000007,0.045,0.0,1.917269536568054,quote_mid;trade_last;iv_solved;prev_iv_model
2026-05-15 19:03:40+00:00,13.87,20260618,C,20.0,0.75,0.9,0.825,0.85,0.0,2940980.0,1.4351442173038338,0.8249999999999993,0.045,0.0,0.8209190932385422,quote_mid;trade_last;iv_solved;prev_iv_model
2026-05-15 19:03:50+00:00,13.875,20260618,C,15.0,1.85,2.0,1.925,1.9,0.0,2940970.0,1.3892958224998875,1.9249999999999998,0.045,0.0,1.9275722426366508,quote_mid;trade_last;iv_solved;prev_iv_model
2026-05-15 19:03:50+00:00,13.875,20260618,C,20.0,0.75,0.9,0.825,0.85,0.0,2940970.0,1.4341790913475245,0.8250000000000015,0.045,0.0,0.8263578153598177,quote_mid;trade_last;iv_solved;prev_iv_model
2026-05-15 19:04:00+00:00,13.875,20260618,C,15.0,1.85,2.0,1.925,1.9,0.0,2940960.0,1.3892982286077733,1.9250000000000016,0.045,0.0,1.9249959357404363,quote_mid;trade_last;iv_solved;prev_iv_model
2026-05-15 19:04:00+00:00,13.875,20260618,C,20.0,0.75,0.9,0.825,0.85,0.0,2940960.0,1.4341815595689518,0.8250000000000006,0.045,0.0,0.8249965282582745,quote_mid;trade_last;iv_solved;prev_iv_model
2026-05-15 19:04:10+00:00,13.88,20260618,C,15.0,1.85,2.0,1.925,1.9,0.0,2940950.0,1.387775424123328,1.9250000000000007,0.045,0.0,1.9275730932954893,quote_mid;trade_last;iv_solved;prev_iv_model
2026-05-15 19:04:10+00:00,13.88,20260618,C,20.0,0.75,0.9,0.825,0.85,0.0,2940950.0,1.4332167071086244,0.8250000000000002,0.045,0.0,0.8263580126067991,quote_mid;trade_last;iv_solved;prev_iv_model
2026-05-15 19:04:20+00:00,13.85,20260618,C,15.0,1.85,2.0,1.925,1.9,0.0,2940940.0,1.3969294791831746,1.9250000000000016,0.045,0.0,1.9095634952913372,quote_mid;trade_last;iv_solved;prev_iv_model
2026-05-15 19:04:20+00:00,13.85,20260618,C,20.0,0.75,0.9,0.825,0.85,0.0,2940940.0,1.4390272908567683,0.8250000000000006,0.045,0.0,0.8168551250653291,quote_mid;trade_last;iv_solved;prev_iv_model
2026-05-15 19:04:30+00:00,13.8756,20260618,C,15.0,1.85,2.0,1.925,1.9,0.0,2940930.0,1.3891224199595942,1.9250000000000007,0.045,0.0,1.9381871568112254,quote_mid;trade_last;iv_solved;prev_iv_model
2026-05-15 19:04:30+00:00,13.8756,20260618,C,20.0,0.75,0.9,0.825,0.85,0.0,2940930.0,1.4340728707403305,0.8249999999999997,0.045,0.0,0.8319766972306146,quote_mid;trade_last;iv_solved;prev_iv_model
2026-05-15 19:04:40+00:00,13.855,20260618,C,15.0,1.85,2.0,1.925,1.9,0.0,2940920.0,1.3954089689901146,1.9250000000000007,0.045,0.0,1.9143954930781444,quote_mid;trade_last;iv_solved;prev_iv_model
2026-05-15 19:04:40+00:00,13.855,20260618,C,20.0,0.75,0.9,0.825,0.85,0.0,2940920.0,1.4380635225652458,0.8250000000000006,0.045,0.0,0.819401518441687,quote_mid;trade_last;iv_solved;prev_iv_model
2026-05-15 19:04:50+00:00,13.84,20260618,C,15.0,1.85,2.0,1.925,1.9,0.0,2940910.0,1.399987532571056,1.9249999999999998,0.045,0.0,1.917284716708858,quote_mid;trade_last;iv_solved;prev_iv_model
2026-05-15 19:04:50+00:00,13.84,20260618,C,20.0,0.75,0.9,0.825,0.85,0.0,2940910.0,1.440973007023132,0.8250000000000006,0.045,0.0,0.8209226027373382,quote_mid;trade_last;iv_solved;prev_iv_model
2026-05-15 19:05:00+00:00,13.835,20260618,C,15.0,1.85,2.0,1.925,1.9,0.0,2940900.0,1.401515408355697,1.9250000000000007,0.045,0.0,1.922426329890313,quote_mid;trade_last;iv_solved;prev_iv_model
2026-05-15 19:05:00+00:00,13.835,20260618,C,20.0,0.75,0.9,0.825,0.85,0.0,2940900.0,1.4419450530763536,0.8250000000000002,0.045,0.0,0.8236377663149552,quote_mid;trade_last;iv_solved;prev_iv_model
2026-05-15 19:05:10+00:00,13.855,20260618,C,15.0,1.85,2.0,1.925,1.9,0.0,2940890.0,1.3954162183357735,1.9249999999999998,0.045,0.0,1.93528775647873,quote_mid;trade_last;iv_solved;prev_iv_model
2026-05-15 19:05:10+00:00,13.855,20260618,C,20.0,0.75,0.9,0.825,0.85,0.0,2940890.0,1.438070947128085,0.8249999999999997,0.045,0.0,0.8304443923218026,quote_mid;trade_last;iv_solved;prev_iv_model
2026-05-15 19:05:20+00:00,13.855,20260618,C,15.0,1.85,2.0,1.925,1.9,0.0,2940880.0,1.3954186348088267,1.9250000000000016,0.045,0.0,1.9249959239129621,quote_mid;trade_last;iv_solved;prev_iv_model
2026-05-15 19:05:20+00:00,13.855,20260618,C,20.0,0.75,0.9,0.825,0.85,0.0,2940880.0,1.4380734220075082,0.8249999999999997,0.045,0.0,0.8249965249521667,quote_mid;trade_last;iv_solved;prev_iv_model
2026-05-15 19:05:30+00:00,13.87,20260618,C,15.0,1.85,2.0,1.925,1.9,0.0,2940870.0,1.3908451378112114,1.924999999999999,0.045,0.0,1.9327223240863516,quote_mid;trade_last;iv_solved;prev_iv_model
2026-05-15 19:05:30+00:00,13.87,20260618,C,20.0,0.75,0.9,0.825,0.85,0.0,2940870.0,1.4351713863165738,0.8249999999999993,0.045,0.0,0.8290827192418435,quote_mid;trade_last;iv_solved;prev_iv_model
2026-05-15 19:05:40+00:00,13.87,20260618,C,15.0,1.85,2.0,1.925,1.9,0.0,2940860.0,1.3908475466078318,1.924999999999999,0.045,0.0,1.9249959326683435,quote_mid;trade_last;iv_solved;prev_iv_model
2026-05-15 19:05:40+00:00,13.87,20260618,C,20.0,0.75,0.9,0.825,0.85,0.0,2940860.0,1.435173856302101,0.8249999999999988,0.045,0.0,0.8249965273371429,quote_mid;trade_last;iv_solved;prev_iv_model
2026-05-15 19:05:50+00:00,13.87,20260618,C,15.0,1.85,2.0,1.925,1.9,0.0,2940850.0,1.3908499554166647,1.924999999999999,0.045,0.0,1.9249959326546362,quote_mid;trade_last;iv_solved;prev_iv_model
2026-05-15 19:05:50+00:00,13.87,20260618,C,20.0,0.75,0.9,0.825,0.85,0.0,2940850.0,1.4351763263001778,0.8249999999999988,0.045,0.0,0.8249965273254256,quote_mid;trade_last;iv_solved;prev_iv_model
2026-05-15 19:06:00+00:00,13.87,20260618,C,15.0,1.85,2.0,1.925,1.9,0.0,2940840.0,1.3908523642377073,1.9249999999999998,0.045,0.0,1.9249959326409316,quote_mid;trade_last;iv_solved;prev_iv_model
2026-05-15 19:06:00+00:00,13.87,20260618,C,20.0,0.75,0.9,0.825,0.85,0.0,2940840.0,1.4351787963108018,0.8250000000000002,0.045,0.0,0.8249965273137123,quote_mid;trade_last;iv_solved;prev_iv_model
2026-05-15 19:06:10+00:00,13.855,20260618,C,15.0,1.85,2.0,1.925,1.9,0.0,2940830.0,1.3954307173578262,1.9249999999999998,0.045,0.0,1.9172771584382025,quote_mid;trade_last;iv_solved;prev_iv_model
2026-05-15 19:06:10+00:00,13.855,20260618,C,20.0,0.75,0.9,0.825,0.85,0.0,2940830.0,1.438085796593207,0.8250000000000002,0.045,0.0,0.8209208545731115,quote_mid;trade_last;iv_solved;prev_iv_model
2026-05-15 19:06:20+00:00,13.855,20260618,C,15.0,1.85,2.0,1.925,1.9,0.0,2940820.0,1.3954331339043757,1.9249999999999998,0.045,0.0,1.9249959238305516,quote_mid;trade_last;iv_solved;prev_iv_model
2026-05-15 19:06:20+00:00,13.855,20260618,C,20.0,0.75,0.9,0.825,0.85,0.0,2940820.0,1.4380882715480645,0.8249999999999993,0.045,0.0,0.8249965248818332,quote_mid;trade_last;iv_solved;prev_iv_model
2026-05-15 19:06:30+00:00,13.83,20260618,C,15.0,1.85,2.0,1.925,1.9,0.0,2940810.0,1.4030627602664958,1.9249999999999998,0.045,0.0,1.9121523634611748,quote_mid;trade_last;iv_solved;prev_iv_model
2026-05-15 19:06:30+00:00,13.83,20260618,C,20.0,0.75,0.9,0.825,0.85,0.0,2940810.0,1.4429372488066776,0.8249999999999993,0.045,0.0,0.8182134707453117,quote_mid;trade_last;iv_solved;prev_iv_model
2026-05-15 19:06:40+00:00,13.845,20260618,C,15.0,1.85,2.0,1.925,1.9,0.0,2940800.0,1.3984887560611425,1.9250000000000007,0.045,0.0,1.9327097752755007,quote_mid;trade_last;iv_solved;prev_iv_model
2026-05-15 19:06:40+00:00,13.845,20260618,C,20.0,0.75,0.9,0.825,0.85,0.0,2940800.0,1.4400309835369178,0.8250000000000006,0.045,0.0,0.8290798001941342,quote_mid;trade_last;iv_solved;prev_iv_model
2026-05-15 19:06:50+00:00,13.84,20260618,C,15.0,1.85,2.0,1.925,1.9,0.0,2940790.0,1.4000166231857585,1.9250000000000007,0.045,0.0,1.9224254999746346,quote_mid;trade_last;iv_solved;prev_iv_model
2026-05-15 19:06:50+00:00,13.84,20260618,C,20.0,0.75,0.9,0.825,0.85,0.0,2940790.0,1.4410027651851047,0.8249999999999997,0.045,0.0,0.8236375739187065,quote_mid;trade_last;iv_solved;prev_iv_model
2026-05-15 19:07:00+00:00,13.84,20260618,C,15.0,1.85,2.0,1.925,1.9,0.0,2940780.0,1.4000190474835308,1.9250000000000007,0.045,0.0,1.9249959150262157,quote_mid;trade_last;iv_solved;prev_iv_model
2026-05-15 19:07:00+00:00,13.84,20260618,C,20.0,0.75,0.9,0.825,0.85,0.0,2940780.0,1.4410052451138213,0.8250000000000006,0.045,0.0,0.8249965224319444,quote_mid;trade_last;iv_solved;prev_iv_model
2026-05-15 19:07:10+00:00,13.83,20260618,C,15.0,1.85,2.0,1.925,1.9,0.0,2940770.0,1.4030724779745323,1.9249999999999998,0.045,0.0,1.9198584307025568,quote_mid;trade_last;iv_solved;prev_iv_model
2026-05-15 19:07:10+00:00,13.83,20260618,C,20.0,0.75,0.9,0.825,0.85,0.0,2940770.0,1.4429471816354797,0.8249999999999993,0.045,0.0,0.8222803721980836,quote_mid;trade_last;iv_solved;prev_iv_model
2026-05-15 19:07:20+00:00,13.83,20260618,C,15.0,1.85,2.0,1.925,1.9,0.0,2940760.0,1.4030749074323317,1.9249999999999998,0.045,0.0,1.924995909184326,quote_mid;trade_last;iv_solved;prev_iv_model
2026-05-15 19:07:20+00:00,13.83,20260618,C,20.0,0.75,0.9,0.825,0.85,0.0,2940760.0,1.4429496648742175,0.8250000000000011,0.045,0.0,0.8249965208095151,quote_mid;trade_last;iv_solved;prev_iv_model
2026-05-15 19:07:30+00:00,13.81,20260618,C,15.0,1.85,1.95,1.9,1.9,0.0,2940750.0,1.3943130942192896,1.8999999999999995,0.045,0.0,1.9147343083623403,quote_mid;trade_last;iv_solved;prev_iv_model
2026-05-15 19:07:30+00:00,13.81,20260618,C,20.0,0.75,0.9,0.825,0.85,0.0,2940750.0,1.4468344578137016,0.8249999999999993,0.045,0.0,0.8195712015389272,quote_mid;trade_last;iv_solved;prev_iv_model
2026-05-15 19:07:40+00:00,13.82,20260618,C,15.0,1.85,1.95,1.9,1.9,0.0,2940740.0,1.3912745443742582,1.8999999999999986,0.045,0.0,1.9051134681997297,quote_mid;trade_last;iv_solved;prev_iv_model
2026-05-15 19:07:40+00:00,13.82,20260618,C,20.0,0.75,0.9,0.825,0.85,0.0,2940740.0,1.4448952246396312,0.8250000000000006,0.045,0.0,0.8277158061928991,quote_mid;trade_last;iv_solved;prev_iv_model
2026-05-15 19:07:50+00:00,13.82,20260618,C,15.0,1.85,1.95,1.9,1.9,0.0,2940730.0,1.3912769537551823,1.9000000000000004,0.045,0.0,1.8999959452927735,quote_mid;trade_last;iv_solved;prev_iv_model
2026-05-15 19:07:50+00:00,13.82,20260618,C,20.0,0.8,0.9,0.8500000000000001,0.85,0.0,2940730.0,1.4626876948141856,0.8500000000000005,0.045,0.0,0.8249965191777462,quote_mid;trade_last;iv_solved;prev_iv_model
2026-05-15 19:08:00+00:00,13.82,20260618,C,15.0,1.85,1.95,1.9,1.9,0.0,2940720.0,1.3912793631483211,1.9000000000000012,0.045,0.0,1.8999959452791098,quote_mid;trade_last;iv_solved;prev_iv_model
2026-05-15 19:08:00+00:00,13.82,20260618,C,20.0,0.8,0.9,0.8500000000000001,0.85,0.0,2940720.0,1.4626902117515193,0.8500000000000005,0.045,0.0,0.8499964494707348,quote_mid;trade_last;iv_solved;prev_iv_model
2026-05-15 19:08:10+00:00,13.81,20260618,C,15.0,1.85,1.95,1.9,1.9,0.0,2940710.0,1.3943227522418384,1.9000000000000004,0.045,0.0,1.8948818671588032,quote_mid;trade_last;iv_solved;prev_iv_model
2026-05-15 19:08:10+00:00,13.81,20260618,C,20.0,0.8,0.9,0.8500000000000001,0.85,0.0,2940710.0,1.4646497889994343,0.8499999999999988,0.045,0.0,0.8472392360556662,quote_mid;trade_last;iv_solved;prev_iv_model
2026-05-15 19:08:20+00:00,13.84,20260618,C,15.0,1.85,1.95,1.9,1.9,0.0,2940700.0,1.3852026108221684,1.9000000000000012,0.045,0.0,1.9153688492529284,quote_mid;trade_last;iv_solved;prev_iv_model
2026-05-15 19:08:20+00:00,13.84,20260618,C,20.0,0.75,0.9,0.825,0.85,1.0,2940700.0,1.441025084997098,0.8250000000000015,0.045,0.0,0.8582982947092783,quote_mid;trade_last;iv_solved;prev_iv_model
2026-05-15 19:08:30+00:00,13.82,20260618,C,15.0,1.85,1.95,1.9,1.9,0.0,2940690.0,1.3912865914010228,1.8999999999999995,0.045,0.0,1.8897611836935067,quote_mid;trade_last;iv_solved;prev_iv_model
2026-05-15 19:08:30+00:00,13.82,20260618,C,20.0,0.75,0.9,0.825,0.85,0.0,2940690.0,1.4449076575829336,0.8250000000000006,0.045,0.0,0.8195696690220453,quote_mid;trade_last;iv_solved;prev_iv_model
2026-05-15 19:08:40+00:00,13.82,20260618,C,15.0,1.85,1.95,1.9,1.9,0.0,2940680.0,1.3912890008430194,1.8999999999999995,0.045,0.0,1.8999959452244548,quote_mid;trade_last;iv_solved;prev_iv_model
2026-05-15 19:08:40+00:00,13.82,20260618,C,20.0,0.75,0.9,0.825,0.85,0.0,2940680.0,1.444910144209493,0.8250000000000011,0.045,0.0,0.8249965191190314,quote_mid;trade_last;iv_solved;prev_iv_model
2026-05-15 19:08:50+00:00,13.82,20260618,C,15.0,1.85,1.95,1.9,1.9,0.0,2940670.0,1.3912914102972298,1.9000000000000004,0.045,0.0,1.899995945210792,quote_mid;trade_last;iv_solved;prev_iv_model
2026-05-15 19:08:50+00:00,13.82,20260618,C,20.0,0.75,0.9,0.825,0.85,0.0,2940670.0,1.444912630848683,0.8250000000000002,0.045,0.0,0.8249965191072919,quote_mid;trade_last;iv_solved;prev_iv_model
2026-05-15 19:09:00+00:00,13.8114,20260618,C,15.0,1.85,1.95,1.9,1.9,0.0,2940660.0,1.3939090755371057,1.8999999999999995,0.045,0.0,1.8955974293327706,quote_mid;trade_last;iv_solved;prev_iv_model
2026-05-15 19:09:00+00:00,13.8114,20260618,C,20.0,0.75,0.9,0.825,0.85,0.0,2940660.0,1.4465849537963749,0.8249999999999997,0.045,0.0,0.8226616229461423,quote_mid;trade_last;iv_solved;prev_iv_model
2026-05-15 19:09:10+00:00,13.81,20260618,C,15.0,1.85,1.95,1.9,1.9,0.0,2940650.0,1.39433723964288,1.8999999999999986,0.045,0.0,1.8992799621568643,quote_mid;trade_last;iv_solved;prev_iv_model
2026-05-15 19:09:10+00:00,13.81,20260618,C,20.0,0.75,0.9,0.825,0.85,0.0,2940650.0,1.4468593567779133,0.8250000000000011,0.045,0.0,0.8246162362096112,quote_mid;trade_last;iv_solved;prev_iv_model
2026-05-15 19:09:20+00:00,13.83,20260618,C,15.0,1.85,1.95,1.9,1.9,0.0,2940640.0,1.388257760538953,1.8999999999999995,0.045,0.0,1.9102377717283563,quote_mid;trade_last;iv_solved;prev_iv_model
2026-05-15 19:09:20+00:00,13.83,20260618,C,20.0,0.75,0.9,0.825,0.85,0.0,2940640.0,1.4429794647230927,0.8249999999999993,0.045,0.0,0.8304405310831404,quote_mid;trade_last;iv_solved;prev_iv_model
2026-05-15 19:09:30+00:00,13.83,20260618,C,15.0,1.85,1.95,1.9,1.9,0.0,2940630.0,1.3882601649236341,1.8999999999999995,0.045,0.0,1.899995950943575,quote_mid;trade_last;iv_solved;prev_iv_model
2026-05-15 19:09:30+00:00,13.83,20260618,C,20.0,0.75,0.9,0.825,0.85,0.0,2940630.0,1.442981948125838,0.8249999999999993,0.045,0.0,0.8249965206569287,quote_mid;trade_last;iv_solved;prev_iv_model
2026-05-15 19:09:40+00:00,13.83,20260618,C,15.0,1.85,1.95,1.9,1.9,0.0,2940620.0,1.3882625693205046,1.9000000000000004,0.045,0.0,1.8999959509299318,quote_mid;trade_last;iv_solved;prev_iv_model
2026-05-15 19:09:40+00:00,13.83,20260618,C,20.0,0.75,0.85,0.8,0.85,0.0,2940620.0,1.425068930047078,0.8000000000000007,0.045,0.0,0.8249965206451928,quote_mid;trade_last;iv_solved;prev_iv_model
2026-05-15 19:09:50+00:00,13.82,20260618,C,15.0,1.85,1.95,1.9,1.9,0.0,2940610.0,1.391305867279009,1.8999999999999995,0.045,0.0,1.8948785241791875,quote_mid;trade_last;iv_solved;prev_iv_model
2026-05-15 19:09:50+00:00,13.82,20260618,C,20.0,0.75,0.85,0.8,0.85,0.0,2940610.0,1.4269964853580381,0.7999999999999998,0.045,0.0,0.7973246415702735,quote_mid;trade_last;iv_solved;prev_iv_model
2026-05-15 19:10:00+00:00,13.825,20260618,C,15.0,1.85,1.95,1.9,1.9,0.0,2940600.0,1.389787811161038,1.8999999999999995,0.045,0.0,1.902555530909062,quote_mid;trade_last;iv_solved;prev_iv_model
2026-05-15 19:10:00+00:00,13.825,20260618,C,20.0,0.75,0.85,0.8,0.85,0.0,2940600.0,1.426036249106788,0.799999999999998,0.045,0.0,0.8013342267946597,quote_mid;trade_last;iv_solved;prev_iv_model
2026-05-15 19:10:10+00:00,13.825,20260618,C,15.0,1.85,1.95,1.9,1.9,0.0,2940590.0,1.3897902181536659,1.9000000000000004,0.045,0.0,1.899995947993384,quote_mid;trade_last;iv_solved;prev_iv_model
2026-05-15 19:10:10+00:00,13.825,20260618,C,20.0,0.75,0.85,0.8,0.85,0.0,2940590.0,1.4260387036098203,0.7999999999999994,0.045,0.0,0.7999965902826172,quote_mid;trade_last;iv_solved;prev_iv_model
2026-05-15 19:10:20+00:00,13.825,20260618,C,15.0,1.85,1.95,1.9,1.9,0.0,2940580.0,1.3897926251584964,1.9000000000000004,0.045,0.0,1.899995947979729,quote_mid;trade_last;iv_solved;prev_iv_model
2026-05-15 19:10:20+00:00,13.825,20260618,C,20.0,0.75,0.85,0.8,0.85,0.0,2940580.0,1.4260411581253223,0.8000000000000003,0.045,0.0,0.7999965902711161,quote_mid;trade_last;iv_solved;prev_iv_model
2026-05-15 19:10:30+00:00,13.83,20260618,C,15.0,1.85,1.95,1.9,1.9,0.0,2940570.0,1.3882745914876957,1.8999999999999986,0.045,0.0,1.9025563717149439,quote_mid;trade_last;iv_solved;prev_iv_model
2026-05-15 19:10:30+00:00,13.83,20260618,C,20.0,0.75,0.85,0.8,0.85,0.0,2940570.0,1.4250811944116069,0.7999999999999994,0.045,0.0,0.8013344212042357,quote_mid;trade_last;iv_solved;prev_iv_model
2026-05-15 19:10:40+00:00,13.83,20260618,C,15.0,1.85,1.95,1.9,1.9,0.0,2940560.0,1.388276995957702,1.9000000000000012,0.045,0.0,1.899995950848064,quote_mid;trade_last;iv_solved;prev_iv_model
2026-05-15 19:10:40+00:00,13.83,20260618,C,20.0,0.75,0.85,0.8,0.85,0.0,2940560.0,1.4250836473218973,0.8000000000000016,0.045,0.0,0.7999965910310065,quote_mid;trade_last;iv_solved;prev_iv_model
2026-05-15 19:10:50+00:00,13.83,20260618,C,15.0,1.85,1.95,1.9,1.9,0.0,2940550.0,1.388279400439898,1.9000000000000004,0.045,0.0,1.899995950834417,quote_mid;trade_last;iv_solved;prev_iv_model
2026-05-15 19:10:50+00:00,13.83,20260618,C,20.0,0.75,0.85,0.8,0.85,0.0,2940550.0,1.4250861002446475,0.7999999999999994,0.045,0.0,0.7999965910195086,quote_mid;trade_last;iv_solved;prev_iv_model
2026-05-15 19:11:00+00:00,13.835,20260618,C,15.0,1.85,1.95,1.9,1.9,0.0,2940540.0,1.3867613875266316,1.8999999999999995,0.045,0.0,1.9025572147664604,quote_mid;trade_last;iv_solved;prev_iv_model
2026-05-15 19:11:00+00:00,13.835,20260618,C,20.0,0.75,0.85,0.8,0.85,0.0,2940540.0,1.4241264087069667,0.7999999999999994,0.045,0.0,0.8013346160625612,quote_mid;trade_last;iv_solved;prev_iv_model
2026-05-15 19:11:10+00:00,13.83,20260618,C,15.0,1.85,1.95,1.9,1.9,0.0,2940530.0,1.3882842094408607,1.8999999999999995,0.045,0.0,1.8974355488203187,quote_mid;trade_last;iv_solved;prev_iv_model
2026-05-15 19:11:10+00:00,13.83,20260618,C,20.0,0.75,0.85,0.8,0.85,0.0,2940530.0,1.425091006127536,0.7999999999999994,0.045,0.0,0.7986597396770985,quote_mid;trade_last;iv_solved;prev_iv_model
2026-05-15 19:11:20+00:00,13.83,20260618,C,15.0,1.85,1.95,1.9,1.9,0.0,2940520.0,1.388286613959627,1.9000000000000012,0.045,0.0,1.8999959507934827,quote_mid;trade_last;iv_solved;prev_iv_model
2026-05-15 19:11:20+00:00,13.83,20260618,C,20.0,0.75,0.85,0.8,0.85,0.0,2940520.0,1.4250934590876736,0.7999999999999994,0.045,0.0,0.7999965909850091,quote_mid;trade_last;iv_solved;prev_iv_model
2026-05-15 19:11:30+00:00,13.84,20260618,C,15.0,1.85,2.0,1.925,1.9,0.0,2940510.0,1.400084508169312,1.9250000000000007,0.045,0.0,1.9051201781205584,quote_mid;trade_last;iv_solved;prev_iv_model
2026-05-15 19:11:30+00:00,13.84,20260618,C,20.0,0.75,0.85,0.8,0.85,0.0,2940510.0,1.4231718916324216,0.8000000000000012,0.045,0.0,0.8026740082025694,quote_mid;trade_last;iv_solved;prev_iv_model
2026-05-15 19:11:40+00:00,13.845,20260618,C,15.0,1.85,2.0,1.925,1.9,0.0,2940500.0,1.3985614129411648,1.924999999999999,0.045,0.0,1.9275671828042302,quote_mid;trade_last;iv_solved;prev_iv_model
2026-05-15 19:11:40+00:00,13.845,20260618,C,20.0,0.75,0.85,0.8,0.85,0.0,2940500.0,1.422212746595744,0.7999999999999998,0.045,0.0,0.8013350071858918,quote_mid;trade_last;iv_solved;prev_iv_model
2026-05-15 19:11:50+00:00,13.85,20260618,C,15.0,1.85,1.95,1.9,1.9,0.0,2940490.0,1.3822122755512614,1.8999999999999995,0.045,0.0,1.9275680200009226,quote_mid;trade_last;iv_solved;prev_iv_model
2026-05-15 19:11:50+00:00,13.85,20260618,C,20.0,0.75,0.85,0.8,0.85,0.0,2940490.0,1.4212538758826057,0.8000000000000007,0.045,0.0,0.8013352034519468,quote_mid;trade_last;iv_solved;prev_iv_model
2026-05-15 19:12:00+00:00,13.84,20260618,C,15.0,1.85,2.0,1.925,1.9,0.0,2940480.0,1.4000917821319767,1.9250000000000007,0.045,0.0,1.894871783804735,quote_mid;trade_last;iv_solved;prev_iv_model
2026-05-15 19:12:00+00:00,13.84,20260618,C,20.0,0.75,0.85,0.8,0.85,0.0,2940480.0,1.4231792408480404,0.8000000000000007,0.045,0.0,0.7973230890979162,quote_mid;trade_last;iv_solved;prev_iv_model
2026-05-15 19:12:10+00:00,13.885,20260618,C,15.0,1.85,2.0,1.925,1.9,0.0,2940470.0,1.3863654960342724,1.9250000000000007,0.045,0.0,1.9481978911624225,quote_mid;trade_last;iv_solved;prev_iv_model
2026-05-15 19:12:10+00:00,13.885,20260618,C,20.0,0.75,0.85,0.8,0.85,0.0,2940470.0,1.4145372557273075,0.8000000000000012,0.045,0.0,0.8120915997239071,quote_mid;trade_last;iv_solved;prev_iv_model
2026-05-15 19:12:20+00:00,13.88,20260618,C,15.0,1.85,2.0,1.925,1.9,0.0,2940460.0,1.3878932131723563,1.924999999999999,0.045,0.0,1.922418778440715,quote_mid;trade_last;iv_solved;prev_iv_model
2026-05-15 19:12:20+00:00,13.88,20260618,C,20.0,0.75,0.85,0.8,0.85,0.0,2940460.0,1.41549908175829,0.7999999999999998,0.045,0.0,0.7986577820293701,quote_mid;trade_last;iv_solved;prev_iv_model
2026-05-15 19:12:30+00:00,13.88,20260618,C,15.0,1.85,2.0,1.925,1.9,0.0,2940450.0,1.3878956173351602,1.9250000000000016,0.045,0.0,1.924995937981242,quote_mid;trade_last;iv_solved;prev_iv_model
2026-05-15 19:12:30+00:00,13.88,20260618,C,20.0,0.75,0.85,0.8,0.85,0.0,2940450.0,1.4155015185294704,0.8000000000000003,0.045,0.0,0.7999965987665574,quote_mid;trade_last;iv_solved;prev_iv_model
2026-05-15 19:12:40+00:00,13.88,20260618,C,15.0,1.85,2.0,1.925,1.9,0.0,2940440.0,1.3878980215101522,1.9249999999999998,0.045,0.0,1.9249959379675534,quote_mid;trade_last;iv_solved;prev_iv_model
2026-05-15 19:12:40+00:00,13.88,20260618,C,20.0,0.75,0.85,0.8,0.85,0.0,2940440.0,1.4155039553130315,0.8000000000000007,0.045,0.0,0.7999965987550843,quote_mid;trade_last;iv_solved;prev_iv_model
2026-05-15 19:12:50+00:00,13.8901,20260618,C,15.0,1.85,2.0,1.925,1.9,50.0,2940430.0,1.3848192923847549,1.9250000000000016,0.045,0.0,1.9302052536928036,quote_mid;trade_last;iv_solved;prev_iv_model
2026-05-15 19:12:50+00:00,13.8901,20260618,C,20.0,0.75,0.85,0.8,0.85,0.0,2940430.0,1.413568695606712,0.7999999999999994,0.045,0.0,0.8027047950871644,quote_mid;trade_last;iv_solved;prev_iv_model
2026-05-15 19:13:00+00:00,13.895,20260618,C,15.0,1.85,2.0,1.925,1.9,0.0,2940420.0,1.3833269079933026,1.9250000000000007,0.045,0.0,1.9275240622530738,quote_mid;trade_last;iv_solved;prev_iv_model
2026-05-15 19:13:00+00:00,13.895,20260618,C,20.0,0.75,0.85,0.8,0.85,0.0,2940420.0,1.4126314603602337,0.8000000000000012,0.045,0.0,0.8013101729223822,quote_mid;trade_last;iv_solved;prev_iv_model
2026-05-15 19:13:10+00:00,13.885,20260618,C,15.0,1.85,2.0,1.925,1.9,0.0,2940410.0,1.3863799057179729,1.9249999999999998,0.045,0.0,1.919839902459671,quote_mid;trade_last;iv_solved;prev_iv_model
2026-05-15 19:13:10+00:00,13.885,20260618,C,20.0,0.75,0.85,0.8,0.85,0.0,2940410.0,1.4145518667156805,0.8000000000000003,0.045,0.0,0.7973195428807545,quote_mid;trade_last;iv_solved;prev_iv_model
2026-05-15 19:13:20+00:00,13.885,20260618,C,15.0,1.85,2.0,1.925,1.9,0.0,2940400.0,1.3863823073745354,1.9249999999999998,0.045,0.0,1.9249959408559736,quote_mid;trade_last;iv_solved;prev_iv_model
2026-05-15 19:13:20+00:00,13.885,20260618,C,20.0,0.75,0.85,0.8,0.85,0.0,2940400.0,1.4145543019237103,0.7999999999999989,0.045,0.0,0.7999965994987028,quote_mid;trade_last;iv_solved;prev_iv_model
2026-05-15 19:13:30+00:00,13.89,20260618,C,15.0,1.85,2.0,1.925,1.9,0.0,2940390.0,1.384859394618533,1.9250000000000007,0.045,0.0,1.9275747985088048,quote_mid;trade_last;iv_solved;prev_iv_model
2026-05-15 19:13:30+00:00,13.89,20260618,C,20.0,0.75,0.85,0.8,0.85,0.0,2940390.0,1.4135976095388338,0.8000000000000003,0.045,0.0,0.8013367897915078,quote_mid;trade_last;iv_solved;prev_iv_model
2026-05-15 19:13:40+00:00,13.895,20260618,C,15.0,1.85,2.0,1.925,1.9,0.0,2940380.0,1.383336494107501,1.9249999999999998,0.045,0.0,1.9275756560662645,quote_mid;trade_last;iv_solved;prev_iv_model
2026-05-15 19:13:40+00:00,13.895,20260618,C,20.0,0.75,0.85,0.8,0.85,0.0,2940380.0,1.4126411882223233,0.7999999999999994,0.045,0.0,0.8013369901325058,quote_mid;trade_last;iv_solved;prev_iv_model
2026-05-15 19:13:50+00:00,13.91,20260618,C,15.0,1.85,2.0,1.925,1.9,0.0,2940370.0,1.3787630708877643,1.9250000000000007,0.045,0.0,1.9327427454355588,quote_mid;trade_last;iv_solved;prev_iv_model
2026-05-15 19:13:50+00:00,13.91,20260618,C,20.0,0.75,0.85,0.8,0.85,0.0,2940370.0,1.4097686927846609,0.8000000000000007,0.045,0.0,0.8040224934689859,quote_mid;trade_last;iv_solved;prev_iv_model
2026-05-15 19:14:00+00:00,13.9109,20260618,C,15.0,1.85,2.0,1.925,1.9,0.0,2940360.0,1.37849091355295,1.9249999999999998,0.045,0.0,1.9254607977080838,quote_mid;trade_last;iv_solved;prev_iv_model
2026-05-15 19:14:00+00:00,13.9109,20260618,C,20.0,0.75,0.85,0.8,0.85,0.0,2940360.0,1.4095987021749563,0.7999999999999998,0.045,0.0,0.8002379165706004,quote_mid;trade_last;iv_solved;prev_iv_model
2026-05-15 19:14:10+00:00,13.92,20260618,C,15.0,1.85,2.0,1.925,1.9,0.0,2940350.0,1.3757173466904673,1.9250000000000007,0.045,0.0,1.9296988489496956,quote_mid;trade_last;iv_solved;prev_iv_model
2026-05-15 19:14:10+00:00,13.92,20260618,C,20.0,0.75,0.85,0.8,0.85,0.0,2940350.0,1.4078582871898622,0.8000000000000007,0.045,0.0,0.8024386669940502,quote_mid;trade_last;iv_solved;prev_iv_model
2026-05-15 19:14:20+00:00,13.91,20260618,C,15.0,1.85,2.0,1.925,1.9,0.0,2940340.0,1.378770237535388,1.9249999999999998,0.045,0.0,1.9198312975419523,quote_mid;trade_last;iv_solved;prev_iv_model
2026-05-15 19:14:20+00:00,13.91,20260618,C,20.0,0.75,0.85,0.8,0.85,0.0,2940340.0,1.409775974239166,0.7999999999999994,0.045,0.0,0.7973175411416182,quote_mid;trade_last;iv_solved;prev_iv_model
2026-05-15 19:14:30+00:00,13.905,20260618,C,15.0,1.85,2.0,1.925,1.9,0.0,2940330.0,1.38029789724848,1.9250000000000007,0.045,0.0,1.9224145034383548,quote_mid;trade_last;iv_solved;prev_iv_model
2026-05-15 19:14:30+00:00,13.905,20260618,C,20.0,0.75,0.85,0.8,0.85,0.0,2940330.0,1.4107364437108871,0.7999999999999994,0.045,0.0,0.7986567863252358,quote_mid;trade_last;iv_solved;prev_iv_model
2026-05-15 19:14:40+00:00,13.905,20260618,C,15.0,1.85,2.0,1.925,1.9,0.0,2940320.0,1.3803002887342029,1.9250000000000007,0.045,0.0,1.9249959525576203,quote_mid;trade_last;iv_solved;prev_iv_model
2026-05-15 19:14:40+00:00,13.905,20260618,C,20.0,0.75,0.85,0.8,0.85,0.0,2940320.0,1.4107388725221441,0.8000000000000012,0.045,0.0,0.7999966025710767,quote_mid;trade_last;iv_solved;prev_iv_model
2026-05-15 19:14:50+00:00,13.905,20260618,C,15.0,1.85,2.0,1.925,1.9,0.0,2940310.0,1.3803026802320502,1.9249999999999998,0.045,0.0,1.9249959525439797,quote_mid;trade_last;iv_solved;prev_iv_model
2026-05-15 19:14:50+00:00,13.905,20260618,C,20.0,0.75,0.85,0.8,0.85,0.0,2940310.0,1.4107413013457393,0.8000000000000003,0.045,0.0,0.799996602559617,quote_mid;trade_last;iv_solved;prev_iv_model
2026-05-15 19:15:00+00:00,13.89,20260618,C,15.0,1.85,2.0,1.925,1.9,0.0,2940300.0,1.3848809870805856,1.9250000000000007,0.045,0.0,1.9172592884101043,quote_mid;trade_last;iv_solved;prev_iv_model
2026-05-15 19:15:00+00:00,13.89,20260618,C,20.0,0.75,0.85,0.8,0.85,0.0,2940300.0,1.4136195124575441,0.7999999999999994,0.045,0.0,0.7959818784384001,quote_mid;trade_last;iv_solved;prev_iv_model
2026-05-15 19:15:10+00:00,13.89,20260618,C,15.0,1.85,2.0,1.925,1.9,0.0,2940290.0,1.3848833863038519,1.924999999999999,0.045,0.0,1.9249959436525783,quote_mid;trade_last;iv_solved;prev_iv_model
2026-05-15 19:15:10+00:00,13.89,20260618,C,20.0,0.75,0.85,0.8,0.85,0.0,2940290.0,1.4136219461769999,0.7999999999999998,0.045,0.0,0.7999966001626624,quote_mid;trade_last;iv_solved;prev_iv_model
2026-05-15 19:15:20+00:00,13.89,20260618,C,15.0,1.85,2.0,1.925,1.9,0.0,2940280.0,1.3848857855392809,1.9250000000000007,0.045,0.0,1.9249959436389084,quote_mid;trade_last;iv_solved;prev_iv_model
2026-05-15 19:15:20+00:00,13.89,20260618,C,20.0,0.75,0.85,0.8,0.85,0.0,2940280.0,1.4136243799088208,0.8000000000000003,0.045,0.0,0.7999966001511942,quote_mid;trade_last;iv_solved;prev_iv_model
2026-05-15 19:15:30+00:00,13.8999,20260618,C,15.0,1.85,2.0,1.925,1.9,0.0,2940270.0,1.3818680507936287,1.9249999999999998,0.045,0.0,1.9301054185166233,quote_mid;trade_last;iv_solved;prev_iv_model
2026-05-15 19:15:30+00:00,13.8999,20260618,C,20.0,0.75,0.85,0.8,0.85,0.0,2940270.0,1.4117285113144402,0.7999999999999989,0.045,0.0,0.8026519043937634,quote_mid;trade_last;iv_solved;prev_iv_model
2026-05-15 19:15:40+00:00,13.89,20260618,C,15.0,1.85,2.0,1.925,1.9,0.0,2940260.0,1.3848905840466315,1.9250000000000016,0.045,0.0,1.919889769540947,quote_mid;trade_last;iv_solved;prev_iv_model
2026-05-15 19:15:40+00:00,13.89,20260618,C,20.0,0.75,0.85,0.8,0.85,0.0,2940260.0,1.4136292474095575,0.8000000000000016,0.045,0.0,0.7973458999433469,quote_mid;trade_last;iv_solved;prev_iv_model
2026-05-15 19:15:50+00:00,13.89,20260618,C,15.0,1.85,2.0,1.925,1.9,0.0,2940250.0,1.3848929833185517,1.9249999999999998,0.045,0.0,1.9249959435978958,quote_mid;trade_last;iv_solved;prev_iv_model
2026-05-15 19:15:50+00:00,13.89,20260618,C,20.0,0.75,0.85,0.8,0.85,0.0,2940250.0,1.4136316811784706,0.7999999999999989,0.045,0.0,0.7999966001167911,quote_mid;trade_last;iv_solved;prev_iv_model
2026-05-15 19:16:00+00:00,13.895,20260618,C,15.0,1.85,2.0,1.925,1.9,0.0,2940240.0,1.3833700470380697,1.924999999999999,0.045,0.0,1.927575655274362,quote_mid;trade_last;iv_solved;prev_iv_model
2026-05-15 19:16:00+00:00,13.895,20260618,C,20.0,0.75,0.85,0.8,0.85,0.0,2940240.0,1.412675237296467,0.8000000000000016,0.045,0.0,0.8013369897207658,quote_mid;trade_last;iv_solved;prev_iv_model
2026-05-15 19:16:10+00:00,13.895,20260618,C,15.0,1.85,2.0,1.925,1.9,0.0,2940230.0,1.383372443767096,1.9250000000000016,0.045,0.0,1.9249959465215056,quote_mid;trade_last;iv_solved;prev_iv_model
2026-05-15 19:16:10+00:00,13.895,20260618,C,20.0,0.75,0.85,0.8,0.85,0.0,2940230.0,1.4126776694658658,0.8000000000000016,0.045,0.0,0.7999966008846067,quote_mid;trade_last;iv_solved;prev_iv_model
2026-05-15 19:16:20+00:00,13.9,20260618,C,15.0,1.85,2.0,1.925,1.9,0.0,2940220.0,1.3818495154396429,1.9249999999999998,0.045,0.0,1.9275765150697284,quote_mid;trade_last;iv_solved;prev_iv_model
2026-05-15 19:16:20+00:00,13.9,20260618,C,20.0,0.75,0.85,0.8,0.85,0.0,2940220.0,1.4117214946863057,0.8000000000000003,0.045,0.0,0.8013371904873834,quote_mid;trade_last;iv_solved;prev_iv_model
2026-05-15 19:16:30+00:00,13.9,20260618,C,15.0,1.85,2.0,1.925,1.9,0.0,2940210.0,1.3818519096258095,1.9250000000000016,0.045,0.0,1.924995949448972,quote_mid;trade_last;iv_solved;prev_iv_model
2026-05-15 19:16:30+00:00,13.9,20260618,C,20.0,0.75,0.85,0.8,0.85,0.0,2940210.0,1.411723925256625,0.8000000000000007,0.045,0.0,0.7999966016530409,quote_mid;trade_last;iv_solved;prev_iv_model
2026-05-15 19:16:40+00:00,13.905,20260618,C,15.0,1.85,2.0,1.925,1.9,0.0,2940200.0,1.3803289875085598,1.924999999999999,0.045,0.0,1.9275773771673705,quote_mid;trade_last;iv_solved;prev_iv_model
2026-05-15 19:16:40+00:00,13.905,20260618,C,20.0,0.75,0.85,0.8,0.85,0.0,2940200.0,1.4107680192197276,0.8000000000000003,0.045,0.0,0.8013373917097617,quote_mid;trade_last;iv_solved;prev_iv_model
2026-05-15 19:16:50+00:00,13.9,20260618,C,15.0,1.85,2.0,1.925,1.9,0.0,2940190.0,1.3818566980345568,1.9249999999999998,0.045,0.0,1.9224153635250065,quote_mid;trade_last;iv_solved;prev_iv_model
2026-05-15 19:16:50+00:00,13.9,20260618,C,20.0,0.75,0.85,0.8,0.85,0.0,2940190.0,1.4117287864343098,0.7999999999999994,0.045,0.0,0.7986569864821256,quote_mid;trade_last;iv_solved;prev_iv_model
2026-05-15 19:17:00+00:00,13.89,20260618,C,15.0,1.85,2.0,1.925,1.9,0.0,2940180.0,1.384909778562593,1.9250000000000007,0.045,0.0,1.9198381922629846,quote_mid;trade_last;iv_solved;prev_iv_model
2026-05-15 19:17:00+00:00,13.89,20260618,C,20.0,0.75,0.85,0.8,0.85,0.0,2940180.0,1.4136487179071073,0.7999999999999989,0.045,0.0,0.7973191448774153,quote_mid;trade_last;iv_solved;prev_iv_model
2026-05-15 19:17:10+00:00,13.88,20260618,C,15.0,1.85,2.0,1.925,1.9,0.0,2940170.0,1.3879629388424246,1.9249999999999998,0.045,0.0,1.9198416114616794,quote_mid;trade_last;iv_solved;prev_iv_model
2026-05-15 19:17:10+00:00,13.88,20260618,C,20.0,0.75,0.85,0.8,0.85,0.0,2940170.0,1.4155697531490334,0.8000000000000003,0.045,0.0,0.7973199411211795,quote_mid;trade_last;iv_solved;prev_iv_model
2026-05-15 19:17:20+00:00,13.88,20260618,C,15.0,1.85,2.0,1.925,1.9,0.0,2940160.0,1.3879653433587271,1.9250000000000016,0.045,0.0,1.9249959375842236,quote_mid;trade_last;iv_solved;prev_iv_model
2026-05-15 19:17:20+00:00,13.88,20260618,C,20.0,0.75,0.85,0.8,0.85,0.0,2940160.0,1.4155721902792653,0.7999999999999994,0.045,0.0,0.7999965984338102,quote_mid;trade_last;iv_solved;prev_iv_model
2026-05-15 19:17:30+00:00,13.88,20260618,C,15.0,1.85,2.0,1.925,1.9,0.0,2940150.0,1.3879677478872199,1.9249999999999998,0.045,0.0,1.9249959375705323,quote_mid;trade_last;iv_solved;prev_iv_model
2026-05-15 19:17:30+00:00,13.88,20260618,C,20.0,0.75,0.85,0.8,0.85,0.0,2940150.0,1.4155746274218797,0.8000000000000003,0.045,0.0,0.7999965984223367,quote_mid;trade_last;iv_solved;prev_iv_model
2026-05-15 19:17:40+00:00,13.88,20260618,C,15.0,1.85,1.95,1.9,1.9,0.0,2940140.0,1.3731739088750667,1.8999999999999995,0.045,0.0,1.9249959375568393,quote_mid;trade_last;iv_solved;prev_iv_model
2026-05-15 19:17:40+00:00,13.88,20260618,C,20.0,0.75,0.85,0.8,0.85,0.0,2940140.0,1.415577064576877,0.7999999999999994,0.045,0.0,0.7999965984108601,quote_mid;trade_last;iv_solved;prev_iv_model
2026-05-15 19:17:50+00:00,13.88,20260618,C,15.0,1.85,1.95,1.9,1.9,0.0,2940130.0,1.3731762882770684,1.8999999999999995,0.045,0.0,1.899995979427711,quote_mid;trade_last;iv_solved;prev_iv_model
2026-05-15 19:17:50+00:00,13.88,20260618,C,20.0,0.75,0.85,0.8,0.85,0.0,2940130.0,1.4155795017442574,0.7999999999999985,0.045,0.0,0.7999965983993853,quote_mid;trade_last;iv_solved;prev_iv_model
2026-05-15 19:18:00+00:00,13.88,20260618,C,15.0,1.85,1.95,1.9,1.9,0.0,2940120.0,1.3731786676911328,1.9000000000000004,0.045,0.0,1.899995979414161,quote_mid;trade_last;iv_solved;prev_iv_model
2026-05-15 19:18:00+00:00,13.88,20260618,C,20.0,0.75,0.85,0.8,0.85,0.0,2940120.0,1.4155819389240198,0.7999999999999998,0.045,0.0,0.7999965983879105,quote_mid;trade_last;iv_solved;prev_iv_model
2026-05-15 19:18:10+00:00,13.885,20260618,C,15.0,1.85,1.95,1.9,1.9,0.0,2940110.0,1.3716607352449954,1.9000000000000004,0.045,0.0,1.9025657695103364,quote_mid;trade_last;iv_solved;prev_iv_model
2026-05-15 19:18:10+00:00,13.885,20260618,C,20.0,0.8,0.85,0.825,0.85,0.0,2940110.0,1.432456765626525,0.8250000000000002,0.045,0.0,0.8013365890533919,quote_mid;trade_last;iv_solved;prev_iv_model
2026-05-15 19:18:20+00:00,13.88,20260618,C,15.0,1.85,1.95,1.9,1.9,0.0,2940100.0,1.373183426555452,1.8999999999999986,0.045,0.0,1.8974270408447618,quote_mid;trade_last;iv_solved;prev_iv_model
2026-05-15 19:18:20+00:00,13.88,20260618,C,20.0,0.8,0.85,0.825,0.85,0.0,2940100.0,1.4334264135573527,0.8250000000000006,0.045,0.0,0.8236360183986062,quote_mid;trade_last;iv_solved;prev_iv_model
2026-05-15 19:18:30+00:00,13.88,20260618,C,15.0,1.85,1.95,1.9,1.9,0.0,2940090.0,1.373185806005707,1.8999999999999995,0.045,0.0,1.8999959793735126,quote_mid;trade_last;iv_solved;prev_iv_model
2026-05-15 19:18:30+00:00,13.88,20260618,C,20.0,0.8,0.85,0.825,0.85,0.0,2940090.0,1.43342888123107,0.8250000000000006,0.045,0.0,0.8249965280440543,quote_mid;trade_last;iv_solved;prev_iv_model
2026-05-15 19:18:40+00:00,13.88,20260618,C,15.0,1.85,1.95,1.9,1.9,0.0,2940080.0,1.3731881854680261,1.9000000000000004,0.045,0.0,1.8999959793599634,quote_mid;trade_last;iv_solved;prev_iv_model
2026-05-15 19:18:40+00:00,13.88,20260618,C,20.0,0.8,0.85,0.825,0.85,0.0,2940080.0,1.433431348917325,0.8250000000000015,0.045,0.0,0.824996528032341,quote_mid;trade_last;iv_solved;prev_iv_model
2026-05-15 19:18:50+00:00,13.88,20260618,C,15.0,1.85,1.95,1.9,1.9,0.0,2940070.0,1.3731905649424077,1.9000000000000004,0.045,0.0,1.8999959793464152,quote_mid;trade_last;iv_solved;prev_iv_model
2026-05-15 19:18:50+00:00,13.88,20260618,C,20.0,0.8,0.85,0.825,0.85,0.0,2940070.0,1.4334338166161196,0.8249999999999993,0.045,0.0,0.8249965280206255,quote_mid;trade_last;iv_solved;prev_iv_model
2026-05-15 19:19:00+00:00,13.88,20260618,C,15.0,1.85,1.95,1.9,1.9,0.0,2940060.0,1.3731929444288529,1.8999999999999995,0.045,0.0,1.8999959793328651,quote_mid;trade_last;iv_solved;prev_iv_model
2026-05-15 19:19:00+00:00,13.88,20260618,C,20.0,0.8,0.85,0.825,0.85,0.0,2940060.0,1.4334362843274513,0.8249999999999975,0.045,0.0,0.8249965280089131,quote_mid;trade_last;iv_solved;prev_iv_model
2026-05-15 19:19:10+00:00,13.86,20260618,C,15.0,1.85,1.95,1.9,1.9,0.0,2940050.0,1.3792767881146362,1.9000000000000004,0.045,0.0,1.8897339541497793,quote_mid;trade_last;iv_solved;prev_iv_model
2026-05-15 19:19:10+00:00,13.86,20260618,C,20.0,0.8,0.85,0.825,0.85,5.0,2940050.0,1.4373102967518752,0.8250000000000006,0.045,0.0,0.8195634693948608,quote_mid;trade_last;iv_solved;prev_iv_model
2026-05-15 19:19:20+00:00,13.85,20260618,C,15.0,1.85,1.9,1.875,1.9,0.0,2940040.0,1.367494812157072,1.875,0.045,0.0,1.894868389143162,quote_mid;trade_last;iv_solved;prev_iv_model
2026-05-15 19:19:20+00:00,13.85,20260618,C,20.0,0.8,0.85,0.825,0.85,0.0,2940040.0,1.4392502223949029,0.8250000000000006,0.045,0.0,0.8222788277196247,quote_mid;trade_last;iv_solved;prev_iv_model
2026-05-15 19:19:30+00:00,13.85,20260618,C,15.0,1.85,1.9,1.875,1.9,0.0,2940030.0,1.3674971818315127,1.8750000000000009,0.045,0.0,1.8749960037422486,quote_mid;trade_last;iv_solved;prev_iv_model
2026-05-15 19:19:30+00:00,13.85,20260618,C,20.0,0.8,0.85,0.825,0.85,0.0,2940030.0,1.439252699984666,0.8249999999999993,0.045,0.0,0.824996523153704,quote_mid;trade_last;iv_solved;prev_iv_model
2026-05-15 19:19:40+00:00,13.91,20260618,C,15.0,1.85,2.0,1.925,1.9,150.0,2940020.0,1.3788466885591077,1.9250000000000016,0.045,0.0,1.9057848622347286,quote_mid;trade_last;iv_solved;prev_iv_model
2026-05-15 19:19:40+00:00,13.91,20260618,C,20.0,0.8,0.85,0.825,0.85,0.0,2940020.0,1.4276471433633984,0.8249999999999993,0.045,0.0,0.8414125946149471,quote_mid;trade_last;iv_solved;prev_iv_model
2026-05-15 19:19:50+00:00,13.92,20260618,C,15.0,1.85,2.0,1.925,1.9,0.0,2940010.0,1.3757984013524034,1.9250000000000016,0.045,0.0,1.9301639607509955,quote_mid;trade_last;iv_solved;prev_iv_model
2026-05-15 19:19:50+00:00,13.92,20260618,C,20.0,0.8,0.85,0.825,0.85,0.0,2940010.0,1.4257188049231768,0.8250000000000011,0.045,0.0,0.827723644255808,quote_mid;trade_last;iv_solved;prev_iv_model
2026-05-15 19:20:00+00:00,13.92,20260618,C,15.0,1.85,2.0,1.925,1.9,0.0,2940000.0,1.3758007855245595,1.9249999999999998,0.045,0.0,1.924995961020607,quote_mid;trade_last;iv_solved;prev_iv_model
2026-05-15 19:20:00+00:00,13.92,20260618,C,20.0,0.8,0.85,0.825,0.85,0.0,2940000.0,1.425721259615207,0.8250000000000002,0.045,0.0,0.8249965343997618,quote_mid;trade_last;iv_solved;prev_iv_model
2026-05-15 19:20:10+00:00,13.915,20260618,C,15.0,1.85,2.0,1.925,1.9,0.0,2939990.0,1.3773285087792826,1.9250000000000016,0.045,0.0,1.9224127781573461,quote_mid;trade_last;iv_solved;prev_iv_model
2026-05-15 19:20:10+00:00,13.915,20260618,C,20.0,0.8,0.85,0.825,0.85,0.0,2939990.0,1.4266889780327103,0.8250000000000011,0.045,0.0,0.8236346331887447,quote_mid;trade_last;iv_solved;prev_iv_model
2026-05-15 19:20:20+00:00,13.92,20260618,C,15.0,1.85,2.0,1.925,1.9,0.0,2939980.0,1.3758055539051361,1.9250000000000007,0.045,0.0,1.9275799764309056,quote_mid;trade_last;iv_solved;prev_iv_model
2026-05-15 19:20:20+00:00,13.92,20260618,C,20.0,0.85,0.9,0.875,0.85,2.0,2939980.0,1.460874430529291,0.8750000000000013,0.045,0.0,0.8263596046025032,quote_mid;trade_last;iv_solved;prev_iv_model
2026-05-15 19:20:30+00:00,13.94,20260618,C,15.0,1.85,2.0,1.925,1.9,0.0,2939970.0,1.3697066122267434,1.9250000000000007,0.045,0.0,1.935345726481561,quote_mid;trade_last;iv_solved;prev_iv_model
2026-05-15 19:20:30+00:00,13.94,20260618,C,20.0,0.8,0.9,0.8500000000000001,0.85,0.0,2939970.0,1.439479588454465,0.8500000000000001,0.045,0.0,0.8806260449316343,quote_mid;trade_last;iv_solved;prev_iv_model
2026-05-15 19:20:40+00:00,13.96,20260618,C,15.0,1.85,2.05,1.95,1.9,0.0,2939960.0,1.378326388489021,1.9499999999999984,0.045,0.0,1.9353597580997803,quote_mid;trade_last;iv_solved;prev_iv_model
2026-05-15 19:20:40+00:00,13.96,20260618,C,20.0,0.8,0.9,0.8500000000000001,0.85,0.0,2939960.0,1.4355977854823259,0.8499999999999996,0.045,0.0,0.8555459674116133,quote_mid;trade_last;iv_solved;prev_iv_model
2026-05-15 19:20:50+00:00,13.97,20260618,C,15.0,1.85,2.05,1.95,1.9,0.0,2939950.0,1.3752681561003288,1.9499999999999993,0.045,0.0,1.9551973277507555,quote_mid;trade_last;iv_solved;prev_iv_model
2026-05-15 19:20:50+00:00,13.97,20260618,C,20.0,0.8,0.9,0.8500000000000001,0.85,0.0,2939950.0,1.4336597658553702,0.8500000000000001,0.045,0.0,0.8527701046299154,quote_mid;trade_last;iv_solved;prev_iv_model
2026-05-15 19:21:00+00:00,13.955,20260618,C,15.0,1.85,2.05,1.95,1.9,0.0,2939940.0,1.379861477922772,1.9499999999999993,0.045,0.0,1.9422013407128524,quote_mid;trade_last;iv_solved;prev_iv_model
2026-05-15 19:21:00+00:00,13.955,20260618,C,20.0,0.8,0.9,0.8500000000000001,0.85,0.0,2939940.0,1.4365733888012713,0.8500000000000001,0.045,0.0,0.8458450728578901,quote_mid;trade_last;iv_solved;prev_iv_model
2026-05-15 19:21:10+00:00,13.94,20260618,C,15.0,1.9,2.0,1.95,1.9,0.0,2939930.0,1.3844548298531012,1.9499999999999984,0.045,0.0,1.9422091961580819,quote_mid;trade_last;iv_solved;prev_iv_model
2026-05-15 19:21:10+00:00,13.94,20260618,C,20.0,0.8,0.9,0.8500000000000001,0.85,0.0,2939930.0,1.4394895016054714,0.8499999999999992,0.045,0.0,0.845846887543312,quote_mid;trade_last;iv_solved;prev_iv_model
2026-05-15 19:21:20+00:00,13.93,20260618,C,15.0,1.9,2.0,1.95,1.9,0.0,2939920.0,1.3875179063271093,1.9500000000000002,0.045,0.0,1.9448082776296296,quote_mid;trade_last;iv_solved;prev_iv_model
2026-05-15 19:21:20+00:00,13.93,20260618,C,20.0,0.8,0.9,0.8500000000000001,0.85,0.0,2939920.0,1.4414357921733933,0.8500000000000001,0.045,0.0,0.8472299166565347,quote_mid;trade_last;iv_solved;prev_iv_model
2026-05-15 19:21:30+00:00,13.93,20260618,C,15.0,1.9,2.0,1.95,1.9,0.0,2939910.0,1.3875203105430098,1.9500000000000002,0.045,0.0,1.9499959250910743,quote_mid;trade_last;iv_solved;prev_iv_model
2026-05-15 19:21:30+00:00,13.93,20260618,C,20.0,0.8,0.9,0.8500000000000001,0.85,0.0,2939910.0,1.441438273798103,0.8500000000000001,0.045,0.0,0.8499964665430393,quote_mid;trade_last;iv_solved;prev_iv_model
2026-05-15 19:21:40+00:00,13.935,20260618,C,15.0,1.9,2.0,1.95,1.9,0.0,2939900.0,1.3859923665429403,1.950000000000001,0.045,0.0,1.9525905610710854,quote_mid;trade_last;iv_solved;prev_iv_model
2026-05-15 19:21:40+00:00,13.935,20260618,C,20.0,0.8,0.9,0.8500000000000001,0.85,0.0,2939900.0,1.4404687075056248,0.8500000000000005,0.045,0.0,0.8513813906454191,quote_mid;trade_last;iv_solved;prev_iv_model
2026-05-15 19:21:50+00:00,13.935,20260618,C,15.0,1.9,2.0,1.95,1.9,0.0,2939890.0,1.3859947682075031,1.9499999999999984,0.045,0.0,1.9499959280513117,quote_mid;trade_last;iv_solved;prev_iv_model
2026-05-15 19:21:50+00:00,13.935,20260618,C,20.0,0.8,0.9,0.8500000000000001,0.85,0.0,2939890.0,1.44047118750886,0.8499999999999996,0.045,0.0,0.8499964673465321,quote_mid;trade_last;iv_solved;prev_iv_model
2026-05-15 19:22:00+00:00,13.935,20260618,C,15.0,1.9,2.0,1.95,1.9,0.0,2939880.0,1.3859971698842442,1.9499999999999993,0.045,0.0,1.949995928037585,quote_mid;trade_last;iv_solved;prev_iv_model
2026-05-15 19:22:00+00:00,13.935,20260618,C,20.0,0.8,0.9,0.8500000000000001,0.85,0.0,2939880.0,1.4404736675246945,0.8500000000000001,0.045,0.0,0.849996467334615,quote_mid;trade_last;iv_solved;prev_iv_model
2026-05-15 19:22:10+00:00,13.955,20260618,C,15.0,1.9,2.0,1.95,1.9,0.0,2939870.0,1.3798782173749262,1.9499999999999984,0.045,0.0,1.9603880502832762,quote_mid;trade_last;iv_solved;prev_iv_model
2026-05-15 19:22:10+00:00,13.955,20260618,C,20.0,0.8,0.9,0.8500000000000001,0.85,0.0,2939870.0,1.4365907026617473,0.8500000000000005,0.045,0.0,0.8555451600370212,quote_mid;trade_last;iv_solved;prev_iv_model
2026-05-15 19:22:20+00:00,13.9501,20260618,C,15.0,1.9,2.0,1.95,1.9,0.0,2939860.0,1.3813803362885189,1.9499999999999984,0.045,0.0,1.9474505926915526,quote_mid;trade_last;iv_solved;prev_iv_model
2026-05-15 19:22:20+00:00,13.9501,20260618,C,20.0,0.8,0.9,0.8500000000000001,0.85,0.0,2939860.0,1.437544703060238,0.8500000000000001,0.045,0.0,0.8486395866356844,quote_mid;trade_last;iv_solved;prev_iv_model
2026-05-15 19:22:30+00:00,13.9565,20260618,C,15.0,1.9,2.0,1.95,1.9,0.0,2939850.0,1.379423899543335,1.950000000000001,0.045,0.0,1.9533218292195889,quote_mid;trade_last;iv_solved;prev_iv_model
2026-05-15 19:22:30+00:00,13.9565,20260618,C,20.0,0.8,0.9,0.8500000000000001,0.85,0.0,2939850.0,1.4363044182646671,0.8499999999999988,0.045,0.0,0.8517704512778121,quote_mid;trade_last;iv_solved;prev_iv_model
2026-05-15 19:22:40+00:00,13.955,20260618,C,15.0,1.9,2.0,1.95,1.9,0.0,2939840.0,1.379885391607718,1.950000000000001,0.045,0.0,1.9492165015906275,quote_mid;trade_last;iv_solved;prev_iv_model
2026-05-15 19:22:40+00:00,13.955,20260618,C,20.0,0.8,0.9,0.8500000000000001,0.85,0.0,2939840.0,1.4365981230761937,0.850000000000001,0.045,0.0,0.8495809405254557,quote_mid;trade_last;iv_solved;prev_iv_model
2026-05-15 19:22:50+00:00,13.9404,20260618,C,15.0,1.9,2.0,1.95,1.9,0.0,2939830.0,1.3843563926470734,1.9500000000000002,0.045,0.0,1.94241664574362,quote_mid;trade_last;iv_solved;prev_iv_model
2026-05-15 19:22:50+00:00,13.9404,20260618,C,20.0,0.8,0.9,0.8500000000000001,0.85,0.0,2939830.0,1.439436554726865,0.850000000000001,0.045,0.0,0.8459573837885559,quote_mid;trade_last;iv_solved;prev_iv_model
2026-05-15 19:23:00+00:00,13.945,20260618,C,15.0,1.9,2.0,1.95,1.9,0.0,2939820.0,1.3829508669626267,1.9499999999999984,0.045,0.0,1.9523845862669296,quote_mid;trade_last;iv_solved;prev_iv_model
2026-05-15 19:23:00+00:00,13.945,20260618,C,20.0,0.8,0.9,0.8500000000000001,0.85,0.0,2939820.0,1.4385452563961456,0.850000000000001,0.045,0.0,0.8512709314871252,quote_mid;trade_last;iv_solved;prev_iv_model
2026-05-15 19:23:10+00:00,13.94,20260618,C,15.0,1.9,2.0,1.95,1.9,0.0,2939810.0,1.3844836192851,1.9499999999999984,0.045,0.0,1.947400396323184,quote_mid;trade_last;iv_solved;prev_iv_model
2026-05-15 19:23:10+00:00,13.94,20260618,C,20.0,0.8,0.9,0.8500000000000001,0.85,0.0,2939810.0,1.439519242267464,0.8499999999999988,0.045,0.0,0.8486123097313354,quote_mid;trade_last;iv_solved;prev_iv_model
2026-05-15 19:23:20+00:00,13.91,20260618,C,15.0,1.9,2.0,1.95,1.9,0.0,2939800.0,1.3936683761612274,1.9499999999999984,0.045,0.0,1.934453282655534,quote_mid;trade_last;iv_solved;prev_iv_model
2026-05-15 19:23:20+00:00,13.91,20260618,C,20.0,0.8,0.9,0.8500000000000001,0.85,0.0,2939800.0,1.445356607752828,0.8500000000000005,0.045,0.0,0.8417132036242636,quote_mid;trade_last;iv_solved;prev_iv_model
2026-05-15 19:23:30+00:00,13.9,20260618,C,15.0,1.9,2.0,1.95,1.9,0.0,2939790.0,1.3967317031693058,1.9500000000000002,0.045,0.0,1.944818544899948,quote_mid;trade_last;iv_solved;prev_iv_model
2026-05-15 19:23:30+00:00,13.9,20260618,C,20.0,0.8,0.9,0.8500000000000001,0.85,0.0,2939790.0,1.447306288801634,0.8500000000000001,0.045,0.0,0.8472322965204873,quote_mid;trade_last;iv_solved;prev_iv_model
2026-05-15 19:23:40+00:00,13.88,20260618,C,15.0,1.9,2.0,1.95,1.9,0.0,2939780.0,1.4028562232974915,1.9499999999999984,0.045,0.0,1.9396546828718604,quote_mid;trade_last;iv_solved;prev_iv_model
2026-05-15 19:23:40+00:00,13.88,20260618,C,20.0,0.8,0.9,0.8500000000000001,0.85,0.0,2939780.0,1.4512065307279962,0.8499999999999988,0.045,0.0,0.8444751499842265,quote_mid;trade_last;iv_solved;prev_iv_model
2026-05-15 19:23:50+00:00,13.87,20260618,C,15.0,1.9,2.0,1.95,1.9,0.0,2939770.0,1.4059198689127372,1.9499999999999993,0.045,0.0,1.9448286475131171,quote_mid;trade_last;iv_solved;prev_iv_model
2026-05-15 19:23:50+00:00,13.87,20260618,C,20.0,0.8,0.9,0.8500000000000001,0.85,0.0,2939770.0,1.4531595925097784,0.8500000000000005,0.045,0.0,0.8472346431480009,quote_mid;trade_last;iv_solved;prev_iv_model
2026-05-15 19:24:00+00:00,13.86,20260618,C,15.0,1.9,2.0,1.95,1.9,0.0,2939760.0,1.4089836498336035,1.950000000000001,0.045,0.0,1.9448319791560698,quote_mid;trade_last;iv_solved;prev_iv_model
2026-05-15 19:24:00+00:00,13.86,20260618,C,20.0,0.8,0.9,0.8500000000000001,0.85,0.0,2939760.0,1.4551137882376475,0.8500000000000005,0.045,0.0,0.8472354180758539,quote_mid;trade_last;iv_solved;prev_iv_model
2026-05-15 19:24:10+00:00,13.86,20260618,C,15.0,1.9,2.0,1.95,1.9,0.0,2939750.0,1.4089860903167817,1.9499999999999984,0.045,0.0,1.949995883443023,quote_mid;trade_last;iv_solved;prev_iv_model
2026-05-15 19:24:10+00:00,13.86,20260618,C,20.0,0.8,0.9,0.8500000000000001,0.85,0.0,2939750.0,1.4551162931699042,0.8500000000000005,0.045,0.0,0.8499964548348817,quote_mid;trade_last;iv_solved;prev_iv_model
2026-05-15 19:24:20+00:00,13.855,20260618,C,15.0,1.85,1.95,1.9,1.9,2.0,2939740.0,1.3808713687722118,1.8999999999999995,0.045,0.0,1.9474147522610288,quote_mid;trade_last;iv_solved;prev_iv_model
2026-05-15 19:24:20+00:00,13.855,20260618,C,20.0,0.8,0.9,0.8500000000000001,0.85,0.0,2939740.0,1.4560950721534307,0.8499999999999992,0.045,0.0,0.8486156432651466,quote_mid;trade_last;iv_solved;prev_iv_model
2026-05-15 19:24:30+00:00,13.85,20260618,C,15.0,1.85,1.95,1.9,1.9,0.0,2939730.0,1.382394279329068,1.8999999999999995,0.045,0.0,1.8974321748090475,quote_mid;trade_last;iv_solved;prev_iv_model
2026-05-15 19:24:30+00:00,13.85,20260618,C,20.0,0.8,0.9,0.8500000000000001,0.85,0.0,2939730.0,1.4570741374024307,0.8500000000000019,0.045,0.0,0.8486158352571511,quote_mid;trade_last;iv_solved;prev_iv_model
2026-05-15 19:24:40+00:00,13.85,20260618,C,15.0,1.85,1.95,1.9,1.9,0.0,2939720.0,1.382396674583135,1.8999999999999995,0.045,0.0,1.899995961324704,quote_mid;trade_last;iv_solved;prev_iv_model
2026-05-15 19:24:40+00:00,13.85,20260618,C,20.0,0.8,0.9,0.8500000000000001,0.85,0.0,2939720.0,1.457076645681484,0.8500000000000001,0.045,0.0,0.8499964531636257,quote_mid;trade_last;iv_solved;prev_iv_model
2026-05-15 19:24:50+00:00,13.85,20260618,C,15.0,1.85,1.95,1.9,1.9,0.0,2939710.0,1.382399069849349,1.9000000000000012,0.045,0.0,1.8999959613110908,quote_mid;trade_last;iv_solved;prev_iv_model
2026-05-15 19:24:50+00:00,13.85,20260618,C,20.0,0.8,0.9,0.8500000000000001,0.85,0.0,2939710.0,1.4570791539732855,0.8499999999999996,0.045,0.0,0.8499964531516531,quote_mid;trade_last;iv_solved;prev_iv_model
2026-05-15 19:25:00+00:00,13.845,20260618,C,15.0,1.85,1.95,1.9,1.9,0.0,2939700.0,1.3839220148392153,1.9000000000000012,0.045,0.0,1.8974330223698166,quote_mid;trade_last;iv_solved;prev_iv_model
2026-05-15 19:25:00+00:00,13.845,20260618,C,20.0,0.75,0.9,0.825,0.85,0.0,2939700.0,1.440303669225624,0.8249999999999988,0.045,0.0,0.8486160268081888,quote_mid;trade_last;iv_solved;prev_iv_model
2026-05-15 19:25:10+00:00,13.84,20260618,C,15.0,1.85,1.95,1.9,1.9,0.0,2939690.0,1.3854449908283057,1.9000000000000012,0.045,0.0,1.8974338676033184,quote_mid;trade_last;iv_solved;prev_iv_model
2026-05-15 19:25:10+00:00,13.84,20260618,C,20.0,0.75,0.9,0.825,0.85,0.0,2939690.0,1.4412756328934497,0.8249999999999997,0.045,0.0,0.8236375745824684,quote_mid;trade_last;iv_solved;prev_iv_model
2026-05-15 19:25:20+00:00,13.84,20260618,C,15.0,1.85,1.95,1.9,1.9,0.0,2939680.0,1.3854473912509695,1.9000000000000004,0.045,0.0,1.899995955451125,quote_mid;trade_last;iv_solved;prev_iv_model
2026-05-15 19:25:20+00:00,13.84,20260618,C,20.0,0.75,0.9,0.825,0.85,0.0,2939680.0,1.4412781142086133,0.8249999999999988,0.045,0.0,0.8249965211410535,quote_mid;trade_last;iv_solved;prev_iv_model
2026-05-15 19:25:30+00:00,13.83,20260618,C,15.0,1.8,1.95,1.875,1.9,0.0,2939670.0,1.373644185589273,1.8750000000000009,0.045,0.0,1.8948751692439156,quote_mid;trade_last;iv_solved;prev_iv_model
2026-05-15 19:25:30+00:00,13.83,20260618,C,20.0,0.75,0.9,0.825,0.85,0.0,2939670.0,1.4432204135481044,0.8250000000000006,0.045,0.0,0.8222803748074359,quote_mid;trade_last;iv_solved;prev_iv_model
2026-05-15 19:25:40+00:00,13.8307,20260618,C,15.0,1.8,1.95,1.875,1.9,0.0,2939660.0,1.3734344006333714,1.8749999999999991,0.045,0.0,1.8753532850999761,quote_mid;trade_last;iv_solved;prev_iv_model
2026-05-15 19:25:40+00:00,13.8307,20260618,C,20.0,0.8,0.9,0.8500000000000001,0.8,2.0,2939660.0,1.4608639174685405,0.8499999999999996,0.045,0.0,0.8251867997637219,quote_mid;trade_last;iv_solved;prev_iv_model
2026-05-15 19:25:50+00:00,13.8307,20260618,C,15.0,1.8,1.95,1.875,1.9,0.0,2939650.0,1.3734367806120105,1.8750000000000009,0.045,0.0,1.8749959920375332,quote_mid;trade_last;iv_solved;prev_iv_model
2026-05-15 19:25:50+00:00,13.8307,20260618,C,20.0,0.8,0.9,0.8500000000000001,0.8,0.0,2939650.0,1.4608664322281792,0.8500000000000005,0.045,0.0,0.8499964499305315,quote_mid;trade_last;iv_solved;prev_iv_model
2026-05-15 19:26:00+00:00,13.84,20260618,C,15.0,1.8,1.95,1.875,1.9,0.0,2939640.0,1.3706204262977648,1.8749999999999982,0.045,0.0,1.8797458621576002,quote_mid;trade_last;iv_solved;prev_iv_model
2026-05-15 19:26:00+00:00,13.84,20260618,C,20.0,0.8,0.9,0.8500000000000001,0.8,0.0,2939640.0,1.4590507097615713,0.8500000000000019,0.045,0.0,0.8525662733555479,quote_mid;trade_last;iv_solved;prev_iv_model
2026-05-15 19:26:10+00:00,13.83,20260618,C,15.0,1.8,1.95,1.875,1.9,0.0,2939630.0,1.3736537069567412,1.875,0.045,0.0,1.8698920661566945,quote_mid;trade_last;iv_solved;prev_iv_model
2026-05-15 19:26:10+00:00,13.83,20260618,C,20.0,0.8,0.9,0.8500000000000001,0.8,0.0,2939630.0,1.4610083584199303,0.850000000000001,0.045,0.0,0.8472377213359708,quote_mid;trade_last;iv_solved;prev_iv_model
2026-05-15 19:26:20+00:00,13.83,20260618,C,15.0,1.8,1.95,1.875,1.9,0.0,2939620.0,1.3736560873287837,1.8750000000000009,0.045,0.0,1.874995991592093,quote_mid;trade_last;iv_solved;prev_iv_model
2026-05-15 19:26:20+00:00,13.83,20260618,C,20.0,0.8,0.9,0.8500000000000001,0.8,0.0,2939620.0,1.4610108734498626,0.8500000000000005,0.045,0.0,0.849996449780535,quote_mid;trade_last;iv_solved;prev_iv_model
2026-05-15 19:26:30+00:00,13.83,20260618,C,15.0,1.8,1.95,1.875,1.9,0.0,2939610.0,1.3736584677128976,1.8750000000000009,0.045,0.0,1.8749959915785794,quote_mid;trade_last;iv_solved;prev_iv_model
2026-05-15 19:26:30+00:00,13.83,20260618,C,20.0,0.8,0.9,0.8500000000000001,0.8,0.0,2939610.0,1.461013388492578,0.8499999999999992,0.045,0.0,0.8499964497685522,quote_mid;trade_last;iv_solved;prev_iv_model
2026-05-15 19:26:40+00:00,13.835,20260618,C,15.0,1.8,1.95,1.875,1.9,0.0,2939600.0,1.3721453765819653,1.875,0.045,0.0,1.877548826443845,quote_mid;trade_last;iv_solved;prev_iv_model
2026-05-15 19:26:40+00:00,13.835,20260618,C,20.0,0.8,0.9,0.8500000000000001,0.8,2.0,2939600.0,1.460038187883709,0.8499999999999996,0.045,0.0,0.8513774658145898,quote_mid;trade_last;iv_solved;prev_iv_model
2026-05-15 19:26:50+00:00,13.83,20260618,C,15.0,1.8,1.9,1.85,1.9,0.0,2939590.0,1.3588178136226077,1.8500000000000005,0.045,0.0,1.8724440243883338,quote_mid;trade_last;iv_solved;prev_iv_model
2026-05-15 19:26:50+00:00,13.83,20260618,C,20.0,0.8,0.9,0.8500000000000001,0.8,0.0,2939590.0,1.4610184186163542,0.8500000000000001,0.045,0.0,0.8486165987610725,quote_mid;trade_last;iv_solved;prev_iv_model
2026-05-15 19:27:00+00:00,13.83,20260618,C,15.0,1.8,1.9,1.85,1.85,1.0,2939580.0,1.3588201687997024,1.8500000000000014,0.045,0.0,1.8499960336404966,quote_mid;trade_last;iv_solved;prev_iv_model
2026-05-15 19:27:00+00:00,13.83,20260618,C,20.0,0.8,0.9,0.8500000000000001,0.8,0.0,2939580.0,1.4610209336974167,0.850000000000001,0.045,0.0,0.8499964497326058,quote_mid;trade_last;iv_solved;prev_iv_model
2026-05-15 19:27:10+00:00,13.83,20260618,C,15.0,1.8,1.9,1.85,1.85,0.0,2939570.0,1.3588225239887395,1.8499999999999996,0.045,0.0,1.8499960336271277,quote_mid;trade_last;iv_solved;prev_iv_model
2026-05-15 19:27:10+00:00,13.83,20260618,C,20.0,0.8,0.9,0.8500000000000001,0.8,0.0,2939570.0,1.4610234487912614,0.850000000000001,0.045,0.0,0.849996449720622,quote_mid;trade_last;iv_solved;prev_iv_model
2026-05-15 19:27:20+00:00,13.8301,20260618,C,15.0,1.8,1.9,1.85,1.85,0.0,2939560.0,1.3587946736026666,1.8500000000000014,0.045,0.0,1.850046903069562,quote_mid;trade_last;iv_solved;prev_iv_model
2026-05-15 19:27:20+00:00,13.8301,20260618,C,20.0,0.8,0.9,0.8500000000000001,0.8,0.0,2939560.0,1.4610064066621677,0.8500000000000001,0.045,0.0,0.8500240567509523,quote_mid;trade_last;iv_solved;prev_iv_model
2026-05-15 19:27:30+00:00,13.83,20260618,C,15.0,1.8,1.9,1.85,1.85,0.0,2939550.0,1.358827234402642,1.8500000000000005,0.045,0.0,1.8499451645516602,quote_mid;trade_last;iv_solved;prev_iv_model
2026-05-15 19:27:30+00:00,13.83,20260618,C,20.0,0.8,0.9,0.8500000000000001,0.8,0.0,2939550.0,1.461028479017298,0.8500000000000001,0.045,0.0,0.8499688431366823,quote_mid;trade_last;iv_solved;prev_iv_model
2026-05-15 19:27:40+00:00,13.83,20260618,C,15.0,1.8,1.9,1.85,1.85,0.0,2939540.0,1.3588295896275078,1.8499999999999996,0.045,0.0,1.8499960335870247,quote_mid;trade_last;iv_solved;prev_iv_model
2026-05-15 19:27:40+00:00,13.83,20260618,C,20.0,0.8,0.9,0.8500000000000001,0.8,0.0,2939540.0,1.4610309941494912,0.8499999999999996,0.045,0.0,0.8499964496846757,quote_mid;trade_last;iv_solved;prev_iv_model
2026-05-15 19:27:50+00:00,13.8307,20260618,C,15.0,1.8,1.9,1.85,1.85,0.0,2939530.0,1.3586205048300446,1.8500000000000005,0.045,0.0,1.8503521343441545,quote_mid;trade_last;iv_solved;prev_iv_model
2026-05-15 19:27:50+00:00,13.8307,20260618,C,20.0,0.8,0.9,0.8500000000000001,0.8,0.0,2939530.0,1.460896610340773,0.8500000000000001,0.045,0.0,0.850189710341668,quote_mid;trade_last;iv_solved;prev_iv_model
2026-05-15 19:28:00+00:00,13.815,20260618,C,15.0,1.8,1.9,1.85,1.85,0.0,2939520.0,1.3633652539396155,1.8500000000000014,0.045,0.0,1.8420177752520015,quote_mid;trade_last;iv_solved;prev_iv_model
2026-05-15 19:28:00+00:00,13.815,20260618,C,20.0,0.75,0.9,0.825,0.8,0.0,2939520.0,1.4461695993931163,0.8250000000000002,0.045,0.0,0.8456687814263044,quote_mid;trade_last;iv_solved;prev_iv_model
2026-05-15 19:28:10+00:00,13.815,20260618,C,15.0,1.8,1.9,1.85,1.85,0.0,2939510.0,1.3633676168283775,1.8500000000000005,0.045,0.0,1.8499960249074636,quote_mid;trade_last;iv_solved;prev_iv_model
2026-05-15 19:28:10+00:00,13.815,20260618,C,20.0,0.75,0.9,0.825,0.8,0.0,2939510.0,1.446172089143607,0.8249999999999997,0.045,0.0,0.8249965169468596,quote_mid;trade_last;iv_solved;prev_iv_model
2026-05-15 19:28:20+00:00,13.81,20260618,C,15.0,1.8,1.9,1.85,1.85,0.0,2939500.0,1.3648803449973093,1.8500000000000005,0.045,0.0,1.8474560264000264,quote_mid;trade_last;iv_solved;prev_iv_model
2026-05-15 19:28:20+00:00,13.81,20260618,C,20.0,0.75,0.9,0.825,0.8,0.0,2939500.0,1.4471457858152328,0.824999999999998,0.045,0.0,0.8236387227175404,quote_mid;trade_last;iv_solved;prev_iv_model
2026-05-15 19:28:30+00:00,13.8,20260618,C,15.0,1.8,1.9,1.85,1.85,0.0,2939490.0,1.3679035196870708,1.8500000000000005,0.045,0.0,1.8449194743847883,quote_mid;trade_last;iv_solved;prev_iv_model
2026-05-15 19:28:30+00:00,13.8,20260618,C,20.0,0.75,0.9,0.825,0.8,0.0,2939490.0,1.4490915444328918,0.8249999999999988,0.045,0.0,0.8222826675793411,quote_mid;trade_last;iv_solved;prev_iv_model
2026-05-15 19:28:40+00:00,13.8123,20260618,C,15.0,1.8,1.9,1.85,1.85,0.0,2939480.0,1.3641903026837272,1.8500000000000005,0.045,0.0,1.8562454599193003,quote_mid;trade_last;iv_solved;prev_iv_model
2026-05-15 19:28:40+00:00,13.8123,20260618,C,20.0,0.75,0.9,0.825,0.8,0.0,2939480.0,1.446703976822811,0.8249999999999997,0.045,0.0,0.8283410643827755,quote_mid;trade_last;iv_solved;prev_iv_model
2026-05-15 19:28:50+00:00,13.8123,20260618,C,15.0,1.8,1.9,1.85,1.85,0.0,2939470.0,1.364192666993588,1.8499999999999988,0.045,0.0,1.8499960233023085,quote_mid;trade_last;iv_solved;prev_iv_model
2026-05-15 19:28:50+00:00,13.8123,20260618,C,20.0,0.75,0.9,0.825,0.8,0.0,2939470.0,1.446706467512524,0.8250000000000002,0.045,0.0,0.824996516469322,quote_mid;trade_last;iv_solved;prev_iv_model
2026-05-15 19:29:00+00:00,13.825,20260618,C,15.0,1.8,1.9,1.85,1.85,0.0,2939460.0,1.3603587456488424,1.8499999999999988,0.045,0.0,1.8564542328948317,quote_mid;trade_last;iv_solved;prev_iv_model
2026-05-15 19:29:00+00:00,13.825,20260618,C,20.0,0.75,0.9,0.825,0.8,0.0,2939460.0,1.4442429593502148,0.8249999999999993,0.045,0.0,0.8284511629378071,quote_mid;trade_last;iv_solved;prev_iv_model
2026-05-15 19:29:10+00:00,13.825,20260618,C,15.0,1.8,1.9,1.85,1.85,0.0,2939450.0,1.36036110352387,1.8500000000000014,0.045,0.0,1.849996030583104,quote_mid;trade_last;iv_solved;prev_iv_model
2026-05-15 19:29:10+00:00,13.825,20260618,C,20.0,0.75,0.9,0.825,0.8,0.0,2939450.0,1.4442454458866996,0.8249999999999997,0.045,0.0,0.8249965184723838,quote_mid;trade_last;iv_solved;prev_iv_model
2026-05-15 19:29:20+00:00,13.805,20260618,C,15.0,1.85,1.9,1.875,1.85,0.0,2939440.0,1.3812768927531196,1.8749999999999991,0.045,0.0,1.8398395728755021,quote_mid;trade_last;iv_solved;prev_iv_model
2026-05-15 19:29:20+00:00,13.805,20260618,C,20.0,0.75,0.9,0.825,0.8,0.0,2939440.0,1.4481322345584777,0.8249999999999988,0.045,0.0,0.8195719729872546,quote_mid;trade_last;iv_solved;prev_iv_model
2026-05-15 19:29:30+00:00,13.805,20260618,C,15.0,1.85,1.9,1.875,1.85,0.0,2939430.0,1.3812792861142111,1.8750000000000018,0.045,0.0,1.8749959769208457,quote_mid;trade_last;iv_solved;prev_iv_model
2026-05-15 19:29:30+00:00,13.805,20260618,C,20.0,0.75,0.9,0.825,0.8,0.0,2939430.0,1.4481347277021142,0.8250000000000015,0.045,0.0,0.8249965152591741,quote_mid;trade_last;iv_solved;prev_iv_model
2026-05-15 19:29:40+00:00,13.805,20260618,C,15.0,1.85,1.9,1.875,1.85,0.0,2939420.0,1.381281679487441,1.8749999999999991,0.045,0.0,1.8749959769072841,quote_mid;trade_last;iv_solved;prev_iv_model
2026-05-15 19:29:40+00:00,13.805,20260618,C,20.0,0.75,0.9,0.825,0.8,0.0,2939420.0,1.4481372208584213,0.8249999999999993,0.045,0.0,0.8249965152474119,quote_mid;trade_last;iv_solved;prev_iv_model
2026-05-15 19:29:50+00:00,13.8,20260618,C,15.0,1.85,1.9,1.875,1.85,0.0,2939410.0,1.3827997627186974,1.8750000000000018,0.045,0.0,1.8724490984594109,quote_mid;trade_last;iv_solved;prev_iv_model
2026-05-15 19:29:50+00:00,13.8,20260618,C,20.0,0.75,0.9,0.825,0.8,0.0,2939410.0,1.449111502603314,0.8249999999999984,0.045,0.0,0.8236391018597722,quote_mid;trade_last;iv_solved;prev_iv_model
2026-05-15 19:30:00+00:00,13.805,20260618,C,15.0,1.85,1.9,1.875,1.85,0.0,2939400.0,1.3812864662703155,1.8750000000000009,0.045,0.0,1.8775437232924652,quote_mid;trade_last;iv_solved;prev_iv_model
2026-05-15 19:30:00+00:00,13.805,20260618,C,20.0,0.75,0.9,0.825,0.8,0.0,2939400.0,1.448142207209051,0.8250000000000002,0.045,0.0,0.8263550959945838,quote_mid;trade_last;iv_solved;prev_iv_model
2026-05-15 19:30:10+00:00,13.805,20260618,C,15.0,1.85,1.9,1.875,1.85,0.0,2939390.0,1.3812888596799597,1.875,0.045,0.0,1.8749959768665976,quote_mid;trade_last;iv_solved;prev_iv_model
2026-05-15 19:30:10+00:00,13.805,20260618,C,20.0,0.75,0.9,0.825,0.8,0.0,2939390.0,1.4481447004033736,0.8250000000000011,0.045,0.0,0.8249965152121281,quote_mid;trade_last;iv_solved;prev_iv_model
2026-05-15 19:30:20+00:00,13.815,20260618,C,15.0,1.85,1.9,1.875,1.85,0.0,2939380.0,1.3782599540292915,1.8750000000000018,0.045,0.0,1.8800948708988852,quote_mid;trade_last;iv_solved;prev_iv_model
2026-05-15 19:30:20+00:00,13.815,20260618,C,20.0,0.75,0.9,0.825,0.8,0.0,2939380.0,1.4462044570515395,0.8249999999999993,0.045,0.0,0.8277154172083407,quote_mid;trade_last;iv_solved;prev_iv_model
2026-05-15 19:30:30+00:00,13.8125,20260618,C,15.0,1.85,1.9,1.875,1.85,0.0,2939370.0,1.379020156938687,1.8750000000000009,0.045,0.0,1.8737214850819743,quote_mid;trade_last;iv_solved;prev_iv_model
2026-05-15 19:30:30+00:00,13.8125,20260618,C,20.0,0.75,0.9,0.825,0.8,0.0,2939370.0,1.4466925257479657,0.8249999999999997,0.045,0.0,0.8243174498719603,quote_mid;trade_last;iv_solved;prev_iv_model
2026-05-15 19:30:40+00:00,13.815,20260618,C,15.0,1.85,1.9,1.875,1.85,0.0,2939360.0,1.3782647307005358,1.875,0.045,0.0,1.8762706957857418,quote_mid;trade_last;iv_solved;prev_iv_model
2026-05-15 19:30:40+00:00,13.815,20260618,C,20.0,0.75,0.9,0.825,0.8,0.0,2939360.0,1.446209436919506,0.8250000000000002,0.045,0.0,0.8256758753631028,quote_mid;trade_last;iv_solved;prev_iv_model
2026-05-15 19:30:50+00:00,13.815,20260618,C,15.0,1.85,1.9,1.875,1.85,0.0,2939350.0,1.3782671190543279,1.875,0.045,0.0,1.874995982567202,quote_mid;trade_last;iv_solved;prev_iv_model
2026-05-15 19:30:50+00:00,13.815,20260618,C,20.0,0.75,0.9,0.825,0.8,0.0,2939350.0,1.446211926872472,0.8249999999999993,0.045,0.0,0.8249965167587687,quote_mid;trade_last;iv_solved;prev_iv_model
2026-05-15 19:31:00+00:00,13.815,20260618,C,15.0,1.85,1.9,1.875,1.85,0.0,2939340.0,1.3782695074202316,1.875,0.045,0.0,1.874995982553659,quote_mid;trade_last;iv_solved;prev_iv_model
2026-05-15 19:31:00+00:00,13.815,20260618,C,20.0,0.75,0.9,0.825,0.8,0.0,2939340.0,1.4462144168380942,0.8249999999999993,0.045,0.0,0.8249965167470119,quote_mid;trade_last;iv_solved;prev_iv_model
2026-05-15 19:31:10+00:00,13.815,20260618,C,15.0,1.85,1.9,1.875,1.85,0.0,2939330.0,1.378271895798247,1.8750000000000009,0.045,0.0,1.8749959825401161,quote_mid;trade_last;iv_solved;prev_iv_model
2026-05-15 19:31:10+00:00,13.815,20260618,C,20.0,0.75,0.9,0.825,0.8,0.0,2939330.0,1.446216906816371,0.8249999999999988,0.045,0.0,0.8249965167352564,quote_mid;trade_last;iv_solved;prev_iv_model
2026-05-15 19:31:20+00:00,13.8325,20260618,C,15.0,1.85,1.9,1.875,1.85,0.0,2939320.0,1.3729697297170325,1.8750000000000018,0.045,0.0,1.8839294660537451,quote_mid;trade_last;iv_solved;prev_iv_model
2026-05-15 19:31:20+00:00,13.8325,20260618,C,20.0,0.75,0.9,0.825,0.8,0.0,2939320.0,1.4428222941954574,0.8249999999999997,0.045,0.0,0.8297595020349919,quote_mid;trade_last;iv_solved;prev_iv_model
2026-05-15 19:31:30+00:00,13.82,20260618,C,15.0,1.85,1.9,1.875,1.85,0.0,2939310.0,1.3767610497781804,1.8750000000000027,0.045,0.0,1.868620364520586,quote_mid;trade_last;iv_solved;prev_iv_model
2026-05-15 19:31:30+00:00,13.82,20260618,C,20.0,0.75,0.9,0.825,0.8,0.0,2939310.0,1.4452509315125703,0.8249999999999984,0.045,0.0,0.8216029104353941,quote_mid;trade_last;iv_solved;prev_iv_model
2026-05-15 19:31:40+00:00,13.81,20260618,C,15.0,1.85,1.9,1.875,1.85,0.0,2939300.0,1.37979471553195,1.8750000000000018,0.045,0.0,1.8698988761137931,quote_mid;trade_last;iv_solved;prev_iv_model
2026-05-15 19:31:40+00:00,13.81,20260618,C,20.0,0.75,0.9,0.825,0.8,0.0,2939300.0,1.4471956166504438,0.8249999999999997,0.045,0.0,0.8222819074956438,quote_mid;trade_last;iv_solved;prev_iv_model
2026-05-15 19:31:50+00:00,13.81,20260618,C,15.0,1.85,1.9,1.875,1.85,0.0,2939290.0,1.3797971065106447,1.8750000000000018,0.045,0.0,1.874995979606612,quote_mid;trade_last;iv_solved;prev_iv_model
2026-05-15 19:31:50+00:00,13.81,20260618,C,20.0,0.75,0.9,0.825,0.8,0.0,2939290.0,1.4471981083251753,0.8250000000000006,0.045,0.0,0.8249965158910637,quote_mid;trade_last;iv_solved;prev_iv_model
2026-05-15 19:32:00+00:00,13.8135,20260618,C,15.0,1.85,1.9,1.875,1.85,0.0,2939280.0,1.378738532620317,1.8749999999999991,0.045,0.0,1.8767804039126625,quote_mid;trade_last;iv_solved;prev_iv_model
2026-05-15 19:32:00+00:00,13.8135,20260618,C,20.0,0.75,0.9,0.825,0.8,0.0,2939280.0,1.4465207001128326,0.8250000000000015,0.045,0.0,0.8259476467029541,quote_mid;trade_last;iv_solved;prev_iv_model
2026-05-15 19:32:10+00:00,13.81,20260618,C,15.0,1.85,1.9,1.875,1.85,0.0,2939270.0,1.3798018885044132,1.8750000000000009,0.045,0.0,1.8732119831257785,quote_mid;trade_last;iv_solved;prev_iv_model
2026-05-15 19:32:10+00:00,13.81,20260618,C,20.0,0.75,0.9,0.825,0.8,0.0,2939270.0,1.4472030917126304,0.8249999999999993,0.045,0.0,0.824045958096816,quote_mid;trade_last;iv_solved;prev_iv_model
2026-05-15 19:32:20+00:00,13.815,20260618,C,15.0,1.85,1.9,1.875,1.85,0.0,2939260.0,1.3782886147835276,1.875,0.045,0.0,1.8775454141154242,quote_mid;trade_last;iv_solved;prev_iv_model
2026-05-15 19:32:20+00:00,13.815,20260618,C,20.0,0.75,0.9,0.825,0.8,0.0,2939260.0,1.446234337018681,0.8249999999999988,0.045,0.0,0.8263554779916733,quote_mid;trade_last;iv_solved;prev_iv_model
2026-05-15 19:32:30+00:00,13.81,20260618,C,15.0,1.85,1.9,1.875,1.85,0.0,2939250.0,1.3798066705466878,1.8750000000000009,0.045,0.0,1.87244741679518,quote_mid;trade_last;iv_solved;prev_iv_model
2026-05-15 19:32:30+00:00,13.81,20260618,C,20.0,0.75,0.9,0.825,0.8,0.0,2939250.0,1.4472080751507463,0.8250000000000006,0.045,0.0,0.8236387228648576,quote_mid;trade_last;iv_solved;prev_iv_model
2026-05-15 19:32:40+00:00,13.815,20260618,C,15.0,1.8,1.9,1.85,1.8,6.0,2939240.0,1.3634314193544594,1.8499999999999996,0.045,0.0,1.8775454140034276,quote_mid;trade_last;iv_solved;prev_iv_model
2026-05-15 19:32:40+00:00,13.815,20260618,C,20.0,0.75,0.9,0.825,0.8,0.0,2939240.0,1.4462393171903924,0.8249999999999997,0.045,0.0,0.8263554779328213,quote_mid;trade_last;iv_solved;prev_iv_model
2026-05-15 19:32:50+00:00,13.805,20260618,C,15.0,1.8,1.9,1.85,1.8,0.0,2939230.0,1.366454674413717,1.8500000000000005,0.045,0.0,1.8449177645704289,quote_mid;trade_last;iv_solved;prev_iv_model
2026-05-15 19:32:50+00:00,13.805,20260618,C,20.0,0.75,0.9,0.825,0.8,0.0,2939230.0,1.448184593235998,0.8250000000000015,0.045,0.0,0.8222822883721137,quote_mid;trade_last;iv_solved;prev_iv_model
2026-05-15 19:33:00+00:00,13.805,20260618,C,15.0,1.8,1.9,1.85,1.8,0.0,2939220.0,1.3664570427366147,1.8500000000000014,0.045,0.0,1.8499960187772801,quote_mid;trade_last;iv_solved;prev_iv_model
2026-05-15 19:33:00+00:00,13.805,20260618,C,20.0,0.75,0.9,0.825,0.8,0.0,2939220.0,1.4481870866457593,0.8250000000000002,0.045,0.0,0.8249965150121703,quote_mid;trade_last;iv_solved;prev_iv_model
2026-05-15 19:33:10+00:00,13.8,20260618,C,15.0,1.8,1.9,1.85,1.8,0.0,2939210.0,1.3679698997370298,1.8500000000000014,0.045,0.0,1.8474577350658388,quote_mid;trade_last;iv_solved;prev_iv_model
2026-05-15 19:33:10+00:00,13.8,20260618,C,20.0,0.75,0.9,0.825,0.8,0.0,2939210.0,1.449161401579934,0.8249999999999997,0.045,0.0,0.8236391019767249,quote_mid;trade_last;iv_solved;prev_iv_model
2026-05-15 19:33:20+00:00,13.8,20260618,C,15.0,1.8,1.9,1.85,1.8,0.0,2939200.0,1.3679722706274346,1.8499999999999988,0.045,0.0,1.8499960158851634,quote_mid;trade_last;iv_solved;prev_iv_model
2026-05-15 19:33:20+00:00,13.8,20260618,C,20.0,0.75,0.9,0.825,0.8,0.0,2939200.0,1.449163896661922,0.8249999999999993,0.045,0.0,0.8249965141926685,quote_mid;trade_last;iv_solved;prev_iv_model
2026-05-15 19:33:30+00:00,13.805,20260618,C,15.0,1.8,1.9,1.85,1.8,0.0,2939190.0,1.3664641477773714,1.8499999999999996,0.045,0.0,1.8525351763689857,quote_mid;trade_last;iv_solved;prev_iv_model
2026-05-15 19:33:30+00:00,13.805,20260618,C,20.0,0.75,0.9,0.825,0.8,0.0,2939190.0,1.4481945669510847,0.8249999999999997,0.045,0.0,0.8263550953773517,quote_mid;trade_last;iv_solved;prev_iv_model
2026-05-15 19:33:40+00:00,13.805,20260618,C,15.0,1.8,1.9,1.85,1.8,0.0,2939180.0,1.366466516148313,1.8499999999999996,0.045,0.0,1.8499960187236022,quote_mid;trade_last;iv_solved;prev_iv_model
2026-05-15 19:33:40+00:00,13.805,20260618,C,20.0,0.75,0.9,0.825,0.8,0.0,2939180.0,1.448197060411541,0.8250000000000002,0.045,0.0,0.8249965149651204,quote_mid;trade_last;iv_solved;prev_iv_model
2026-05-15 19:33:50+00:00,13.805,20260618,C,15.0,1.8,1.9,1.85,1.8,0.0,2939170.0,1.3664688845312658,1.8500000000000005,0.045,0.0,1.8499960187101792,quote_mid;trade_last;iv_solved;prev_iv_model
2026-05-15 19:33:50+00:00,13.805,20260618,C,20.0,0.75,0.9,0.825,0.8,0.0,2939170.0,1.4481995538846713,0.8250000000000002,0.045,0.0,0.8249965149533538,quote_mid;trade_last;iv_solved;prev_iv_model
2026-05-15 19:34:00+00:00,13.8,20260618,C,15.0,1.8,1.9,1.85,1.8,0.0,2939160.0,1.3679817543093038,1.8499999999999996,0.045,0.0,1.847457735212628,quote_mid;trade_last;iv_solved;prev_iv_model
2026-05-15 19:34:00+00:00,13.8,20260618,C,20.0,0.75,0.9,0.825,0.8,0.0,2939160.0,1.4491738771166993,0.8250000000000002,0.045,0.0,0.8236391020059575,quote_mid;trade_last;iv_solved;prev_iv_model
2026-05-15 19:34:10+00:00,13.8,20260618,C,15.0,1.8,1.9,1.85,1.8,0.0,2939150.0,1.3679841252598322,1.8500000000000014,0.045,0.0,1.8499960158180127,quote_mid;trade_last;iv_solved;prev_iv_model
2026-05-15 19:34:10+00:00,13.8,20260618,C,20.0,0.75,0.9,0.825,0.8,0.0,2939150.0,1.4491763722620998,0.8250000000000002,0.045,0.0,0.8249965141338378,quote_mid;trade_last;iv_solved;prev_iv_model
2026-05-15 19:34:20+00:00,13.805,20260618,C,15.0,1.8,1.9,1.85,1.8,0.0,2939140.0,1.3664759897521934,1.8499999999999988,0.045,0.0,1.8525351760881144,quote_mid;trade_last;iv_solved;prev_iv_model
2026-05-15 19:34:20+00:00,13.805,20260618,C,20.0,0.75,0.9,0.825,0.8,0.0,2939140.0,1.4482070343801094,0.8249999999999988,0.045,0.0,0.8263550952303862,quote_mid;trade_last;iv_solved;prev_iv_model
2026-05-15 19:34:30+00:00,13.8,20260618,C,15.0,1.8,1.9,1.85,1.8,0.0,2939130.0,1.3679888671969618,1.8500000000000005,0.045,0.0,1.8474577353007016,quote_mid;trade_last;iv_solved;prev_iv_model
2026-05-15 19:34:30+00:00,13.8,20260618,C,20.0,0.75,0.9,0.825,0.8,0.0,2939130.0,1.4491813625909513,0.8250000000000011,0.045,0.0,0.8236391020234954,quote_mid;trade_last;iv_solved;prev_iv_model
2026-05-15 19:34:40+00:00,13.8,20260618,C,15.0,1.8,1.85,1.8250000000000002,1.8,0.0,2939120.0,1.3531144632163188,1.825000000000002,0.045,0.0,1.8499960157777213,quote_mid;trade_last;iv_solved;prev_iv_model
2026-05-15 19:34:40+00:00,13.8,20260618,C,20.0,0.75,0.9,0.825,0.8,0.0,2939120.0,1.4491838577744018,0.8249999999999997,0.045,0.0,0.8249965140985362,quote_mid;trade_last;iv_solved;prev_iv_model
2026-05-15 19:34:50+00:00,13.8001,20260618,C,15.0,1.8,1.85,1.8250000000000002,1.8,0.0,2939110.0,1.3530867039870622,1.8249999999999993,0.045,0.0,1.825046650508897,quote_mid;trade_last;iv_solved;prev_iv_model
2026-05-15 19:34:50+00:00,13.8001,20260618,C,20.0,0.75,0.9,0.825,0.8,0.0,2939110.0,1.4491669134289786,0.8249999999999993,0.045,0.0,0.8250236724000604,quote_mid;trade_last;iv_solved;prev_iv_model
2026-05-15 19:35:00+00:00,13.8,20260618,C,15.0,1.8,1.85,1.8250000000000002,1.8,0.0,2939100.0,1.3531191546198231,1.8250000000000002,0.045,0.0,1.8249454658712594,quote_mid;trade_last;iv_solved;prev_iv_model
2026-05-15 19:35:00+00:00,13.8,20260618,C,20.0,0.75,0.9,0.825,0.8,0.0,2939100.0,1.449188848179353,0.8249999999999993,0.045,0.0,0.8249693562452487,quote_mid;trade_last;iv_solved;prev_iv_model
2026-05-15 19:35:10+00:00,13.8,20260618,C,15.0,1.8,1.85,1.8250000000000002,1.8,0.0,2939090.0,1.3531215003394181,1.8250000000000002,0.045,0.0,1.8249960579644373,quote_mid;trade_last;iv_solved;prev_iv_model
2026-05-15 19:35:10+00:00,13.8,20260618,C,20.0,0.75,0.9,0.825,0.8,0.0,2939090.0,1.449191343400853,0.8250000000000002,0.045,0.0,0.8249965140632378,quote_mid;trade_last;iv_solved;prev_iv_model
2026-05-15 19:35:20+00:00,13.785,20260618,C,15.0,1.8,1.85,1.8250000000000002,1.8,0.0,2939080.0,1.3576397081523597,1.825000000000001,0.045,0.0,1.8174151082960064,quote_mid;trade_last;iv_solved;prev_iv_model
2026-05-15 19:35:20+00:00,13.785,20260618,C,20.0,0.75,0.9,0.825,0.8,0.0,2939080.0,1.4521110728701996,0.8250000000000011,0.045,0.0,0.8209289175712104,quote_mid;trade_last;iv_solved;prev_iv_model
2026-05-15 19:35:30+00:00,13.7525,20260618,C,15.0,1.8,1.85,1.8250000000000002,1.8,0.0,2939070.0,1.3674272969975516,1.8249999999999993,0.045,0.0,1.8086073145256565,quote_mid;trade_last;iv_solved;prev_iv_model
2026-05-15 19:35:30+00:00,13.7525,20260618,C,20.0,0.75,0.9,0.825,0.8,0.0,2939070.0,1.458443074038355,0.825000000000002,0.045,0.0,0.8162024789838696,quote_mid;trade_last;iv_solved;prev_iv_model
2026-05-15 19:35:40+00:00,13.76,20260618,C,15.0,1.8,1.85,1.8250000000000002,1.85,5.0,2939060.0,1.365171411523785,1.8249999999999984,0.045,0.0,1.8287802151192496,quote_mid;trade_last;iv_solved;prev_iv_model
2026-05-15 19:35:40+00:00,13.76,20260618,C,20.0,0.75,0.9,0.825,0.8,0.0,2939060.0,1.456983853932316,0.8250000000000006,0.045,0.0,0.8270322086519872,quote_mid;trade_last;iv_solved;prev_iv_model
2026-05-15 19:35:50+00:00,13.8,20260618,C,15.0,1.8,1.85,1.8250000000000002,1.85,0.0,2939050.0,1.3531308833367657,1.8250000000000002,0.045,0.0,1.845233673161026,quote_mid;trade_last;iv_solved;prev_iv_model
2026-05-15 19:35:50+00:00,13.8,20260618,C,20.0,0.75,0.9,0.825,0.8,0.0,2939050.0,1.4492013244136936,0.825000000000002,0.045,0.0,0.8358910335852432,quote_mid;trade_last;iv_solved;prev_iv_model
2026-05-15 19:36:00+00:00,13.84,20260618,C,15.0,1.85,1.95,1.9,1.85,1.0,2939040.0,1.385601043624944,1.9000000000000004,0.045,0.0,1.8452888466326929,quote_mid;trade_last;iv_solved;prev_iv_model
2026-05-15 19:36:00+00:00,13.84,20260618,C,20.0,0.75,0.9,0.825,0.8,0.0,2939040.0,1.4414369446126547,0.8250000000000006,0.045,0.0,0.8359031973477022,quote_mid;trade_last;iv_solved;prev_iv_model
2026-05-15 19:36:10+00:00,13.84,20260618,C,15.0,1.8,1.95,1.875,1.85,0.0,2939030.0,1.3707653390403762,1.875,0.045,0.0,1.8999959545647593,quote_mid;trade_last;iv_solved;prev_iv_model
2026-05-15 19:36:10+00:00,13.84,20260618,C,20.0,0.75,0.9,0.825,0.8,0.0,2939030.0,1.441439426747693,0.8249999999999993,0.045,0.0,0.8249965203778005,quote_mid;trade_last;iv_solved;prev_iv_model
2026-05-15 19:36:20+00:00,13.84,20260618,C,15.0,1.8,1.95,1.875,1.85,0.0,2939020.0,1.3707677150326107,1.8750000000000009,0.045,0.0,1.8749959965739658,quote_mid;trade_last;iv_solved;prev_iv_model
2026-05-15 19:36:20+00:00,13.84,20260618,C,20.0,0.75,0.9,0.825,0.8,0.0,2939020.0,1.4414419088953472,0.8249999999999993,0.045,0.0,0.8249965203660548,quote_mid;trade_last;iv_solved;prev_iv_model
2026-05-15 19:36:30+00:00,13.845,20260618,C,15.0,1.8,1.95,1.875,1.85,0.0,2939010.0,1.369254511938299,1.8750000000000018,0.045,0.0,1.877550542033819,quote_mid;trade_last;iv_solved;prev_iv_model
2026-05-15 19:36:30+00:00,13.845,20260618,C,20.0,0.75,0.9,0.825,0.8,0.0,2939010.0,1.4404747953322468,0.8250000000000002,0.045,0.0,0.8263566352706229,quote_mid;trade_last;iv_solved;prev_iv_model
2026-05-15 19:36:40+00:00,13.855,20260618,C,15.0,1.8,1.95,1.875,1.85,0.0,2939000.0,1.3662257771151274,1.8750000000000009,0.045,0.0,1.8801085323738107,quote_mid;trade_last;iv_solved;prev_iv_model
2026-05-15 19:36:40+00:00,13.855,20260618,C,20.0,0.75,0.9,0.825,0.8,0.0,2939000.0,1.4385389228119876,0.8249999999999993,0.045,0.0,0.8277185012216091,quote_mid;trade_last;iv_solved;prev_iv_model
2026-05-15 19:36:50+00:00,13.87,20260618,C,15.0,1.8,1.95,1.875,1.85,0.0,2938990.0,1.361681586968762,1.8750000000000018,0.045,0.0,1.8826725753253424,quote_mid;trade_last;iv_solved;prev_iv_model
2026-05-15 19:36:50+00:00,13.87,20260618,C,20.0,0.75,0.9,0.825,0.8,0.0,2938990.0,1.4356359642653942,0.825000000000002,0.045,0.0,0.8290827069519882,quote_mid;trade_last;iv_solved;prev_iv_model
2026-05-15 19:37:00+00:00,13.875,20260618,C,15.0,1.8,1.95,1.875,1.85,0.0,2938980.0,1.360168448431807,1.8750000000000009,0.045,0.0,1.877555754089296,quote_mid;trade_last;iv_solved;prev_iv_model
2026-05-15 19:37:00+00:00,13.875,20260618,C,20.0,0.75,0.9,0.825,0.8,0.0,2938980.0,1.4346705145541256,0.8250000000000006,0.045,0.0,0.8263578094646769,quote_mid;trade_last;iv_solved;prev_iv_model
2026-05-15 19:37:10+00:00,13.895,20260618,C,15.0,1.8,2.0,1.9,1.85,0.0,2938970.0,1.3688906042486968,1.8999999999999986,0.045,0.0,1.8852488483424192,quote_mid;trade_last;iv_solved;prev_iv_model
2026-05-15 19:37:10+00:00,13.895,20260618,C,20.0,0.75,0.9,0.825,0.8,0.0,2938970.0,1.4308040716326618,0.8250000000000002,0.045,0.0,0.830450645130901,quote_mid;trade_last;iv_solved;prev_iv_model
2026-05-15 19:37:20+00:00,13.895,20260618,C,15.0,1.8,2.0,1.9,1.85,0.0,2938960.0,1.368892977382271,1.9000000000000012,0.045,0.0,1.899995986669067,quote_mid;trade_last;iv_solved;prev_iv_model
2026-05-15 19:37:20+00:00,13.895,20260618,C,20.0,0.75,0.9,0.825,0.8,0.0,2938960.0,1.43080653580728,0.8250000000000006,0.045,0.0,0.8249965291390371,quote_mid;trade_last;iv_solved;prev_iv_model
2026-05-15 19:37:30+00:00,13.89,20260618,C,15.0,1.8,2.0,1.9,1.85,0.0,2938950.0,1.3704159369416176,1.9000000000000004,0.045,0.0,1.8974253148622422,quote_mid;trade_last;iv_solved;prev_iv_model
2026-05-15 19:37:30+00:00,13.89,20260618,C,20.0,0.75,0.9,0.825,0.8,0.0,2938950.0,1.4317758152412634,0.8250000000000011,0.045,0.0,0.8236356256020341,quote_mid;trade_last;iv_solved;prev_iv_model
2026-05-15 19:37:40+00:00,13.93,20260618,C,15.0,1.8,2.05,1.9249999999999998,1.85,0.0,2938940.0,1.37300237780679,1.9250000000000016,0.045,0.0,1.920616100329382,quote_mid;trade_last;iv_solved;prev_iv_model
2026-05-15 19:37:40+00:00,13.93,20260618,C,20.0,0.75,0.9,0.825,0.8,0.0,2938940.0,1.4240514820283225,0.8249999999999993,0.045,0.0,0.835931411396353,quote_mid;trade_last;iv_solved;prev_iv_model
2026-05-15 19:37:50+00:00,13.8775,20260618,C,15.0,1.8,2.0,1.9,1.85,0.0,2938930.0,1.3742222161396254,1.9000000000000012,0.045,0.0,1.8979395538501178,quote_mid;trade_last;iv_solved;prev_iv_model
2026-05-15 19:37:50+00:00,13.8775,20260618,C,20.0,0.75,0.9,0.825,0.8,0.0,2938930.0,1.4341990075970066,0.8249999999999997,0.045,0.0,0.8107607442383786,quote_mid;trade_last;iv_solved;prev_iv_model
2026-05-15 19:38:00+00:00,13.89,20260618,C,15.0,1.8,2.0,1.9,1.85,0.0,2938920.0,1.3704230641310482,1.9000000000000004,0.045,0.0,1.9064225679168167,quote_mid;trade_last;iv_solved;prev_iv_model
2026-05-15 19:38:00+00:00,13.89,20260618,C,20.0,0.75,0.9,0.825,0.8,0.0,2938920.0,1.4317832127931243,0.8249999999999993,0.045,0.0,0.8284030356796723,quote_mid;trade_last;iv_solved;prev_iv_model
2026-05-15 19:38:10+00:00,13.895,20260618,C,15.0,1.8,2.0,1.9,1.85,0.0,2938910.0,1.3689048432306752,1.8999999999999995,0.045,0.0,1.9025675017315304,quote_mid;trade_last;iv_solved;prev_iv_model
2026-05-15 19:38:10+00:00,13.895,20260618,C,20.0,0.75,0.9,0.825,0.8,0.0,2938910.0,1.4308188568682572,0.8250000000000011,0.045,0.0,0.8263586012020849,quote_mid;trade_last;iv_solved;prev_iv_model
2026-05-15 19:38:20+00:00,13.915,20260618,C,15.0,1.8,2.0,1.9,1.85,0.0,2938900.0,1.3628248874543472,1.9000000000000004,0.045,0.0,1.9102958314145893,quote_mid;trade_last;iv_solved;prev_iv_model
2026-05-15 19:38:20+00:00,13.915,20260618,C,20.0,0.75,0.9,0.825,0.8,0.0,2938900.0,1.4269567939034475,0.8250000000000002,0.045,0.0,0.8304538226575122,quote_mid;trade_last;iv_solved;prev_iv_model
2026-05-15 19:38:30+00:00,13.915,20260618,C,15.0,1.8,2.0,1.9,1.85,0.0,2938890.0,1.3628272504321814,1.9000000000000004,0.045,0.0,1.8999959983979489,quote_mid;trade_last;iv_solved;prev_iv_model
2026-05-15 19:38:30+00:00,13.915,20260618,C,20.0,0.75,0.9,0.825,0.8,0.0,2938890.0,1.4269592516166703,0.8250000000000002,0.045,0.0,0.8249965322913058,quote_mid;trade_last;iv_solved;prev_iv_model
2026-05-15 19:38:40+00:00,13.915,20260618,C,15.0,1.8,2.0,1.9,1.85,0.0,2938880.0,1.362829613422,1.8999999999999986,0.045,0.0,1.89999599838446,quote_mid;trade_last;iv_solved;prev_iv_model
2026-05-15 19:38:40+00:00,13.915,20260618,C,20.0,0.75,0.9,0.825,0.8,0.0,2938880.0,1.4269617093423865,0.8249999999999997,0.045,0.0,0.8249965322795987,quote_mid;trade_last;iv_solved;prev_iv_model
2026-05-15 19:38:50+00:00,13.9,20260618,C,15.0,1.8,2.0,1.9,1.85,0.0,2938870.0,1.3673937377820327,1.9000000000000021,0.045,0.0,1.8922786556126292,quote_mid;trade_last;iv_solved;prev_iv_model
2026-05-15 19:38:50+00:00,13.9,20260618,C,20.0,0.75,0.9,0.825,0.8,0.0,2938870.0,1.4298621626093762,0.8249999999999997,0.045,0.0,0.8209155439688831,quote_mid;trade_last;iv_solved;prev_iv_model
2026-05-15 19:39:00+00:00,13.9,20260618,C,15.0,1.8,2.0,1.9,1.85,0.0,2938860.0,1.3673961084758233,1.9000000000000012,0.045,0.0,1.8999959894839273,quote_mid;trade_last;iv_solved;prev_iv_model
2026-05-15 19:39:00+00:00,13.9,20260618,C,20.0,0.75,0.9,0.825,0.8,0.0,2938860.0,1.4298646252712457,0.8250000000000002,0.045,0.0,0.8249965298295407,quote_mid;trade_last;iv_solved;prev_iv_model
2026-05-15 19:39:10+00:00,13.915,20260618,C,15.0,1.8,2.0,1.9,1.85,0.0,2938850.0,1.3628367024633605,1.8999999999999995,0.045,0.0,1.9077209209997168,quote_mid;trade_last;iv_solved;prev_iv_model
2026-05-15 19:39:10+00:00,13.915,20260618,C,20.0,0.75,0.9,0.825,0.8,0.0,2938850.0,1.4269690825944936,0.8249999999999997,0.045,0.0,0.8290880453089211,quote_mid;trade_last;iv_solved;prev_iv_model
2026-05-15 19:39:20+00:00,13.91,20260618,C,15.0,1.8,2.0,1.9,1.85,0.0,2938840.0,1.364359656456557,1.9000000000000004,0.045,0.0,1.8974218283820115,quote_mid;trade_last;iv_solved;prev_iv_model
2026-05-15 19:39:20+00:00,13.91,20260618,C,20.0,0.75,0.9,0.825,0.8,0.0,2938840.0,1.427937267743292,0.8250000000000015,0.045,0.0,0.8236348331844696,quote_mid;trade_last;iv_solved;prev_iv_model
2026-05-15 19:39:30+00:00,13.91,20260618,C,15.0,1.8,2.0,1.9,1.85,0.0,2938830.0,1.3643620220662687,1.9000000000000012,0.045,0.0,1.8999959953552743,quote_mid;trade_last;iv_solved;prev_iv_model
2026-05-15 19:39:30+00:00,13.91,20260618,C,20.0,0.75,0.9,0.825,0.8,0.0,2938830.0,1.427939727168079,0.8249999999999997,0.045,0.0,0.8249965314115726,quote_mid;trade_last;iv_solved;prev_iv_model
2026-05-15 19:39:40+00:00,13.91,20260618,C,15.0,1.8,2.0,1.9,1.85,0.0,2938820.0,1.3643643876879783,1.9000000000000012,0.045,0.0,1.899995995341773,quote_mid;trade_last;iv_solved;prev_iv_model
2026-05-15 19:39:40+00:00,13.91,20260618,C,20.0,0.75,0.9,0.825,0.8,0.0,2938820.0,1.4279421866053692,0.8250000000000002,0.045,0.0,0.8249965313998642,quote_mid;trade_last;iv_solved;prev_iv_model
2026-05-15 19:39:50+00:00,13.91,20260618,C,15.0,1.8,2.0,1.9,1.85,0.0,2938810.0,1.3643667533216863,1.8999999999999995,0.045,0.0,1.8999959953282728,quote_mid;trade_last;iv_solved;prev_iv_model
2026-05-15 19:39:50+00:00,13.91,20260618,C,20.0,0.75,0.9,0.825,0.8,0.0,2938810.0,1.4279446460551601,0.8249999999999997,0.045,0.0,0.824996531388154,quote_mid;trade_last;iv_solved;prev_iv_model
2026-05-15 19:40:00+00:00,13.9225,20260618,C,15.0,1.8,2.0,1.9,1.85,0.0,2938800.0,1.3605676181923938,1.8999999999999986,0.045,0.0,1.906436749225846,quote_mid;trade_last;iv_solved;prev_iv_model
2026-05-15 19:40:00+00:00,13.9225,20260618,C,20.0,0.75,0.9,0.825,0.8,0.0,2938800.0,1.4255332872841402,0.8249999999999993,0.045,0.0,0.828406271284182,quote_mid;trade_last;iv_solved;prev_iv_model
2026-05-15 19:40:10+00:00,13.92,20260618,C,15.0,1.8,2.0,1.9,1.85,0.0,2938790.0,1.361330278591708,1.9000000000000004,0.045,0.0,1.8987080415141264,quote_mid;trade_last;iv_solved;prev_iv_model
2026-05-15 19:40:10+00:00,13.92,20260618,C,20.0,0.75,0.9,0.825,0.8,0.0,2938790.0,1.426018369442799,0.8249999999999997,0.045,0.0,0.8243153624406947,quote_mid;trade_last;iv_solved;prev_iv_model
2026-05-15 19:40:20+00:00,13.915,20260618,C,15.0,1.8,2.0,1.9,1.85,0.0,2938780.0,1.3628532439793304,1.8999999999999995,0.045,0.0,1.8974209509838902,quote_mid;trade_last;iv_solved;prev_iv_model
2026-05-15 19:40:20+00:00,13.915,20260618,C,20.0,0.75,0.9,0.825,0.8,0.0,2938780.0,1.426986287286673,0.8249999999999997,0.045,0.0,0.8236346339594043,quote_mid;trade_last;iv_solved;prev_iv_model
2026-05-15 19:40:30+00:00,13.9,20260618,C,15.0,1.8,2.0,1.9,1.85,0.0,2938770.0,1.3674174452610197,1.9000000000000021,0.045,0.0,1.8922786567896166,quote_mid;trade_last;iv_solved;prev_iv_model
2026-05-15 19:40:30+00:00,13.9,20260618,C,20.0,0.75,0.9,0.825,0.8,0.0,2938770.0,1.4298867897914156,0.8250000000000002,0.045,0.0,0.8209155443920859,quote_mid;trade_last;iv_solved;prev_iv_model
2026-05-15 19:40:40+00:00,13.9,20260618,C,15.0,1.8,2.0,1.9,1.85,0.0,2938760.0,1.367419816075052,1.8999999999999995,0.045,0.0,1.8999959893487182,quote_mid;trade_last;iv_solved;prev_iv_model
2026-05-15 19:40:40+00:00,13.9,20260618,C,20.0,0.75,0.9,0.825,0.8,0.0,2938760.0,1.429889252578473,0.8250000000000011,0.045,0.0,0.82499652971241,quote_mid;trade_last;iv_solved;prev_iv_model
2026-05-15 19:40:50+00:00,13.9,20260618,C,15.0,1.8,2.0,1.9,1.85,0.0,2938750.0,1.3674221869011092,1.9000000000000012,0.045,0.0,1.8999959893351965,quote_mid;trade_last;iv_solved;prev_iv_model
2026-05-15 19:40:50+00:00,13.9,20260618,C,20.0,0.8,0.9,0.8500000000000001,0.8,0.0,2938750.0,1.4475654912997222,0.8500000000000001,0.045,0.0,0.824996529700694,quote_mid;trade_last;iv_solved;prev_iv_model
2026-05-15 19:41:00+00:00,13.925,20260618,C,15.0,1.8,2.0,1.9,1.85,0.0,2938740.0,1.359821466077865,1.9000000000000012,0.045,0.0,1.9128794527660133,quote_mid;trade_last;iv_solved;prev_iv_model
2026-05-15 19:41:00+00:00,13.925,20260618,C,20.0,0.8,0.9,0.8500000000000001,0.8,0.0,2938740.0,1.4427012274172557,0.8499999999999996,0.045,0.0,0.8569287362417519,quote_mid;trade_last;iv_solved;prev_iv_model
2026-05-15 19:41:10+00:00,13.92,20260618,C,15.0,1.8,2.0,1.9,1.85,0.0,2938730.0,1.3613444420694467,1.9000000000000004,0.045,0.0,1.8974200711909912,quote_mid;trade_last;iv_solved;prev_iv_model
2026-05-15 19:41:10+00:00,13.92,20260618,C,20.0,0.8,0.9,0.8500000000000001,0.8,0.0,2938730.0,1.4436765080954315,0.8499999999999996,0.045,0.0,0.8486131066598879,quote_mid;trade_last;iv_solved;prev_iv_model
2026-05-15 19:41:20+00:00,13.92,20260618,C,15.0,1.8,2.0,1.9,1.85,0.0,2938720.0,1.3613468026909725,1.9000000000000004,0.045,0.0,1.8999960011343289,quote_mid;trade_last;iv_solved;prev_iv_model
2026-05-15 19:41:20+00:00,13.92,20260618,C,20.0,0.8,0.9,0.8500000000000001,0.8,0.0,2938720.0,1.443678994518304,0.8499999999999992,0.045,0.0,0.8499964634701929,quote_mid;trade_last;iv_solved;prev_iv_model
2026-05-15 19:41:30+00:00,13.9,20260618,C,15.0,1.8,2.0,1.9,1.85,0.0,2938710.0,1.367431670325586,1.8999999999999986,0.045,0.0,1.8897061453876214,quote_mid;trade_last;iv_solved;prev_iv_model
2026-05-15 19:41:30+00:00,13.9,20260618,C,20.0,0.8,0.9,0.8500000000000001,0.8,0.0,2938710.0,1.447575463363215,0.8500000000000005,0.045,0.0,0.8444720107897763,quote_mid;trade_last;iv_solved;prev_iv_model
2026-05-15 19:41:40+00:00,13.88,20260618,C,15.0,1.8,2.0,1.9,1.85,0.0,2938700.0,1.373516667015203,1.9000000000000004,0.045,0.0,1.8897201353087318,quote_mid;trade_last;iv_solved;prev_iv_model
2026-05-15 19:41:40+00:00,13.88,20260618,C,20.0,0.8,0.9,0.8500000000000001,0.8,0.0,2938700.0,1.4514764200295756,0.8500000000000005,0.045,0.0,0.8444751564552142,quote_mid;trade_last;iv_solved;prev_iv_model
2026-05-15 19:41:50+00:00,13.8799,20260618,C,15.0,1.8,2.0,1.9,1.85,0.0,2938690.0,1.3735494617972748,1.9000000000000004,0.045,0.0,1.8999445992640016,quote_mid;trade_last;iv_solved;prev_iv_model
2026-05-15 19:41:50+00:00,13.8799,20260618,C,20.0,0.8,0.9,0.8500000000000001,0.8,0.0,2938690.0,1.4514984233302601,0.8500000000000019,0.045,0.0,0.8499688118103421,quote_mid;trade_last;iv_solved;prev_iv_model
2026-05-15 19:42:00+00:00,13.87,20260618,C,15.0,1.8,2.0,1.9,1.85,0.0,2938680.0,1.376562828272231,1.9000000000000012,0.045,0.0,1.8949128929628323,quote_mid;trade_last;iv_solved;prev_iv_model
2026-05-15 19:42:00+00:00,13.87,20260618,C,20.0,0.8,0.9,0.8500000000000001,0.8,0.0,2938680.0,1.4534323431704292,0.850000000000001,0.045,0.0,0.8472622446300409,quote_mid;trade_last;iv_solved;prev_iv_model
2026-05-15 19:42:10+00:00,13.8501,20260618,C,15.0,1.8,2.0,1.9,1.85,0.0,2938670.0,1.382617827855554,1.8999999999999995,0.045,0.0,1.8897920481971253,quote_mid;trade_last;iv_solved;prev_iv_model
2026-05-15 19:42:10+00:00,13.8501,20260618,C,20.0,0.8,0.9,0.8500000000000001,0.8,0.0,2938670.0,1.4573205484842044,0.8500000000000005,0.045,0.0,0.8445073494561837,quote_mid;trade_last;iv_solved;prev_iv_model
2026-05-15 19:42:20+00:00,13.8501,20260618,C,15.0,1.8,2.0,1.9,1.85,0.0,2938660.0,1.3826202243464447,1.9000000000000012,0.045,0.0,1.8999959599394858,quote_mid;trade_last;iv_solved;prev_iv_model
2026-05-15 19:42:20+00:00,13.8501,20260618,C,20.0,0.8,0.9,0.8500000000000001,0.8,0.0,2938660.0,1.4573230580819523,0.8500000000000005,0.045,0.0,0.8499964519106902,quote_mid;trade_last;iv_solved;prev_iv_model
2026-05-15 19:42:30+00:00,13.83,20260618,C,15.0,1.8,2.0,1.9,1.85,0.0,2938650.0,1.3887364733598622,1.9000000000000004,0.045,0.0,1.8897032533892109,quote_mid;trade_last;iv_solved;prev_iv_model
2026-05-15 19:42:30+00:00,13.83,20260618,C,20.0,0.8,0.9,0.8500000000000001,0.8,0.0,2938650.0,1.4612548921233661,0.8500000000000005,0.045,0.0,0.8444553646932658,quote_mid;trade_last;iv_solved;prev_iv_model
2026-05-15 19:42:40+00:00,13.83,20260618,C,15.0,1.8,2.0,1.9,1.85,0.0,2938640.0,1.3887388801721934,1.8999999999999986,0.045,0.0,1.8999959482264872,quote_mid;trade_last;iv_solved;prev_iv_model
2026-05-15 19:42:40+00:00,13.83,20260618,C,20.0,0.8,0.9,0.8500000000000001,0.8,0.0,2938640.0,1.461257408406465,0.8500000000000001,0.045,0.0,0.8499964486058862,quote_mid;trade_last;iv_solved;prev_iv_model
2026-05-15 19:42:50+00:00,13.83,20260618,C,15.0,1.8,1.95,1.875,1.85,0.0,2938630.0,1.3738918039271701,1.8750000000000009,0.045,0.0,1.8999959482128252,quote_mid;trade_last;iv_solved;prev_iv_model
2026-05-15 19:42:50+00:00,13.83,20260618,C,20.0,0.8,0.9,0.8500000000000001,0.8,0.0,2938630.0,1.461259924702357,0.850000000000001,0.045,0.0,0.8499964485938967,quote_mid;trade_last;iv_solved;prev_iv_model
2026-05-15 19:43:00+00:00,13.82,20260618,C,15.0,1.8,1.95,1.875,1.85,0.0,2938620.0,1.3769257026655062,1.8750000000000018,0.045,0.0,1.869895486336154,quote_mid;trade_last;iv_solved;prev_iv_model
2026-05-15 19:43:00+00:00,13.82,20260618,C,20.0,0.8,0.9,0.8500000000000001,0.8,0.0,2938620.0,1.463219052057958,0.850000000000001,0.045,0.0,0.8472384841290981,quote_mid;trade_last;iv_solved;prev_iv_model
2026-05-15 19:43:10+00:00,13.82,20260618,C,15.0,1.8,1.95,1.875,1.85,0.0,2938610.0,1.3769280893628992,1.8750000000000009,0.045,0.0,1.8749959844485016,quote_mid;trade_last;iv_solved;prev_iv_model
2026-05-15 19:43:10+00:00,13.82,20260618,C,20.0,0.8,0.9,0.8500000000000001,0.8,0.0,2938610.0,1.463221571695784,0.8500000000000014,0.045,0.0,0.8499964469413697,quote_mid;trade_last;iv_solved;prev_iv_model
2026-05-15 19:43:20+00:00,13.82,20260618,C,15.0,1.8,1.95,1.875,1.85,0.0,2938600.0,1.3769304760723995,1.8750000000000009,0.045,0.0,1.8749959844349622,quote_mid;trade_last;iv_solved;prev_iv_model
2026-05-15 19:43:20+00:00,13.82,20260618,C,20.0,0.8,0.9,0.8500000000000001,0.8,0.0,2938600.0,1.463224091346416,0.8499999999999996,0.045,0.0,0.8499964469293753,quote_mid;trade_last;iv_solved;prev_iv_model
2026-05-15 19:43:30+00:00,13.84,20260618,C,15.0,1.8,1.95,1.875,1.85,0.0,2938590.0,1.3708698940999184,1.8750000000000009,0.045,0.0,1.8852107827527957,quote_mid;trade_last;iv_solved;prev_iv_model
2026-05-15 19:43:30+00:00,13.84,20260618,C,20.0,0.8,0.9,0.8500000000000001,0.8,0.0,2938590.0,1.4593145084508494,0.8499999999999988,0.045,0.0,0.855527105192079,quote_mid;trade_last;iv_solved;prev_iv_model
2026-05-15 19:43:40+00:00,13.8499,20260618,C,15.0,1.8,1.95,1.875,1.85,0.0,2938580.0,1.3678712250714846,1.8749999999999991,0.045,0.0,1.880055661873107,quote_mid;trade_last;iv_solved;prev_iv_model
2026-05-15 19:43:40+00:00,13.8499,20260618,C,20.0,0.8,0.9,0.8500000000000001,0.8,0.0,2938580.0,1.457382210946835,0.8499999999999992,0.045,0.0,0.852732931375368,quote_mid;trade_last;iv_solved;prev_iv_model
2026-05-15 19:43:50+00:00,13.8409,20260618,C,15.0,1.8,1.95,1.875,1.85,0.0,2938570.0,1.370601821232091,1.8749999999999991,0.045,0.0,1.8703990990106867,quote_mid;trade_last;iv_solved;prev_iv_model
2026-05-15 19:43:50+00:00,13.8409,20260618,C,20.0,0.8,0.9,0.8500000000000001,0.8,0.0,2938570.0,1.459143596404874,0.8500000000000005,0.045,0.0,0.847512671709111,quote_mid;trade_last;iv_solved;prev_iv_model
2026-05-15 19:44:00+00:00,13.8499,20260618,C,15.0,1.8,1.95,1.875,1.85,0.0,2938560.0,1.3678759680447898,1.875,0.045,0.0,1.879595692344787,quote_mid;trade_last;iv_solved;prev_iv_model
2026-05-15 19:44:00+00:00,13.8499,20260618,C,20.0,0.8,0.9,0.8500000000000001,0.8,0.0,2938560.0,1.4573872305172135,0.8500000000000005,0.045,0.0,0.852484002941448,quote_mid;trade_last;iv_solved;prev_iv_model
2026-05-15 19:44:10+00:00,13.845,20260618,C,15.0,1.8,1.95,1.875,1.85,0.0,2938550.0,1.3693637037585358,1.875,0.045,0.0,1.8724925507020886,quote_mid;trade_last;iv_solved;prev_iv_model
2026-05-15 19:44:10+00:00,13.845,20260618,C,20.0,0.8,0.9,0.8500000000000001,0.8,0.0,2938550.0,1.4583472396591173,0.8500000000000005,0.045,0.0,0.8486436264197095,quote_mid;trade_last;iv_solved;prev_iv_model
2026-05-15 19:44:20+00:00,13.845,20260618,C,15.0,1.8,1.95,1.875,1.85,0.0,2938540.0,1.3693660777767174,1.875,0.045,0.0,1.8749959988284761,quote_mid;trade_last;iv_solved;prev_iv_model
2026-05-15 19:44:20+00:00,13.845,20260618,C,20.0,0.8,0.9,0.8500000000000001,0.8,0.0,2938540.0,1.458349751099124,0.8500000000000001,0.045,0.0,0.8499964509335061,quote_mid;trade_last;iv_solved;prev_iv_model
2026-05-15 19:44:30+00:00,13.81,20260618,C,15.0,1.8,1.95,1.875,1.85,0.0,2938530.0,1.379978856380497,1.875,0.045,0.0,1.857156447990099,quote_mid;trade_last;iv_solved;prev_iv_model
2026-05-15 19:44:30+00:00,13.81,20260618,C,20.0,0.8,0.9,0.8500000000000001,0.8,0.0,2938530.0,1.4651995125777133,0.8500000000000001,0.045,0.0,0.8403632977174551,quote_mid;trade_last;iv_solved;prev_iv_model
2026-05-15 19:44:40+00:00,13.8,20260618,C,15.0,1.8,1.95,1.875,1.85,0.0,2938520.0,1.3830130498482531,1.8749999999999991,0.045,0.0,1.8699022582039655,quote_mid;trade_last;iv_solved;prev_iv_model
2026-05-15 19:44:40+00:00,13.8,20260618,C,20.0,0.8,0.9,0.8500000000000001,0.8,0.0,2938520.0,1.4671609676935078,0.8499999999999996,0.045,0.0,0.8472399943968507,quote_mid;trade_last;iv_solved;prev_iv_model
2026-05-15 19:44:50+00:00,13.775,20260618,C,15.0,1.8,1.95,1.875,1.85,0.0,2938510.0,1.3905955918753912,1.875,0.045,0.0,1.8622829300230572,quote_mid;trade_last;iv_solved;prev_iv_model
2026-05-15 19:44:50+00:00,13.775,20260618,C,20.0,0.8,0.9,0.8500000000000001,0.8,0.0,2938510.0,1.472065863277368,0.8500000000000014,0.045,0.0,0.8431173300140045,quote_mid;trade_last;iv_solved;prev_iv_model
2026-05-15 19:45:00+00:00,13.78,20260618,C,15.0,1.8,1.95,1.875,1.85,0.0,2938500.0,1.3890818916376722,1.8750000000000009,0.045,0.0,1.877539528534327,quote_mid;trade_last;iv_solved;prev_iv_model
2026-05-15 19:45:00+00:00,13.78,20260618,C,20.0,0.8,0.9,0.8500000000000001,0.8,0.0,2938500.0,1.4710873460662142,0.8499999999999992,0.045,0.0,0.851375381781422,quote_mid;trade_last;iv_solved;prev_iv_model
2026-05-15 19:45:10+00:00,13.78,20260618,C,15.0,1.8,1.95,1.875,1.85,0.0,2938490.0,1.3890842989088505,1.8750000000000018,0.045,0.0,1.8749959613186435,quote_mid;trade_last;iv_solved;prev_iv_model
2026-05-15 19:45:10+00:00,13.78,20260618,C,20.0,0.8,0.9,0.8500000000000001,0.8,0.0,2938490.0,1.471089879143658,0.8500000000000014,0.045,0.0,0.8499964403076574,quote_mid;trade_last;iv_solved;prev_iv_model
2026-05-15 19:45:20+00:00,13.7799,20260618,C,15.0,1.8,1.95,1.875,1.85,0.0,2938480.0,1.3891170280889167,1.8750000000000009,0.045,0.0,1.8749450906972331,quote_mid;trade_last;iv_solved;prev_iv_model
2026-05-15 19:45:20+00:00,13.7799,20260618,C,20.0,0.8,0.9,0.8500000000000001,0.8,0.0,2938480.0,1.4711120305097913,0.8500000000000005,0.045,0.0,0.8499688714966691,quote_mid;trade_last;iv_solved;prev_iv_model
2026-05-15 19:45:30+00:00,13.77,20260618,C,15.0,1.8,1.95,1.875,1.85,0.0,2938470.0,1.392121391488517,1.8749999999999991,0.045,0.0,1.869963116177149,quote_mid;trade_last;iv_solved;prev_iv_model
2026-05-15 19:45:30+00:00,13.77,20260618,C,20.0,0.8,0.9,0.8500000000000001,0.8,0.0,2938470.0,1.473057348162698,0.8499999999999996,0.045,0.0,0.8472697553760655,quote_mid;trade_last;iv_solved;prev_iv_model
2026-05-15 19:45:40+00:00,13.75,20260618,C,15.0,1.8,1.95,1.875,1.9,1.0,2938460.0,1.3981889140412558,1.875,0.045,0.0,1.8648420368449656,quote_mid;trade_last;iv_solved;prev_iv_model
2026-05-15 19:45:40+00:00,13.75,20260618,C,20.0,0.8,0.9,0.8500000000000001,0.8,0.0,2938460.0,1.4769881720542344,0.8500000000000005,0.045,0.0,0.8444948982840748,quote_mid;trade_last;iv_solved;prev_iv_model
2026-05-15 19:45:50+00:00,13.7567,20260618,C,15.0,1.8,1.95,1.875,1.9,0.0,2938450.0,1.3961594360284288,1.8749999999999991,0.045,0.0,1.8783991938352713,quote_mid;trade_last;iv_solved;prev_iv_model
2026-05-15 19:45:50+00:00,13.7567,20260618,C,20.0,0.8,0.9,0.8500000000000001,0.8,0.0,2938450.0,1.4756742194866552,0.8500000000000014,0.045,0.0,0.8518432868156216,quote_mid;trade_last;iv_solved;prev_iv_model
2026-05-15 19:46:00+00:00,13.75,20260618,C,15.0,1.8,1.9,1.85,1.9,0.0,2938440.0,1.383261122699567,1.8499999999999996,0.045,0.0,1.871594279630731,quote_mid;trade_last;iv_solved;prev_iv_model
2026-05-15 19:46:00+00:00,13.75,20260618,C,20.0,0.8,0.9,0.8500000000000001,0.8,0.0,2938440.0,1.476993258295967,0.8499999999999996,0.045,0.0,0.8481516740767656,quote_mid;trade_last;iv_solved;prev_iv_model
2026-05-15 19:46:10+00:00,13.7401,20260618,C,15.0,1.8,1.9,1.85,1.9,0.0,2938430.0,1.3862555039463422,1.8500000000000005,0.045,0.0,1.8449901979736882,quote_mid;trade_last;iv_solved;prev_iv_model
2026-05-15 19:46:10+00:00,13.7401,20260618,C,20.0,0.8,0.9,0.8500000000000001,0.8,0.0,2938430.0,1.4789420339911463,0.8500000000000001,0.045,0.0,0.8472719321863273,quote_mid;trade_last;iv_solved;prev_iv_model
2026-05-15 19:46:20+00:00,13.71,20260618,C,15.0,1.8,1.9,1.85,1.9,0.0,2938420.0,1.3953559549473091,1.8500000000000005,0.045,0.0,1.8348070970916863,quote_mid;trade_last;iv_solved;prev_iv_model
2026-05-15 19:46:20+00:00,13.71,20260618,C,20.0,0.8,0.9,0.8500000000000001,0.8,0.0,2938420.0,1.484868957539025,0.8500000000000005,0.045,0.0,0.8417313784564024,quote_mid;trade_last;iv_solved;prev_iv_model
2026-05-15 19:46:30+00:00,13.7,20260618,C,15.0,1.8,1.9,1.85,1.9,0.0,2938410.0,1.398381426111992,1.8500000000000005,0.045,0.0,1.8449527717101528,quote_mid;trade_last;iv_solved;prev_iv_model
2026-05-15 19:46:30+00:00,13.7,20260618,C,20.0,0.8,0.9,0.8500000000000001,0.8,0.0,2938410.0,1.486842101684445,0.850000000000001,0.045,0.0,0.8472473308495112,quote_mid;trade_last;iv_solved;prev_iv_model
2026-05-15 19:46:40+00:00,13.7099,20260618,C,15.0,1.8,1.9,1.85,1.9,0.0,2938400.0,1.395391019717548,1.8499999999999988,0.045,0.0,1.854992232585178,quote_mid;trade_last;iv_solved;prev_iv_model
2026-05-15 19:46:40+00:00,13.7099,20260618,C,20.0,0.8,0.9,0.8500000000000001,0.8,0.0,2938400.0,1.48489377065499,0.8500000000000005,0.045,0.0,0.8527226129639298,quote_mid;trade_last;iv_solved;prev_iv_model
2026-05-15 19:46:50+00:00,13.71,20260618,C,15.0,1.8,1.9,1.85,1.9,0.0,2938390.0,1.3953632079715215,1.8499999999999988,0.045,0.0,1.8500464298761932,quote_mid;trade_last;iv_solved;prev_iv_model
2026-05-15 19:46:50+00:00,13.71,20260618,C,20.0,0.8,0.9,0.8500000000000001,0.8,0.0,2938390.0,1.484876627103016,0.8499999999999996,0.045,0.0,0.8500239469398272,quote_mid;trade_last;iv_solved;prev_iv_model
2026-05-15 19:47:00+00:00,13.735,20260618,C,15.0,1.8,1.9,1.85,1.9,0.0,2938380.0,1.3878089253821324,1.8500000000000005,0.045,0.0,1.8626338194020056,quote_mid;trade_last;iv_solved;prev_iv_model
2026-05-15 19:47:00+00:00,13.735,20260618,C,20.0,0.8,0.9,0.8500000000000001,0.8,0.0,2938380.0,1.4799578254848278,0.8499999999999992,0.045,0.0,0.8568926760567432,quote_mid;trade_last;iv_solved;prev_iv_model
2026-05-15 19:47:10+00:00,13.725,20260618,C,15.0,1.8,1.9,1.85,1.9,0.0,2938370.0,1.3908338570955854,1.8499999999999996,0.045,0.0,1.8449446155831257,quote_mid;trade_last;iv_solved;prev_iv_model
2026-05-15 19:47:10+00:00,13.725,20260618,C,20.0,0.8,0.9,0.8500000000000001,0.8,0.0,2938370.0,1.481928041735316,0.8500000000000005,0.045,0.0,0.8472455301052269,quote_mid;trade_last;iv_solved;prev_iv_model
2026-05-15 19:47:20+00:00,13.73,20260618,C,15.0,1.8,1.9,1.85,1.9,0.0,2938360.0,1.3893249759373045,1.8499999999999996,0.045,0.0,1.8525225802398326,quote_mid;trade_last;iv_solved;prev_iv_model
2026-05-15 19:47:20+00:00,13.73,20260618,C,20.0,0.8,0.9,0.8500000000000001,0.8,0.0,2938360.0,1.4809466114396028,0.8499999999999988,0.045,0.0,0.8513735367461246,quote_mid;trade_last;iv_solved;prev_iv_model
2026-05-15 19:47:30+00:00,13.725,20260618,C,15.0,1.8,1.9,1.85,1.9,0.0,2938350.0,1.390838677275064,1.8499999999999988,0.045,0.0,1.8474702586737495,quote_mid;trade_last;iv_solved;prev_iv_model
2026-05-15 19:47:30+00:00,13.725,20260618,C,20.0,0.8,0.9,0.8500000000000001,0.8,0.0,2938350.0,1.4819331448804984,0.8500000000000005,0.045,0.0,0.8486204897677632,quote_mid;trade_last;iv_solved;prev_iv_model
2026-05-15 19:47:40+00:00,13.725,20260618,C,15.0,1.8,1.9,1.85,1.9,0.0,2938340.0,1.3908410873831465,1.8499999999999988,0.045,0.0,1.8499959721762238,quote_mid;trade_last;iv_solved;prev_iv_model
2026-05-15 19:47:40+00:00,13.725,20260618,C,20.0,0.8,0.9,0.8500000000000001,0.8,0.0,2938340.0,1.481935696472553,0.850000000000001,0.045,0.0,0.849996431267638,quote_mid;trade_last;iv_solved;prev_iv_model
2026-05-15 19:47:50+00:00,13.725,20260618,C,15.0,1.8,1.9,1.85,1.9,0.0,2938330.0,1.3908434975034587,1.8500000000000014,0.045,0.0,1.84999597216264,quote_mid;trade_last;iv_solved;prev_iv_model
2026-05-15 19:47:50+00:00,13.725,20260618,C,20.0,0.8,0.9,0.8500000000000001,0.8,0.0,2938330.0,1.4819382480775802,0.8500000000000001,0.045,0.0,0.8499964312555881,quote_mid;trade_last;iv_solved;prev_iv_model
2026-05-15 19:48:00+00:00,13.7193,20260618,C,15.0,1.8,1.9,1.85,1.9,0.0,2938320.0,1.3925688551339115,1.8499999999999988,0.045,0.0,1.8471177269012644,quote_mid;trade_last;iv_solved;prev_iv_model
2026-05-15 19:48:00+00:00,13.7193,20260618,C,20.0,0.8,0.9,0.8500000000000001,0.8,0.0,2938320.0,1.483062903722463,0.8500000000000019,0.045,0.0,0.848428170863579,quote_mid;trade_last;iv_solved;prev_iv_model
2026-05-15 19:48:10+00:00,13.705,20260618,C,15.0,1.8,1.9,1.85,1.9,0.0,2938310.0,1.3968940727532746,1.8500000000000005,0.045,0.0,1.8427819815313278,quote_mid;trade_last;iv_solved;prev_iv_model
2026-05-15 19:48:10+00:00,13.705,20260618,C,20.0,0.8,0.9,0.8500000000000001,0.8,0.0,2938310.0,1.4858822432462286,0.8499999999999996,0.045,0.0,0.8460659163159789,quote_mid;trade_last;iv_solved;prev_iv_model
2026-05-15 19:48:20+00:00,13.7,20260618,C,15.0,1.8,1.9,1.85,1.9,0.0,2938300.0,1.3984080772453975,1.8499999999999996,0.045,0.0,1.8474743221954348,quote_mid;trade_last;iv_solved;prev_iv_model
2026-05-15 19:48:20+00:00,13.7,20260618,C,20.0,0.8,0.9,0.8500000000000001,0.8,0.0,2938300.0,1.4868702608816613,0.8500000000000005,0.045,0.0,0.8486213872289006,quote_mid;trade_last;iv_solved;prev_iv_model
2026-05-15 19:48:30+00:00,13.709,20260618,C,15.0,1.8,1.9,1.85,1.9,0.0,2938290.0,1.3956896864806998,1.8499999999999988,0.045,0.0,1.854537748720663,quote_mid;trade_last;iv_solved;prev_iv_model
2026-05-15 19:48:30+00:00,13.709,20260618,C,20.0,0.8,0.9,0.8500000000000001,0.8,0.0,2938290.0,1.485099202988105,0.8500000000000005,0.045,0.0,0.8524745600201356,quote_mid;trade_last;iv_solved;prev_iv_model
2026-05-15 19:48:40+00:00,13.705,20260618,C,15.0,1.8,1.9,1.85,1.9,0.0,2938280.0,1.3969013338236755,1.8500000000000005,0.045,0.0,1.8479779965847891,quote_mid;trade_last;iv_solved;prev_iv_model
2026-05-15 19:48:40+00:00,13.705,20260618,C,20.0,0.8,0.9,0.8500000000000001,0.8,0.0,2938280.0,1.485889918249653,0.850000000000001,0.045,0.0,0.8488961738263212,quote_mid;trade_last;iv_solved;prev_iv_model
2026-05-15 19:48:50+00:00,13.7003,20260618,C,15.0,1.8,1.9,1.85,1.9,0.0,2938270.0,1.3983246488008625,1.8500000000000014,0.045,0.0,1.8476255724551383,quote_mid;trade_last;iv_solved;prev_iv_model
2026-05-15 19:48:50+00:00,13.7003,20260618,C,20.0,0.8,0.9,0.8500000000000001,0.8,0.0,2938270.0,1.4868188047719397,0.8500000000000001,0.045,0.0,0.8487038518375023,quote_mid;trade_last;iv_solved;prev_iv_model
2026-05-15 19:49:00+00:00,13.705,20260618,C,15.0,1.8,1.9,1.85,1.9,0.0,2938260.0,1.3969061745986835,1.8500000000000014,0.045,0.0,1.8523671386529381,quote_mid;trade_last;iv_solved;prev_iv_model
2026-05-15 19:49:00+00:00,13.705,20260618,C,20.0,0.8,0.9,0.8500000000000001,0.8,0.0,2938260.0,1.485895034983649,0.8500000000000001,0.045,0.0,0.8512900308683591,quote_mid;trade_last;iv_solved;prev_iv_model
2026-05-15 19:49:10+00:00,13.7,20260618,C,15.0,1.8,1.9,1.85,1.9,0.0,2938250.0,1.3984201918887083,1.8500000000000014,0.045,0.0,1.8474743223326318,quote_mid;trade_last;iv_solved;prev_iv_model
2026-05-15 19:49:10+00:00,13.7,20260618,C,20.0,0.8,0.9,0.8500000000000001,0.8,0.0,2938250.0,1.4868830610374584,0.8500000000000005,0.045,0.0,0.8486213872549002,quote_mid;trade_last;iv_solved;prev_iv_model
2026-05-15 19:49:20+00:00,13.705,20260618,C,15.0,1.8,1.85,1.8250000000000002,1.8,1.0,2938240.0,1.3819304331857523,1.825000000000002,0.045,0.0,1.8525184929185965,quote_mid;trade_last;iv_solved;prev_iv_model
2026-05-15 19:49:20+00:00,13.705,20260618,C,20.0,0.8,0.9,0.8500000000000001,0.8,0.0,2938240.0,1.485900151769683,0.8499999999999996,0.045,0.0,0.851372630712206,quote_mid;trade_last;iv_solved;prev_iv_model
2026-05-15 19:49:30+00:00,13.695,20260618,C,15.0,1.8,1.85,1.8250000000000002,1.8,0.0,2938230.0,1.3849452593703142,1.825000000000002,0.045,0.0,1.8199723234586038,quote_mid;trade_last;iv_solved;prev_iv_model
2026-05-15 19:49:30+00:00,13.695,20260618,C,20.0,0.8,0.9,0.8500000000000001,0.8,0.0,2938230.0,1.4878739468241173,0.8499999999999996,0.045,0.0,0.8472476887819149,quote_mid;trade_last;iv_solved;prev_iv_model
2026-05-15 19:49:40+00:00,13.695,20260618,C,15.0,1.8,1.85,1.8250000000000002,1.8,0.0,2938220.0,1.3849476593994412,1.825000000000001,0.045,0.0,1.8249959976072248,quote_mid;trade_last;iv_solved;prev_iv_model
2026-05-15 19:49:40+00:00,13.695,20260618,C,20.0,0.8,0.9,0.8500000000000001,0.8,0.0,2938220.0,1.4878765085915835,0.8500000000000014,0.045,0.0,0.8499964263213382,quote_mid;trade_last;iv_solved;prev_iv_model
2026-05-15 19:49:50+00:00,13.6999,20260618,C,15.0,1.8,1.85,1.8250000000000002,1.8,0.0,2938210.0,1.3834739362767579,1.825000000000001,0.045,0.0,1.8274585101368617,quote_mid;trade_last;iv_solved;prev_iv_model
2026-05-15 19:49:50+00:00,13.6999,20260618,C,20.0,0.8,0.9,0.8500000000000001,0.8,0.0,2938210.0,1.4869130138873494,0.8500000000000014,0.045,0.0,0.8513449171747767,quote_mid;trade_last;iv_solved;prev_iv_model
2026-05-15 19:50:00+00:00,13.685,20260618,C,15.0,1.7,1.85,1.775,1.8,2.0,2938200.0,1.3579611137692913,1.7750000000000004,0.045,0.0,1.817515730921536,quote_mid;trade_last;iv_solved;prev_iv_model
2026-05-15 19:50:00+00:00,13.685,20260618,C,20.0,0.8,0.9,0.8500000000000001,0.8,0.0,2938200.0,1.4898540588495943,0.8500000000000005,0.045,0.0,0.8459033081211564,quote_mid;trade_last;iv_solved;prev_iv_model
2026-05-15 19:50:10+00:00,13.67,20260618,C,15.0,1.7,1.85,1.775,1.8,0.0,2938190.0,1.3624499963498984,1.7749999999999995,0.045,0.0,1.7675278467277797,quote_mid;trade_last;iv_solved;prev_iv_model
2026-05-15 19:50:10+00:00,13.67,20260618,C,20.0,0.8,0.9,0.8500000000000001,0.8,0.0,2938190.0,1.492817488198006,0.8500000000000005,0.045,0.0,0.8458774631933461,quote_mid;trade_last;iv_solved;prev_iv_model
2026-05-15 19:50:20+00:00,13.68,20260618,C,15.0,1.7,1.85,1.775,1.8,0.0,2938180.0,1.3594612863676958,1.7749999999999995,0.045,0.0,1.7799786596489113,quote_mid;trade_last;iv_solved;prev_iv_model
2026-05-15 19:50:20+00:00,13.68,20260618,C,20.0,0.8,0.9,0.8500000000000001,0.8,0.0,2938180.0,1.490845849303018,0.8500000000000001,0.045,0.0,0.8527480333182265,quote_mid;trade_last;iv_solved;prev_iv_model
2026-05-15 19:50:30+00:00,13.68,20260618,C,15.0,1.7,1.85,1.775,1.8,0.0,2938170.0,1.3594636429956228,1.7750000000000004,0.045,0.0,1.774996074290815,quote_mid;trade_last;iv_solved;prev_iv_model
2026-05-15 19:50:30+00:00,13.68,20260618,C,20.0,0.8,0.9,0.8500000000000001,0.8,0.0,2938170.0,1.4908484161524362,0.8499999999999988,0.045,0.0,0.8499964238683031,quote_mid;trade_last;iv_solved;prev_iv_model
2026-05-15 19:50:40+00:00,13.665,20260618,C,15.0,1.7,1.85,1.775,1.8,0.0,2938160.0,1.3639526968603932,1.7749999999999995,0.045,0.0,1.7675303520614989,quote_mid;trade_last;iv_solved;prev_iv_model
2026-05-15 19:50:40+00:00,13.665,20260618,C,20.0,0.8,0.9,0.8500000000000001,0.8,0.0,2938160.0,1.493812751833338,0.8500000000000001,0.045,0.0,0.8458779927109918,quote_mid;trade_last;iv_solved;prev_iv_model
2026-05-15 19:50:50+00:00,13.665,20260618,C,15.0,1.7,1.85,1.775,1.8,0.0,2938150.0,1.363955061072455,1.7750000000000004,0.045,0.0,1.774996066013606,quote_mid;trade_last;iv_solved;prev_iv_model
2026-05-15 19:50:50+00:00,13.665,20260618,C,20.0,0.8,0.9,0.8500000000000001,0.8,0.0,2938150.0,1.493815323730312,0.8499999999999996,0.045,0.0,0.8499964214568783,quote_mid;trade_last;iv_solved;prev_iv_model
2026-05-15 19:51:00+00:00,13.645,20260618,C,15.0,1.7,1.85,1.775,1.8,0.0,2938140.0,1.3699404428094746,1.7750000000000004,0.045,0.0,1.765055256820272,quote_mid;trade_last;iv_solved;prev_iv_model
2026-05-15 19:51:00+00:00,13.645,20260618,C,20.0,0.8,0.9,0.8500000000000001,0.8,0.0,2938140.0,1.497771097813366,0.850000000000001,0.045,0.0,0.844509966601799,quote_mid;trade_last;iv_solved;prev_iv_model
2026-05-15 19:51:10+00:00,13.635,20260618,C,15.0,1.7,1.85,1.775,1.8,0.0,2938130.0,1.3729346745858382,1.7750000000000004,0.045,0.0,1.770028737016072,quote_mid;trade_last;iv_solved;prev_iv_model
2026-05-15 19:51:10+00:00,13.635,20260618,C,20.0,0.8,0.85,0.825,0.8,1.0,2938130.0,1.4816684967946205,0.8250000000000002,0.045,0.0,0.8472519111501651,quote_mid;trade_last;iv_solved;prev_iv_model
2026-05-15 19:51:20+00:00,13.63,20260618,C,15.0,1.7,1.85,1.775,1.8,0.0,2938120.0,1.374433076710186,1.7749999999999995,0.045,0.0,1.77251315324252,quote_mid;trade_last;iv_solved;prev_iv_model
2026-05-15 19:51:20+00:00,13.63,20260618,C,20.0,0.8,0.9,0.8500000000000001,0.8,0.0,2938120.0,1.500744302839462,0.8499999999999979,0.045,0.0,0.8236452768487621,quote_mid;trade_last;iv_solved;prev_iv_model
2026-05-15 19:51:30+00:00,13.66,20260618,C,15.0,1.7,1.85,1.775,1.8,0.0,2938110.0,1.3654601980714856,1.7750000000000004,0.045,0.0,1.7899251384653416,quote_mid;trade_last;iv_solved;prev_iv_model
2026-05-15 19:51:30+00:00,13.66,20260618,C,20.0,0.8,0.9,0.8500000000000001,0.8,0.0,2938110.0,1.4948134701478342,0.8499999999999996,0.045,0.0,0.8582588699818277,quote_mid;trade_last;iv_solved;prev_iv_model
2026-05-15 19:51:40+00:00,13.65,20260618,C,15.0,1.7,1.85,1.775,1.8,0.0,2938100.0,1.368454092179698,1.7750000000000004,0.045,0.0,1.7700238056555877,quote_mid;trade_last;iv_solved;prev_iv_model
2026-05-15 19:51:40+00:00,13.65,20260618,C,20.0,0.8,0.9,0.8500000000000001,0.8,0.0,2938100.0,1.4967926578966781,0.8499999999999992,0.045,0.0,0.8472508674430612,quote_mid;trade_last;iv_solved;prev_iv_model
2026-05-15 19:51:50+00:00,13.68,20260618,C,15.0,1.7,1.85,1.775,1.8,0.0,2938090.0,1.3594824964494876,1.7750000000000004,0.045,0.0,1.789944898777069,quote_mid;trade_last;iv_solved;prev_iv_model
2026-05-15 19:51:50+00:00,13.68,20260618,C,20.0,0.8,0.9,0.8500000000000001,0.8,0.0,2938090.0,1.4908689514177191,0.8500000000000005,0.045,0.0,0.8582630771781354,quote_mid;trade_last;iv_solved;prev_iv_model
2026-05-15 19:52:00+00:00,13.68,20260618,C,15.0,1.7,1.85,1.775,1.8,0.0,2938080.0,1.3594848531850272,1.7750000000000004,0.045,0.0,1.774996074171682,quote_mid;trade_last;iv_solved;prev_iv_model
2026-05-15 19:52:00+00:00,13.68,20260618,C,20.0,0.8,0.9,0.8500000000000001,0.8,0.0,2938080.0,1.490871518384624,0.8500000000000014,0.045,0.0,0.8499964237595932,quote_mid;trade_last;iv_solved;prev_iv_model
2026-05-15 19:52:10+00:00,13.68,20260618,C,15.0,1.7,1.85,1.775,1.8,0.0,2938070.0,1.3594872099325261,1.7750000000000004,0.045,0.0,1.7749960741584427,quote_mid;trade_last;iv_solved;prev_iv_model
2026-05-15 19:52:10+00:00,13.68,20260618,C,20.0,0.8,0.9,0.8500000000000001,0.8,0.0,2938070.0,1.4908740853645805,0.8499999999999996,0.045,0.0,0.8499964237475162,quote_mid;trade_last;iv_solved;prev_iv_model
2026-05-15 19:52:20+00:00,13.67,20260618,C,15.0,1.7,1.85,1.775,1.8,0.0,2938060.0,1.3624806988112548,1.7749999999999995,0.045,0.0,1.7700171688398258,quote_mid;trade_last;iv_solved;prev_iv_model
2026-05-15 19:52:20+00:00,13.67,20260618,C,20.0,0.8,0.9,0.8500000000000001,0.8,0.0,2938060.0,1.4928509016021962,0.8499999999999996,0.045,0.0,0.8472494636564121,quote_mid;trade_last;iv_solved;prev_iv_model
2026-05-15 19:52:30+00:00,13.665,20260618,C,15.0,1.7,1.85,1.775,1.8,0.0,2938050.0,1.3639787038528364,1.7749999999999995,0.045,0.0,1.7725074049724663,quote_mid;trade_last;iv_solved;prev_iv_model
2026-05-15 19:52:30+00:00,13.665,20260618,C,20.0,0.8,0.9,0.8500000000000001,0.8,0.0,2938050.0,1.493841043419419,0.8499999999999988,0.045,0.0,0.8486226253452287,quote_mid;trade_last;iv_solved;prev_iv_model
2026-05-15 19:52:40+00:00,13.665,20260618,C,15.0,1.75,1.85,1.8,1.8,0.0,2938040.0,1.3790054832603946,1.7999999999999998,0.045,0.0,1.7749960658676835,quote_mid;trade_last;iv_solved;prev_iv_model
2026-05-15 19:52:40+00:00,13.665,20260618,C,20.0,0.8,0.9,0.8500000000000001,0.8,0.0,2938040.0,1.4938436154602694,0.8500000000000005,0.045,0.0,0.8499964213239206,quote_mid;trade_last;iv_solved;prev_iv_model
2026-05-15 19:52:50+00:00,13.655,20260618,C,15.0,1.75,1.85,1.8,1.8,0.0,2938030.0,1.382010376595296,1.799999999999999,0.045,0.0,1.7950036315126239,quote_mid;trade_last;iv_solved;prev_iv_model
2026-05-15 19:52:50+00:00,13.655,20260618,C,20.0,0.8,0.9,0.8500000000000001,0.8,0.0,2938030.0,1.4958222293754324,0.8499999999999996,0.045,0.0,0.847250517935433,quote_mid;trade_last;iv_solved;prev_iv_model
2026-05-15 19:53:00+00:00,13.6599,20260618,C,15.0,1.75,1.85,1.8,1.8,0.0,2938020.0,1.380541512415581,1.8000000000000007,0.045,0.0,1.8024432221916395,quote_mid;trade_last;iv_solved;prev_iv_model
2026-05-15 19:53:00+00:00,13.6599,20260618,C,20.0,0.8,0.9,0.8500000000000001,0.8,0.0,2938020.0,1.494856393864651,0.8500000000000005,0.045,0.0,0.8513435222913599,quote_mid;trade_last;iv_solved;prev_iv_model
2026-05-15 19:53:10+00:00,13.665,20260618,C,15.0,1.75,1.9,1.825,1.8,2.0,2938010.0,1.3940370723591418,1.8249999999999993,0.045,0.0,1.8025439608310565,quote_mid;trade_last;iv_solved;prev_iv_model
2026-05-15 19:53:10+00:00,13.665,20260618,C,20.0,0.8,0.9,0.8500000000000001,0.8,0.0,2938010.0,1.493851331661305,0.8500000000000019,0.045,0.0,0.8513987095469391,quote_mid;trade_last;iv_solved;prev_iv_model
2026-05-15 19:53:20+00:00,13.65,20260618,C,15.0,1.75,1.9,1.825,1.75,1.0,2938000.0,1.3985598561548964,1.825000000000001,0.045,0.0,1.8174825505279602,quote_mid;trade_last;iv_solved;prev_iv_model
2026-05-15 19:53:20+00:00,13.65,20260618,C,20.0,0.8,0.9,0.8500000000000001,0.8,0.0,2938000.0,1.4968184285029174,0.8499999999999992,0.045,0.0,0.8458795736897646,quote_mid;trade_last;iv_solved;prev_iv_model
2026-05-15 19:53:30+00:00,13.645,20260618,C,15.0,1.75,1.85,1.8,1.75,0.0,2937990.0,1.3850227269670148,1.8000000000000007,0.045,0.0,1.8224921849284454,quote_mid;trade_last;iv_solved;prev_iv_model
2026-05-15 19:53:30+00:00,13.645,20260618,C,20.0,0.8,0.9,0.8500000000000001,0.8,0.0,2937990.0,1.4978097785745872,0.850000000000001,0.045,0.0,0.8486233231990936,quote_mid;trade_last;iv_solved;prev_iv_model
2026-05-15 19:53:40+00:00,13.6407,20260618,C,15.0,1.75,1.9,1.825,1.75,0.0,2937980.0,1.4013676527745815,1.8249999999999993,0.045,0.0,1.797851229952169,quote_mid;trade_last;iv_solved;prev_iv_model
2026-05-15 19:53:40+00:00,13.6407,20260618,C,20.0,0.8,0.9,0.8500000000000001,0.8,0.0,2937980.0,1.4986629425385734,0.8499999999999996,0.045,0.0,0.8488156251288146,quote_mid;trade_last;iv_solved;prev_iv_model
2026-05-15 19:53:50+00:00,13.635,20260618,C,15.0,1.75,1.9,1.825,1.75,0.0,2937970.0,1.4030881444705163,1.8249999999999993,0.045,0.0,1.8221434752272234,quote_mid;trade_last;iv_solved;prev_iv_model
2026-05-15 19:53:50+00:00,13.635,20260618,C,20.0,0.8,0.9,0.8500000000000001,0.8,0.0,2937970.0,1.4997933856221497,0.8500000000000028,0.045,0.0,0.848431563858393,quote_mid;trade_last;iv_solved;prev_iv_model
2026-05-15 19:54:00+00:00,13.635,20260618,C,15.0,1.75,1.9,1.825,1.75,0.0,2937960.0,1.4030905752906992,1.8249999999999993,0.045,0.0,1.8249959641278517,quote_mid;trade_last;iv_solved;prev_iv_model
2026-05-15 19:54:00+00:00,13.635,20260618,C,20.0,0.8,0.9,0.8500000000000001,0.8,0.0,2937960.0,1.4997959678253219,0.8499999999999992,0.045,0.0,0.8499964164686435,quote_mid;trade_last;iv_solved;prev_iv_model
2026-05-15 19:54:10+00:00,13.64,20260618,C,15.0,1.75,1.9,1.825,1.75,0.0,2937950.0,1.4015859224137541,1.8250000000000002,0.045,0.0,1.827499073203593,quote_mid;trade_last;iv_solved;prev_iv_model
2026-05-15 19:54:10+00:00,13.64,20260618,C,20.0,0.8,0.85,0.825,0.85,10.0,2937950.0,1.4807328194043103,0.8249999999999984,0.045,0.0,0.8513703264955907,quote_mid;trade_last;iv_solved;prev_iv_model
2026-05-15 19:54:20+00:00,13.625,20260618,C,15.0,1.75,1.9,1.825,1.75,0.0,2937940.0,1.406109834394921,1.8249999999999993,0.045,0.0,1.817494513995623,quote_mid;trade_last;iv_solved;prev_iv_model
2026-05-15 19:54:20+00:00,13.625,20260618,C,20.0,0.8,0.85,0.825,0.85,0.0,2937940.0,1.4836810614798326,0.8250000000000006,0.045,0.0,0.8209463575804068,quote_mid;trade_last;iv_solved;prev_iv_model
2026-05-15 19:54:30+00:00,13.625,20260618,C,15.0,1.75,1.9,1.825,1.75,0.0,2937930.0,1.406112270333645,1.8249999999999984,0.045,0.0,1.8249959586140232,quote_mid;trade_last;iv_solved;prev_iv_model
2026-05-15 19:54:30+00:00,13.625,20260618,C,20.0,0.8,0.85,0.825,0.85,0.0,2937930.0,1.4836836161637286,0.8249999999999997,0.045,0.0,0.8249964852034757,quote_mid;trade_last;iv_solved;prev_iv_model
2026-05-15 19:54:40+00:00,13.6025,20260618,C,15.0,1.75,1.85,1.8,1.75,0.0,2937920.0,1.3978044983038225,1.7999999999999998,0.045,0.0,1.8137602061651368,quote_mid;trade_last;iv_solved;prev_iv_model
2026-05-15 19:54:40+00:00,13.6025,20260618,C,20.0,0.75,0.8,0.775,0.8,2.0,2937920.0,1.45139483756827,0.7750000000000026,0.045,0.0,0.8189281654883782,quote_mid;trade_last;iv_solved;prev_iv_model
2026-05-15 19:54:50+00:00,13.6,20260618,C,15.0,1.75,1.85,1.8,1.75,0.0,2937910.0,1.398557968408559,1.7999999999999998,0.045,0.0,1.7987522658372246,quote_mid;trade_last;iv_solved;prev_iv_model
2026-05-15 19:54:50+00:00,13.6,20260618,C,20.0,0.75,0.85,0.8,0.8,0.0,2937910.0,1.4703198035829748,0.800000000000002,0.045,0.0,0.7743434253853061,quote_mid;trade_last;iv_solved;prev_iv_model
2026-05-15 19:55:00+00:00,13.605,20260618,C,15.0,1.75,1.85,1.8,1.75,0.0,2937900.0,1.3970583116187947,1.7999999999999998,0.045,0.0,1.8024843270184263,quote_mid;trade_last;iv_solved;prev_iv_model
2026-05-15 19:55:00+00:00,13.605,20260618,C,20.0,0.75,0.85,0.8,0.8,0.0,2937900.0,1.4693465554309024,0.8000000000000003,0.045,0.0,0.8013260984381039,quote_mid;trade_last;iv_solved;prev_iv_model
2026-05-15 19:55:10+00:00,13.6099,20260618,C,15.0,1.75,1.85,1.8,1.75,0.0,2937890.0,1.3955887665174127,1.7999999999999998,0.045,0.0,1.8024353218453681,quote_mid;trade_last;iv_solved;prev_iv_model
2026-05-15 19:55:10+00:00,13.6099,20260618,C,20.0,0.75,0.85,0.8,0.8,0.0,2937890.0,1.468393106230224,0.8000000000000012,0.045,0.0,0.8012996660344376,quote_mid;trade_last;iv_solved;prev_iv_model
2026-05-15 19:55:20+00:00,13.6069,20260618,C,15.0,1.75,1.85,1.8,1.75,0.0,2937880.0,1.3964923807048661,1.7999999999999998,0.045,0.0,1.7985028733382338,quote_mid;trade_last;iv_solved;prev_iv_model
2026-05-15 19:55:20+00:00,13.6069,20260618,C,20.0,0.75,0.85,0.8,0.8,0.0,2937880.0,1.468980895638531,0.7999999999999994,0.045,0.0,0.7991992644188284,quote_mid;trade_last;iv_solved;prev_iv_model
2026-05-15 19:55:30+00:00,13.545,20260618,C,15.0,1.7,1.85,1.775,1.75,2.0,2937870.0,1.399937023017316,1.7749999999999995,0.045,0.0,1.7693194366632516,quote_mid;trade_last;iv_solved;prev_iv_model
2026-05-15 19:55:30+00:00,13.545,20260618,C,20.0,0.75,0.85,0.8,0.8,0.0,2937870.0,1.4810831701706486,0.8000000000000003,0.045,0.0,0.7836450717526326,quote_mid;trade_last;iv_solved;prev_iv_model
2026-05-15 19:55:40+00:00,13.52,20260618,C,15.0,1.7,1.85,1.775,1.75,0.0,2937860.0,1.4074276899756537,1.7749999999999995,0.045,0.0,1.7626705035802228,quote_mid;trade_last;iv_solved;prev_iv_model
2026-05-15 19:55:40+00:00,13.52,20260618,C,20.0,0.75,0.85,0.8,0.8,0.0,2937860.0,1.485985531665388,0.8000000000000003,0.045,0.0,0.7933783402891001,quote_mid;trade_last;iv_solved;prev_iv_model
2026-05-15 19:55:50+00:00,13.505,20260618,C,15.0,1.7,1.85,1.775,1.75,0.0,2937850.0,1.4119242326598962,1.7749999999999995,0.045,0.0,1.767607092545319,quote_mid;trade_last;iv_solved;prev_iv_model
2026-05-15 19:55:50+00:00,13.505,20260618,C,20.0,0.75,0.85,0.8,0.75,1.0,2937850.0,1.48893160075069,0.8000000000000012,0.045,0.0,0.7960241178553891,quote_mid;trade_last;iv_solved;prev_iv_model
2026-05-15 19:56:00+00:00,13.51,20260618,C,15.0,1.7,1.85,1.775,1.75,0.0,2937840.0,1.4104285409649688,1.7750000000000004,0.045,0.0,1.7774600810294494,quote_mid;trade_last;iv_solved;prev_iv_model
2026-05-15 19:56:00+00:00,13.51,20260618,C,20.0,0.75,0.8,0.775,0.75,0.0,2937840.0,1.4693688919576156,0.7749999999999995,0.045,0.0,0.801322850271923,quote_mid;trade_last;iv_solved;prev_iv_model
2026-05-15 19:56:10+00:00,13.515,20260618,C,15.0,1.7,1.85,1.775,1.75,0.0,2937830.0,1.4089329442485519,1.7750000000000004,0.045,0.0,1.777460847658233,quote_mid;trade_last;iv_solved;prev_iv_model
2026-05-15 19:56:10+00:00,13.515,20260618,C,20.0,0.75,0.8,0.775,0.75,0.0,2937830.0,1.468398333388878,0.7749999999999995,0.045,0.0,0.7763008358361136,quote_mid;trade_last;iv_solved;prev_iv_model
2026-05-15 19:56:20+00:00,13.515,20260618,C,15.0,1.7,1.8,1.75,1.8,1.0,2937820.0,1.3937406676299706,1.75,0.045,0.0,1.7749959847576129,quote_mid;trade_last;iv_solved;prev_iv_model
2026-05-15 19:56:20+00:00,13.515,20260618,C,20.0,0.75,0.8,0.775,0.75,0.0,2937820.0,1.4684008617895268,0.7750000000000004,0.045,0.0,0.7749966119837435,quote_mid;trade_last;iv_solved;prev_iv_model
2026-05-15 19:56:30+00:00,13.542,20260618,C,15.0,1.7,1.8,1.75,1.8,0.0,2937810.0,1.3856862089311934,1.75,0.045,0.0,1.7632787862716404,quote_mid;trade_last;iv_solved;prev_iv_model
2026-05-15 19:56:30+00:00,13.542,20260618,C,20.0,0.75,0.8,0.775,0.75,0.0,2937810.0,1.4631538493280316,0.7750000000000012,0.045,0.0,0.7820562680848044,quote_mid;trade_last;iv_solved;prev_iv_model
2026-05-15 19:56:40+00:00,13.53,20260618,C,15.0,1.7,1.8,1.75,1.8,0.0,2937800.0,1.3892691312789092,1.75,0.045,0.0,1.7440986856059402,quote_mid;trade_last;iv_solved;prev_iv_model
2026-05-15 19:56:40+00:00,13.53,20260618,C,20.0,0.75,0.8,0.775,0.75,0.0,2937800.0,1.4654884298360247,0.7750000000000008,0.045,0.0,0.7718693510726733,quote_mid;trade_last;iv_solved;prev_iv_model
2026-05-15 19:56:50+00:00,13.5575,20260618,C,15.0,1.7,1.8,1.75,1.8,0.0,2937790.0,1.3810668767679393,1.7500000000000009,0.045,0.0,1.763538190866373,quote_mid;trade_last;iv_solved;prev_iv_model
2026-05-15 19:56:50+00:00,13.5575,20260618,C,20.0,0.75,0.8,0.775,0.75,0.0,2937790.0,1.4601491679635017,0.7749999999999999,0.045,0.0,0.782190186378863,quote_mid;trade_last;iv_solved;prev_iv_model
2026-05-15 19:57:00+00:00,13.59,20260618,C,15.0,1.7,1.8,1.75,1.8,0.0,2937780.0,1.3713759105754209,1.75,0.045,0.0,1.7660344409719828,quote_mid;trade_last;iv_solved;prev_iv_model
2026-05-15 19:57:00+00:00,13.59,20260618,C,20.0,0.75,0.8,0.775,0.75,0.0,2937780.0,1.4538501808424575,0.7750000000000017,0.045,0.0,0.783508645132942,quote_mid;trade_last;iv_solved;prev_iv_model
2026-05-15 19:57:10+00:00,13.58,20260618,C,15.0,1.7,1.8,1.75,1.8,0.0,2937770.0,1.3743605328066546,1.7500000000000009,0.045,0.0,1.7450655841814422,quote_mid;trade_last;iv_solved;prev_iv_model
2026-05-15 19:57:10+00:00,13.58,20260618,C,20.0,0.75,0.8,0.775,0.75,0.0,2937770.0,1.4557902868713444,0.7750000000000008,0.045,0.0,0.772386723142505,quote_mid;trade_last;iv_solved;prev_iv_model
2026-05-15 19:57:20+00:00,13.625,20260618,C,15.0,1.7,1.85,1.775,1.8,0.0,2937760.0,1.3760150095942616,1.7749999999999995,0.045,0.0,1.772255307621684,quote_mid;trade_last;iv_solved;prev_iv_model
2026-05-15 19:57:20+00:00,13.625,20260618,C,20.0,0.75,0.8,0.775,0.75,0.0,2937760.0,1.4470827885024042,0.7750000000000008,0.045,0.0,0.7868047449177471,quote_mid;trade_last;iv_solved;prev_iv_model
2026-05-15 19:57:30+00:00,13.625,20260618,C,15.0,1.7,1.85,1.775,1.8,0.0,2937750.0,1.3760173944574308,1.7749999999999995,0.045,0.0,1.7749960436314005,quote_mid;trade_last;iv_solved;prev_iv_model
2026-05-15 19:57:30+00:00,13.625,20260618,C,20.0,0.75,0.8,0.775,0.75,0.0,2937750.0,1.4470852808164394,0.7749999999999995,0.045,0.0,0.7749966281446956,quote_mid;trade_last;iv_solved;prev_iv_model
2026-05-15 19:57:40+00:00,13.619,20260618,C,15.0,1.7,1.85,1.775,1.8,0.0,2937740.0,1.3778152829186054,1.7749999999999995,0.045,0.0,1.7720187330019739,quote_mid;trade_last;iv_solved;prev_iv_model
2026-05-15 19:57:40+00:00,13.619,20260618,C,20.0,0.75,0.8,0.775,0.75,0.0,2937740.0,1.448247744736208,0.7750000000000004,0.045,0.0,0.7734285626180424,quote_mid;trade_last;iv_solved;prev_iv_model
2026-05-15 19:57:50+00:00,13.615,20260618,C,15.0,1.7,1.85,1.775,1.8,0.0,2937730.0,1.3790147283531935,1.7749999999999995,0.045,0.0,1.7730116660638826,quote_mid;trade_last;iv_solved;prev_iv_model
2026-05-15 19:57:50+00:00,13.615,20260618,C,20.0,0.75,0.8,0.775,0.8,1.0,2937730.0,1.449023787631588,0.7750000000000004,0.045,0.0,0.7739512042864387,quote_mid;trade_last;iv_solved;prev_iv_model
2026-05-15 19:58:00+00:00,13.59,20260618,C,15.0,1.7,1.85,1.775,1.8,0.0,2937720.0,1.3864997561969155,1.7749999999999995,0.045,0.0,1.7626152201533642,quote_mid;trade_last;iv_solved;prev_iv_model
2026-05-15 19:58:00+00:00,13.59,20260618,C,20.0,0.75,0.8,0.775,0.8,0.0,2937720.0,1.4538652036701372,0.7749999999999999,0.045,0.0,0.7684776173417744,quote_mid;trade_last;iv_solved;prev_iv_model
2026-05-15 19:58:10+00:00,13.595,20260618,C,15.0,1.7,1.85,1.775,1.8,0.0,2937710.0,1.3850054835510002,1.7750000000000004,0.045,0.0,1.7774733940152494,quote_mid;trade_last;iv_solved;prev_iv_model
2026-05-15 19:58:10+00:00,13.595,20260618,C,20.0,0.75,0.8,0.775,0.8,0.0,2937710.0,1.4528993366745464,0.7750000000000004,0.045,0.0,0.7763035946992685,quote_mid;trade_last;iv_solved;prev_iv_model
2026-05-15 19:58:20+00:00,13.625,20260618,C,15.0,1.7,1.85,1.775,1.8,0.0,2937700.0,1.376029318954826,1.7750000000000004,0.045,0.0,1.7898910477788128,quote_mid;trade_last;iv_solved;prev_iv_model
2026-05-15 19:58:20+00:00,13.625,20260618,C,20.0,0.75,0.8,0.775,0.8,0.0,2937700.0,1.4470977425767533,0.7749999999999995,0.045,0.0,0.7828597421340486,quote_mid;trade_last;iv_solved;prev_iv_model
2026-05-15 19:58:30+00:00,13.635,20260618,C,15.0,1.7,1.85,1.775,1.8,0.0,2937690.0,1.3730393784054455,1.7750000000000004,0.045,0.0,1.7799638041986618,quote_mid;trade_last;iv_solved;prev_iv_model
2026-05-15 19:58:30+00:00,13.635,20260618,C,20.0,0.75,0.8,0.775,0.8,0.0,2937690.0,1.4451678625443214,0.7749999999999995,0.045,0.0,0.7776143955725892,quote_mid;trade_last;iv_solved;prev_iv_model
2026-05-15 19:58:40+00:00,13.65,20260618,C,15.0,1.7,1.85,1.775,1.8,0.0,2937680.0,1.3685537200656208,1.7749999999999995,0.045,0.0,1.7824552024835008,quote_mid;trade_last;iv_solved;prev_iv_model
2026-05-15 19:58:40+00:00,13.65,20260618,C,20.0,0.75,0.8,0.775,0.8,0.0,2937680.0,1.4422739619876506,0.7750000000000004,0.045,0.0,0.7789263826840322,quote_mid;trade_last;iv_solved;prev_iv_model
2026-05-15 19:58:50+00:00,13.645,20260618,C,15.0,1.7,1.85,1.775,1.8,0.0,2937670.0,1.3700520488023207,1.7750000000000004,0.045,0.0,1.7725107040189316,quote_mid;trade_last;iv_solved;prev_iv_model
2026-05-15 19:58:50+00:00,13.645,20260618,C,20.0,0.75,0.8,0.775,0.8,0.0,2937670.0,1.4432416217222523,0.7749999999999986,0.045,0.0,0.7736888822577233,quote_mid;trade_last;iv_solved;prev_iv_model
2026-05-15 19:59:00+00:00,13.63,20260618,C,15.0,1.7,1.85,1.775,1.8,0.0,2937660.0,1.374542656899405,1.7749999999999995,0.045,0.0,1.7675477067196192,quote_mid;trade_last;iv_solved;prev_iv_model
2026-05-15 19:59:00+00:00,13.63,20260618,C,20.0,0.75,0.8,0.775,0.8,0.0,2937660.0,1.446141375915548,0.774999999999999,0.045,0.0,0.771077980796882,quote_mid;trade_last;iv_solved;prev_iv_model
2026-05-15 19:59:10+00:00,13.64,20260618,C,15.0,1.7,1.85,1.775,1.8,0.0,2937650.0,1.3715528183649686,1.7750000000000004,0.045,0.0,1.779965436399741,quote_mid;trade_last;iv_solved;prev_iv_model
2026-05-15 19:59:10+00:00,13.64,20260618,C,20.0,0.75,0.8,0.775,0.8,0.0,2937650.0,1.4442120615038196,0.7750000000000004,0.045,0.0,0.7776147532264241,quote_mid;trade_last;iv_solved;prev_iv_model
2026-05-15 19:59:20+00:00,13.635,20260618,C,15.0,1.7,1.85,1.775,1.8,0.0,2937640.0,1.3730512780461321,1.7750000000000004,0.045,0.0,1.772512339932999,quote_mid;trade_last;iv_solved;prev_iv_model
2026-05-15 19:59:20+00:00,13.635,20260618,C,20.0,0.75,0.8,0.775,0.8,1.0,2937640.0,1.4451803083006651,0.7749999999999999,0.045,0.0,0.7736892393621457,quote_mid;trade_last;iv_solved;prev_iv_model
2026-05-15 19:59:30+00:00,13.6402,20260618,C,15.0,1.7,1.85,1.775,1.8,0.0,2937630.0,1.371497731104712,1.7749999999999995,0.045,0.0,1.7775801105158084,quote_mid;trade_last;iv_solved;prev_iv_model
2026-05-15 19:59:30+00:00,13.6402,20260618,C,20.0,0.75,0.8,0.775,0.8,0.0,2937630.0,1.4441784121846761,0.7750000000000004,0.045,0.0,0.7763575650045338,quote_mid;trade_last;iv_solved;prev_iv_model
2026-05-15 19:59:40+00:00,13.64,20260618,C,15.0,1.7,1.85,1.775,1.8,0.0,2937620.0,1.3715599506927383,1.7749999999999995,0.045,0.0,1.7748966684191423,quote_mid;trade_last;iv_solved;prev_iv_model
2026-05-15 19:59:40+00:00,13.64,20260618,C,20.0,0.75,0.8,0.775,0.8,80.0,2937620.0,1.4442195241584552,0.7750000000000017,0.045,0.0,0.7749443083641743,quote_mid;trade_last;iv_solved;prev_iv_model
2026-05-15 19:59:50+00:00,13.645,20260618,C,15.0,1.7,1.85,1.775,1.8,0.0,2937610.0,1.3700662982919476,1.7749999999999995,0.045,0.0,1.777481509892839,quote_mid;trade_last;iv_solved;prev_iv_model
2026-05-15 19:59:50+00:00,13.645,20260618,C,20.0,0.75,0.8,0.775,0.8,0.0,2937610.0,1.4432565371703703,0.7749999999999999,0.045,0.0,0.7763053741175008,quote_mid;trade_last;iv_solved;prev_iv_model
