timestamp,symbol,sec_type,expiry,right,strike,what_to_show,open,high,low,close,volume,bar_count,wap,contract_con_id,local_symbol
2026-05-15T13:30:00+00:00,LWLG,OPT,20260618,C,15.0,TRADES,2.35,2.35,2.3,2.3,3.0,2,2.335,863931261,LWLG  260618C00015000
2026-05-15T13:30:10+00:00,LWLG,OPT,20260618,C,15.0,TRADES,2.4,2.4,2.4,2.4,1.0,1,2.4,863931261,LWLG  260618C00015000
2026-05-15T13:30:20+00:00,LWLG,OPT,20260618,C,15.0,TRADES,2.4,2.4,2.4,2.4,0.0,0,2.4,863931261,LWLG  260618C00015000
2026-05-15T13:30:30+00:00,LWLG,OPT,20260618,C,15.0,TRADES,2.4,2.4,2.4,2.4,0.0,0,2.4,863931261,LWLG  260618C00015000
2026-05-15T13:30:40+00:00,LWLG,OPT,20260618,C,15.0,TRADES,2.4,2.4,2.4,2.4,0.0,0,2.4,863931261,LWLG  260618C00015000
2026-05-15T13:30:50+00:00,LWLG,OPT,20260618,C,15.0,TRADES,2.4,2.4,2.4,2.4,0.0,0,2.4,863931261,LWLG  260618C00015000
2026-05-15T13:31:00+00:00,LWLG,OPT,20260618,C,15.0,TRADES,2.4,2.4,2.4,2.4,0.0,0,2.4,863931261,LWLG  260618C00015000
2026-05-15T13:31:10+00:00,LWLG,OPT,20260618,C,15.0,TRADES,2.4,2.4,2.4,2.4,0.0,0,2.4,863931261,LWLG  260618C00015000
2026-05-15T13:31:20+00:00,LWLG,OPT,20260618,C,15.0,TRADES,2.4,2.4,2.4,2.4,0.0,0,2.4,863931261,LWLG  260618C00015000
2026-05-15T13:31:30+00:00,LWLG,OPT,20260618,C,15.0,TRADES,2.4,2.4,2.4,2.4,0.0,0,2.4,863931261,LWLG  260618C00015000
2026-05-15T13:31:40+00:00,LWLG,OPT,20260618,C,15.0,TRADES,2.4,2.4,2.4,2.4,0.0,0,2.4,863931261,LWLG  260618C00015000
2026-05-15T13:31:50+00:00,LWLG,OPT,20260618,C,15.0,TRADES,2.4,2.4,2.4,2.4,0.0,0,2.4,863931261,LWLG  260618C00015000
2026-05-15T13:32:00+00:00,LWLG,OPT,20260618,C,15.0,TRADES,1.9,1.9,1.9,1.9,3.0,1,1.9,863931261,LWLG  260618C00015000
2026-05-15T13:32:10+00:00,LWLG,OPT,20260618,C,15.0,TRADES,1.9,1.9,1.9,1.9,0.0,0,1.9,863931261,LWLG  260618C00015000
2026-05-15T13:32:20+00:00,LWLG,OPT,20260618,C,15.0,TRADES,1.9,1.9,1.9,1.9,0.0,0,1.9,863931261,LWLG  260618C00015000
2026-05-15T13:32:30+00:00,LWLG,OPT,20260618,C,15.0,TRADES,1.9,1.9,1.9,1.9,0.0,0,1.9,863931261,LWLG  260618C00015000
2026-05-15T13:32:40+00:00,LWLG,OPT,20260618,C,15.0,TRADES,2.5,2.5,2.5,2.5,1.0,1,2.5,863931261,LWLG  260618C00015000
2026-05-15T13:32:50+00:00,LWLG,OPT,20260618,C,15.0,TRADES,2.5,2.5,2.5,2.5,0.0,0,2.5,863931261,LWLG  260618C00015000
2026-05-15T13:33:00+00:00,LWLG,OPT,20260618,C,15.0,TRADES,2.5,2.5,2.5,2.5,0.0,0,2.5,863931261,LWLG  260618C00015000
2026-05-15T13:33:10+00:00,LWLG,OPT,20260618,C,15.0,TRADES,2.5,2.5,2.5,2.5,0.0,0,2.5,863931261,LWLG  260618C00015000
2026-05-15T13:33:20+00:00,LWLG,OPT,20260618,C,15.0,TRADES,2.5,2.5,2.5,2.5,0.0,0,2.5,863931261,LWLG  260618C00015000
2026-05-15T13:33:30+00:00,LWLG,OPT,20260618,C,15.0,TRADES,2.5,2.5,2.5,2.5,0.0,0,2.5,863931261,LWLG  260618C00015000
2026-05-15T13:33:40+00:00,LWLG,OPT,20260618,C,15.0,TRADES,2.5,2.5,2.5,2.5,0.0,0,2.5,863931261,LWLG  260618C00015000
2026-05-15T13:33:50+00:00,LWLG,OPT,20260618,C,15.0,TRADES,2.5,2.5,2.5,2.5,0.0,0,2.5,863931261,LWLG  260618C00015000
2026-05-15T13:34:00+00:00,LWLG,OPT,20260618,C,15.0,TRADES,2.5,2.5,2.5,2.5,0.0,0,2.5,863931261,LWLG  260618C00015000
2026-05-15T13:34:10+00:00,LWLG,OPT,20260618,C,15.0,TRADES,2.5,2.5,2.5,2.5,0.0,0,2.5,863931261,LWLG  260618C00015000
2026-05-15T13:34:20+00:00,LWLG,OPT,20260618,C,15.0,TRADES,2.5,2.5,2.5,2.5,0.0,0,2.5,863931261,LWLG  260618C00015000
2026-05-15T13:34:30+00:00,LWLG,OPT,20260618,C,15.0,TRADES,2.5,2.5,2.5,2.5,0.0,0,2.5,863931261,LWLG  260618C00015000
2026-05-15T13:34:40+00:00,LWLG,OPT,20260618,C,15.0,TRADES,2.5,2.5,2.5,2.5,0.0,0,2.5,863931261,LWLG  260618C00015000
2026-05-15T13:34:50+00:00,LWLG,OPT,20260618,C,15.0,TRADES,2.5,2.5,2.5,2.5,0.0,0,2.5,863931261,LWLG  260618C00015000
2026-05-15T13:35:00+00:00,LWLG,OPT,20260618,C,15.0,TRADES,2.5,2.5,2.5,2.5,0.0,0,2.5,863931261,LWLG  260618C00015000
2026-05-15T13:35:10+00:00,LWLG,OPT,20260618,C,15.0,TRADES,2.2,2.25,2.2,2.2,2.0,2,2.2,863931261,LWLG  260618C00015000
2026-05-15T13:35:20+00:00,LWLG,OPT,20260618,C,15.0,TRADES,2.2,2.25,2.2,2.2,0.0,0,2.2,863931261,LWLG  260618C00015000
2026-05-15T13:35:30+00:00,LWLG,OPT,20260618,C,15.0,TRADES,2.2,2.25,2.2,2.2,0.0,0,2.2,863931261,LWLG  260618C00015000
2026-05-15T13:35:40+00:00,LWLG,OPT,20260618,C,15.0,TRADES,2.2,2.25,2.2,2.2,0.0,0,2.2,863931261,LWLG  260618C00015000
2026-05-15T13:35:50+00:00,LWLG,OPT,20260618,C,15.0,TRADES,2.25,2.25,2.2,2.25,1.0,1,2.25,863931261,LWLG  260618C00015000
2026-05-15T13:36:00+00:00,LWLG,OPT,20260618,C,15.0,TRADES,2.25,2.25,2.2,2.25,0.0,0,2.25,863931261,LWLG  260618C00015000
2026-05-15T13:36:10+00:00,LWLG,OPT,20260618,C,15.0,TRADES,2.25,2.25,2.2,2.25,0.0,0,2.25,863931261,LWLG  260618C00015000
2026-05-15T13:36:20+00:00,LWLG,OPT,20260618,C,15.0,TRADES,2.25,2.25,2.2,2.25,0.0,0,2.25,863931261,LWLG  260618C00015000
2026-05-15T13:36:30+00:00,LWLG,OPT,20260618,C,15.0,TRADES,2.25,2.25,2.2,2.25,0.0,0,2.25,863931261,LWLG  260618C00015000
2026-05-15T13:36:40+00:00,LWLG,OPT,20260618,C,15.0,TRADES,2.25,2.25,2.2,2.25,0.0,0,2.25,863931261,LWLG  260618C00015000
2026-05-15T13:36:50+00:00,LWLG,OPT,20260618,C,15.0,TRADES,2.25,2.25,2.2,2.25,0.0,0,2.25,863931261,LWLG  260618C00015000
2026-05-15T13:37:00+00:00,LWLG,OPT,20260618,C,15.0,TRADES,2.2,2.2,2.2,2.2,1.0,1,2.2,863931261,LWLG  260618C00015000
2026-05-15T13:37:10+00:00,LWLG,OPT,20260618,C,15.0,TRADES,2.45,2.45,2.45,2.45,1.0,1,2.45,863931261,LWLG  260618C00015000
2026-05-15T13:37:20+00:00,LWLG,OPT,20260618,C,15.0,TRADES,2.45,2.45,2.45,2.45,0.0,0,2.45,863931261,LWLG  260618C00015000
2026-05-15T13:37:30+00:00,LWLG,OPT,20260618,C,15.0,TRADES,2.45,2.45,2.45,2.45,0.0,0,2.45,863931261,LWLG  260618C00015000
2026-05-15T13:37:40+00:00,LWLG,OPT,20260618,C,15.0,TRADES,2.45,2.45,2.45,2.45,0.0,0,2.45,863931261,LWLG  260618C00015000
2026-05-15T13:37:50+00:00,LWLG,OPT,20260618,C,15.0,TRADES,2.45,2.45,2.45,2.45,0.0,0,2.45,863931261,LWLG  260618C00015000
2026-05-15T13:38:00+00:00,LWLG,OPT,20260618,C,15.0,TRADES,2.45,2.45,2.45,2.45,0.0,0,2.45,863931261,LWLG  260618C00015000
2026-05-15T13:38:10+00:00,LWLG,OPT,20260618,C,15.0,TRADES,2.45,2.45,2.45,2.45,0.0,0,2.45,863931261,LWLG  260618C00015000
2026-05-15T13:38:20+00:00,LWLG,OPT,20260618,C,15.0,TRADES,2.45,2.45,2.45,2.45,0.0,0,2.45,863931261,LWLG  260618C00015000
2026-05-15T13:38:30+00:00,LWLG,OPT,20260618,C,15.0,TRADES,2.45,2.45,2.45,2.45,0.0,0,2.45,863931261,LWLG  260618C00015000
2026-05-15T13:38:40+00:00,LWLG,OPT,20260618,C,15.0,TRADES,2.45,2.45,2.45,2.45,0.0,0,2.45,863931261,LWLG  260618C00015000
2026-05-15T13:38:50+00:00,LWLG,OPT,20260618,C,15.0,TRADES,2.45,2.45,2.45,2.45,0.0,0,2.45,863931261,LWLG  260618C00015000
2026-05-15T13:39:00+00:00,LWLG,OPT,20260618,C,15.0,TRADES,2.15,2.15,2.15,2.15,1.0,1,2.15,863931261,LWLG  260618C00015000
2026-05-15T13:39:10+00:00,LWLG,OPT,20260618,C,15.0,TRADES,2.15,2.15,2.15,2.15,0.0,0,2.15,863931261,LWLG  260618C00015000
2026-05-15T13:39:20+00:00,LWLG,OPT,20260618,C,15.0,TRADES,2.15,2.15,2.15,2.15,0.0,0,2.15,863931261,LWLG  260618C00015000
2026-05-15T13:39:30+00:00,LWLG,OPT,20260618,C,15.0,TRADES,2.15,2.15,2.15,2.15,0.0,0,2.15,863931261,LWLG  260618C00015000
2026-05-15T13:39:40+00:00,LWLG,OPT,20260618,C,15.0,TRADES,2.25,2.3,2.15,2.15,2.0,2,2.2,863931261,LWLG  260618C00015000
2026-05-15T13:39:50+00:00,LWLG,OPT,20260618,C,15.0,TRADES,2.15,2.15,2.15,2.15,0.0,0,2.15,863931261,LWLG  260618C00015000
2026-05-15T13:40:00+00:00,LWLG,OPT,20260618,C,15.0,TRADES,2.15,2.15,2.15,2.15,0.0,0,2.15,863931261,LWLG  260618C00015000
2026-05-15T13:40:10+00:00,LWLG,OPT,20260618,C,15.0,TRADES,2.15,2.15,2.15,2.15,0.0,0,2.15,863931261,LWLG  260618C00015000
2026-05-15T13:40:20+00:00,LWLG,OPT,20260618,C,15.0,TRADES,2.15,2.15,2.15,2.15,0.0,0,2.15,863931261,LWLG  260618C00015000
2026-05-15T13:40:30+00:00,LWLG,OPT,20260618,C,15.0,TRADES,2.2,2.2,2.2,2.2,2.0,1,2.2,863931261,LWLG  260618C00015000
2026-05-15T13:40:40+00:00,LWLG,OPT,20260618,C,15.0,TRADES,2.2,2.2,2.2,2.2,0.0,0,2.2,863931261,LWLG  260618C00015000
2026-05-15T13:40:50+00:00,LWLG,OPT,20260618,C,15.0,TRADES,2.2,2.2,2.2,2.2,0.0,0,2.2,863931261,LWLG  260618C00015000
2026-05-15T13:41:00+00:00,LWLG,OPT,20260618,C,15.0,TRADES,2.2,2.2,2.2,2.2,0.0,0,2.2,863931261,LWLG  260618C00015000
2026-05-15T13:41:10+00:00,LWLG,OPT,20260618,C,15.0,TRADES,2.2,2.2,2.2,2.2,0.0,0,2.2,863931261,LWLG  260618C00015000
2026-05-15T13:41:20+00:00,LWLG,OPT,20260618,C,15.0,TRADES,2.2,2.2,2.2,2.2,0.0,0,2.2,863931261,LWLG  260618C00015000
2026-05-15T13:41:30+00:00,LWLG,OPT,20260618,C,15.0,TRADES,2.2,2.2,2.2,2.2,0.0,0,2.2,863931261,LWLG  260618C00015000
2026-05-15T13:41:40+00:00,LWLG,OPT,20260618,C,15.0,TRADES,2.2,2.2,2.2,2.2,0.0,0,2.2,863931261,LWLG  260618C00015000
2026-05-15T13:41:50+00:00,LWLG,OPT,20260618,C,15.0,TRADES,2.2,2.2,2.2,2.2,0.0,0,2.2,863931261,LWLG  260618C00015000
2026-05-15T13:42:00+00:00,LWLG,OPT,20260618,C,15.0,TRADES,2.2,2.2,2.2,2.2,0.0,0,2.2,863931261,LWLG  260618C00015000
2026-05-15T13:42:10+00:00,LWLG,OPT,20260618,C,15.0,TRADES,2.25,2.25,2.2,2.25,7.0,1,2.245,863931261,LWLG  260618C00015000
2026-05-15T13:42:20+00:00,LWLG,OPT,20260618,C,15.0,TRADES,2.25,2.25,2.2,2.25,0.0,0,2.25,863931261,LWLG  260618C00015000
2026-05-15T13:42:30+00:00,LWLG,OPT,20260618,C,15.0,TRADES,2.25,2.25,2.2,2.25,0.0,0,2.25,863931261,LWLG  260618C00015000
2026-05-15T13:42:40+00:00,LWLG,OPT,20260618,C,15.0,TRADES,2.25,2.25,2.2,2.25,2.0,1,2.225,863931261,LWLG  260618C00015000
2026-05-15T13:42:50+00:00,LWLG,OPT,20260618,C,15.0,TRADES,2.25,2.25,2.2,2.25,0.0,0,2.25,863931261,LWLG  260618C00015000
2026-05-15T13:43:00+00:00,LWLG,OPT,20260618,C,15.0,TRADES,2.25,2.25,2.2,2.25,0.0,0,2.25,863931261,LWLG  260618C00015000
2026-05-15T13:43:10+00:00,LWLG,OPT,20260618,C,15.0,TRADES,2.25,2.25,2.2,2.25,0.0,0,2.25,863931261,LWLG  260618C00015000
2026-05-15T13:43:20+00:00,LWLG,OPT,20260618,C,15.0,TRADES,2.25,2.25,2.2,2.25,0.0,0,2.25,863931261,LWLG  260618C00015000
2026-05-15T13:43:30+00:00,LWLG,OPT,20260618,C,15.0,TRADES,2.25,2.25,2.2,2.25,0.0,0,2.25,863931261,LWLG  260618C00015000
2026-05-15T13:43:40+00:00,LWLG,OPT,20260618,C,15.0,TRADES,2.2,2.25,2.2,2.2,1.0,1,2.2,863931261,LWLG  260618C00015000
2026-05-15T13:43:50+00:00,LWLG,OPT,20260618,C,15.0,TRADES,2.2,2.25,2.2,2.2,0.0,0,2.2,863931261,LWLG  260618C00015000
2026-05-15T13:44:00+00:00,LWLG,OPT,20260618,C,15.0,TRADES,2.2,2.25,2.2,2.2,0.0,0,2.2,863931261,LWLG  260618C00015000
2026-05-15T13:44:10+00:00,LWLG,OPT,20260618,C,15.0,TRADES,2.2,2.25,2.2,2.2,0.0,0,2.2,863931261,LWLG  260618C00015000
2026-05-15T13:44:20+00:00,LWLG,OPT,20260618,C,15.0,TRADES,2.2,2.25,2.2,2.2,0.0,0,2.2,863931261,LWLG  260618C00015000
2026-05-15T13:44:30+00:00,LWLG,OPT,20260618,C,15.0,TRADES,2.2,2.25,2.2,2.2,0.0,0,2.2,863931261,LWLG  260618C00015000
2026-05-15T13:44:40+00:00,LWLG,OPT,20260618,C,15.0,TRADES,2.2,2.25,2.2,2.2,0.0,0,2.2,863931261,LWLG  260618C00015000
2026-05-15T13:44:50+00:00,LWLG,OPT,20260618,C,15.0,TRADES,2.2,2.25,2.2,2.2,0.0,0,2.2,863931261,LWLG  260618C00015000
2026-05-15T13:45:00+00:00,LWLG,OPT,20260618,C,15.0,TRADES,2.15,2.15,2.1,2.1,5.0,4,2.12,863931261,LWLG  260618C00015000
2026-05-15T13:45:10+00:00,LWLG,OPT,20260618,C,15.0,TRADES,2.1,2.1,2.1,2.1,0.0,0,2.1,863931261,LWLG  260618C00015000
2026-05-15T13:45:20+00:00,LWLG,OPT,20260618,C,15.0,TRADES,2.1,2.1,2.1,2.1,0.0,0,2.1,863931261,LWLG  260618C00015000
2026-05-15T13:45:30+00:00,LWLG,OPT,20260618,C,15.0,TRADES,2.1,2.1,2.1,2.1,0.0,0,2.1,863931261,LWLG  260618C00015000
2026-05-15T13:45:40+00:00,LWLG,OPT,20260618,C,15.0,TRADES,2.1,2.1,2.1,2.1,0.0,0,2.1,863931261,LWLG  260618C00015000
2026-05-15T13:45:50+00:00,LWLG,OPT,20260618,C,15.0,TRADES,2.0,2.0,2.0,2.0,1.0,1,2.0,863931261,LWLG  260618C00015000
2026-05-15T13:46:00+00:00,LWLG,OPT,20260618,C,15.0,TRADES,2.0,2.0,2.0,2.0,0.0,0,2.0,863931261,LWLG  260618C00015000
2026-05-15T13:46:10+00:00,LWLG,OPT,20260618,C,15.0,TRADES,2.0,2.0,2.0,2.0,0.0,0,2.0,863931261,LWLG  260618C00015000
2026-05-15T13:46:20+00:00,LWLG,OPT,20260618,C,15.0,TRADES,2.0,2.0,2.0,2.0,0.0,0,2.0,863931261,LWLG  260618C00015000
2026-05-15T13:46:30+00:00,LWLG,OPT,20260618,C,15.0,TRADES,2.0,2.0,2.0,2.0,0.0,0,2.0,863931261,LWLG  260618C00015000
2026-05-15T13:46:40+00:00,LWLG,OPT,20260618,C,15.0,TRADES,2.0,2.0,1.95,2.0,7.0,1,1.995,863931261,LWLG  260618C00015000
2026-05-15T13:46:50+00:00,LWLG,OPT,20260618,C,15.0,TRADES,2.0,2.0,1.95,2.0,0.0,0,2.0,863931261,LWLG  260618C00015000
2026-05-15T13:47:00+00:00,LWLG,OPT,20260618,C,15.0,TRADES,2.0,2.0,1.95,2.0,0.0,0,2.0,863931261,LWLG  260618C00015000
2026-05-15T13:47:10+00:00,LWLG,OPT,20260618,C,15.0,TRADES,2.0,2.0,2.0,2.0,1.0,1,2.0,863931261,LWLG  260618C00015000
2026-05-15T13:47:20+00:00,LWLG,OPT,20260618,C,15.0,TRADES,2.0,2.0,2.0,2.0,0.0,0,2.0,863931261,LWLG  260618C00015000
2026-05-15T13:47:30+00:00,LWLG,OPT,20260618,C,15.0,TRADES,2.0,2.0,2.0,2.0,0.0,0,2.0,863931261,LWLG  260618C00015000
2026-05-15T13:47:40+00:00,LWLG,OPT,20260618,C,15.0,TRADES,2.0,2.0,2.0,2.0,0.0,0,2.0,863931261,LWLG  260618C00015000
2026-05-15T13:47:50+00:00,LWLG,OPT,20260618,C,15.0,TRADES,2.0,2.0,2.0,2.0,0.0,0,2.0,863931261,LWLG  260618C00015000
2026-05-15T13:48:00+00:00,LWLG,OPT,20260618,C,15.0,TRADES,2.0,2.0,2.0,2.0,0.0,0,2.0,863931261,LWLG  260618C00015000
2026-05-15T13:48:10+00:00,LWLG,OPT,20260618,C,15.0,TRADES,2.0,2.0,2.0,2.0,0.0,0,2.0,863931261,LWLG  260618C00015000
2026-05-15T13:48:20+00:00,LWLG,OPT,20260618,C,15.0,TRADES,2.1,2.15,2.1,2.1,1.0,1,2.1,863931261,LWLG  260618C00015000
2026-05-15T13:48:30+00:00,LWLG,OPT,20260618,C,15.0,TRADES,2.1,2.1,2.1,2.1,5.0,1,2.1,863931261,LWLG  260618C00015000
2026-05-15T13:48:40+00:00,LWLG,OPT,20260618,C,15.0,TRADES,2.1,2.1,2.05,2.1,1.0,1,2.1,863931261,LWLG  260618C00015000
2026-05-15T13:48:50+00:00,LWLG,OPT,20260618,C,15.0,TRADES,2.1,2.1,2.05,2.1,0.0,0,2.1,863931261,LWLG  260618C00015000
2026-05-15T13:49:00+00:00,LWLG,OPT,20260618,C,15.0,TRADES,2.1,2.1,2.05,2.1,0.0,0,2.1,863931261,LWLG  260618C00015000
2026-05-15T13:49:10+00:00,LWLG,OPT,20260618,C,15.0,TRADES,2.1,2.1,2.05,2.1,0.0,0,2.1,863931261,LWLG  260618C00015000
2026-05-15T13:49:20+00:00,LWLG,OPT,20260618,C,15.0,TRADES,2.1,2.1,2.05,2.1,0.0,0,2.1,863931261,LWLG  260618C00015000
2026-05-15T13:49:30+00:00,LWLG,OPT,20260618,C,15.0,TRADES,2.15,2.15,2.15,2.15,1.0,1,2.15,863931261,LWLG  260618C00015000
2026-05-15T13:49:40+00:00,LWLG,OPT,20260618,C,15.0,TRADES,2.15,2.15,2.15,2.15,0.0,0,2.15,863931261,LWLG  260618C00015000
2026-05-15T13:49:50+00:00,LWLG,OPT,20260618,C,15.0,TRADES,2.15,2.15,2.15,2.15,0.0,0,2.15,863931261,LWLG  260618C00015000
2026-05-15T13:50:00+00:00,LWLG,OPT,20260618,C,15.0,TRADES,2.15,2.15,2.15,2.15,0.0,0,2.15,863931261,LWLG  260618C00015000
2026-05-15T13:50:10+00:00,LWLG,OPT,20260618,C,15.0,TRADES,2.15,2.15,2.15,2.15,0.0,0,2.15,863931261,LWLG  260618C00015000
2026-05-15T13:50:20+00:00,LWLG,OPT,20260618,C,15.0,TRADES,2.15,2.15,2.15,2.15,0.0,0,2.15,863931261,LWLG  260618C00015000
2026-05-15T13:50:30+00:00,LWLG,OPT,20260618,C,15.0,TRADES,2.1,2.1,2.1,2.1,1.0,1,2.1,863931261,LWLG  260618C00015000
2026-05-15T13:50:40+00:00,LWLG,OPT,20260618,C,15.0,TRADES,2.1,2.1,2.1,2.1,0.0,0,2.1,863931261,LWLG  260618C00015000
2026-05-15T13:50:50+00:00,LWLG,OPT,20260618,C,15.0,TRADES,2.1,2.1,2.1,2.1,0.0,0,2.1,863931261,LWLG  260618C00015000
2026-05-15T13:51:00+00:00,LWLG,OPT,20260618,C,15.0,TRADES,2.1,2.1,2.1,2.1,0.0,0,2.1,863931261,LWLG  260618C00015000
2026-05-15T13:51:10+00:00,LWLG,OPT,20260618,C,15.0,TRADES,2.1,2.1,2.1,2.1,0.0,0,2.1,863931261,LWLG  260618C00015000
2026-05-15T13:51:20+00:00,LWLG,OPT,20260618,C,15.0,TRADES,2.1,2.1,2.1,2.1,0.0,0,2.1,863931261,LWLG  260618C00015000
2026-05-15T13:51:30+00:00,LWLG,OPT,20260618,C,15.0,TRADES,2.1,2.1,2.1,2.1,0.0,0,2.1,863931261,LWLG  260618C00015000
2026-05-15T13:51:40+00:00,LWLG,OPT,20260618,C,15.0,TRADES,2.1,2.1,2.1,2.1,0.0,0,2.1,863931261,LWLG  260618C00015000
2026-05-15T13:51:50+00:00,LWLG,OPT,20260618,C,15.0,TRADES,2.1,2.1,2.1,2.1,0.0,0,2.1,863931261,LWLG  260618C00015000
2026-05-15T13:52:00+00:00,LWLG,OPT,20260618,C,15.0,TRADES,2.1,2.1,2.1,2.1,0.0,0,2.1,863931261,LWLG  260618C00015000
2026-05-15T13:52:10+00:00,LWLG,OPT,20260618,C,15.0,TRADES,2.1,2.1,2.1,2.1,0.0,0,2.1,863931261,LWLG  260618C00015000
2026-05-15T13:52:20+00:00,LWLG,OPT,20260618,C,15.0,TRADES,2.1,2.1,2.1,2.1,0.0,0,2.1,863931261,LWLG  260618C00015000
2026-05-15T13:52:30+00:00,LWLG,OPT,20260618,C,15.0,TRADES,2.05,2.1,2.05,2.1,11.0,5,2.065,863931261,LWLG  260618C00015000
2026-05-15T13:52:40+00:00,LWLG,OPT,20260618,C,15.0,TRADES,2.1,2.1,2.1,2.1,0.0,0,2.1,863931261,LWLG  260618C00015000
2026-05-15T13:52:50+00:00,LWLG,OPT,20260618,C,15.0,TRADES,2.1,2.1,2.1,2.1,0.0,0,2.1,863931261,LWLG  260618C00015000
2026-05-15T13:53:00+00:00,LWLG,OPT,20260618,C,15.0,TRADES,2.1,2.1,2.1,2.1,0.0,0,2.1,863931261,LWLG  260618C00015000
2026-05-15T13:53:10+00:00,LWLG,OPT,20260618,C,15.0,TRADES,2.1,2.1,2.1,2.1,0.0,0,2.1,863931261,LWLG  260618C00015000
2026-05-15T13:53:20+00:00,LWLG,OPT,20260618,C,15.0,TRADES,2.1,2.1,2.1,2.1,0.0,0,2.1,863931261,LWLG  260618C00015000
2026-05-15T13:53:30+00:00,LWLG,OPT,20260618,C,15.0,TRADES,2.1,2.1,2.1,2.1,0.0,0,2.1,863931261,LWLG  260618C00015000
2026-05-15T13:53:40+00:00,LWLG,OPT,20260618,C,15.0,TRADES,2.1,2.1,2.1,2.1,0.0,0,2.1,863931261,LWLG  260618C00015000
2026-05-15T13:53:50+00:00,LWLG,OPT,20260618,C,15.0,TRADES,2.1,2.1,2.1,2.1,0.0,0,2.1,863931261,LWLG  260618C00015000
2026-05-15T13:54:00+00:00,LWLG,OPT,20260618,C,15.0,TRADES,2.1,2.1,2.1,2.1,0.0,0,2.1,863931261,LWLG  260618C00015000
2026-05-15T13:54:10+00:00,LWLG,OPT,20260618,C,15.0,TRADES,2.1,2.1,2.1,2.1,0.0,0,2.1,863931261,LWLG  260618C00015000
2026-05-15T13:54:20+00:00,LWLG,OPT,20260618,C,15.0,TRADES,2.1,2.1,2.1,2.1,0.0,0,2.1,863931261,LWLG  260618C00015000
2026-05-15T13:54:30+00:00,LWLG,OPT,20260618,C,15.0,TRADES,2.1,2.1,2.1,2.1,0.0,0,2.1,863931261,LWLG  260618C00015000
2026-05-15T13:54:40+00:00,LWLG,OPT,20260618,C,15.0,TRADES,2.1,2.1,2.1,2.1,0.0,0,2.1,863931261,LWLG  260618C00015000
2026-05-15T13:54:50+00:00,LWLG,OPT,20260618,C,15.0,TRADES,2.1,2.1,2.1,2.1,0.0,0,2.1,863931261,LWLG  260618C00015000
2026-05-15T13:55:00+00:00,LWLG,OPT,20260618,C,15.0,TRADES,2.15,2.15,2.15,2.15,2.0,1,2.15,863931261,LWLG  260618C00015000
2026-05-15T13:55:10+00:00,LWLG,OPT,20260618,C,15.0,TRADES,2.15,2.15,2.15,2.15,0.0,0,2.15,863931261,LWLG  260618C00015000
2026-05-15T13:55:20+00:00,LWLG,OPT,20260618,C,15.0,TRADES,2.15,2.15,2.15,2.15,0.0,0,2.15,863931261,LWLG  260618C00015000
2026-05-15T13:55:30+00:00,LWLG,OPT,20260618,C,15.0,TRADES,2.15,2.15,2.15,2.15,0.0,0,2.15,863931261,LWLG  260618C00015000
2026-05-15T13:55:40+00:00,LWLG,OPT,20260618,C,15.0,TRADES,2.15,2.15,2.15,2.15,0.0,0,2.15,863931261,LWLG  260618C00015000
2026-05-15T13:55:50+00:00,LWLG,OPT,20260618,C,15.0,TRADES,2.15,2.15,2.15,2.15,0.0,0,2.15,863931261,LWLG  260618C00015000
2026-05-15T13:56:00+00:00,LWLG,OPT,20260618,C,15.0,TRADES,2.15,2.2,2.15,2.15,5.0,1,2.17,863931261,LWLG  260618C00015000
2026-05-15T13:56:10+00:00,LWLG,OPT,20260618,C,15.0,TRADES,2.15,2.2,2.15,2.15,0.0,0,2.15,863931261,LWLG  260618C00015000
2026-05-15T13:56:20+00:00,LWLG,OPT,20260618,C,15.0,TRADES,2.15,2.2,2.15,2.15,0.0,0,2.15,863931261,LWLG  260618C00015000
2026-05-15T13:56:30+00:00,LWLG,OPT,20260618,C,15.0,TRADES,2.1,2.1,2.1,2.1,3.0,1,2.1,863931261,LWLG  260618C00015000
2026-05-15T13:56:40+00:00,LWLG,OPT,20260618,C,15.0,TRADES,2.1,2.1,2.1,2.1,0.0,0,2.1,863931261,LWLG  260618C00015000
2026-05-15T13:56:50+00:00,LWLG,OPT,20260618,C,15.0,TRADES,2.1,2.1,2.1,2.1,0.0,0,2.1,863931261,LWLG  260618C00015000
2026-05-15T13:57:00+00:00,LWLG,OPT,20260618,C,15.0,TRADES,2.1,2.1,2.1,2.1,0.0,0,2.1,863931261,LWLG  260618C00015000
2026-05-15T13:57:10+00:00,LWLG,OPT,20260618,C,15.0,TRADES,2.1,2.1,2.1,2.1,0.0,0,2.1,863931261,LWLG  260618C00015000
2026-05-15T13:57:20+00:00,LWLG,OPT,20260618,C,15.0,TRADES,2.1,2.1,2.1,2.1,0.0,0,2.1,863931261,LWLG  260618C00015000
2026-05-15T13:57:30+00:00,LWLG,OPT,20260618,C,15.0,TRADES,2.1,2.1,2.1,2.1,0.0,0,2.1,863931261,LWLG  260618C00015000
2026-05-15T13:57:40+00:00,LWLG,OPT,20260618,C,15.0,TRADES,2.1,2.1,2.1,2.1,0.0,0,2.1,863931261,LWLG  260618C00015000
2026-05-15T13:57:50+00:00,LWLG,OPT,20260618,C,15.0,TRADES,2.1,2.1,2.1,2.1,0.0,0,2.1,863931261,LWLG  260618C00015000
2026-05-15T13:58:00+00:00,LWLG,OPT,20260618,C,15.0,TRADES,2.1,2.1,2.1,2.1,0.0,0,2.1,863931261,LWLG  260618C00015000
2026-05-15T13:58:10+00:00,LWLG,OPT,20260618,C,15.0,TRADES,2.1,2.1,2.1,2.1,0.0,0,2.1,863931261,LWLG  260618C00015000
2026-05-15T13:58:20+00:00,LWLG,OPT,20260618,C,15.0,TRADES,2.1,2.1,2.1,2.1,0.0,0,2.1,863931261,LWLG  260618C00015000
2026-05-15T13:58:30+00:00,LWLG,OPT,20260618,C,15.0,TRADES,2.1,2.1,2.1,2.1,0.0,0,2.1,863931261,LWLG  260618C00015000
2026-05-15T13:58:40+00:00,LWLG,OPT,20260618,C,15.0,TRADES,2.1,2.1,2.1,2.1,0.0,0,2.1,863931261,LWLG  260618C00015000
2026-05-15T13:58:50+00:00,LWLG,OPT,20260618,C,15.0,TRADES,2.1,2.1,2.1,2.1,0.0,0,2.1,863931261,LWLG  260618C00015000
2026-05-15T13:59:00+00:00,LWLG,OPT,20260618,C,15.0,TRADES,2.1,2.1,2.1,2.1,0.0,0,2.1,863931261,LWLG  260618C00015000
2026-05-15T13:59:10+00:00,LWLG,OPT,20260618,C,15.0,TRADES,2.1,2.1,2.1,2.1,0.0,0,2.1,863931261,LWLG  260618C00015000
2026-05-15T13:59:20+00:00,LWLG,OPT,20260618,C,15.0,TRADES,2.1,2.1,2.1,2.1,0.0,0,2.1,863931261,LWLG  260618C00015000
2026-05-15T13:59:30+00:00,LWLG,OPT,20260618,C,15.0,TRADES,2.1,2.1,2.1,2.1,0.0,0,2.1,863931261,LWLG  260618C00015000
2026-05-15T13:59:40+00:00,LWLG,OPT,20260618,C,15.0,TRADES,2.1,2.1,2.1,2.1,0.0,0,2.1,863931261,LWLG  260618C00015000
2026-05-15T13:59:50+00:00,LWLG,OPT,20260618,C,15.0,TRADES,2.1,2.1,2.1,2.1,0.0,0,2.1,863931261,LWLG  260618C00015000
2026-05-15T14:00:00+00:00,LWLG,OPT,20260618,C,15.0,TRADES,2.1,2.1,2.1,2.1,0.0,0,2.1,863931261,LWLG  260618C00015000
2026-05-15T14:00:10+00:00,LWLG,OPT,20260618,C,15.0,TRADES,2.1,2.1,2.1,2.1,0.0,0,2.1,863931261,LWLG  260618C00015000
2026-05-15T14:00:20+00:00,LWLG,OPT,20260618,C,15.0,TRADES,2.1,2.1,2.1,2.1,0.0,0,2.1,863931261,LWLG  260618C00015000
2026-05-15T14:00:30+00:00,LWLG,OPT,20260618,C,15.0,TRADES,2.1,2.1,2.1,2.1,0.0,0,2.1,863931261,LWLG  260618C00015000
2026-05-15T14:00:40+00:00,LWLG,OPT,20260618,C,15.0,TRADES,2.1,2.1,2.1,2.1,0.0,0,2.1,863931261,LWLG  260618C00015000
2026-05-15T14:00:50+00:00,LWLG,OPT,20260618,C,15.0,TRADES,2.1,2.1,2.1,2.1,0.0,0,2.1,863931261,LWLG  260618C00015000
2026-05-15T14:01:00+00:00,LWLG,OPT,20260618,C,15.0,TRADES,2.1,2.1,2.1,2.1,0.0,0,2.1,863931261,LWLG  260618C00015000
2026-05-15T14:01:10+00:00,LWLG,OPT,20260618,C,15.0,TRADES,2.1,2.1,2.1,2.1,0.0,0,2.1,863931261,LWLG  260618C00015000
2026-05-15T14:01:20+00:00,LWLG,OPT,20260618,C,15.0,TRADES,1.95,1.95,1.95,1.95,3.0,2,1.95,863931261,LWLG  260618C00015000
2026-05-15T14:01:30+00:00,LWLG,OPT,20260618,C,15.0,TRADES,2.0,2.0,2.0,2.0,1.0,1,2.0,863931261,LWLG  260618C00015000
2026-05-15T14:01:40+00:00,LWLG,OPT,20260618,C,15.0,TRADES,2.0,2.0,2.0,2.0,0.0,0,2.0,863931261,LWLG  260618C00015000
2026-05-15T14:01:50+00:00,LWLG,OPT,20260618,C,15.0,TRADES,2.0,2.0,2.0,2.0,0.0,0,2.0,863931261,LWLG  260618C00015000
2026-05-15T14:02:00+00:00,LWLG,OPT,20260618,C,15.0,TRADES,1.95,1.95,1.95,1.95,1.0,1,1.95,863931261,LWLG  260618C00015000
2026-05-15T14:02:10+00:00,LWLG,OPT,20260618,C,15.0,TRADES,1.95,1.95,1.95,1.95,0.0,0,1.95,863931261,LWLG  260618C00015000
2026-05-15T14:02:20+00:00,LWLG,OPT,20260618,C,15.0,TRADES,1.95,1.95,1.95,1.95,0.0,0,1.95,863931261,LWLG  260618C00015000
2026-05-15T14:02:30+00:00,LWLG,OPT,20260618,C,15.0,TRADES,1.95,1.95,1.95,1.95,0.0,0,1.95,863931261,LWLG  260618C00015000
2026-05-15T14:02:40+00:00,LWLG,OPT,20260618,C,15.0,TRADES,1.95,1.95,1.95,1.95,0.0,0,1.95,863931261,LWLG  260618C00015000
2026-05-15T14:02:50+00:00,LWLG,OPT,20260618,C,15.0,TRADES,1.95,1.95,1.95,1.95,0.0,0,1.95,863931261,LWLG  260618C00015000
2026-05-15T14:03:00+00:00,LWLG,OPT,20260618,C,15.0,TRADES,1.95,1.95,1.95,1.95,0.0,0,1.95,863931261,LWLG  260618C00015000
2026-05-15T14:03:10+00:00,LWLG,OPT,20260618,C,15.0,TRADES,1.95,1.95,1.95,1.95,0.0,0,1.95,863931261,LWLG  260618C00015000
2026-05-15T14:03:20+00:00,LWLG,OPT,20260618,C,15.0,TRADES,1.95,1.95,1.95,1.95,0.0,0,1.95,863931261,LWLG  260618C00015000
2026-05-15T14:03:30+00:00,LWLG,OPT,20260618,C,15.0,TRADES,1.95,1.95,1.95,1.95,0.0,0,1.95,863931261,LWLG  260618C00015000
2026-05-15T14:03:40+00:00,LWLG,OPT,20260618,C,15.0,TRADES,1.95,1.95,1.95,1.95,0.0,0,1.95,863931261,LWLG  260618C00015000
2026-05-15T14:03:50+00:00,LWLG,OPT,20260618,C,15.0,TRADES,1.95,1.95,1.95,1.95,0.0,0,1.95,863931261,LWLG  260618C00015000
2026-05-15T14:04:00+00:00,LWLG,OPT,20260618,C,15.0,TRADES,1.95,1.95,1.95,1.95,0.0,0,1.95,863931261,LWLG  260618C00015000
2026-05-15T14:04:10+00:00,LWLG,OPT,20260618,C,15.0,TRADES,1.95,1.95,1.95,1.95,12.0,2,1.95,863931261,LWLG  260618C00015000
2026-05-15T14:04:20+00:00,LWLG,OPT,20260618,C,15.0,TRADES,1.95,1.95,1.95,1.95,0.0,0,1.95,863931261,LWLG  260618C00015000
2026-05-15T14:04:30+00:00,LWLG,OPT,20260618,C,15.0,TRADES,1.95,1.95,1.95,1.95,0.0,0,1.95,863931261,LWLG  260618C00015000
2026-05-15T14:04:40+00:00,LWLG,OPT,20260618,C,15.0,TRADES,2.0,2.0,2.0,2.0,1.0,1,2.0,863931261,LWLG  260618C00015000
2026-05-15T14:04:50+00:00,LWLG,OPT,20260618,C,15.0,TRADES,2.0,2.0,2.0,2.0,0.0,0,2.0,863931261,LWLG  260618C00015000
2026-05-15T14:05:00+00:00,LWLG,OPT,20260618,C,15.0,TRADES,2.0,2.0,2.0,2.0,0.0,0,2.0,863931261,LWLG  260618C00015000
2026-05-15T14:05:10+00:00,LWLG,OPT,20260618,C,15.0,TRADES,2.0,2.0,2.0,2.0,0.0,0,2.0,863931261,LWLG  260618C00015000
2026-05-15T14:05:20+00:00,LWLG,OPT,20260618,C,15.0,TRADES,2.0,2.0,2.0,2.0,0.0,0,2.0,863931261,LWLG  260618C00015000
2026-05-15T14:05:30+00:00,LWLG,OPT,20260618,C,15.0,TRADES,2.0,2.0,2.0,2.0,0.0,0,2.0,863931261,LWLG  260618C00015000
2026-05-15T14:05:40+00:00,LWLG,OPT,20260618,C,15.0,TRADES,2.0,2.0,2.0,2.0,0.0,0,2.0,863931261,LWLG  260618C00015000
2026-05-15T14:05:50+00:00,LWLG,OPT,20260618,C,15.0,TRADES,2.0,2.0,2.0,2.0,0.0,0,2.0,863931261,LWLG  260618C00015000
2026-05-15T14:06:00+00:00,LWLG,OPT,20260618,C,15.0,TRADES,2.0,2.0,2.0,2.0,0.0,0,2.0,863931261,LWLG  260618C00015000
2026-05-15T14:06:10+00:00,LWLG,OPT,20260618,C,15.0,TRADES,2.0,2.0,2.0,2.0,0.0,0,2.0,863931261,LWLG  260618C00015000
2026-05-15T14:06:20+00:00,LWLG,OPT,20260618,C,15.0,TRADES,2.0,2.0,2.0,2.0,0.0,0,2.0,863931261,LWLG  260618C00015000
2026-05-15T14:06:30+00:00,LWLG,OPT,20260618,C,15.0,TRADES,2.0,2.0,2.0,2.0,0.0,0,2.0,863931261,LWLG  260618C00015000
2026-05-15T14:06:40+00:00,LWLG,OPT,20260618,C,15.0,TRADES,2.0,2.0,2.0,2.0,0.0,0,2.0,863931261,LWLG  260618C00015000
2026-05-15T14:06:50+00:00,LWLG,OPT,20260618,C,15.0,TRADES,2.0,2.0,2.0,2.0,0.0,0,2.0,863931261,LWLG  260618C00015000
2026-05-15T14:07:00+00:00,LWLG,OPT,20260618,C,15.0,TRADES,2.0,2.0,2.0,2.0,0.0,0,2.0,863931261,LWLG  260618C00015000
2026-05-15T14:07:10+00:00,LWLG,OPT,20260618,C,15.0,TRADES,2.0,2.0,2.0,2.0,0.0,0,2.0,863931261,LWLG  260618C00015000
2026-05-15T14:07:20+00:00,LWLG,OPT,20260618,C,15.0,TRADES,2.0,2.0,2.0,2.0,0.0,0,2.0,863931261,LWLG  260618C00015000
2026-05-15T14:07:30+00:00,LWLG,OPT,20260618,C,15.0,TRADES,2.0,2.0,2.0,2.0,0.0,0,2.0,863931261,LWLG  260618C00015000
2026-05-15T14:07:40+00:00,LWLG,OPT,20260618,C,15.0,TRADES,2.0,2.0,2.0,2.0,0.0,0,2.0,863931261,LWLG  260618C00015000
2026-05-15T14:07:50+00:00,LWLG,OPT,20260618,C,15.0,TRADES,2.0,2.0,2.0,2.0,0.0,0,2.0,863931261,LWLG  260618C00015000
2026-05-15T14:08:00+00:00,LWLG,OPT,20260618,C,15.0,TRADES,2.0,2.0,2.0,2.0,0.0,0,2.0,863931261,LWLG  260618C00015000
2026-05-15T14:08:10+00:00,LWLG,OPT,20260618,C,15.0,TRADES,2.0,2.0,2.0,2.0,0.0,0,2.0,863931261,LWLG  260618C00015000
2026-05-15T14:08:20+00:00,LWLG,OPT,20260618,C,15.0,TRADES,2.0,2.0,2.0,2.0,0.0,0,2.0,863931261,LWLG  260618C00015000
2026-05-15T14:08:30+00:00,LWLG,OPT,20260618,C,15.0,TRADES,2.0,2.0,2.0,2.0,0.0,0,2.0,863931261,LWLG  260618C00015000
2026-05-15T14:08:40+00:00,LWLG,OPT,20260618,C,15.0,TRADES,2.0,2.0,2.0,2.0,0.0,0,2.0,863931261,LWLG  260618C00015000
2026-05-15T14:08:50+00:00,LWLG,OPT,20260618,C,15.0,TRADES,2.0,2.0,2.0,2.0,0.0,0,2.0,863931261,LWLG  260618C00015000
2026-05-15T14:09:00+00:00,LWLG,OPT,20260618,C,15.0,TRADES,2.0,2.0,2.0,2.0,0.0,0,2.0,863931261,LWLG  260618C00015000
2026-05-15T14:09:10+00:00,LWLG,OPT,20260618,C,15.0,TRADES,2.0,2.0,2.0,2.0,0.0,0,2.0,863931261,LWLG  260618C00015000
2026-05-15T14:09:20+00:00,LWLG,OPT,20260618,C,15.0,TRADES,2.0,2.0,2.0,2.0,0.0,0,2.0,863931261,LWLG  260618C00015000
2026-05-15T14:09:30+00:00,LWLG,OPT,20260618,C,15.0,TRADES,2.0,2.0,2.0,2.0,0.0,0,2.0,863931261,LWLG  260618C00015000
2026-05-15T14:09:40+00:00,LWLG,OPT,20260618,C,15.0,TRADES,2.0,2.0,2.0,2.0,0.0,0,2.0,863931261,LWLG  260618C00015000
2026-05-15T14:09:50+00:00,LWLG,OPT,20260618,C,15.0,TRADES,2.0,2.0,2.0,2.0,0.0,0,2.0,863931261,LWLG  260618C00015000
2026-05-15T14:10:00+00:00,LWLG,OPT,20260618,C,15.0,TRADES,2.0,2.0,2.0,2.0,0.0,0,2.0,863931261,LWLG  260618C00015000
2026-05-15T14:10:10+00:00,LWLG,OPT,20260618,C,15.0,TRADES,2.0,2.0,2.0,2.0,0.0,0,2.0,863931261,LWLG  260618C00015000
2026-05-15T14:10:20+00:00,LWLG,OPT,20260618,C,15.0,TRADES,2.0,2.0,2.0,2.0,0.0,0,2.0,863931261,LWLG  260618C00015000
2026-05-15T14:10:30+00:00,LWLG,OPT,20260618,C,15.0,TRADES,2.0,2.0,2.0,2.0,0.0,0,2.0,863931261,LWLG  260618C00015000
2026-05-15T14:10:40+00:00,LWLG,OPT,20260618,C,15.0,TRADES,2.0,2.0,2.0,2.0,0.0,0,2.0,863931261,LWLG  260618C00015000
2026-05-15T14:10:50+00:00,LWLG,OPT,20260618,C,15.0,TRADES,2.0,2.0,2.0,2.0,0.0,0,2.0,863931261,LWLG  260618C00015000
2026-05-15T14:11:00+00:00,LWLG,OPT,20260618,C,15.0,TRADES,2.0,2.0,2.0,2.0,0.0,0,2.0,863931261,LWLG  260618C00015000
2026-05-15T14:11:10+00:00,LWLG,OPT,20260618,C,15.0,TRADES,2.0,2.0,2.0,2.0,0.0,0,2.0,863931261,LWLG  260618C00015000
2026-05-15T14:11:20+00:00,LWLG,OPT,20260618,C,15.0,TRADES,2.0,2.0,2.0,2.0,0.0,0,2.0,863931261,LWLG  260618C00015000
2026-05-15T14:11:30+00:00,LWLG,OPT,20260618,C,15.0,TRADES,2.0,2.0,2.0,2.0,0.0,0,2.0,863931261,LWLG  260618C00015000
2026-05-15T14:11:40+00:00,LWLG,OPT,20260618,C,15.0,TRADES,2.05,2.05,2.0,2.05,2.0,1,2.025,863931261,LWLG  260618C00015000
2026-05-15T14:11:50+00:00,LWLG,OPT,20260618,C,15.0,TRADES,2.05,2.05,2.0,2.05,0.0,0,2.05,863931261,LWLG  260618C00015000
2026-05-15T14:12:00+00:00,LWLG,OPT,20260618,C,15.0,TRADES,2.05,2.05,2.0,2.05,0.0,0,2.05,863931261,LWLG  260618C00015000
2026-05-15T14:12:10+00:00,LWLG,OPT,20260618,C,15.0,TRADES,2.05,2.05,2.0,2.05,0.0,0,2.05,863931261,LWLG  260618C00015000
2026-05-15T14:12:20+00:00,LWLG,OPT,20260618,C,15.0,TRADES,2.05,2.05,2.0,2.05,0.0,0,2.05,863931261,LWLG  260618C00015000
2026-05-15T14:12:30+00:00,LWLG,OPT,20260618,C,15.0,TRADES,2.05,2.05,2.0,2.05,0.0,0,2.05,863931261,LWLG  260618C00015000
2026-05-15T14:12:40+00:00,LWLG,OPT,20260618,C,15.0,TRADES,2.05,2.05,2.0,2.05,0.0,0,2.05,863931261,LWLG  260618C00015000
2026-05-15T14:12:50+00:00,LWLG,OPT,20260618,C,15.0,TRADES,2.05,2.05,2.0,2.05,0.0,0,2.05,863931261,LWLG  260618C00015000
2026-05-15T14:13:00+00:00,LWLG,OPT,20260618,C,15.0,TRADES,2.05,2.05,2.0,2.05,0.0,0,2.05,863931261,LWLG  260618C00015000
2026-05-15T14:13:10+00:00,LWLG,OPT,20260618,C,15.0,TRADES,2.05,2.05,2.0,2.05,0.0,0,2.05,863931261,LWLG  260618C00015000
2026-05-15T14:13:20+00:00,LWLG,OPT,20260618,C,15.0,TRADES,2.05,2.05,2.0,2.05,0.0,0,2.05,863931261,LWLG  260618C00015000
2026-05-15T14:13:30+00:00,LWLG,OPT,20260618,C,15.0,TRADES,2.05,2.05,2.0,2.05,0.0,0,2.05,863931261,LWLG  260618C00015000
2026-05-15T14:13:40+00:00,LWLG,OPT,20260618,C,15.0,TRADES,2.05,2.05,2.0,2.05,0.0,0,2.05,863931261,LWLG  260618C00015000
2026-05-15T14:13:50+00:00,LWLG,OPT,20260618,C,15.0,TRADES,2.05,2.05,2.0,2.05,0.0,0,2.05,863931261,LWLG  260618C00015000
2026-05-15T14:14:00+00:00,LWLG,OPT,20260618,C,15.0,TRADES,2.05,2.05,2.0,2.05,0.0,0,2.05,863931261,LWLG  260618C00015000
2026-05-15T14:14:10+00:00,LWLG,OPT,20260618,C,15.0,TRADES,2.05,2.05,2.0,2.05,0.0,0,2.05,863931261,LWLG  260618C00015000
2026-05-15T14:14:20+00:00,LWLG,OPT,20260618,C,15.0,TRADES,2.05,2.05,2.0,2.05,0.0,0,2.05,863931261,LWLG  260618C00015000
2026-05-15T14:14:30+00:00,LWLG,OPT,20260618,C,15.0,TRADES,2.05,2.05,2.0,2.05,0.0,0,2.05,863931261,LWLG  260618C00015000
2026-05-15T14:14:40+00:00,LWLG,OPT,20260618,C,15.0,TRADES,2.05,2.05,2.0,2.05,0.0,0,2.05,863931261,LWLG  260618C00015000
2026-05-15T14:14:50+00:00,LWLG,OPT,20260618,C,15.0,TRADES,2.05,2.05,2.0,2.05,0.0,0,2.05,863931261,LWLG  260618C00015000
2026-05-15T14:15:00+00:00,LWLG,OPT,20260618,C,15.0,TRADES,2.05,2.05,2.0,2.05,0.0,0,2.05,863931261,LWLG  260618C00015000
2026-05-15T14:15:10+00:00,LWLG,OPT,20260618,C,15.0,TRADES,2.05,2.05,2.0,2.05,0.0,0,2.05,863931261,LWLG  260618C00015000
2026-05-15T14:15:20+00:00,LWLG,OPT,20260618,C,15.0,TRADES,2.05,2.05,2.0,2.05,0.0,0,2.05,863931261,LWLG  260618C00015000
2026-05-15T14:15:30+00:00,LWLG,OPT,20260618,C,15.0,TRADES,2.05,2.05,2.0,2.05,0.0,0,2.05,863931261,LWLG  260618C00015000
2026-05-15T14:15:40+00:00,LWLG,OPT,20260618,C,15.0,TRADES,2.05,2.05,2.0,2.05,0.0,0,2.05,863931261,LWLG  260618C00015000
2026-05-15T14:15:50+00:00,LWLG,OPT,20260618,C,15.0,TRADES,2.05,2.05,2.0,2.05,0.0,0,2.05,863931261,LWLG  260618C00015000
2026-05-15T14:16:00+00:00,LWLG,OPT,20260618,C,15.0,TRADES,2.05,2.05,2.0,2.05,0.0,0,2.05,863931261,LWLG  260618C00015000
2026-05-15T14:16:10+00:00,LWLG,OPT,20260618,C,15.0,TRADES,2.05,2.05,2.0,2.05,0.0,0,2.05,863931261,LWLG  260618C00015000
2026-05-15T14:16:20+00:00,LWLG,OPT,20260618,C,15.0,TRADES,2.05,2.05,2.0,2.05,0.0,0,2.05,863931261,LWLG  260618C00015000
2026-05-15T14:16:30+00:00,LWLG,OPT,20260618,C,15.0,TRADES,2.05,2.05,2.0,2.05,0.0,0,2.05,863931261,LWLG  260618C00015000
2026-05-15T14:16:40+00:00,LWLG,OPT,20260618,C,15.0,TRADES,2.05,2.05,2.0,2.05,0.0,0,2.05,863931261,LWLG  260618C00015000
2026-05-15T14:16:50+00:00,LWLG,OPT,20260618,C,15.0,TRADES,2.05,2.05,2.0,2.05,0.0,0,2.05,863931261,LWLG  260618C00015000
2026-05-15T14:17:00+00:00,LWLG,OPT,20260618,C,15.0,TRADES,2.05,2.05,2.0,2.05,0.0,0,2.05,863931261,LWLG  260618C00015000
2026-05-15T14:17:10+00:00,LWLG,OPT,20260618,C,15.0,TRADES,2.05,2.05,2.0,2.05,0.0,0,2.05,863931261,LWLG  260618C00015000
2026-05-15T14:17:20+00:00,LWLG,OPT,20260618,C,15.0,TRADES,2.05,2.05,2.0,2.05,0.0,0,2.05,863931261,LWLG  260618C00015000
2026-05-15T14:17:30+00:00,LWLG,OPT,20260618,C,15.0,TRADES,2.05,2.05,2.0,2.05,0.0,0,2.05,863931261,LWLG  260618C00015000
2026-05-15T14:17:40+00:00,LWLG,OPT,20260618,C,15.0,TRADES,2.05,2.05,2.0,2.05,0.0,0,2.05,863931261,LWLG  260618C00015000
2026-05-15T14:17:50+00:00,LWLG,OPT,20260618,C,15.0,TRADES,2.05,2.05,2.0,2.05,0.0,0,2.05,863931261,LWLG  260618C00015000
2026-05-15T14:18:00+00:00,LWLG,OPT,20260618,C,15.0,TRADES,2.05,2.05,2.0,2.05,0.0,0,2.05,863931261,LWLG  260618C00015000
2026-05-15T14:18:10+00:00,LWLG,OPT,20260618,C,15.0,TRADES,2.05,2.05,2.0,2.05,0.0,0,2.05,863931261,LWLG  260618C00015000
2026-05-15T14:18:20+00:00,LWLG,OPT,20260618,C,15.0,TRADES,2.05,2.05,2.0,2.05,0.0,0,2.05,863931261,LWLG  260618C00015000
2026-05-15T14:18:30+00:00,LWLG,OPT,20260618,C,15.0,TRADES,2.05,2.05,2.0,2.05,0.0,0,2.05,863931261,LWLG  260618C00015000
2026-05-15T14:18:40+00:00,LWLG,OPT,20260618,C,15.0,TRADES,2.05,2.05,2.0,2.05,0.0,0,2.05,863931261,LWLG  260618C00015000
2026-05-15T14:18:50+00:00,LWLG,OPT,20260618,C,15.0,TRADES,2.05,2.05,2.0,2.05,0.0,0,2.05,863931261,LWLG  260618C00015000
2026-05-15T14:19:00+00:00,LWLG,OPT,20260618,C,15.0,TRADES,2.05,2.05,2.0,2.05,0.0,0,2.05,863931261,LWLG  260618C00015000
2026-05-15T14:19:10+00:00,LWLG,OPT,20260618,C,15.0,TRADES,2.05,2.05,2.0,2.05,0.0,0,2.05,863931261,LWLG  260618C00015000
2026-05-15T14:19:20+00:00,LWLG,OPT,20260618,C,15.0,TRADES,2.05,2.05,2.0,2.05,0.0,0,2.05,863931261,LWLG  260618C00015000
2026-05-15T14:19:30+00:00,LWLG,OPT,20260618,C,15.0,TRADES,2.05,2.05,2.0,2.05,0.0,0,2.05,863931261,LWLG  260618C00015000
2026-05-15T14:19:40+00:00,LWLG,OPT,20260618,C,15.0,TRADES,2.05,2.05,2.0,2.05,0.0,0,2.05,863931261,LWLG  260618C00015000
2026-05-15T14:19:50+00:00,LWLG,OPT,20260618,C,15.0,TRADES,2.05,2.05,2.0,2.05,0.0,0,2.05,863931261,LWLG  260618C00015000
2026-05-15T14:20:00+00:00,LWLG,OPT,20260618,C,15.0,TRADES,2.05,2.05,2.0,2.05,0.0,0,2.05,863931261,LWLG  260618C00015000
2026-05-15T14:20:10+00:00,LWLG,OPT,20260618,C,15.0,TRADES,2.05,2.05,2.0,2.05,0.0,0,2.05,863931261,LWLG  260618C00015000
2026-05-15T14:20:20+00:00,LWLG,OPT,20260618,C,15.0,TRADES,2.05,2.05,2.0,2.05,0.0,0,2.05,863931261,LWLG  260618C00015000
2026-05-15T14:20:30+00:00,LWLG,OPT,20260618,C,15.0,TRADES,2.05,2.05,2.0,2.05,0.0,0,2.05,863931261,LWLG  260618C00015000
2026-05-15T14:20:40+00:00,LWLG,OPT,20260618,C,15.0,TRADES,2.05,2.05,2.0,2.05,0.0,0,2.05,863931261,LWLG  260618C00015000
2026-05-15T14:20:50+00:00,LWLG,OPT,20260618,C,15.0,TRADES,2.05,2.05,2.0,2.05,0.0,0,2.05,863931261,LWLG  260618C00015000
2026-05-15T14:21:00+00:00,LWLG,OPT,20260618,C,15.0,TRADES,2.05,2.05,2.0,2.05,0.0,0,2.05,863931261,LWLG  260618C00015000
2026-05-15T14:21:10+00:00,LWLG,OPT,20260618,C,15.0,TRADES,2.05,2.05,2.0,2.05,0.0,0,2.05,863931261,LWLG  260618C00015000
2026-05-15T14:21:20+00:00,LWLG,OPT,20260618,C,15.0,TRADES,2.05,2.05,2.0,2.05,0.0,0,2.05,863931261,LWLG  260618C00015000
2026-05-15T14:21:30+00:00,LWLG,OPT,20260618,C,15.0,TRADES,2.05,2.05,2.0,2.05,0.0,0,2.05,863931261,LWLG  260618C00015000
2026-05-15T14:21:40+00:00,LWLG,OPT,20260618,C,15.0,TRADES,2.05,2.05,2.0,2.05,0.0,0,2.05,863931261,LWLG  260618C00015000
2026-05-15T14:21:50+00:00,LWLG,OPT,20260618,C,15.0,TRADES,2.05,2.05,2.0,2.05,0.0,0,2.05,863931261,LWLG  260618C00015000
2026-05-15T14:22:00+00:00,LWLG,OPT,20260618,C,15.0,TRADES,2.05,2.05,2.0,2.05,0.0,0,2.05,863931261,LWLG  260618C00015000
2026-05-15T14:22:10+00:00,LWLG,OPT,20260618,C,15.0,TRADES,2.05,2.05,2.0,2.05,0.0,0,2.05,863931261,LWLG  260618C00015000
2026-05-15T14:22:20+00:00,LWLG,OPT,20260618,C,15.0,TRADES,2.05,2.05,2.0,2.05,0.0,0,2.05,863931261,LWLG  260618C00015000
2026-05-15T14:22:30+00:00,LWLG,OPT,20260618,C,15.0,TRADES,2.05,2.05,2.0,2.05,0.0,0,2.05,863931261,LWLG  260618C00015000
2026-05-15T14:22:40+00:00,LWLG,OPT,20260618,C,15.0,TRADES,2.05,2.05,2.0,2.05,0.0,0,2.05,863931261,LWLG  260618C00015000
2026-05-15T14:22:50+00:00,LWLG,OPT,20260618,C,15.0,TRADES,2.05,2.05,2.0,2.05,0.0,0,2.05,863931261,LWLG  260618C00015000
2026-05-15T14:23:00+00:00,LWLG,OPT,20260618,C,15.0,TRADES,2.05,2.05,2.0,2.05,0.0,0,2.05,863931261,LWLG  260618C00015000
2026-05-15T14:23:10+00:00,LWLG,OPT,20260618,C,15.0,TRADES,2.05,2.05,2.0,2.05,0.0,0,2.05,863931261,LWLG  260618C00015000
2026-05-15T14:23:20+00:00,LWLG,OPT,20260618,C,15.0,TRADES,2.05,2.05,2.0,2.05,0.0,0,2.05,863931261,LWLG  260618C00015000
2026-05-15T14:23:30+00:00,LWLG,OPT,20260618,C,15.0,TRADES,2.05,2.05,2.0,2.05,0.0,0,2.05,863931261,LWLG  260618C00015000
2026-05-15T14:23:40+00:00,LWLG,OPT,20260618,C,15.0,TRADES,2.05,2.05,2.0,2.05,0.0,0,2.05,863931261,LWLG  260618C00015000
2026-05-15T14:23:50+00:00,LWLG,OPT,20260618,C,15.0,TRADES,2.05,2.05,2.0,2.05,0.0,0,2.05,863931261,LWLG  260618C00015000
2026-05-15T14:24:00+00:00,LWLG,OPT,20260618,C,15.0,TRADES,2.05,2.05,2.0,2.05,0.0,0,2.05,863931261,LWLG  260618C00015000
2026-05-15T14:24:10+00:00,LWLG,OPT,20260618,C,15.0,TRADES,2.05,2.05,2.0,2.05,0.0,0,2.05,863931261,LWLG  260618C00015000
2026-05-15T14:24:20+00:00,LWLG,OPT,20260618,C,15.0,TRADES,2.05,2.05,2.0,2.05,0.0,0,2.05,863931261,LWLG  260618C00015000
2026-05-15T14:24:30+00:00,LWLG,OPT,20260618,C,15.0,TRADES,2.05,2.05,2.0,2.05,0.0,0,2.05,863931261,LWLG  260618C00015000
2026-05-15T14:24:40+00:00,LWLG,OPT,20260618,C,15.0,TRADES,2.05,2.05,2.0,2.05,0.0,0,2.05,863931261,LWLG  260618C00015000
2026-05-15T14:24:50+00:00,LWLG,OPT,20260618,C,15.0,TRADES,2.05,2.05,2.0,2.05,0.0,0,2.05,863931261,LWLG  260618C00015000
2026-05-15T14:25:00+00:00,LWLG,OPT,20260618,C,15.0,TRADES,2.05,2.05,2.0,2.05,0.0,0,2.05,863931261,LWLG  260618C00015000
2026-05-15T14:25:10+00:00,LWLG,OPT,20260618,C,15.0,TRADES,2.1,2.1,2.1,2.1,1.0,1,2.1,863931261,LWLG  260618C00015000
2026-05-15T14:25:20+00:00,LWLG,OPT,20260618,C,15.0,TRADES,2.1,2.1,2.1,2.1,0.0,0,2.1,863931261,LWLG  260618C00015000
2026-05-15T14:25:30+00:00,LWLG,OPT,20260618,C,15.0,TRADES,2.1,2.1,2.1,2.1,0.0,0,2.1,863931261,LWLG  260618C00015000
2026-05-15T14:25:40+00:00,LWLG,OPT,20260618,C,15.0,TRADES,2.1,2.1,2.1,2.1,0.0,0,2.1,863931261,LWLG  260618C00015000
2026-05-15T14:25:50+00:00,LWLG,OPT,20260618,C,15.0,TRADES,2.1,2.1,2.1,2.1,0.0,0,2.1,863931261,LWLG  260618C00015000
2026-05-15T14:26:00+00:00,LWLG,OPT,20260618,C,15.0,TRADES,2.1,2.1,2.1,2.1,0.0,0,2.1,863931261,LWLG  260618C00015000
2026-05-15T14:26:10+00:00,LWLG,OPT,20260618,C,15.0,TRADES,2.1,2.1,2.1,2.1,0.0,0,2.1,863931261,LWLG  260618C00015000
2026-05-15T14:26:20+00:00,LWLG,OPT,20260618,C,15.0,TRADES,2.1,2.1,2.1,2.1,0.0,0,2.1,863931261,LWLG  260618C00015000
2026-05-15T14:26:30+00:00,LWLG,OPT,20260618,C,15.0,TRADES,2.1,2.1,2.1,2.1,0.0,0,2.1,863931261,LWLG  260618C00015000
2026-05-15T14:26:40+00:00,LWLG,OPT,20260618,C,15.0,TRADES,2.1,2.1,2.1,2.1,0.0,0,2.1,863931261,LWLG  260618C00015000
2026-05-15T14:26:50+00:00,LWLG,OPT,20260618,C,15.0,TRADES,2.1,2.1,2.1,2.1,0.0,0,2.1,863931261,LWLG  260618C00015000
2026-05-15T14:27:00+00:00,LWLG,OPT,20260618,C,15.0,TRADES,2.1,2.1,2.1,2.1,0.0,0,2.1,863931261,LWLG  260618C00015000
2026-05-15T14:27:10+00:00,LWLG,OPT,20260618,C,15.0,TRADES,2.1,2.1,2.1,2.1,0.0,0,2.1,863931261,LWLG  260618C00015000
2026-05-15T14:27:20+00:00,LWLG,OPT,20260618,C,15.0,TRADES,2.1,2.1,2.1,2.1,0.0,0,2.1,863931261,LWLG  260618C00015000
2026-05-15T14:27:30+00:00,LWLG,OPT,20260618,C,15.0,TRADES,2.1,2.1,2.1,2.1,0.0,0,2.1,863931261,LWLG  260618C00015000
2026-05-15T14:27:40+00:00,LWLG,OPT,20260618,C,15.0,TRADES,2.1,2.1,2.1,2.1,0.0,0,2.1,863931261,LWLG  260618C00015000
2026-05-15T14:27:50+00:00,LWLG,OPT,20260618,C,15.0,TRADES,2.1,2.1,2.1,2.1,0.0,0,2.1,863931261,LWLG  260618C00015000
2026-05-15T14:28:00+00:00,LWLG,OPT,20260618,C,15.0,TRADES,2.1,2.1,2.1,2.1,0.0,0,2.1,863931261,LWLG  260618C00015000
2026-05-15T14:28:10+00:00,LWLG,OPT,20260618,C,15.0,TRADES,2.1,2.1,2.1,2.1,0.0,0,2.1,863931261,LWLG  260618C00015000
2026-05-15T14:28:20+00:00,LWLG,OPT,20260618,C,15.0,TRADES,2.1,2.1,2.1,2.1,0.0,0,2.1,863931261,LWLG  260618C00015000
2026-05-15T14:28:30+00:00,LWLG,OPT,20260618,C,15.0,TRADES,2.1,2.1,2.1,2.1,0.0,0,2.1,863931261,LWLG  260618C00015000
2026-05-15T14:28:40+00:00,LWLG,OPT,20260618,C,15.0,TRADES,2.0,2.15,2.0,2.1,40.0,2,2.095,863931261,LWLG  260618C00015000
2026-05-15T14:28:50+00:00,LWLG,OPT,20260618,C,15.0,TRADES,2.1,2.15,2.1,2.1,0.0,0,2.1,863931261,LWLG  260618C00015000
2026-05-15T14:29:00+00:00,LWLG,OPT,20260618,C,15.0,TRADES,2.1,2.15,2.1,2.1,0.0,0,2.1,863931261,LWLG  260618C00015000
2026-05-15T14:29:10+00:00,LWLG,OPT,20260618,C,15.0,TRADES,2.1,2.15,2.1,2.1,0.0,0,2.1,863931261,LWLG  260618C00015000
2026-05-15T14:29:20+00:00,LWLG,OPT,20260618,C,15.0,TRADES,2.1,2.15,2.1,2.1,0.0,0,2.1,863931261,LWLG  260618C00015000
2026-05-15T14:29:30+00:00,LWLG,OPT,20260618,C,15.0,TRADES,2.1,2.15,2.1,2.1,0.0,0,2.1,863931261,LWLG  260618C00015000
2026-05-15T14:29:40+00:00,LWLG,OPT,20260618,C,15.0,TRADES,2.1,2.15,2.1,2.1,0.0,0,2.1,863931261,LWLG  260618C00015000
2026-05-15T14:29:50+00:00,LWLG,OPT,20260618,C,15.0,TRADES,2.1,2.15,2.1,2.1,0.0,0,2.1,863931261,LWLG  260618C00015000
2026-05-15T14:30:00+00:00,LWLG,OPT,20260618,C,15.0,TRADES,2.1,2.15,2.1,2.1,0.0,0,2.1,863931261,LWLG  260618C00015000
2026-05-15T14:30:10+00:00,LWLG,OPT,20260618,C,15.0,TRADES,2.1,2.15,2.1,2.1,0.0,0,2.1,863931261,LWLG  260618C00015000
2026-05-15T14:30:20+00:00,LWLG,OPT,20260618,C,15.0,TRADES,2.1,2.15,2.1,2.1,0.0,0,2.1,863931261,LWLG  260618C00015000
2026-05-15T14:30:30+00:00,LWLG,OPT,20260618,C,15.0,TRADES,2.1,2.15,2.1,2.1,0.0,0,2.1,863931261,LWLG  260618C00015000
2026-05-15T14:30:40+00:00,LWLG,OPT,20260618,C,15.0,TRADES,2.1,2.15,2.1,2.1,0.0,0,2.1,863931261,LWLG  260618C00015000
2026-05-15T14:30:50+00:00,LWLG,OPT,20260618,C,15.0,TRADES,2.1,2.15,2.1,2.1,0.0,0,2.1,863931261,LWLG  260618C00015000
2026-05-15T14:31:00+00:00,LWLG,OPT,20260618,C,15.0,TRADES,2.1,2.15,2.1,2.1,0.0,0,2.1,863931261,LWLG  260618C00015000
2026-05-15T14:31:10+00:00,LWLG,OPT,20260618,C,15.0,TRADES,2.1,2.15,2.1,2.1,0.0,0,2.1,863931261,LWLG  260618C00015000
2026-05-15T14:31:20+00:00,LWLG,OPT,20260618,C,15.0,TRADES,2.1,2.15,2.1,2.1,0.0,0,2.1,863931261,LWLG  260618C00015000
2026-05-15T14:31:30+00:00,LWLG,OPT,20260618,C,15.0,TRADES,2.1,2.15,2.1,2.1,0.0,0,2.1,863931261,LWLG  260618C00015000
2026-05-15T14:31:40+00:00,LWLG,OPT,20260618,C,15.0,TRADES,2.1,2.15,2.1,2.1,0.0,0,2.1,863931261,LWLG  260618C00015000
2026-05-15T14:31:50+00:00,LWLG,OPT,20260618,C,15.0,TRADES,2.1,2.15,2.1,2.1,0.0,0,2.1,863931261,LWLG  260618C00015000
2026-05-15T14:32:00+00:00,LWLG,OPT,20260618,C,15.0,TRADES,2.1,2.15,2.1,2.1,0.0,0,2.1,863931261,LWLG  260618C00015000
2026-05-15T14:32:10+00:00,LWLG,OPT,20260618,C,15.0,TRADES,2.1,2.1,2.05,2.1,3.0,3,2.085,863931261,LWLG  260618C00015000
2026-05-15T14:32:20+00:00,LWLG,OPT,20260618,C,15.0,TRADES,2.1,2.1,2.05,2.1,0.0,0,2.1,863931261,LWLG  260618C00015000
2026-05-15T14:32:30+00:00,LWLG,OPT,20260618,C,15.0,TRADES,2.1,2.1,2.05,2.1,0.0,0,2.1,863931261,LWLG  260618C00015000
2026-05-15T14:32:40+00:00,LWLG,OPT,20260618,C,15.0,TRADES,2.1,2.1,2.05,2.1,0.0,0,2.1,863931261,LWLG  260618C00015000
2026-05-15T14:32:50+00:00,LWLG,OPT,20260618,C,15.0,TRADES,2.1,2.1,2.05,2.1,0.0,0,2.1,863931261,LWLG  260618C00015000
2026-05-15T14:33:00+00:00,LWLG,OPT,20260618,C,15.0,TRADES,2.1,2.1,2.05,2.1,0.0,0,2.1,863931261,LWLG  260618C00015000
2026-05-15T14:33:10+00:00,LWLG,OPT,20260618,C,15.0,TRADES,2.1,2.1,2.05,2.1,0.0,0,2.1,863931261,LWLG  260618C00015000
2026-05-15T14:33:20+00:00,LWLG,OPT,20260618,C,15.0,TRADES,2.1,2.1,2.05,2.1,0.0,0,2.1,863931261,LWLG  260618C00015000
2026-05-15T14:33:30+00:00,LWLG,OPT,20260618,C,15.0,TRADES,2.1,2.1,2.05,2.1,0.0,0,2.1,863931261,LWLG  260618C00015000
2026-05-15T14:33:40+00:00,LWLG,OPT,20260618,C,15.0,TRADES,2.1,2.1,2.05,2.1,0.0,0,2.1,863931261,LWLG  260618C00015000
2026-05-15T14:33:50+00:00,LWLG,OPT,20260618,C,15.0,TRADES,2.1,2.1,2.05,2.1,0.0,0,2.1,863931261,LWLG  260618C00015000
2026-05-15T14:34:00+00:00,LWLG,OPT,20260618,C,15.0,TRADES,2.1,2.1,2.05,2.1,0.0,0,2.1,863931261,LWLG  260618C00015000
2026-05-15T14:34:10+00:00,LWLG,OPT,20260618,C,15.0,TRADES,2.1,2.1,2.05,2.1,0.0,0,2.1,863931261,LWLG  260618C00015000
2026-05-15T14:34:20+00:00,LWLG,OPT,20260618,C,15.0,TRADES,2.1,2.1,2.05,2.1,0.0,0,2.1,863931261,LWLG  260618C00015000
2026-05-15T14:34:30+00:00,LWLG,OPT,20260618,C,15.0,TRADES,2.1,2.1,2.05,2.1,0.0,0,2.1,863931261,LWLG  260618C00015000
2026-05-15T14:34:40+00:00,LWLG,OPT,20260618,C,15.0,TRADES,2.1,2.1,2.05,2.1,0.0,0,2.1,863931261,LWLG  260618C00015000
2026-05-15T14:34:50+00:00,LWLG,OPT,20260618,C,15.0,TRADES,2.1,2.1,2.05,2.1,0.0,0,2.1,863931261,LWLG  260618C00015000
2026-05-15T14:35:00+00:00,LWLG,OPT,20260618,C,15.0,TRADES,2.1,2.1,2.05,2.1,0.0,0,2.1,863931261,LWLG  260618C00015000
2026-05-15T14:35:10+00:00,LWLG,OPT,20260618,C,15.0,TRADES,2.1,2.1,2.05,2.1,0.0,0,2.1,863931261,LWLG  260618C00015000
2026-05-15T14:35:20+00:00,LWLG,OPT,20260618,C,15.0,TRADES,2.1,2.1,2.05,2.1,0.0,0,2.1,863931261,LWLG  260618C00015000
2026-05-15T14:35:30+00:00,LWLG,OPT,20260618,C,15.0,TRADES,2.1,2.1,2.05,2.1,0.0,0,2.1,863931261,LWLG  260618C00015000
2026-05-15T14:35:40+00:00,LWLG,OPT,20260618,C,15.0,TRADES,2.1,2.1,2.05,2.1,0.0,0,2.1,863931261,LWLG  260618C00015000
2026-05-15T14:35:50+00:00,LWLG,OPT,20260618,C,15.0,TRADES,2.1,2.1,2.05,2.1,0.0,0,2.1,863931261,LWLG  260618C00015000
2026-05-15T14:36:00+00:00,LWLG,OPT,20260618,C,15.0,TRADES,2.1,2.1,2.05,2.1,0.0,0,2.1,863931261,LWLG  260618C00015000
2026-05-15T14:36:10+00:00,LWLG,OPT,20260618,C,15.0,TRADES,2.1,2.1,2.05,2.1,0.0,0,2.1,863931261,LWLG  260618C00015000
2026-05-15T14:36:20+00:00,LWLG,OPT,20260618,C,15.0,TRADES,2.1,2.1,2.05,2.1,0.0,0,2.1,863931261,LWLG  260618C00015000
2026-05-15T14:36:30+00:00,LWLG,OPT,20260618,C,15.0,TRADES,2.1,2.1,2.05,2.1,0.0,0,2.1,863931261,LWLG  260618C00015000
2026-05-15T14:36:40+00:00,LWLG,OPT,20260618,C,15.0,TRADES,2.1,2.1,2.05,2.1,0.0,0,2.1,863931261,LWLG  260618C00015000
2026-05-15T14:36:50+00:00,LWLG,OPT,20260618,C,15.0,TRADES,2.1,2.1,2.05,2.1,0.0,0,2.1,863931261,LWLG  260618C00015000
2026-05-15T14:37:00+00:00,LWLG,OPT,20260618,C,15.0,TRADES,2.1,2.1,2.05,2.1,0.0,0,2.1,863931261,LWLG  260618C00015000
2026-05-15T14:37:10+00:00,LWLG,OPT,20260618,C,15.0,TRADES,2.1,2.1,2.05,2.1,0.0,0,2.1,863931261,LWLG  260618C00015000
2026-05-15T14:37:20+00:00,LWLG,OPT,20260618,C,15.0,TRADES,2.1,2.1,2.05,2.1,0.0,0,2.1,863931261,LWLG  260618C00015000
2026-05-15T14:37:30+00:00,LWLG,OPT,20260618,C,15.0,TRADES,2.1,2.1,2.05,2.1,0.0,0,2.1,863931261,LWLG  260618C00015000
2026-05-15T14:37:40+00:00,LWLG,OPT,20260618,C,15.0,TRADES,2.1,2.1,2.05,2.1,0.0,0,2.1,863931261,LWLG  260618C00015000
2026-05-15T14:37:50+00:00,LWLG,OPT,20260618,C,15.0,TRADES,2.1,2.1,2.05,2.1,0.0,0,2.1,863931261,LWLG  260618C00015000
2026-05-15T14:38:00+00:00,LWLG,OPT,20260618,C,15.0,TRADES,2.05,2.05,2.0,2.05,5.0,1,2.04,863931261,LWLG  260618C00015000
2026-05-15T14:38:10+00:00,LWLG,OPT,20260618,C,15.0,TRADES,2.05,2.05,2.0,2.05,0.0,0,2.05,863931261,LWLG  260618C00015000
2026-05-15T14:38:20+00:00,LWLG,OPT,20260618,C,15.0,TRADES,2.05,2.05,2.0,2.05,0.0,0,2.05,863931261,LWLG  260618C00015000
2026-05-15T14:38:30+00:00,LWLG,OPT,20260618,C,15.0,TRADES,2.05,2.05,2.0,2.05,0.0,0,2.05,863931261,LWLG  260618C00015000
2026-05-15T14:38:40+00:00,LWLG,OPT,20260618,C,15.0,TRADES,2.05,2.05,2.0,2.05,0.0,0,2.05,863931261,LWLG  260618C00015000
2026-05-15T14:38:50+00:00,LWLG,OPT,20260618,C,15.0,TRADES,2.05,2.05,2.0,2.05,0.0,0,2.05,863931261,LWLG  260618C00015000
2026-05-15T14:39:00+00:00,LWLG,OPT,20260618,C,15.0,TRADES,2.05,2.05,2.0,2.05,0.0,0,2.05,863931261,LWLG  260618C00015000
2026-05-15T14:39:10+00:00,LWLG,OPT,20260618,C,15.0,TRADES,2.05,2.05,2.0,2.05,0.0,0,2.05,863931261,LWLG  260618C00015000
2026-05-15T14:39:20+00:00,LWLG,OPT,20260618,C,15.0,TRADES,2.05,2.05,2.0,2.05,0.0,0,2.05,863931261,LWLG  260618C00015000
2026-05-15T14:39:30+00:00,LWLG,OPT,20260618,C,15.0,TRADES,2.05,2.05,2.0,2.05,0.0,0,2.05,863931261,LWLG  260618C00015000
2026-05-15T14:39:40+00:00,LWLG,OPT,20260618,C,15.0,TRADES,2.05,2.05,2.0,2.05,0.0,0,2.05,863931261,LWLG  260618C00015000
2026-05-15T14:39:50+00:00,LWLG,OPT,20260618,C,15.0,TRADES,2.05,2.05,2.0,2.05,0.0,0,2.05,863931261,LWLG  260618C00015000
2026-05-15T14:40:00+00:00,LWLG,OPT,20260618,C,15.0,TRADES,2.05,2.05,2.0,2.05,0.0,0,2.05,863931261,LWLG  260618C00015000
2026-05-15T14:40:10+00:00,LWLG,OPT,20260618,C,15.0,TRADES,2.05,2.05,2.0,2.05,0.0,0,2.05,863931261,LWLG  260618C00015000
2026-05-15T14:40:20+00:00,LWLG,OPT,20260618,C,15.0,TRADES,2.05,2.05,2.0,2.05,0.0,0,2.05,863931261,LWLG  260618C00015000
2026-05-15T14:40:30+00:00,LWLG,OPT,20260618,C,15.0,TRADES,2.05,2.05,2.0,2.05,0.0,0,2.05,863931261,LWLG  260618C00015000
2026-05-15T14:40:40+00:00,LWLG,OPT,20260618,C,15.0,TRADES,2.05,2.05,2.0,2.05,0.0,0,2.05,863931261,LWLG  260618C00015000
2026-05-15T14:40:50+00:00,LWLG,OPT,20260618,C,15.0,TRADES,2.05,2.05,2.0,2.05,0.0,0,2.05,863931261,LWLG  260618C00015000
2026-05-15T14:41:00+00:00,LWLG,OPT,20260618,C,15.0,TRADES,2.05,2.05,2.0,2.05,0.0,0,2.05,863931261,LWLG  260618C00015000
2026-05-15T14:41:10+00:00,LWLG,OPT,20260618,C,15.0,TRADES,2.05,2.05,2.0,2.05,0.0,0,2.05,863931261,LWLG  260618C00015000
2026-05-15T14:41:20+00:00,LWLG,OPT,20260618,C,15.0,TRADES,2.05,2.05,2.0,2.05,0.0,0,2.05,863931261,LWLG  260618C00015000
2026-05-15T14:41:30+00:00,LWLG,OPT,20260618,C,15.0,TRADES,2.05,2.05,2.0,2.05,0.0,0,2.05,863931261,LWLG  260618C00015000
2026-05-15T14:41:40+00:00,LWLG,OPT,20260618,C,15.0,TRADES,2.05,2.05,2.0,2.05,0.0,0,2.05,863931261,LWLG  260618C00015000
2026-05-15T14:41:50+00:00,LWLG,OPT,20260618,C,15.0,TRADES,2.05,2.05,2.0,2.05,0.0,0,2.05,863931261,LWLG  260618C00015000
2026-05-15T14:42:00+00:00,LWLG,OPT,20260618,C,15.0,TRADES,2.05,2.05,2.0,2.05,0.0,0,2.05,863931261,LWLG  260618C00015000
2026-05-15T14:42:10+00:00,LWLG,OPT,20260618,C,15.0,TRADES,2.05,2.05,2.0,2.05,0.0,0,2.05,863931261,LWLG  260618C00015000
2026-05-15T14:42:20+00:00,LWLG,OPT,20260618,C,15.0,TRADES,2.05,2.05,2.0,2.05,0.0,0,2.05,863931261,LWLG  260618C00015000
2026-05-15T14:42:30+00:00,LWLG,OPT,20260618,C,15.0,TRADES,2.05,2.05,2.0,2.05,0.0,0,2.05,863931261,LWLG  260618C00015000
2026-05-15T14:42:40+00:00,LWLG,OPT,20260618,C,15.0,TRADES,2.05,2.05,2.0,2.05,0.0,0,2.05,863931261,LWLG  260618C00015000
2026-05-15T14:42:50+00:00,LWLG,OPT,20260618,C,15.0,TRADES,2.05,2.05,2.0,2.05,0.0,0,2.05,863931261,LWLG  260618C00015000
2026-05-15T14:43:00+00:00,LWLG,OPT,20260618,C,15.0,TRADES,2.05,2.05,2.0,2.05,0.0,0,2.05,863931261,LWLG  260618C00015000
2026-05-15T14:43:10+00:00,LWLG,OPT,20260618,C,15.0,TRADES,2.05,2.05,2.0,2.05,0.0,0,2.05,863931261,LWLG  260618C00015000
2026-05-15T14:43:20+00:00,LWLG,OPT,20260618,C,15.0,TRADES,2.05,2.05,2.0,2.05,0.0,0,2.05,863931261,LWLG  260618C00015000
2026-05-15T14:43:30+00:00,LWLG,OPT,20260618,C,15.0,TRADES,2.05,2.05,2.0,2.05,0.0,0,2.05,863931261,LWLG  260618C00015000
2026-05-15T14:43:40+00:00,LWLG,OPT,20260618,C,15.0,TRADES,2.05,2.05,2.0,2.05,0.0,0,2.05,863931261,LWLG  260618C00015000
2026-05-15T14:43:50+00:00,LWLG,OPT,20260618,C,15.0,TRADES,2.05,2.05,2.0,2.05,0.0,0,2.05,863931261,LWLG  260618C00015000
2026-05-15T14:44:00+00:00,LWLG,OPT,20260618,C,15.0,TRADES,2.05,2.05,2.0,2.05,0.0,0,2.05,863931261,LWLG  260618C00015000
2026-05-15T14:44:10+00:00,LWLG,OPT,20260618,C,15.0,TRADES,2.05,2.05,2.0,2.05,0.0,0,2.05,863931261,LWLG  260618C00015000
2026-05-15T14:44:20+00:00,LWLG,OPT,20260618,C,15.0,TRADES,2.05,2.05,2.0,2.05,0.0,0,2.05,863931261,LWLG  260618C00015000
2026-05-15T14:44:30+00:00,LWLG,OPT,20260618,C,15.0,TRADES,2.05,2.05,2.0,2.05,0.0,0,2.05,863931261,LWLG  260618C00015000
2026-05-15T14:44:40+00:00,LWLG,OPT,20260618,C,15.0,TRADES,2.05,2.05,2.0,2.05,0.0,0,2.05,863931261,LWLG  260618C00015000
2026-05-15T14:44:50+00:00,LWLG,OPT,20260618,C,15.0,TRADES,2.05,2.05,2.0,2.05,0.0,0,2.05,863931261,LWLG  260618C00015000
2026-05-15T14:45:00+00:00,LWLG,OPT,20260618,C,15.0,TRADES,2.05,2.05,2.0,2.05,0.0,0,2.05,863931261,LWLG  260618C00015000
2026-05-15T14:45:10+00:00,LWLG,OPT,20260618,C,15.0,TRADES,2.05,2.05,2.0,2.05,0.0,0,2.05,863931261,LWLG  260618C00015000
2026-05-15T14:45:20+00:00,LWLG,OPT,20260618,C,15.0,TRADES,2.05,2.05,2.0,2.05,0.0,0,2.05,863931261,LWLG  260618C00015000
2026-05-15T14:45:30+00:00,LWLG,OPT,20260618,C,15.0,TRADES,2.05,2.05,2.0,2.05,0.0,0,2.05,863931261,LWLG  260618C00015000
2026-05-15T14:45:40+00:00,LWLG,OPT,20260618,C,15.0,TRADES,2.05,2.05,2.0,2.05,0.0,0,2.05,863931261,LWLG  260618C00015000
2026-05-15T14:45:50+00:00,LWLG,OPT,20260618,C,15.0,TRADES,2.05,2.05,2.0,2.05,0.0,0,2.05,863931261,LWLG  260618C00015000
2026-05-15T14:46:00+00:00,LWLG,OPT,20260618,C,15.0,TRADES,2.05,2.05,2.0,2.05,0.0,0,2.05,863931261,LWLG  260618C00015000
2026-05-15T14:46:10+00:00,LWLG,OPT,20260618,C,15.0,TRADES,2.05,2.05,2.0,2.05,0.0,0,2.05,863931261,LWLG  260618C00015000
2026-05-15T14:46:20+00:00,LWLG,OPT,20260618,C,15.0,TRADES,2.05,2.05,2.0,2.05,0.0,0,2.05,863931261,LWLG  260618C00015000
2026-05-15T14:46:30+00:00,LWLG,OPT,20260618,C,15.0,TRADES,2.05,2.05,2.0,2.05,0.0,0,2.05,863931261,LWLG  260618C00015000
2026-05-15T14:46:40+00:00,LWLG,OPT,20260618,C,15.0,TRADES,2.05,2.05,2.0,2.05,0.0,0,2.05,863931261,LWLG  260618C00015000
2026-05-15T14:46:50+00:00,LWLG,OPT,20260618,C,15.0,TRADES,2.05,2.05,2.0,2.05,0.0,0,2.05,863931261,LWLG  260618C00015000
2026-05-15T14:47:00+00:00,LWLG,OPT,20260618,C,15.0,TRADES,2.05,2.05,2.0,2.05,0.0,0,2.05,863931261,LWLG  260618C00015000
2026-05-15T14:47:10+00:00,LWLG,OPT,20260618,C,15.0,TRADES,2.05,2.05,2.0,2.05,0.0,0,2.05,863931261,LWLG  260618C00015000
2026-05-15T14:47:20+00:00,LWLG,OPT,20260618,C,15.0,TRADES,2.05,2.05,2.0,2.05,0.0,0,2.05,863931261,LWLG  260618C00015000
2026-05-15T14:47:30+00:00,LWLG,OPT,20260618,C,15.0,TRADES,2.05,2.05,2.0,2.05,0.0,0,2.05,863931261,LWLG  260618C00015000
2026-05-15T14:47:40+00:00,LWLG,OPT,20260618,C,15.0,TRADES,2.05,2.05,2.0,2.05,0.0,0,2.05,863931261,LWLG  260618C00015000
2026-05-15T14:47:50+00:00,LWLG,OPT,20260618,C,15.0,TRADES,2.05,2.05,2.0,2.05,0.0,0,2.05,863931261,LWLG  260618C00015000
2026-05-15T14:48:00+00:00,LWLG,OPT,20260618,C,15.0,TRADES,2.05,2.05,2.0,2.05,0.0,0,2.05,863931261,LWLG  260618C00015000
2026-05-15T14:48:10+00:00,LWLG,OPT,20260618,C,15.0,TRADES,2.0,2.0,2.0,2.0,1.0,1,2.0,863931261,LWLG  260618C00015000
2026-05-15T14:48:20+00:00,LWLG,OPT,20260618,C,15.0,TRADES,2.0,2.0,2.0,2.0,0.0,0,2.0,863931261,LWLG  260618C00015000
2026-05-15T14:48:30+00:00,LWLG,OPT,20260618,C,15.0,TRADES,2.0,2.0,2.0,2.0,0.0,0,2.0,863931261,LWLG  260618C00015000
2026-05-15T14:48:40+00:00,LWLG,OPT,20260618,C,15.0,TRADES,2.0,2.0,2.0,2.0,0.0,0,2.0,863931261,LWLG  260618C00015000
2026-05-15T14:48:50+00:00,LWLG,OPT,20260618,C,15.0,TRADES,2.0,2.0,2.0,2.0,0.0,0,2.0,863931261,LWLG  260618C00015000
2026-05-15T14:49:00+00:00,LWLG,OPT,20260618,C,15.0,TRADES,2.0,2.0,2.0,2.0,0.0,0,2.0,863931261,LWLG  260618C00015000
2026-05-15T14:49:10+00:00,LWLG,OPT,20260618,C,15.0,TRADES,2.0,2.0,2.0,2.0,0.0,0,2.0,863931261,LWLG  260618C00015000
2026-05-15T14:49:20+00:00,LWLG,OPT,20260618,C,15.0,TRADES,2.0,2.05,2.0,2.0,1.0,1,2.0,863931261,LWLG  260618C00015000
2026-05-15T14:49:30+00:00,LWLG,OPT,20260618,C,15.0,TRADES,2.0,2.05,2.0,2.0,0.0,0,2.0,863931261,LWLG  260618C00015000
2026-05-15T14:49:40+00:00,LWLG,OPT,20260618,C,15.0,TRADES,2.0,2.05,2.0,2.0,0.0,0,2.0,863931261,LWLG  260618C00015000
2026-05-15T14:49:50+00:00,LWLG,OPT,20260618,C,15.0,TRADES,2.0,2.05,2.0,2.0,0.0,0,2.0,863931261,LWLG  260618C00015000
2026-05-15T14:50:00+00:00,LWLG,OPT,20260618,C,15.0,TRADES,2.0,2.05,2.0,2.0,0.0,0,2.0,863931261,LWLG  260618C00015000
2026-05-15T14:50:10+00:00,LWLG,OPT,20260618,C,15.0,TRADES,2.0,2.05,2.0,2.0,0.0,0,2.0,863931261,LWLG  260618C00015000
2026-05-15T14:50:20+00:00,LWLG,OPT,20260618,C,15.0,TRADES,2.0,2.05,2.0,2.0,0.0,0,2.0,863931261,LWLG  260618C00015000
2026-05-15T14:50:30+00:00,LWLG,OPT,20260618,C,15.0,TRADES,2.0,2.05,2.0,2.0,0.0,0,2.0,863931261,LWLG  260618C00015000
2026-05-15T14:50:40+00:00,LWLG,OPT,20260618,C,15.0,TRADES,2.0,2.05,2.0,2.0,0.0,0,2.0,863931261,LWLG  260618C00015000
2026-05-15T14:50:50+00:00,LWLG,OPT,20260618,C,15.0,TRADES,2.0,2.05,2.0,2.0,0.0,0,2.0,863931261,LWLG  260618C00015000
2026-05-15T14:51:00+00:00,LWLG,OPT,20260618,C,15.0,TRADES,2.0,2.05,2.0,2.0,0.0,0,2.0,863931261,LWLG  260618C00015000
2026-05-15T14:51:10+00:00,LWLG,OPT,20260618,C,15.0,TRADES,2.0,2.05,2.0,2.0,0.0,0,2.0,863931261,LWLG  260618C00015000
2026-05-15T14:51:20+00:00,LWLG,OPT,20260618,C,15.0,TRADES,2.0,2.05,2.0,2.0,0.0,0,2.0,863931261,LWLG  260618C00015000
2026-05-15T14:51:30+00:00,LWLG,OPT,20260618,C,15.0,TRADES,2.0,2.05,2.0,2.0,0.0,0,2.0,863931261,LWLG  260618C00015000
2026-05-15T14:51:40+00:00,LWLG,OPT,20260618,C,15.0,TRADES,2.0,2.05,2.0,2.0,0.0,0,2.0,863931261,LWLG  260618C00015000
2026-05-15T14:51:50+00:00,LWLG,OPT,20260618,C,15.0,TRADES,2.0,2.05,2.0,2.0,0.0,0,2.0,863931261,LWLG  260618C00015000
2026-05-15T14:52:00+00:00,LWLG,OPT,20260618,C,15.0,TRADES,2.0,2.05,2.0,2.0,0.0,0,2.0,863931261,LWLG  260618C00015000
2026-05-15T14:52:10+00:00,LWLG,OPT,20260618,C,15.0,TRADES,2.0,2.05,2.0,2.0,0.0,0,2.0,863931261,LWLG  260618C00015000
2026-05-15T14:52:20+00:00,LWLG,OPT,20260618,C,15.0,TRADES,2.0,2.05,2.0,2.0,0.0,0,2.0,863931261,LWLG  260618C00015000
2026-05-15T14:52:30+00:00,LWLG,OPT,20260618,C,15.0,TRADES,1.95,1.95,1.95,1.95,1.0,1,1.95,863931261,LWLG  260618C00015000
2026-05-15T14:52:40+00:00,LWLG,OPT,20260618,C,15.0,TRADES,1.95,1.95,1.95,1.95,0.0,0,1.95,863931261,LWLG  260618C00015000
2026-05-15T14:52:50+00:00,LWLG,OPT,20260618,C,15.0,TRADES,1.95,1.95,1.95,1.95,0.0,0,1.95,863931261,LWLG  260618C00015000
2026-05-15T14:53:00+00:00,LWLG,OPT,20260618,C,15.0,TRADES,1.95,1.95,1.95,1.95,0.0,0,1.95,863931261,LWLG  260618C00015000
2026-05-15T14:53:10+00:00,LWLG,OPT,20260618,C,15.0,TRADES,1.95,1.95,1.95,1.95,0.0,0,1.95,863931261,LWLG  260618C00015000
2026-05-15T14:53:20+00:00,LWLG,OPT,20260618,C,15.0,TRADES,1.95,1.95,1.95,1.95,0.0,0,1.95,863931261,LWLG  260618C00015000
2026-05-15T14:53:30+00:00,LWLG,OPT,20260618,C,15.0,TRADES,1.95,1.95,1.95,1.95,0.0,0,1.95,863931261,LWLG  260618C00015000
2026-05-15T14:53:40+00:00,LWLG,OPT,20260618,C,15.0,TRADES,1.95,1.95,1.95,1.95,0.0,0,1.95,863931261,LWLG  260618C00015000
2026-05-15T14:53:50+00:00,LWLG,OPT,20260618,C,15.0,TRADES,1.95,1.95,1.95,1.95,0.0,0,1.95,863931261,LWLG  260618C00015000
2026-05-15T14:54:00+00:00,LWLG,OPT,20260618,C,15.0,TRADES,1.95,1.95,1.95,1.95,0.0,0,1.95,863931261,LWLG  260618C00015000
2026-05-15T14:54:10+00:00,LWLG,OPT,20260618,C,15.0,TRADES,1.95,1.95,1.95,1.95,0.0,0,1.95,863931261,LWLG  260618C00015000
2026-05-15T14:54:20+00:00,LWLG,OPT,20260618,C,15.0,TRADES,1.95,1.95,1.95,1.95,0.0,0,1.95,863931261,LWLG  260618C00015000
2026-05-15T14:54:30+00:00,LWLG,OPT,20260618,C,15.0,TRADES,1.95,1.95,1.95,1.95,0.0,0,1.95,863931261,LWLG  260618C00015000
2026-05-15T14:54:40+00:00,LWLG,OPT,20260618,C,15.0,TRADES,1.95,1.95,1.95,1.95,0.0,0,1.95,863931261,LWLG  260618C00015000
2026-05-15T14:54:50+00:00,LWLG,OPT,20260618,C,15.0,TRADES,1.95,1.95,1.95,1.95,0.0,0,1.95,863931261,LWLG  260618C00015000
2026-05-15T14:55:00+00:00,LWLG,OPT,20260618,C,15.0,TRADES,1.95,1.95,1.95,1.95,0.0,0,1.95,863931261,LWLG  260618C00015000
2026-05-15T14:55:10+00:00,LWLG,OPT,20260618,C,15.0,TRADES,1.95,1.95,1.95,1.95,0.0,0,1.95,863931261,LWLG  260618C00015000
2026-05-15T14:55:20+00:00,LWLG,OPT,20260618,C,15.0,TRADES,1.95,1.95,1.95,1.95,0.0,0,1.95,863931261,LWLG  260618C00015000
2026-05-15T14:55:30+00:00,LWLG,OPT,20260618,C,15.0,TRADES,1.95,1.95,1.95,1.95,0.0,0,1.95,863931261,LWLG  260618C00015000
2026-05-15T14:55:40+00:00,LWLG,OPT,20260618,C,15.0,TRADES,1.95,1.95,1.95,1.95,0.0,0,1.95,863931261,LWLG  260618C00015000
2026-05-15T14:55:50+00:00,LWLG,OPT,20260618,C,15.0,TRADES,1.95,1.95,1.95,1.95,0.0,0,1.95,863931261,LWLG  260618C00015000
2026-05-15T14:56:00+00:00,LWLG,OPT,20260618,C,15.0,TRADES,1.95,1.95,1.95,1.95,0.0,0,1.95,863931261,LWLG  260618C00015000
2026-05-15T14:56:10+00:00,LWLG,OPT,20260618,C,15.0,TRADES,1.95,1.95,1.95,1.95,0.0,0,1.95,863931261,LWLG  260618C00015000
2026-05-15T14:56:20+00:00,LWLG,OPT,20260618,C,15.0,TRADES,1.95,1.95,1.95,1.95,0.0,0,1.95,863931261,LWLG  260618C00015000
2026-05-15T14:56:30+00:00,LWLG,OPT,20260618,C,15.0,TRADES,1.95,1.95,1.95,1.95,0.0,0,1.95,863931261,LWLG  260618C00015000
2026-05-15T14:56:40+00:00,LWLG,OPT,20260618,C,15.0,TRADES,1.95,1.95,1.95,1.95,0.0,0,1.95,863931261,LWLG  260618C00015000
2026-05-15T14:56:50+00:00,LWLG,OPT,20260618,C,15.0,TRADES,1.95,1.95,1.95,1.95,0.0,0,1.95,863931261,LWLG  260618C00015000
2026-05-15T14:57:00+00:00,LWLG,OPT,20260618,C,15.0,TRADES,1.95,1.95,1.95,1.95,0.0,0,1.95,863931261,LWLG  260618C00015000
2026-05-15T14:57:10+00:00,LWLG,OPT,20260618,C,15.0,TRADES,1.95,1.95,1.95,1.95,0.0,0,1.95,863931261,LWLG  260618C00015000
2026-05-15T14:57:20+00:00,LWLG,OPT,20260618,C,15.0,TRADES,1.95,1.95,1.95,1.95,0.0,0,1.95,863931261,LWLG  260618C00015000
2026-05-15T14:57:30+00:00,LWLG,OPT,20260618,C,15.0,TRADES,1.95,1.95,1.95,1.95,0.0,0,1.95,863931261,LWLG  260618C00015000
2026-05-15T14:57:40+00:00,LWLG,OPT,20260618,C,15.0,TRADES,1.95,1.95,1.95,1.95,0.0,0,1.95,863931261,LWLG  260618C00015000
2026-05-15T14:57:50+00:00,LWLG,OPT,20260618,C,15.0,TRADES,1.95,1.95,1.95,1.95,0.0,0,1.95,863931261,LWLG  260618C00015000
2026-05-15T14:58:00+00:00,LWLG,OPT,20260618,C,15.0,TRADES,1.95,1.95,1.95,1.95,0.0,0,1.95,863931261,LWLG  260618C00015000
2026-05-15T14:58:10+00:00,LWLG,OPT,20260618,C,15.0,TRADES,1.95,1.95,1.95,1.95,0.0,0,1.95,863931261,LWLG  260618C00015000
2026-05-15T14:58:20+00:00,LWLG,OPT,20260618,C,15.0,TRADES,1.95,1.95,1.95,1.95,0.0,0,1.95,863931261,LWLG  260618C00015000
2026-05-15T14:58:30+00:00,LWLG,OPT,20260618,C,15.0,TRADES,1.95,1.95,1.95,1.95,0.0,0,1.95,863931261,LWLG  260618C00015000
2026-05-15T14:58:40+00:00,LWLG,OPT,20260618,C,15.0,TRADES,1.95,1.95,1.95,1.95,0.0,0,1.95,863931261,LWLG  260618C00015000
2026-05-15T14:58:50+00:00,LWLG,OPT,20260618,C,15.0,TRADES,1.95,1.95,1.95,1.95,0.0,0,1.95,863931261,LWLG  260618C00015000
2026-05-15T14:59:00+00:00,LWLG,OPT,20260618,C,15.0,TRADES,1.95,1.95,1.95,1.95,0.0,0,1.95,863931261,LWLG  260618C00015000
2026-05-15T14:59:10+00:00,LWLG,OPT,20260618,C,15.0,TRADES,1.95,1.95,1.95,1.95,0.0,0,1.95,863931261,LWLG  260618C00015000
2026-05-15T14:59:20+00:00,LWLG,OPT,20260618,C,15.0,TRADES,1.95,1.95,1.95,1.95,0.0,0,1.95,863931261,LWLG  260618C00015000
2026-05-15T14:59:30+00:00,LWLG,OPT,20260618,C,15.0,TRADES,1.95,1.95,1.95,1.95,0.0,0,1.95,863931261,LWLG  260618C00015000
2026-05-15T14:59:40+00:00,LWLG,OPT,20260618,C,15.0,TRADES,1.95,1.95,1.95,1.95,0.0,0,1.95,863931261,LWLG  260618C00015000
2026-05-15T14:59:50+00:00,LWLG,OPT,20260618,C,15.0,TRADES,1.95,1.95,1.95,1.95,0.0,0,1.95,863931261,LWLG  260618C00015000
2026-05-15T15:00:00+00:00,LWLG,OPT,20260618,C,15.0,TRADES,1.95,1.95,1.95,1.95,0.0,0,1.95,863931261,LWLG  260618C00015000
2026-05-15T15:00:10+00:00,LWLG,OPT,20260618,C,15.0,TRADES,1.95,1.95,1.95,1.95,0.0,0,1.95,863931261,LWLG  260618C00015000
2026-05-15T15:00:20+00:00,LWLG,OPT,20260618,C,15.0,TRADES,1.95,1.95,1.95,1.95,0.0,0,1.95,863931261,LWLG  260618C00015000
2026-05-15T15:00:30+00:00,LWLG,OPT,20260618,C,15.0,TRADES,1.95,1.95,1.95,1.95,0.0,0,1.95,863931261,LWLG  260618C00015000
2026-05-15T15:00:40+00:00,LWLG,OPT,20260618,C,15.0,TRADES,1.95,1.95,1.95,1.95,0.0,0,1.95,863931261,LWLG  260618C00015000
2026-05-15T15:00:50+00:00,LWLG,OPT,20260618,C,15.0,TRADES,1.95,1.95,1.95,1.95,0.0,0,1.95,863931261,LWLG  260618C00015000
2026-05-15T15:01:00+00:00,LWLG,OPT,20260618,C,15.0,TRADES,1.95,1.95,1.95,1.95,0.0,0,1.95,863931261,LWLG  260618C00015000
2026-05-15T15:01:10+00:00,LWLG,OPT,20260618,C,15.0,TRADES,1.95,1.95,1.95,1.95,0.0,0,1.95,863931261,LWLG  260618C00015000
2026-05-15T15:01:20+00:00,LWLG,OPT,20260618,C,15.0,TRADES,1.95,1.95,1.95,1.95,0.0,0,1.95,863931261,LWLG  260618C00015000
2026-05-15T15:01:30+00:00,LWLG,OPT,20260618,C,15.0,TRADES,1.95,1.95,1.95,1.95,0.0,0,1.95,863931261,LWLG  260618C00015000
2026-05-15T15:01:40+00:00,LWLG,OPT,20260618,C,15.0,TRADES,1.95,1.95,1.95,1.95,0.0,0,1.95,863931261,LWLG  260618C00015000
2026-05-15T15:01:50+00:00,LWLG,OPT,20260618,C,15.0,TRADES,1.95,1.95,1.95,1.95,0.0,0,1.95,863931261,LWLG  260618C00015000
2026-05-15T15:02:00+00:00,LWLG,OPT,20260618,C,15.0,TRADES,1.95,1.95,1.95,1.95,0.0,0,1.95,863931261,LWLG  260618C00015000
2026-05-15T15:02:10+00:00,LWLG,OPT,20260618,C,15.0,TRADES,1.95,1.95,1.95,1.95,0.0,0,1.95,863931261,LWLG  260618C00015000
2026-05-15T15:02:20+00:00,LWLG,OPT,20260618,C,15.0,TRADES,1.95,1.95,1.95,1.95,0.0,0,1.95,863931261,LWLG  260618C00015000
2026-05-15T15:02:30+00:00,LWLG,OPT,20260618,C,15.0,TRADES,1.95,1.95,1.95,1.95,0.0,0,1.95,863931261,LWLG  260618C00015000
2026-05-15T15:02:40+00:00,LWLG,OPT,20260618,C,15.0,TRADES,1.95,1.95,1.95,1.95,0.0,0,1.95,863931261,LWLG  260618C00015000
2026-05-15T15:02:50+00:00,LWLG,OPT,20260618,C,15.0,TRADES,1.95,1.95,1.95,1.95,0.0,0,1.95,863931261,LWLG  260618C00015000
2026-05-15T15:03:00+00:00,LWLG,OPT,20260618,C,15.0,TRADES,1.95,1.95,1.95,1.95,0.0,0,1.95,863931261,LWLG  260618C00015000
2026-05-15T15:03:10+00:00,LWLG,OPT,20260618,C,15.0,TRADES,1.95,1.95,1.95,1.95,0.0,0,1.95,863931261,LWLG  260618C00015000
2026-05-15T15:03:20+00:00,LWLG,OPT,20260618,C,15.0,TRADES,1.95,1.95,1.95,1.95,0.0,0,1.95,863931261,LWLG  260618C00015000
2026-05-15T15:03:30+00:00,LWLG,OPT,20260618,C,15.0,TRADES,1.95,1.95,1.95,1.95,0.0,0,1.95,863931261,LWLG  260618C00015000
2026-05-15T15:03:40+00:00,LWLG,OPT,20260618,C,15.0,TRADES,1.95,1.95,1.95,1.95,0.0,0,1.95,863931261,LWLG  260618C00015000
2026-05-15T15:03:50+00:00,LWLG,OPT,20260618,C,15.0,TRADES,1.95,1.95,1.95,1.95,0.0,0,1.95,863931261,LWLG  260618C00015000
2026-05-15T15:04:00+00:00,LWLG,OPT,20260618,C,15.0,TRADES,1.95,1.95,1.95,1.95,0.0,0,1.95,863931261,LWLG  260618C00015000
2026-05-15T15:04:10+00:00,LWLG,OPT,20260618,C,15.0,TRADES,1.95,1.95,1.95,1.95,0.0,0,1.95,863931261,LWLG  260618C00015000
2026-05-15T15:04:20+00:00,LWLG,OPT,20260618,C,15.0,TRADES,1.95,1.95,1.95,1.95,0.0,0,1.95,863931261,LWLG  260618C00015000
2026-05-15T15:04:30+00:00,LWLG,OPT,20260618,C,15.0,TRADES,1.95,1.95,1.95,1.95,0.0,0,1.95,863931261,LWLG  260618C00015000
2026-05-15T15:04:40+00:00,LWLG,OPT,20260618,C,15.0,TRADES,1.95,1.95,1.95,1.95,0.0,0,1.95,863931261,LWLG  260618C00015000
2026-05-15T15:04:50+00:00,LWLG,OPT,20260618,C,15.0,TRADES,1.95,1.95,1.95,1.95,0.0,0,1.95,863931261,LWLG  260618C00015000
2026-05-15T15:05:00+00:00,LWLG,OPT,20260618,C,15.0,TRADES,1.95,1.95,1.95,1.95,0.0,0,1.95,863931261,LWLG  260618C00015000
2026-05-15T15:05:10+00:00,LWLG,OPT,20260618,C,15.0,TRADES,1.95,1.95,1.95,1.95,0.0,0,1.95,863931261,LWLG  260618C00015000
2026-05-15T15:05:20+00:00,LWLG,OPT,20260618,C,15.0,TRADES,1.95,1.95,1.95,1.95,0.0,0,1.95,863931261,LWLG  260618C00015000
2026-05-15T15:05:30+00:00,LWLG,OPT,20260618,C,15.0,TRADES,1.95,1.95,1.95,1.95,0.0,0,1.95,863931261,LWLG  260618C00015000
2026-05-15T15:05:40+00:00,LWLG,OPT,20260618,C,15.0,TRADES,1.95,1.95,1.95,1.95,0.0,0,1.95,863931261,LWLG  260618C00015000
2026-05-15T15:05:50+00:00,LWLG,OPT,20260618,C,15.0,TRADES,1.95,1.95,1.95,1.95,0.0,0,1.95,863931261,LWLG  260618C00015000
2026-05-15T15:06:00+00:00,LWLG,OPT,20260618,C,15.0,TRADES,1.95,1.95,1.95,1.95,0.0,0,1.95,863931261,LWLG  260618C00015000
2026-05-15T15:06:10+00:00,LWLG,OPT,20260618,C,15.0,TRADES,1.95,1.95,1.95,1.95,0.0,0,1.95,863931261,LWLG  260618C00015000
2026-05-15T15:06:20+00:00,LWLG,OPT,20260618,C,15.0,TRADES,1.95,1.95,1.95,1.95,0.0,0,1.95,863931261,LWLG  260618C00015000
2026-05-15T15:06:30+00:00,LWLG,OPT,20260618,C,15.0,TRADES,1.95,1.95,1.95,1.95,0.0,0,1.95,863931261,LWLG  260618C00015000
2026-05-15T15:06:40+00:00,LWLG,OPT,20260618,C,15.0,TRADES,1.95,1.95,1.95,1.95,0.0,0,1.95,863931261,LWLG  260618C00015000
2026-05-15T15:06:50+00:00,LWLG,OPT,20260618,C,15.0,TRADES,1.95,1.95,1.95,1.95,0.0,0,1.95,863931261,LWLG  260618C00015000
2026-05-15T15:07:00+00:00,LWLG,OPT,20260618,C,15.0,TRADES,1.95,1.95,1.95,1.95,0.0,0,1.95,863931261,LWLG  260618C00015000
2026-05-15T15:07:10+00:00,LWLG,OPT,20260618,C,15.0,TRADES,1.95,1.95,1.95,1.95,0.0,0,1.95,863931261,LWLG  260618C00015000
2026-05-15T15:07:20+00:00,LWLG,OPT,20260618,C,15.0,TRADES,1.95,1.95,1.95,1.95,0.0,0,1.95,863931261,LWLG  260618C00015000
2026-05-15T15:07:30+00:00,LWLG,OPT,20260618,C,15.0,TRADES,1.95,1.95,1.95,1.95,0.0,0,1.95,863931261,LWLG  260618C00015000
2026-05-15T15:07:40+00:00,LWLG,OPT,20260618,C,15.0,TRADES,1.9,2.0,1.9,1.95,12.0,3,1.95,863931261,LWLG  260618C00015000
2026-05-15T15:07:50+00:00,LWLG,OPT,20260618,C,15.0,TRADES,1.95,2.0,1.95,1.95,0.0,0,1.95,863931261,LWLG  260618C00015000
2026-05-15T15:08:00+00:00,LWLG,OPT,20260618,C,15.0,TRADES,1.95,2.0,1.95,1.95,0.0,0,1.95,863931261,LWLG  260618C00015000
2026-05-15T15:08:10+00:00,LWLG,OPT,20260618,C,15.0,TRADES,1.95,2.0,1.95,1.95,0.0,0,1.95,863931261,LWLG  260618C00015000
2026-05-15T15:08:20+00:00,LWLG,OPT,20260618,C,15.0,TRADES,1.95,2.0,1.95,1.95,0.0,0,1.95,863931261,LWLG  260618C00015000
2026-05-15T15:08:30+00:00,LWLG,OPT,20260618,C,15.0,TRADES,1.95,2.0,1.95,1.95,0.0,0,1.95,863931261,LWLG  260618C00015000
2026-05-15T15:08:40+00:00,LWLG,OPT,20260618,C,15.0,TRADES,1.95,1.95,1.95,1.95,1.0,1,1.95,863931261,LWLG  260618C00015000
2026-05-15T15:08:50+00:00,LWLG,OPT,20260618,C,15.0,TRADES,1.95,1.95,1.95,1.95,0.0,0,1.95,863931261,LWLG  260618C00015000
2026-05-15T15:09:00+00:00,LWLG,OPT,20260618,C,15.0,TRADES,1.9,1.9,1.9,1.9,2.0,2,1.9,863931261,LWLG  260618C00015000
2026-05-15T15:09:10+00:00,LWLG,OPT,20260618,C,15.0,TRADES,1.9,1.9,1.9,1.9,0.0,0,1.9,863931261,LWLG  260618C00015000
2026-05-15T15:09:20+00:00,LWLG,OPT,20260618,C,15.0,TRADES,1.9,1.9,1.9,1.9,0.0,0,1.9,863931261,LWLG  260618C00015000
2026-05-15T15:09:30+00:00,LWLG,OPT,20260618,C,15.0,TRADES,1.9,1.9,1.9,1.9,0.0,0,1.9,863931261,LWLG  260618C00015000
2026-05-15T15:09:40+00:00,LWLG,OPT,20260618,C,15.0,TRADES,1.9,1.9,1.9,1.9,0.0,0,1.9,863931261,LWLG  260618C00015000
2026-05-15T15:09:50+00:00,LWLG,OPT,20260618,C,15.0,TRADES,1.9,1.9,1.9,1.9,0.0,0,1.9,863931261,LWLG  260618C00015000
2026-05-15T15:10:00+00:00,LWLG,OPT,20260618,C,15.0,TRADES,1.95,2.0,1.95,1.95,2.0,1,1.975,863931261,LWLG  260618C00015000
2026-05-15T15:10:10+00:00,LWLG,OPT,20260618,C,15.0,TRADES,1.95,2.0,1.95,1.95,0.0,0,1.95,863931261,LWLG  260618C00015000
2026-05-15T15:10:20+00:00,LWLG,OPT,20260618,C,15.0,TRADES,1.95,2.0,1.95,1.95,1.0,1,1.95,863931261,LWLG  260618C00015000
2026-05-15T15:10:30+00:00,LWLG,OPT,20260618,C,15.0,TRADES,1.95,2.0,1.95,1.95,0.0,0,1.95,863931261,LWLG  260618C00015000
2026-05-15T15:10:40+00:00,LWLG,OPT,20260618,C,15.0,TRADES,1.95,2.0,1.95,1.95,0.0,0,1.95,863931261,LWLG  260618C00015000
2026-05-15T15:10:50+00:00,LWLG,OPT,20260618,C,15.0,TRADES,1.95,2.0,1.95,1.95,0.0,0,1.95,863931261,LWLG  260618C00015000
2026-05-15T15:11:00+00:00,LWLG,OPT,20260618,C,15.0,TRADES,1.95,2.0,1.95,1.95,0.0,0,1.95,863931261,LWLG  260618C00015000
2026-05-15T15:11:10+00:00,LWLG,OPT,20260618,C,15.0,TRADES,1.95,2.0,1.95,1.95,0.0,0,1.95,863931261,LWLG  260618C00015000
2026-05-15T15:11:20+00:00,LWLG,OPT,20260618,C,15.0,TRADES,1.95,2.0,1.95,1.95,0.0,0,1.95,863931261,LWLG  260618C00015000
2026-05-15T15:11:30+00:00,LWLG,OPT,20260618,C,15.0,TRADES,1.95,2.0,1.95,1.95,0.0,0,1.95,863931261,LWLG  260618C00015000
2026-05-15T15:11:40+00:00,LWLG,OPT,20260618,C,15.0,TRADES,1.95,2.0,1.95,1.95,0.0,0,1.95,863931261,LWLG  260618C00015000
2026-05-15T15:11:50+00:00,LWLG,OPT,20260618,C,15.0,TRADES,1.95,2.0,1.95,1.95,0.0,0,1.95,863931261,LWLG  260618C00015000
2026-05-15T15:12:00+00:00,LWLG,OPT,20260618,C,15.0,TRADES,1.95,2.0,1.95,1.95,0.0,0,1.95,863931261,LWLG  260618C00015000
2026-05-15T15:12:10+00:00,LWLG,OPT,20260618,C,15.0,TRADES,1.95,2.0,1.95,1.95,0.0,0,1.95,863931261,LWLG  260618C00015000
2026-05-15T15:12:20+00:00,LWLG,OPT,20260618,C,15.0,TRADES,1.95,2.0,1.95,1.95,0.0,0,1.95,863931261,LWLG  260618C00015000
2026-05-15T15:12:30+00:00,LWLG,OPT,20260618,C,15.0,TRADES,1.95,2.0,1.95,1.95,0.0,0,1.95,863931261,LWLG  260618C00015000
2026-05-15T15:12:40+00:00,LWLG,OPT,20260618,C,15.0,TRADES,1.95,2.0,1.95,1.95,0.0,0,1.95,863931261,LWLG  260618C00015000
2026-05-15T15:12:50+00:00,LWLG,OPT,20260618,C,15.0,TRADES,1.95,2.0,1.95,1.95,0.0,0,1.95,863931261,LWLG  260618C00015000
2026-05-15T15:13:00+00:00,LWLG,OPT,20260618,C,15.0,TRADES,1.95,2.0,1.95,1.95,0.0,0,1.95,863931261,LWLG  260618C00015000
2026-05-15T15:13:10+00:00,LWLG,OPT,20260618,C,15.0,TRADES,1.95,2.0,1.95,1.95,0.0,0,1.95,863931261,LWLG  260618C00015000
2026-05-15T15:13:20+00:00,LWLG,OPT,20260618,C,15.0,TRADES,1.95,2.0,1.95,1.95,0.0,0,1.95,863931261,LWLG  260618C00015000
2026-05-15T15:13:30+00:00,LWLG,OPT,20260618,C,15.0,TRADES,1.95,2.0,1.95,1.95,0.0,0,1.95,863931261,LWLG  260618C00015000
2026-05-15T15:13:40+00:00,LWLG,OPT,20260618,C,15.0,TRADES,1.95,2.0,1.95,1.95,0.0,0,1.95,863931261,LWLG  260618C00015000
2026-05-15T15:13:50+00:00,LWLG,OPT,20260618,C,15.0,TRADES,1.95,2.0,1.95,1.95,0.0,0,1.95,863931261,LWLG  260618C00015000
2026-05-15T15:14:00+00:00,LWLG,OPT,20260618,C,15.0,TRADES,1.95,2.0,1.95,1.95,0.0,0,1.95,863931261,LWLG  260618C00015000
2026-05-15T15:14:10+00:00,LWLG,OPT,20260618,C,15.0,TRADES,1.95,2.0,1.95,1.95,0.0,0,1.95,863931261,LWLG  260618C00015000
2026-05-15T15:14:20+00:00,LWLG,OPT,20260618,C,15.0,TRADES,1.95,2.0,1.95,1.95,0.0,0,1.95,863931261,LWLG  260618C00015000
2026-05-15T15:14:30+00:00,LWLG,OPT,20260618,C,15.0,TRADES,1.95,2.0,1.95,1.95,0.0,0,1.95,863931261,LWLG  260618C00015000
2026-05-15T15:14:40+00:00,LWLG,OPT,20260618,C,15.0,TRADES,1.95,2.0,1.95,1.95,0.0,0,1.95,863931261,LWLG  260618C00015000
2026-05-15T15:14:50+00:00,LWLG,OPT,20260618,C,15.0,TRADES,1.95,2.0,1.95,1.95,0.0,0,1.95,863931261,LWLG  260618C00015000
2026-05-15T15:15:00+00:00,LWLG,OPT,20260618,C,15.0,TRADES,1.95,2.0,1.95,1.95,0.0,0,1.95,863931261,LWLG  260618C00015000
2026-05-15T15:15:10+00:00,LWLG,OPT,20260618,C,15.0,TRADES,1.95,2.0,1.95,1.95,0.0,0,1.95,863931261,LWLG  260618C00015000
2026-05-15T15:15:20+00:00,LWLG,OPT,20260618,C,15.0,TRADES,1.95,2.0,1.95,1.95,0.0,0,1.95,863931261,LWLG  260618C00015000
2026-05-15T15:15:30+00:00,LWLG,OPT,20260618,C,15.0,TRADES,1.95,2.0,1.95,1.95,0.0,0,1.95,863931261,LWLG  260618C00015000
2026-05-15T15:15:40+00:00,LWLG,OPT,20260618,C,15.0,TRADES,1.95,2.0,1.95,1.95,0.0,0,1.95,863931261,LWLG  260618C00015000
2026-05-15T15:15:50+00:00,LWLG,OPT,20260618,C,15.0,TRADES,1.95,2.0,1.95,1.95,0.0,0,1.95,863931261,LWLG  260618C00015000
2026-05-15T15:16:00+00:00,LWLG,OPT,20260618,C,15.0,TRADES,1.95,2.0,1.95,1.95,0.0,0,1.95,863931261,LWLG  260618C00015000
2026-05-15T15:16:10+00:00,LWLG,OPT,20260618,C,15.0,TRADES,1.95,2.0,1.95,1.95,0.0,0,1.95,863931261,LWLG  260618C00015000
2026-05-15T15:16:20+00:00,LWLG,OPT,20260618,C,15.0,TRADES,1.95,2.0,1.95,1.95,0.0,0,1.95,863931261,LWLG  260618C00015000
2026-05-15T15:16:30+00:00,LWLG,OPT,20260618,C,15.0,TRADES,1.95,2.0,1.95,1.95,0.0,0,1.95,863931261,LWLG  260618C00015000
2026-05-15T15:16:40+00:00,LWLG,OPT,20260618,C,15.0,TRADES,1.95,2.0,1.95,1.95,0.0,0,1.95,863931261,LWLG  260618C00015000
2026-05-15T15:16:50+00:00,LWLG,OPT,20260618,C,15.0,TRADES,1.95,2.0,1.95,1.95,0.0,0,1.95,863931261,LWLG  260618C00015000
2026-05-15T15:17:00+00:00,LWLG,OPT,20260618,C,15.0,TRADES,1.95,2.0,1.95,1.95,0.0,0,1.95,863931261,LWLG  260618C00015000
2026-05-15T15:17:10+00:00,LWLG,OPT,20260618,C,15.0,TRADES,1.95,2.0,1.95,1.95,0.0,0,1.95,863931261,LWLG  260618C00015000
2026-05-15T15:17:20+00:00,LWLG,OPT,20260618,C,15.0,TRADES,1.95,2.0,1.95,1.95,0.0,0,1.95,863931261,LWLG  260618C00015000
2026-05-15T15:17:30+00:00,LWLG,OPT,20260618,C,15.0,TRADES,1.95,2.0,1.95,1.95,0.0,0,1.95,863931261,LWLG  260618C00015000
2026-05-15T15:17:40+00:00,LWLG,OPT,20260618,C,15.0,TRADES,1.95,2.0,1.95,1.95,0.0,0,1.95,863931261,LWLG  260618C00015000
2026-05-15T15:17:50+00:00,LWLG,OPT,20260618,C,15.0,TRADES,1.95,2.0,1.95,1.95,0.0,0,1.95,863931261,LWLG  260618C00015000
2026-05-15T15:18:00+00:00,LWLG,OPT,20260618,C,15.0,TRADES,1.95,2.0,1.95,1.95,0.0,0,1.95,863931261,LWLG  260618C00015000
2026-05-15T15:18:10+00:00,LWLG,OPT,20260618,C,15.0,TRADES,1.95,2.0,1.95,1.95,0.0,0,1.95,863931261,LWLG  260618C00015000
2026-05-15T15:18:20+00:00,LWLG,OPT,20260618,C,15.0,TRADES,1.95,2.0,1.95,1.95,0.0,0,1.95,863931261,LWLG  260618C00015000
2026-05-15T15:18:30+00:00,LWLG,OPT,20260618,C,15.0,TRADES,1.95,2.0,1.95,1.95,0.0,0,1.95,863931261,LWLG  260618C00015000
2026-05-15T15:18:40+00:00,LWLG,OPT,20260618,C,15.0,TRADES,1.95,2.0,1.95,1.95,0.0,0,1.95,863931261,LWLG  260618C00015000
2026-05-15T15:18:50+00:00,LWLG,OPT,20260618,C,15.0,TRADES,1.95,2.0,1.95,1.95,0.0,0,1.95,863931261,LWLG  260618C00015000
2026-05-15T15:19:00+00:00,LWLG,OPT,20260618,C,15.0,TRADES,1.95,2.0,1.95,1.95,0.0,0,1.95,863931261,LWLG  260618C00015000
2026-05-15T15:19:10+00:00,LWLG,OPT,20260618,C,15.0,TRADES,1.95,2.0,1.95,1.95,0.0,0,1.95,863931261,LWLG  260618C00015000
2026-05-15T15:19:20+00:00,LWLG,OPT,20260618,C,15.0,TRADES,1.95,2.0,1.95,1.95,0.0,0,1.95,863931261,LWLG  260618C00015000
2026-05-15T15:19:30+00:00,LWLG,OPT,20260618,C,15.0,TRADES,1.95,2.0,1.95,1.95,0.0,0,1.95,863931261,LWLG  260618C00015000
2026-05-15T15:19:40+00:00,LWLG,OPT,20260618,C,15.0,TRADES,1.95,2.0,1.95,1.95,0.0,0,1.95,863931261,LWLG  260618C00015000
2026-05-15T15:19:50+00:00,LWLG,OPT,20260618,C,15.0,TRADES,1.95,2.0,1.95,1.95,0.0,0,1.95,863931261,LWLG  260618C00015000
2026-05-15T15:20:00+00:00,LWLG,OPT,20260618,C,15.0,TRADES,1.95,2.0,1.95,1.95,0.0,0,1.95,863931261,LWLG  260618C00015000
2026-05-15T15:20:10+00:00,LWLG,OPT,20260618,C,15.0,TRADES,1.95,2.0,1.95,1.95,0.0,0,1.95,863931261,LWLG  260618C00015000
2026-05-15T15:20:20+00:00,LWLG,OPT,20260618,C,15.0,TRADES,1.95,2.0,1.95,1.95,0.0,0,1.95,863931261,LWLG  260618C00015000
2026-05-15T15:20:30+00:00,LWLG,OPT,20260618,C,15.0,TRADES,1.95,2.0,1.95,1.95,0.0,0,1.95,863931261,LWLG  260618C00015000
2026-05-15T15:20:40+00:00,LWLG,OPT,20260618,C,15.0,TRADES,1.95,2.0,1.95,1.95,0.0,0,1.95,863931261,LWLG  260618C00015000
2026-05-15T15:20:50+00:00,LWLG,OPT,20260618,C,15.0,TRADES,1.95,2.0,1.95,1.95,0.0,0,1.95,863931261,LWLG  260618C00015000
2026-05-15T15:21:00+00:00,LWLG,OPT,20260618,C,15.0,TRADES,1.95,2.0,1.95,1.95,0.0,0,1.95,863931261,LWLG  260618C00015000
2026-05-15T15:21:10+00:00,LWLG,OPT,20260618,C,15.0,TRADES,1.95,2.0,1.95,1.95,0.0,0,1.95,863931261,LWLG  260618C00015000
2026-05-15T15:21:20+00:00,LWLG,OPT,20260618,C,15.0,TRADES,1.95,2.0,1.95,1.95,0.0,0,1.95,863931261,LWLG  260618C00015000
2026-05-15T15:21:30+00:00,LWLG,OPT,20260618,C,15.0,TRADES,1.95,2.0,1.95,1.95,0.0,0,1.95,863931261,LWLG  260618C00015000
2026-05-15T15:21:40+00:00,LWLG,OPT,20260618,C,15.0,TRADES,1.95,2.0,1.95,1.95,0.0,0,1.95,863931261,LWLG  260618C00015000
2026-05-15T15:21:50+00:00,LWLG,OPT,20260618,C,15.0,TRADES,1.95,2.0,1.95,1.95,0.0,0,1.95,863931261,LWLG  260618C00015000
2026-05-15T15:22:00+00:00,LWLG,OPT,20260618,C,15.0,TRADES,1.95,2.0,1.95,1.95,0.0,0,1.95,863931261,LWLG  260618C00015000
2026-05-15T15:22:10+00:00,LWLG,OPT,20260618,C,15.0,TRADES,1.95,2.0,1.95,1.95,0.0,0,1.95,863931261,LWLG  260618C00015000
2026-05-15T15:22:20+00:00,LWLG,OPT,20260618,C,15.0,TRADES,1.95,2.0,1.95,1.95,0.0,0,1.95,863931261,LWLG  260618C00015000
2026-05-15T15:22:30+00:00,LWLG,OPT,20260618,C,15.0,TRADES,1.95,2.0,1.95,1.95,0.0,0,1.95,863931261,LWLG  260618C00015000
2026-05-15T15:22:40+00:00,LWLG,OPT,20260618,C,15.0,TRADES,1.95,2.0,1.95,1.95,0.0,0,1.95,863931261,LWLG  260618C00015000
2026-05-15T15:22:50+00:00,LWLG,OPT,20260618,C,15.0,TRADES,1.95,2.0,1.95,1.95,0.0,0,1.95,863931261,LWLG  260618C00015000
2026-05-15T15:23:00+00:00,LWLG,OPT,20260618,C,15.0,TRADES,1.95,2.0,1.95,1.95,0.0,0,1.95,863931261,LWLG  260618C00015000
2026-05-15T15:23:10+00:00,LWLG,OPT,20260618,C,15.0,TRADES,1.95,2.0,1.95,1.95,0.0,0,1.95,863931261,LWLG  260618C00015000
2026-05-15T15:23:20+00:00,LWLG,OPT,20260618,C,15.0,TRADES,1.95,2.0,1.95,1.95,0.0,0,1.95,863931261,LWLG  260618C00015000
2026-05-15T15:23:30+00:00,LWLG,OPT,20260618,C,15.0,TRADES,1.95,2.0,1.95,1.95,0.0,0,1.95,863931261,LWLG  260618C00015000
2026-05-15T15:23:40+00:00,LWLG,OPT,20260618,C,15.0,TRADES,1.95,2.0,1.95,1.95,0.0,0,1.95,863931261,LWLG  260618C00015000
2026-05-15T15:23:50+00:00,LWLG,OPT,20260618,C,15.0,TRADES,1.95,2.0,1.95,1.95,0.0,0,1.95,863931261,LWLG  260618C00015000
2026-05-15T15:24:00+00:00,LWLG,OPT,20260618,C,15.0,TRADES,1.95,2.0,1.95,1.95,0.0,0,1.95,863931261,LWLG  260618C00015000
2026-05-15T15:24:10+00:00,LWLG,OPT,20260618,C,15.0,TRADES,1.95,2.0,1.95,1.95,0.0,0,1.95,863931261,LWLG  260618C00015000
2026-05-15T15:24:20+00:00,LWLG,OPT,20260618,C,15.0,TRADES,1.95,2.0,1.95,1.95,0.0,0,1.95,863931261,LWLG  260618C00015000
2026-05-15T15:24:30+00:00,LWLG,OPT,20260618,C,15.0,TRADES,1.95,2.0,1.95,1.95,0.0,0,1.95,863931261,LWLG  260618C00015000
2026-05-15T15:24:40+00:00,LWLG,OPT,20260618,C,15.0,TRADES,1.95,2.0,1.95,1.95,0.0,0,1.95,863931261,LWLG  260618C00015000
2026-05-15T15:24:50+00:00,LWLG,OPT,20260618,C,15.0,TRADES,1.95,2.0,1.95,1.95,0.0,0,1.95,863931261,LWLG  260618C00015000
2026-05-15T15:25:00+00:00,LWLG,OPT,20260618,C,15.0,TRADES,1.95,2.0,1.95,1.95,0.0,0,1.95,863931261,LWLG  260618C00015000
2026-05-15T15:25:10+00:00,LWLG,OPT,20260618,C,15.0,TRADES,1.95,2.0,1.95,1.95,0.0,0,1.95,863931261,LWLG  260618C00015000
2026-05-15T15:25:20+00:00,LWLG,OPT,20260618,C,15.0,TRADES,1.95,2.0,1.95,1.95,0.0,0,1.95,863931261,LWLG  260618C00015000
2026-05-15T15:25:30+00:00,LWLG,OPT,20260618,C,15.0,TRADES,1.95,2.0,1.95,1.95,0.0,0,1.95,863931261,LWLG  260618C00015000
2026-05-15T15:25:40+00:00,LWLG,OPT,20260618,C,15.0,TRADES,1.95,2.0,1.95,1.95,0.0,0,1.95,863931261,LWLG  260618C00015000
2026-05-15T15:25:50+00:00,LWLG,OPT,20260618,C,15.0,TRADES,1.95,2.0,1.95,1.95,0.0,0,1.95,863931261,LWLG  260618C00015000
2026-05-15T15:26:00+00:00,LWLG,OPT,20260618,C,15.0,TRADES,1.95,2.0,1.95,1.95,0.0,0,1.95,863931261,LWLG  260618C00015000
2026-05-15T15:26:10+00:00,LWLG,OPT,20260618,C,15.0,TRADES,1.95,2.0,1.95,1.95,3.0,1,1.965,863931261,LWLG  260618C00015000
2026-05-15T15:26:20+00:00,LWLG,OPT,20260618,C,15.0,TRADES,1.95,2.0,1.95,1.95,0.0,0,1.95,863931261,LWLG  260618C00015000
2026-05-15T15:26:30+00:00,LWLG,OPT,20260618,C,15.0,TRADES,1.95,2.0,1.95,1.95,0.0,0,1.95,863931261,LWLG  260618C00015000
2026-05-15T15:26:40+00:00,LWLG,OPT,20260618,C,15.0,TRADES,1.95,2.0,1.95,1.95,0.0,0,1.95,863931261,LWLG  260618C00015000
2026-05-15T15:26:50+00:00,LWLG,OPT,20260618,C,15.0,TRADES,1.95,2.0,1.95,1.95,0.0,0,1.95,863931261,LWLG  260618C00015000
2026-05-15T15:27:00+00:00,LWLG,OPT,20260618,C,15.0,TRADES,1.95,2.0,1.95,1.95,0.0,0,1.95,863931261,LWLG  260618C00015000
2026-05-15T15:27:10+00:00,LWLG,OPT,20260618,C,15.0,TRADES,1.95,2.0,1.95,1.95,0.0,0,1.95,863931261,LWLG  260618C00015000
2026-05-15T15:27:20+00:00,LWLG,OPT,20260618,C,15.0,TRADES,1.95,1.95,1.95,1.95,4.0,1,1.95,863931261,LWLG  260618C00015000
2026-05-15T15:27:30+00:00,LWLG,OPT,20260618,C,15.0,TRADES,1.95,1.95,1.95,1.95,0.0,0,1.95,863931261,LWLG  260618C00015000
2026-05-15T15:27:40+00:00,LWLG,OPT,20260618,C,15.0,TRADES,1.95,1.95,1.95,1.95,0.0,0,1.95,863931261,LWLG  260618C00015000
2026-05-15T15:27:50+00:00,LWLG,OPT,20260618,C,15.0,TRADES,1.95,1.95,1.95,1.95,0.0,0,1.95,863931261,LWLG  260618C00015000
2026-05-15T15:28:00+00:00,LWLG,OPT,20260618,C,15.0,TRADES,1.95,1.95,1.95,1.95,0.0,0,1.95,863931261,LWLG  260618C00015000
2026-05-15T15:28:10+00:00,LWLG,OPT,20260618,C,15.0,TRADES,1.95,1.95,1.95,1.95,0.0,0,1.95,863931261,LWLG  260618C00015000
2026-05-15T15:28:20+00:00,LWLG,OPT,20260618,C,15.0,TRADES,1.95,1.95,1.95,1.95,3.0,1,1.95,863931261,LWLG  260618C00015000
2026-05-15T15:28:30+00:00,LWLG,OPT,20260618,C,15.0,TRADES,1.95,1.95,1.95,1.95,0.0,0,1.95,863931261,LWLG  260618C00015000
2026-05-15T15:28:40+00:00,LWLG,OPT,20260618,C,15.0,TRADES,1.95,1.95,1.95,1.95,0.0,0,1.95,863931261,LWLG  260618C00015000
2026-05-15T15:28:50+00:00,LWLG,OPT,20260618,C,15.0,TRADES,1.95,1.95,1.95,1.95,0.0,0,1.95,863931261,LWLG  260618C00015000
2026-05-15T15:29:00+00:00,LWLG,OPT,20260618,C,15.0,TRADES,1.95,1.95,1.95,1.95,0.0,0,1.95,863931261,LWLG  260618C00015000
2026-05-15T15:29:10+00:00,LWLG,OPT,20260618,C,15.0,TRADES,1.95,1.95,1.95,1.95,0.0,0,1.95,863931261,LWLG  260618C00015000
2026-05-15T15:29:20+00:00,LWLG,OPT,20260618,C,15.0,TRADES,1.95,1.95,1.95,1.95,0.0,0,1.95,863931261,LWLG  260618C00015000
2026-05-15T15:29:30+00:00,LWLG,OPT,20260618,C,15.0,TRADES,1.95,1.95,1.95,1.95,0.0,0,1.95,863931261,LWLG  260618C00015000
2026-05-15T15:29:40+00:00,LWLG,OPT,20260618,C,15.0,TRADES,1.95,1.95,1.95,1.95,0.0,0,1.95,863931261,LWLG  260618C00015000
2026-05-15T15:29:50+00:00,LWLG,OPT,20260618,C,15.0,TRADES,1.95,1.95,1.95,1.95,0.0,0,1.95,863931261,LWLG  260618C00015000
2026-05-15T15:30:00+00:00,LWLG,OPT,20260618,C,15.0,TRADES,1.95,1.95,1.95,1.95,0.0,0,1.95,863931261,LWLG  260618C00015000
2026-05-15T15:30:10+00:00,LWLG,OPT,20260618,C,15.0,TRADES,1.95,1.95,1.95,1.95,0.0,0,1.95,863931261,LWLG  260618C00015000
2026-05-15T15:30:20+00:00,LWLG,OPT,20260618,C,15.0,TRADES,1.95,1.95,1.95,1.95,0.0,0,1.95,863931261,LWLG  260618C00015000
2026-05-15T15:30:30+00:00,LWLG,OPT,20260618,C,15.0,TRADES,1.95,1.95,1.95,1.95,0.0,0,1.95,863931261,LWLG  260618C00015000
2026-05-15T15:30:40+00:00,LWLG,OPT,20260618,C,15.0,TRADES,1.95,1.95,1.95,1.95,0.0,0,1.95,863931261,LWLG  260618C00015000
2026-05-15T15:30:50+00:00,LWLG,OPT,20260618,C,15.0,TRADES,1.95,1.95,1.95,1.95,0.0,0,1.95,863931261,LWLG  260618C00015000
2026-05-15T15:31:00+00:00,LWLG,OPT,20260618,C,15.0,TRADES,1.95,1.95,1.95,1.95,0.0,0,1.95,863931261,LWLG  260618C00015000
2026-05-15T15:31:10+00:00,LWLG,OPT,20260618,C,15.0,TRADES,1.95,1.95,1.95,1.95,0.0,0,1.95,863931261,LWLG  260618C00015000
2026-05-15T15:31:20+00:00,LWLG,OPT,20260618,C,15.0,TRADES,1.95,1.95,1.95,1.95,0.0,0,1.95,863931261,LWLG  260618C00015000
2026-05-15T15:31:30+00:00,LWLG,OPT,20260618,C,15.0,TRADES,1.95,1.95,1.95,1.95,0.0,0,1.95,863931261,LWLG  260618C00015000
2026-05-15T15:31:40+00:00,LWLG,OPT,20260618,C,15.0,TRADES,1.95,1.95,1.95,1.95,0.0,0,1.95,863931261,LWLG  260618C00015000
2026-05-15T15:31:50+00:00,LWLG,OPT,20260618,C,15.0,TRADES,1.95,1.95,1.95,1.95,0.0,0,1.95,863931261,LWLG  260618C00015000
2026-05-15T15:32:00+00:00,LWLG,OPT,20260618,C,15.0,TRADES,1.95,1.95,1.95,1.95,0.0,0,1.95,863931261,LWLG  260618C00015000
2026-05-15T15:32:10+00:00,LWLG,OPT,20260618,C,15.0,TRADES,1.95,1.95,1.95,1.95,0.0,0,1.95,863931261,LWLG  260618C00015000
2026-05-15T15:32:20+00:00,LWLG,OPT,20260618,C,15.0,TRADES,1.95,1.95,1.95,1.95,0.0,0,1.95,863931261,LWLG  260618C00015000
2026-05-15T15:32:30+00:00,LWLG,OPT,20260618,C,15.0,TRADES,1.95,1.95,1.95,1.95,0.0,0,1.95,863931261,LWLG  260618C00015000
2026-05-15T15:32:40+00:00,LWLG,OPT,20260618,C,15.0,TRADES,1.95,1.95,1.95,1.95,0.0,0,1.95,863931261,LWLG  260618C00015000
2026-05-15T15:32:50+00:00,LWLG,OPT,20260618,C,15.0,TRADES,1.95,1.95,1.95,1.95,0.0,0,1.95,863931261,LWLG  260618C00015000
2026-05-15T15:33:00+00:00,LWLG,OPT,20260618,C,15.0,TRADES,1.95,1.95,1.95,1.95,0.0,0,1.95,863931261,LWLG  260618C00015000
2026-05-15T15:33:10+00:00,LWLG,OPT,20260618,C,15.0,TRADES,1.95,1.95,1.95,1.95,0.0,0,1.95,863931261,LWLG  260618C00015000
2026-05-15T15:33:20+00:00,LWLG,OPT,20260618,C,15.0,TRADES,1.95,1.95,1.95,1.95,0.0,0,1.95,863931261,LWLG  260618C00015000
2026-05-15T15:33:30+00:00,LWLG,OPT,20260618,C,15.0,TRADES,1.95,1.95,1.95,1.95,0.0,0,1.95,863931261,LWLG  260618C00015000
2026-05-15T15:33:40+00:00,LWLG,OPT,20260618,C,15.0,TRADES,1.95,1.95,1.95,1.95,0.0,0,1.95,863931261,LWLG  260618C00015000
2026-05-15T15:33:50+00:00,LWLG,OPT,20260618,C,15.0,TRADES,1.95,1.95,1.95,1.95,0.0,0,1.95,863931261,LWLG  260618C00015000
2026-05-15T15:34:00+00:00,LWLG,OPT,20260618,C,15.0,TRADES,1.95,1.95,1.95,1.95,0.0,0,1.95,863931261,LWLG  260618C00015000
2026-05-15T15:34:10+00:00,LWLG,OPT,20260618,C,15.0,TRADES,1.95,1.95,1.95,1.95,0.0,0,1.95,863931261,LWLG  260618C00015000
2026-05-15T15:34:20+00:00,LWLG,OPT,20260618,C,15.0,TRADES,1.95,1.95,1.95,1.95,0.0,0,1.95,863931261,LWLG  260618C00015000
2026-05-15T15:34:30+00:00,LWLG,OPT,20260618,C,15.0,TRADES,1.95,1.95,1.95,1.95,0.0,0,1.95,863931261,LWLG  260618C00015000
2026-05-15T15:34:40+00:00,LWLG,OPT,20260618,C,15.0,TRADES,1.95,1.95,1.95,1.95,0.0,0,1.95,863931261,LWLG  260618C00015000
2026-05-15T15:34:50+00:00,LWLG,OPT,20260618,C,15.0,TRADES,1.95,1.95,1.95,1.95,0.0,0,1.95,863931261,LWLG  260618C00015000
2026-05-15T15:35:00+00:00,LWLG,OPT,20260618,C,15.0,TRADES,1.95,1.95,1.95,1.95,8.0,1,1.95,863931261,LWLG  260618C00015000
2026-05-15T15:35:10+00:00,LWLG,OPT,20260618,C,15.0,TRADES,1.95,1.95,1.95,1.95,0.0,0,1.95,863931261,LWLG  260618C00015000
2026-05-15T15:35:20+00:00,LWLG,OPT,20260618,C,15.0,TRADES,1.95,1.95,1.95,1.95,0.0,0,1.95,863931261,LWLG  260618C00015000
2026-05-15T15:35:30+00:00,LWLG,OPT,20260618,C,15.0,TRADES,1.95,1.95,1.95,1.95,0.0,0,1.95,863931261,LWLG  260618C00015000
2026-05-15T15:35:40+00:00,LWLG,OPT,20260618,C,15.0,TRADES,1.95,1.95,1.95,1.95,0.0,0,1.95,863931261,LWLG  260618C00015000
2026-05-15T15:35:50+00:00,LWLG,OPT,20260618,C,15.0,TRADES,1.95,1.95,1.95,1.95,0.0,0,1.95,863931261,LWLG  260618C00015000
2026-05-15T15:36:00+00:00,LWLG,OPT,20260618,C,15.0,TRADES,1.95,1.95,1.95,1.95,0.0,0,1.95,863931261,LWLG  260618C00015000
2026-05-15T15:36:10+00:00,LWLG,OPT,20260618,C,15.0,TRADES,1.95,1.95,1.95,1.95,0.0,0,1.95,863931261,LWLG  260618C00015000
2026-05-15T15:36:20+00:00,LWLG,OPT,20260618,C,15.0,TRADES,1.95,1.95,1.95,1.95,0.0,0,1.95,863931261,LWLG  260618C00015000
2026-05-15T15:36:30+00:00,LWLG,OPT,20260618,C,15.0,TRADES,1.95,1.95,1.95,1.95,0.0,0,1.95,863931261,LWLG  260618C00015000
2026-05-15T15:36:40+00:00,LWLG,OPT,20260618,C,15.0,TRADES,1.95,1.95,1.95,1.95,0.0,0,1.95,863931261,LWLG  260618C00015000
2026-05-15T15:36:50+00:00,LWLG,OPT,20260618,C,15.0,TRADES,1.95,1.95,1.95,1.95,0.0,0,1.95,863931261,LWLG  260618C00015000
2026-05-15T15:37:00+00:00,LWLG,OPT,20260618,C,15.0,TRADES,1.95,1.95,1.95,1.95,0.0,0,1.95,863931261,LWLG  260618C00015000
2026-05-15T15:37:10+00:00,LWLG,OPT,20260618,C,15.0,TRADES,2.0,2.0,2.0,2.0,6.0,2,2.0,863931261,LWLG  260618C00015000
2026-05-15T15:37:20+00:00,LWLG,OPT,20260618,C,15.0,TRADES,2.0,2.0,2.0,2.0,0.0,0,2.0,863931261,LWLG  260618C00015000
2026-05-15T15:37:30+00:00,LWLG,OPT,20260618,C,15.0,TRADES,2.0,2.0,2.0,2.0,0.0,0,2.0,863931261,LWLG  260618C00015000
2026-05-15T15:37:40+00:00,LWLG,OPT,20260618,C,15.0,TRADES,2.0,2.0,2.0,2.0,0.0,0,2.0,863931261,LWLG  260618C00015000
2026-05-15T15:37:50+00:00,LWLG,OPT,20260618,C,15.0,TRADES,2.05,2.1,2.05,2.05,1.0,1,2.05,863931261,LWLG  260618C00015000
2026-05-15T15:38:00+00:00,LWLG,OPT,20260618,C,15.0,TRADES,2.05,2.1,2.05,2.05,0.0,0,2.05,863931261,LWLG  260618C00015000
2026-05-15T15:38:10+00:00,LWLG,OPT,20260618,C,15.0,TRADES,2.05,2.1,2.05,2.05,0.0,0,2.05,863931261,LWLG  260618C00015000
2026-05-15T15:38:20+00:00,LWLG,OPT,20260618,C,15.0,TRADES,2.05,2.1,2.05,2.05,0.0,0,2.05,863931261,LWLG  260618C00015000
2026-05-15T15:38:30+00:00,LWLG,OPT,20260618,C,15.0,TRADES,2.05,2.1,2.05,2.05,0.0,0,2.05,863931261,LWLG  260618C00015000
2026-05-15T15:38:40+00:00,LWLG,OPT,20260618,C,15.0,TRADES,2.05,2.1,2.05,2.05,0.0,0,2.05,863931261,LWLG  260618C00015000
2026-05-15T15:38:50+00:00,LWLG,OPT,20260618,C,15.0,TRADES,2.05,2.1,2.05,2.05,0.0,0,2.05,863931261,LWLG  260618C00015000
2026-05-15T15:39:00+00:00,LWLG,OPT,20260618,C,15.0,TRADES,2.05,2.05,2.0,2.05,30.0,1,2.03,863931261,LWLG  260618C00015000
2026-05-15T15:39:10+00:00,LWLG,OPT,20260618,C,15.0,TRADES,2.05,2.05,2.0,2.05,0.0,0,2.05,863931261,LWLG  260618C00015000
2026-05-15T15:39:20+00:00,LWLG,OPT,20260618,C,15.0,TRADES,2.05,2.05,2.0,2.05,0.0,0,2.05,863931261,LWLG  260618C00015000
2026-05-15T15:39:30+00:00,LWLG,OPT,20260618,C,15.0,TRADES,2.05,2.05,2.0,2.05,0.0,0,2.05,863931261,LWLG  260618C00015000
2026-05-15T15:39:40+00:00,LWLG,OPT,20260618,C,15.0,TRADES,2.05,2.05,2.0,2.05,0.0,0,2.05,863931261,LWLG  260618C00015000
2026-05-15T15:39:50+00:00,LWLG,OPT,20260618,C,15.0,TRADES,2.05,2.05,2.0,2.05,0.0,0,2.05,863931261,LWLG  260618C00015000
2026-05-15T15:40:00+00:00,LWLG,OPT,20260618,C,15.0,TRADES,2.05,2.05,2.0,2.05,0.0,0,2.05,863931261,LWLG  260618C00015000
2026-05-15T15:40:10+00:00,LWLG,OPT,20260618,C,15.0,TRADES,2.05,2.05,2.0,2.05,0.0,0,2.05,863931261,LWLG  260618C00015000
2026-05-15T15:40:20+00:00,LWLG,OPT,20260618,C,15.0,TRADES,2.05,2.05,2.0,2.05,0.0,0,2.05,863931261,LWLG  260618C00015000
2026-05-15T15:40:30+00:00,LWLG,OPT,20260618,C,15.0,TRADES,2.05,2.05,2.0,2.05,0.0,0,2.05,863931261,LWLG  260618C00015000
2026-05-15T15:40:40+00:00,LWLG,OPT,20260618,C,15.0,TRADES,2.05,2.05,2.0,2.05,0.0,0,2.05,863931261,LWLG  260618C00015000
2026-05-15T15:40:50+00:00,LWLG,OPT,20260618,C,15.0,TRADES,2.05,2.05,2.0,2.05,0.0,0,2.05,863931261,LWLG  260618C00015000
2026-05-15T15:41:00+00:00,LWLG,OPT,20260618,C,15.0,TRADES,2.05,2.05,2.0,2.05,0.0,0,2.05,863931261,LWLG  260618C00015000
2026-05-15T15:41:10+00:00,LWLG,OPT,20260618,C,15.0,TRADES,2.05,2.05,2.0,2.05,0.0,0,2.05,863931261,LWLG  260618C00015000
2026-05-15T15:41:20+00:00,LWLG,OPT,20260618,C,15.0,TRADES,2.05,2.05,2.0,2.05,0.0,0,2.05,863931261,LWLG  260618C00015000
2026-05-15T15:41:30+00:00,LWLG,OPT,20260618,C,15.0,TRADES,2.05,2.05,2.0,2.05,0.0,0,2.05,863931261,LWLG  260618C00015000
2026-05-15T15:41:40+00:00,LWLG,OPT,20260618,C,15.0,TRADES,2.05,2.05,2.0,2.05,0.0,0,2.05,863931261,LWLG  260618C00015000
2026-05-15T15:41:50+00:00,LWLG,OPT,20260618,C,15.0,TRADES,2.05,2.05,2.0,2.05,0.0,0,2.05,863931261,LWLG  260618C00015000
2026-05-15T15:42:00+00:00,LWLG,OPT,20260618,C,15.0,TRADES,2.05,2.05,2.0,2.05,0.0,0,2.05,863931261,LWLG  260618C00015000
2026-05-15T15:42:10+00:00,LWLG,OPT,20260618,C,15.0,TRADES,2.05,2.05,2.0,2.05,0.0,0,2.05,863931261,LWLG  260618C00015000
2026-05-15T15:42:20+00:00,LWLG,OPT,20260618,C,15.0,TRADES,2.0,2.0,1.95,2.0,3.0,2,1.985,863931261,LWLG  260618C00015000
2026-05-15T15:42:30+00:00,LWLG,OPT,20260618,C,15.0,TRADES,2.0,2.0,1.95,2.0,0.0,0,2.0,863931261,LWLG  260618C00015000
2026-05-15T15:42:40+00:00,LWLG,OPT,20260618,C,15.0,TRADES,2.0,2.0,1.95,2.0,0.0,0,2.0,863931261,LWLG  260618C00015000
2026-05-15T15:42:50+00:00,LWLG,OPT,20260618,C,15.0,TRADES,2.0,2.0,1.95,2.0,0.0,0,2.0,863931261,LWLG  260618C00015000
2026-05-15T15:43:00+00:00,LWLG,OPT,20260618,C,15.0,TRADES,2.0,2.0,1.95,2.0,0.0,0,2.0,863931261,LWLG  260618C00015000
2026-05-15T15:43:10+00:00,LWLG,OPT,20260618,C,15.0,TRADES,2.0,2.0,1.95,2.0,0.0,0,2.0,863931261,LWLG  260618C00015000
2026-05-15T15:43:20+00:00,LWLG,OPT,20260618,C,15.0,TRADES,2.0,2.0,1.95,2.0,0.0,0,2.0,863931261,LWLG  260618C00015000
2026-05-15T15:43:30+00:00,LWLG,OPT,20260618,C,15.0,TRADES,2.0,2.0,1.95,2.0,0.0,0,2.0,863931261,LWLG  260618C00015000
2026-05-15T15:43:40+00:00,LWLG,OPT,20260618,C,15.0,TRADES,2.0,2.0,1.95,2.0,0.0,0,2.0,863931261,LWLG  260618C00015000
2026-05-15T15:43:50+00:00,LWLG,OPT,20260618,C,15.0,TRADES,2.0,2.0,1.95,2.0,0.0,0,2.0,863931261,LWLG  260618C00015000
2026-05-15T15:44:00+00:00,LWLG,OPT,20260618,C,15.0,TRADES,2.0,2.0,1.95,2.0,0.0,0,2.0,863931261,LWLG  260618C00015000
2026-05-15T15:44:10+00:00,LWLG,OPT,20260618,C,15.0,TRADES,2.0,2.0,1.95,2.0,0.0,0,2.0,863931261,LWLG  260618C00015000
2026-05-15T15:44:20+00:00,LWLG,OPT,20260618,C,15.0,TRADES,2.0,2.0,1.95,2.0,0.0,0,2.0,863931261,LWLG  260618C00015000
2026-05-15T15:44:30+00:00,LWLG,OPT,20260618,C,15.0,TRADES,2.0,2.0,1.95,2.0,0.0,0,2.0,863931261,LWLG  260618C00015000
2026-05-15T15:44:40+00:00,LWLG,OPT,20260618,C,15.0,TRADES,2.0,2.0,1.95,2.0,0.0,0,2.0,863931261,LWLG  260618C00015000
2026-05-15T15:44:50+00:00,LWLG,OPT,20260618,C,15.0,TRADES,2.0,2.0,1.95,2.0,0.0,0,2.0,863931261,LWLG  260618C00015000
2026-05-15T15:45:00+00:00,LWLG,OPT,20260618,C,15.0,TRADES,2.0,2.0,1.95,2.0,0.0,0,2.0,863931261,LWLG  260618C00015000
2026-05-15T15:45:10+00:00,LWLG,OPT,20260618,C,15.0,TRADES,2.0,2.0,1.95,2.0,0.0,0,2.0,863931261,LWLG  260618C00015000
2026-05-15T15:45:20+00:00,LWLG,OPT,20260618,C,15.0,TRADES,2.0,2.0,1.95,2.0,0.0,0,2.0,863931261,LWLG  260618C00015000
2026-05-15T15:45:30+00:00,LWLG,OPT,20260618,C,15.0,TRADES,2.0,2.0,1.95,2.0,0.0,0,2.0,863931261,LWLG  260618C00015000
2026-05-15T15:45:40+00:00,LWLG,OPT,20260618,C,15.0,TRADES,2.0,2.0,1.95,2.0,0.0,0,2.0,863931261,LWLG  260618C00015000
2026-05-15T15:45:50+00:00,LWLG,OPT,20260618,C,15.0,TRADES,2.0,2.0,1.95,2.0,0.0,0,2.0,863931261,LWLG  260618C00015000
2026-05-15T15:46:00+00:00,LWLG,OPT,20260618,C,15.0,TRADES,2.0,2.0,1.95,2.0,0.0,0,2.0,863931261,LWLG  260618C00015000
2026-05-15T15:46:10+00:00,LWLG,OPT,20260618,C,15.0,TRADES,2.0,2.0,1.95,2.0,0.0,0,2.0,863931261,LWLG  260618C00015000
2026-05-15T15:46:20+00:00,LWLG,OPT,20260618,C,15.0,TRADES,2.0,2.0,1.95,2.0,0.0,0,2.0,863931261,LWLG  260618C00015000
2026-05-15T15:46:30+00:00,LWLG,OPT,20260618,C,15.0,TRADES,2.0,2.0,1.95,2.0,0.0,0,2.0,863931261,LWLG  260618C00015000
2026-05-15T15:46:40+00:00,LWLG,OPT,20260618,C,15.0,TRADES,2.0,2.0,1.95,2.0,0.0,0,2.0,863931261,LWLG  260618C00015000
2026-05-15T15:46:50+00:00,LWLG,OPT,20260618,C,15.0,TRADES,2.0,2.0,1.95,2.0,0.0,0,2.0,863931261,LWLG  260618C00015000
2026-05-15T15:47:00+00:00,LWLG,OPT,20260618,C,15.0,TRADES,2.0,2.0,1.95,2.0,0.0,0,2.0,863931261,LWLG  260618C00015000
2026-05-15T15:47:10+00:00,LWLG,OPT,20260618,C,15.0,TRADES,2.0,2.0,1.95,2.0,0.0,0,2.0,863931261,LWLG  260618C00015000
2026-05-15T15:47:20+00:00,LWLG,OPT,20260618,C,15.0,TRADES,2.0,2.0,1.95,2.0,0.0,0,2.0,863931261,LWLG  260618C00015000
2026-05-15T15:47:30+00:00,LWLG,OPT,20260618,C,15.0,TRADES,2.0,2.0,1.95,2.0,0.0,0,2.0,863931261,LWLG  260618C00015000
2026-05-15T15:47:40+00:00,LWLG,OPT,20260618,C,15.0,TRADES,2.0,2.0,1.95,2.0,0.0,0,2.0,863931261,LWLG  260618C00015000
2026-05-15T15:47:50+00:00,LWLG,OPT,20260618,C,15.0,TRADES,2.0,2.0,1.95,2.0,0.0,0,2.0,863931261,LWLG  260618C00015000
2026-05-15T15:48:00+00:00,LWLG,OPT,20260618,C,15.0,TRADES,2.0,2.0,1.95,2.0,0.0,0,2.0,863931261,LWLG  260618C00015000
2026-05-15T15:48:10+00:00,LWLG,OPT,20260618,C,15.0,TRADES,2.0,2.0,1.95,2.0,0.0,0,2.0,863931261,LWLG  260618C00015000
2026-05-15T15:48:20+00:00,LWLG,OPT,20260618,C,15.0,TRADES,2.0,2.0,1.95,2.0,0.0,0,2.0,863931261,LWLG  260618C00015000
2026-05-15T15:48:30+00:00,LWLG,OPT,20260618,C,15.0,TRADES,2.0,2.0,1.95,2.0,0.0,0,2.0,863931261,LWLG  260618C00015000
2026-05-15T15:48:40+00:00,LWLG,OPT,20260618,C,15.0,TRADES,2.0,2.0,1.95,2.0,0.0,0,2.0,863931261,LWLG  260618C00015000
2026-05-15T15:48:50+00:00,LWLG,OPT,20260618,C,15.0,TRADES,2.0,2.0,1.95,2.0,0.0,0,2.0,863931261,LWLG  260618C00015000
2026-05-15T15:49:00+00:00,LWLG,OPT,20260618,C,15.0,TRADES,2.0,2.0,1.95,2.0,0.0,0,2.0,863931261,LWLG  260618C00015000
2026-05-15T15:49:10+00:00,LWLG,OPT,20260618,C,15.0,TRADES,2.0,2.0,1.95,2.0,0.0,0,2.0,863931261,LWLG  260618C00015000
2026-05-15T15:49:20+00:00,LWLG,OPT,20260618,C,15.0,TRADES,2.0,2.0,1.95,2.0,0.0,0,2.0,863931261,LWLG  260618C00015000
2026-05-15T15:49:30+00:00,LWLG,OPT,20260618,C,15.0,TRADES,2.0,2.0,1.95,2.0,0.0,0,2.0,863931261,LWLG  260618C00015000
2026-05-15T15:49:40+00:00,LWLG,OPT,20260618,C,15.0,TRADES,2.0,2.0,1.95,2.0,0.0,0,2.0,863931261,LWLG  260618C00015000
2026-05-15T15:49:50+00:00,LWLG,OPT,20260618,C,15.0,TRADES,2.0,2.0,1.95,2.0,0.0,0,2.0,863931261,LWLG  260618C00015000
2026-05-15T15:50:00+00:00,LWLG,OPT,20260618,C,15.0,TRADES,2.0,2.0,1.95,2.0,0.0,0,2.0,863931261,LWLG  260618C00015000
2026-05-15T15:50:10+00:00,LWLG,OPT,20260618,C,15.0,TRADES,2.0,2.0,1.95,2.0,0.0,0,2.0,863931261,LWLG  260618C00015000
2026-05-15T15:50:20+00:00,LWLG,OPT,20260618,C,15.0,TRADES,2.0,2.0,1.95,2.0,0.0,0,2.0,863931261,LWLG  260618C00015000
2026-05-15T15:50:30+00:00,LWLG,OPT,20260618,C,15.0,TRADES,2.0,2.0,1.95,2.0,0.0,0,2.0,863931261,LWLG  260618C00015000
2026-05-15T15:50:40+00:00,LWLG,OPT,20260618,C,15.0,TRADES,2.0,2.0,1.95,2.0,0.0,0,2.0,863931261,LWLG  260618C00015000
2026-05-15T15:50:50+00:00,LWLG,OPT,20260618,C,15.0,TRADES,1.95,1.95,1.9,1.95,15.0,1,1.93,863931261,LWLG  260618C00015000
2026-05-15T15:51:00+00:00,LWLG,OPT,20260618,C,15.0,TRADES,1.95,1.95,1.9,1.95,0.0,0,1.95,863931261,LWLG  260618C00015000
2026-05-15T15:51:10+00:00,LWLG,OPT,20260618,C,15.0,TRADES,1.95,1.95,1.9,1.95,0.0,0,1.95,863931261,LWLG  260618C00015000
2026-05-15T15:51:20+00:00,LWLG,OPT,20260618,C,15.0,TRADES,1.95,1.95,1.9,1.95,0.0,0,1.95,863931261,LWLG  260618C00015000
2026-05-15T15:51:30+00:00,LWLG,OPT,20260618,C,15.0,TRADES,1.95,1.95,1.9,1.95,0.0,0,1.95,863931261,LWLG  260618C00015000
2026-05-15T15:51:40+00:00,LWLG,OPT,20260618,C,15.0,TRADES,1.95,1.95,1.9,1.95,0.0,0,1.95,863931261,LWLG  260618C00015000
2026-05-15T15:51:50+00:00,LWLG,OPT,20260618,C,15.0,TRADES,1.95,1.95,1.9,1.95,0.0,0,1.95,863931261,LWLG  260618C00015000
2026-05-15T15:52:00+00:00,LWLG,OPT,20260618,C,15.0,TRADES,1.95,1.95,1.9,1.95,0.0,0,1.95,863931261,LWLG  260618C00015000
2026-05-15T15:52:10+00:00,LWLG,OPT,20260618,C,15.0,TRADES,1.95,1.95,1.9,1.95,0.0,0,1.95,863931261,LWLG  260618C00015000
2026-05-15T15:52:20+00:00,LWLG,OPT,20260618,C,15.0,TRADES,1.95,1.95,1.9,1.95,0.0,0,1.95,863931261,LWLG  260618C00015000
2026-05-15T15:52:30+00:00,LWLG,OPT,20260618,C,15.0,TRADES,1.95,1.95,1.9,1.95,0.0,0,1.95,863931261,LWLG  260618C00015000
2026-05-15T15:52:40+00:00,LWLG,OPT,20260618,C,15.0,TRADES,1.95,1.95,1.9,1.95,0.0,0,1.95,863931261,LWLG  260618C00015000
2026-05-15T15:52:50+00:00,LWLG,OPT,20260618,C,15.0,TRADES,1.95,1.95,1.9,1.95,0.0,0,1.95,863931261,LWLG  260618C00015000
2026-05-15T15:53:00+00:00,LWLG,OPT,20260618,C,15.0,TRADES,1.95,1.95,1.9,1.95,0.0,0,1.95,863931261,LWLG  260618C00015000
2026-05-15T15:53:10+00:00,LWLG,OPT,20260618,C,15.0,TRADES,1.95,1.95,1.9,1.95,0.0,0,1.95,863931261,LWLG  260618C00015000
2026-05-15T15:53:20+00:00,LWLG,OPT,20260618,C,15.0,TRADES,1.95,1.95,1.9,1.95,0.0,0,1.95,863931261,LWLG  260618C00015000
2026-05-15T15:53:30+00:00,LWLG,OPT,20260618,C,15.0,TRADES,1.95,1.95,1.9,1.95,0.0,0,1.95,863931261,LWLG  260618C00015000
2026-05-15T15:53:40+00:00,LWLG,OPT,20260618,C,15.0,TRADES,1.95,1.95,1.9,1.95,0.0,0,1.95,863931261,LWLG  260618C00015000
2026-05-15T15:53:50+00:00,LWLG,OPT,20260618,C,15.0,TRADES,1.95,1.95,1.9,1.95,0.0,0,1.95,863931261,LWLG  260618C00015000
2026-05-15T15:54:00+00:00,LWLG,OPT,20260618,C,15.0,TRADES,1.95,1.95,1.9,1.95,0.0,0,1.95,863931261,LWLG  260618C00015000
2026-05-15T15:54:10+00:00,LWLG,OPT,20260618,C,15.0,TRADES,1.95,1.95,1.9,1.95,0.0,0,1.95,863931261,LWLG  260618C00015000
2026-05-15T15:54:20+00:00,LWLG,OPT,20260618,C,15.0,TRADES,1.95,1.95,1.9,1.95,0.0,0,1.95,863931261,LWLG  260618C00015000
2026-05-15T15:54:30+00:00,LWLG,OPT,20260618,C,15.0,TRADES,1.95,1.95,1.9,1.95,0.0,0,1.95,863931261,LWLG  260618C00015000
2026-05-15T15:54:40+00:00,LWLG,OPT,20260618,C,15.0,TRADES,1.95,1.95,1.9,1.95,0.0,0,1.95,863931261,LWLG  260618C00015000
2026-05-15T15:54:50+00:00,LWLG,OPT,20260618,C,15.0,TRADES,1.95,1.95,1.9,1.95,0.0,0,1.95,863931261,LWLG  260618C00015000
2026-05-15T15:55:00+00:00,LWLG,OPT,20260618,C,15.0,TRADES,1.95,1.95,1.9,1.95,0.0,0,1.95,863931261,LWLG  260618C00015000
2026-05-15T15:55:10+00:00,LWLG,OPT,20260618,C,15.0,TRADES,1.95,1.95,1.9,1.95,0.0,0,1.95,863931261,LWLG  260618C00015000
2026-05-15T15:55:20+00:00,LWLG,OPT,20260618,C,15.0,TRADES,1.95,1.95,1.9,1.95,0.0,0,1.95,863931261,LWLG  260618C00015000
2026-05-15T15:55:30+00:00,LWLG,OPT,20260618,C,15.0,TRADES,1.95,1.95,1.9,1.95,0.0,0,1.95,863931261,LWLG  260618C00015000
2026-05-15T15:55:40+00:00,LWLG,OPT,20260618,C,15.0,TRADES,1.95,1.95,1.9,1.95,0.0,0,1.95,863931261,LWLG  260618C00015000
2026-05-15T15:55:50+00:00,LWLG,OPT,20260618,C,15.0,TRADES,1.95,1.95,1.9,1.95,0.0,0,1.95,863931261,LWLG  260618C00015000
2026-05-15T15:56:00+00:00,LWLG,OPT,20260618,C,15.0,TRADES,1.95,1.95,1.9,1.95,0.0,0,1.95,863931261,LWLG  260618C00015000
2026-05-15T15:56:10+00:00,LWLG,OPT,20260618,C,15.0,TRADES,1.95,1.95,1.9,1.95,0.0,0,1.95,863931261,LWLG  260618C00015000
2026-05-15T15:56:20+00:00,LWLG,OPT,20260618,C,15.0,TRADES,1.95,1.95,1.9,1.95,0.0,0,1.95,863931261,LWLG  260618C00015000
2026-05-15T15:56:30+00:00,LWLG,OPT,20260618,C,15.0,TRADES,1.95,1.95,1.9,1.95,0.0,0,1.95,863931261,LWLG  260618C00015000
2026-05-15T15:56:40+00:00,LWLG,OPT,20260618,C,15.0,TRADES,1.95,1.95,1.9,1.95,0.0,0,1.95,863931261,LWLG  260618C00015000
2026-05-15T15:56:50+00:00,LWLG,OPT,20260618,C,15.0,TRADES,1.95,1.95,1.9,1.95,0.0,0,1.95,863931261,LWLG  260618C00015000
2026-05-15T15:57:00+00:00,LWLG,OPT,20260618,C,15.0,TRADES,1.95,1.95,1.9,1.95,0.0,0,1.95,863931261,LWLG  260618C00015000
2026-05-15T15:57:10+00:00,LWLG,OPT,20260618,C,15.0,TRADES,1.95,1.95,1.9,1.95,0.0,0,1.95,863931261,LWLG  260618C00015000
2026-05-15T15:57:20+00:00,LWLG,OPT,20260618,C,15.0,TRADES,1.95,1.95,1.9,1.95,0.0,0,1.95,863931261,LWLG  260618C00015000
2026-05-15T15:57:30+00:00,LWLG,OPT,20260618,C,15.0,TRADES,1.95,1.95,1.9,1.95,0.0,0,1.95,863931261,LWLG  260618C00015000
2026-05-15T15:57:40+00:00,LWLG,OPT,20260618,C,15.0,TRADES,1.95,1.95,1.9,1.95,0.0,0,1.95,863931261,LWLG  260618C00015000
2026-05-15T15:57:50+00:00,LWLG,OPT,20260618,C,15.0,TRADES,1.95,1.95,1.9,1.95,0.0,0,1.95,863931261,LWLG  260618C00015000
2026-05-15T15:58:00+00:00,LWLG,OPT,20260618,C,15.0,TRADES,1.95,1.95,1.9,1.95,0.0,0,1.95,863931261,LWLG  260618C00015000
2026-05-15T15:58:10+00:00,LWLG,OPT,20260618,C,15.0,TRADES,2.0,2.0,2.0,2.0,3.0,1,2.0,863931261,LWLG  260618C00015000
2026-05-15T15:58:20+00:00,LWLG,OPT,20260618,C,15.0,TRADES,2.0,2.0,2.0,2.0,0.0,0,2.0,863931261,LWLG  260618C00015000
2026-05-15T15:58:30+00:00,LWLG,OPT,20260618,C,15.0,TRADES,1.9,1.9,1.9,1.9,8.0,2,1.9,863931261,LWLG  260618C00015000
2026-05-15T15:58:40+00:00,LWLG,OPT,20260618,C,15.0,TRADES,1.9,1.9,1.9,1.9,0.0,0,1.9,863931261,LWLG  260618C00015000
2026-05-15T15:58:50+00:00,LWLG,OPT,20260618,C,15.0,TRADES,1.9,1.9,1.9,1.9,0.0,0,1.9,863931261,LWLG  260618C00015000
2026-05-15T15:59:00+00:00,LWLG,OPT,20260618,C,15.0,TRADES,1.9,1.9,1.9,1.9,0.0,0,1.9,863931261,LWLG  260618C00015000
2026-05-15T15:59:10+00:00,LWLG,OPT,20260618,C,15.0,TRADES,1.9,1.9,1.9,1.9,0.0,0,1.9,863931261,LWLG  260618C00015000
2026-05-15T15:59:20+00:00,LWLG,OPT,20260618,C,15.0,TRADES,1.9,1.9,1.9,1.9,0.0,0,1.9,863931261,LWLG  260618C00015000
2026-05-15T15:59:30+00:00,LWLG,OPT,20260618,C,15.0,TRADES,1.9,1.9,1.9,1.9,0.0,0,1.9,863931261,LWLG  260618C00015000
2026-05-15T15:59:40+00:00,LWLG,OPT,20260618,C,15.0,TRADES,1.9,1.9,1.9,1.9,0.0,0,1.9,863931261,LWLG  260618C00015000
2026-05-15T15:59:50+00:00,LWLG,OPT,20260618,C,15.0,TRADES,1.95,1.95,1.95,1.95,20.0,2,1.95,863931261,LWLG  260618C00015000
2026-05-15T16:00:00+00:00,LWLG,OPT,20260618,C,15.0,TRADES,1.95,1.95,1.95,1.95,0.0,0,1.95,863931261,LWLG  260618C00015000
2026-05-15T16:00:10+00:00,LWLG,OPT,20260618,C,15.0,TRADES,1.95,1.95,1.95,1.95,0.0,0,1.95,863931261,LWLG  260618C00015000
2026-05-15T16:00:20+00:00,LWLG,OPT,20260618,C,15.0,TRADES,1.95,1.95,1.95,1.95,0.0,0,1.95,863931261,LWLG  260618C00015000
2026-05-15T16:00:30+00:00,LWLG,OPT,20260618,C,15.0,TRADES,1.95,1.95,1.95,1.95,0.0,0,1.95,863931261,LWLG  260618C00015000
2026-05-15T16:00:40+00:00,LWLG,OPT,20260618,C,15.0,TRADES,1.95,1.95,1.95,1.95,0.0,0,1.95,863931261,LWLG  260618C00015000
2026-05-15T16:00:50+00:00,LWLG,OPT,20260618,C,15.0,TRADES,1.95,1.95,1.95,1.95,0.0,0,1.95,863931261,LWLG  260618C00015000
2026-05-15T16:01:00+00:00,LWLG,OPT,20260618,C,15.0,TRADES,1.95,1.95,1.95,1.95,0.0,0,1.95,863931261,LWLG  260618C00015000
2026-05-15T16:01:10+00:00,LWLG,OPT,20260618,C,15.0,TRADES,1.95,1.95,1.95,1.95,0.0,0,1.95,863931261,LWLG  260618C00015000
2026-05-15T16:01:20+00:00,LWLG,OPT,20260618,C,15.0,TRADES,1.95,1.95,1.95,1.95,0.0,0,1.95,863931261,LWLG  260618C00015000
2026-05-15T16:01:30+00:00,LWLG,OPT,20260618,C,15.0,TRADES,1.95,1.95,1.95,1.95,0.0,0,1.95,863931261,LWLG  260618C00015000
2026-05-15T16:01:40+00:00,LWLG,OPT,20260618,C,15.0,TRADES,1.95,1.95,1.95,1.95,0.0,0,1.95,863931261,LWLG  260618C00015000
2026-05-15T16:01:50+00:00,LWLG,OPT,20260618,C,15.0,TRADES,1.95,1.95,1.95,1.95,0.0,0,1.95,863931261,LWLG  260618C00015000
2026-05-15T16:02:00+00:00,LWLG,OPT,20260618,C,15.0,TRADES,1.95,1.95,1.95,1.95,0.0,0,1.95,863931261,LWLG  260618C00015000
2026-05-15T16:02:10+00:00,LWLG,OPT,20260618,C,15.0,TRADES,1.95,1.95,1.95,1.95,0.0,0,1.95,863931261,LWLG  260618C00015000
2026-05-15T16:02:20+00:00,LWLG,OPT,20260618,C,15.0,TRADES,1.95,1.95,1.95,1.95,0.0,0,1.95,863931261,LWLG  260618C00015000
2026-05-15T16:02:30+00:00,LWLG,OPT,20260618,C,15.0,TRADES,1.95,1.95,1.95,1.95,0.0,0,1.95,863931261,LWLG  260618C00015000
2026-05-15T16:02:40+00:00,LWLG,OPT,20260618,C,15.0,TRADES,1.95,1.95,1.95,1.95,0.0,0,1.95,863931261,LWLG  260618C00015000
2026-05-15T16:02:50+00:00,LWLG,OPT,20260618,C,15.0,TRADES,1.95,1.95,1.95,1.95,0.0,0,1.95,863931261,LWLG  260618C00015000
2026-05-15T16:03:00+00:00,LWLG,OPT,20260618,C,15.0,TRADES,1.95,1.95,1.95,1.95,0.0,0,1.95,863931261,LWLG  260618C00015000
2026-05-15T16:03:10+00:00,LWLG,OPT,20260618,C,15.0,TRADES,1.95,1.95,1.95,1.95,0.0,0,1.95,863931261,LWLG  260618C00015000
2026-05-15T16:03:20+00:00,LWLG,OPT,20260618,C,15.0,TRADES,1.95,1.95,1.95,1.95,0.0,0,1.95,863931261,LWLG  260618C00015000
2026-05-15T16:03:30+00:00,LWLG,OPT,20260618,C,15.0,TRADES,1.95,1.95,1.95,1.95,0.0,0,1.95,863931261,LWLG  260618C00015000
2026-05-15T16:03:40+00:00,LWLG,OPT,20260618,C,15.0,TRADES,1.95,1.95,1.95,1.95,0.0,0,1.95,863931261,LWLG  260618C00015000
2026-05-15T16:03:50+00:00,LWLG,OPT,20260618,C,15.0,TRADES,1.95,1.95,1.95,1.95,0.0,0,1.95,863931261,LWLG  260618C00015000
2026-05-15T16:04:00+00:00,LWLG,OPT,20260618,C,15.0,TRADES,1.95,1.95,1.95,1.95,0.0,0,1.95,863931261,LWLG  260618C00015000
2026-05-15T16:04:10+00:00,LWLG,OPT,20260618,C,15.0,TRADES,1.95,1.95,1.95,1.95,0.0,0,1.95,863931261,LWLG  260618C00015000
2026-05-15T16:04:20+00:00,LWLG,OPT,20260618,C,15.0,TRADES,1.95,1.95,1.95,1.95,0.0,0,1.95,863931261,LWLG  260618C00015000
2026-05-15T16:04:30+00:00,LWLG,OPT,20260618,C,15.0,TRADES,1.95,1.95,1.95,1.95,0.0,0,1.95,863931261,LWLG  260618C00015000
2026-05-15T16:04:40+00:00,LWLG,OPT,20260618,C,15.0,TRADES,1.95,1.95,1.95,1.95,0.0,0,1.95,863931261,LWLG  260618C00015000
2026-05-15T16:04:50+00:00,LWLG,OPT,20260618,C,15.0,TRADES,1.95,1.95,1.95,1.95,0.0,0,1.95,863931261,LWLG  260618C00015000
2026-05-15T16:05:00+00:00,LWLG,OPT,20260618,C,15.0,TRADES,1.95,1.95,1.95,1.95,0.0,0,1.95,863931261,LWLG  260618C00015000
2026-05-15T16:05:10+00:00,LWLG,OPT,20260618,C,15.0,TRADES,1.95,1.95,1.95,1.95,0.0,0,1.95,863931261,LWLG  260618C00015000
2026-05-15T16:05:20+00:00,LWLG,OPT,20260618,C,15.0,TRADES,1.95,1.95,1.95,1.95,0.0,0,1.95,863931261,LWLG  260618C00015000
2026-05-15T16:05:30+00:00,LWLG,OPT,20260618,C,15.0,TRADES,1.95,1.95,1.95,1.95,0.0,0,1.95,863931261,LWLG  260618C00015000
2026-05-15T16:05:40+00:00,LWLG,OPT,20260618,C,15.0,TRADES,1.95,1.95,1.95,1.95,0.0,0,1.95,863931261,LWLG  260618C00015000
2026-05-15T16:05:50+00:00,LWLG,OPT,20260618,C,15.0,TRADES,1.95,1.95,1.95,1.95,0.0,0,1.95,863931261,LWLG  260618C00015000
2026-05-15T16:06:00+00:00,LWLG,OPT,20260618,C,15.0,TRADES,1.95,1.95,1.95,1.95,0.0,0,1.95,863931261,LWLG  260618C00015000
2026-05-15T16:06:10+00:00,LWLG,OPT,20260618,C,15.0,TRADES,1.95,1.95,1.95,1.95,0.0,0,1.95,863931261,LWLG  260618C00015000
2026-05-15T16:06:20+00:00,LWLG,OPT,20260618,C,15.0,TRADES,1.95,1.95,1.95,1.95,0.0,0,1.95,863931261,LWLG  260618C00015000
2026-05-15T16:06:30+00:00,LWLG,OPT,20260618,C,15.0,TRADES,1.95,1.95,1.95,1.95,0.0,0,1.95,863931261,LWLG  260618C00015000
2026-05-15T16:06:40+00:00,LWLG,OPT,20260618,C,15.0,TRADES,1.95,1.95,1.95,1.95,0.0,0,1.95,863931261,LWLG  260618C00015000
2026-05-15T16:06:50+00:00,LWLG,OPT,20260618,C,15.0,TRADES,1.9,1.9,1.9,1.9,10.0,1,1.9,863931261,LWLG  260618C00015000
2026-05-15T16:07:00+00:00,LWLG,OPT,20260618,C,15.0,TRADES,1.9,1.9,1.9,1.9,0.0,0,1.9,863931261,LWLG  260618C00015000
2026-05-15T16:07:10+00:00,LWLG,OPT,20260618,C,15.0,TRADES,1.9,1.9,1.9,1.9,0.0,0,1.9,863931261,LWLG  260618C00015000
2026-05-15T16:07:20+00:00,LWLG,OPT,20260618,C,15.0,TRADES,1.9,1.9,1.9,1.9,0.0,0,1.9,863931261,LWLG  260618C00015000
2026-05-15T16:07:30+00:00,LWLG,OPT,20260618,C,15.0,TRADES,1.9,1.9,1.9,1.9,0.0,0,1.9,863931261,LWLG  260618C00015000
2026-05-15T16:07:40+00:00,LWLG,OPT,20260618,C,15.0,TRADES,1.9,1.9,1.9,1.9,0.0,0,1.9,863931261,LWLG  260618C00015000
2026-05-15T16:07:50+00:00,LWLG,OPT,20260618,C,15.0,TRADES,1.9,1.9,1.9,1.9,0.0,0,1.9,863931261,LWLG  260618C00015000
2026-05-15T16:08:00+00:00,LWLG,OPT,20260618,C,15.0,TRADES,1.9,1.9,1.9,1.9,0.0,0,1.9,863931261,LWLG  260618C00015000
2026-05-15T16:08:10+00:00,LWLG,OPT,20260618,C,15.0,TRADES,1.9,1.9,1.9,1.9,0.0,0,1.9,863931261,LWLG  260618C00015000
2026-05-15T16:08:20+00:00,LWLG,OPT,20260618,C,15.0,TRADES,1.9,1.9,1.9,1.9,0.0,0,1.9,863931261,LWLG  260618C00015000
2026-05-15T16:08:30+00:00,LWLG,OPT,20260618,C,15.0,TRADES,1.9,1.9,1.9,1.9,0.0,0,1.9,863931261,LWLG  260618C00015000
2026-05-15T16:08:40+00:00,LWLG,OPT,20260618,C,15.0,TRADES,1.9,1.9,1.9,1.9,0.0,0,1.9,863931261,LWLG  260618C00015000
2026-05-15T16:08:50+00:00,LWLG,OPT,20260618,C,15.0,TRADES,1.9,1.9,1.9,1.9,0.0,0,1.9,863931261,LWLG  260618C00015000
2026-05-15T16:09:00+00:00,LWLG,OPT,20260618,C,15.0,TRADES,1.9,1.9,1.9,1.9,0.0,0,1.9,863931261,LWLG  260618C00015000
2026-05-15T16:09:10+00:00,LWLG,OPT,20260618,C,15.0,TRADES,1.9,1.9,1.9,1.9,0.0,0,1.9,863931261,LWLG  260618C00015000
2026-05-15T16:09:20+00:00,LWLG,OPT,20260618,C,15.0,TRADES,1.9,1.9,1.9,1.9,0.0,0,1.9,863931261,LWLG  260618C00015000
2026-05-15T16:09:30+00:00,LWLG,OPT,20260618,C,15.0,TRADES,1.9,1.9,1.9,1.9,0.0,0,1.9,863931261,LWLG  260618C00015000
2026-05-15T16:09:40+00:00,LWLG,OPT,20260618,C,15.0,TRADES,1.9,1.9,1.9,1.9,0.0,0,1.9,863931261,LWLG  260618C00015000
2026-05-15T16:09:50+00:00,LWLG,OPT,20260618,C,15.0,TRADES,1.9,1.9,1.9,1.9,0.0,0,1.9,863931261,LWLG  260618C00015000
2026-05-15T16:10:00+00:00,LWLG,OPT,20260618,C,15.0,TRADES,1.9,1.9,1.9,1.9,0.0,0,1.9,863931261,LWLG  260618C00015000
2026-05-15T16:10:10+00:00,LWLG,OPT,20260618,C,15.0,TRADES,1.9,1.9,1.9,1.9,0.0,0,1.9,863931261,LWLG  260618C00015000
2026-05-15T16:10:20+00:00,LWLG,OPT,20260618,C,15.0,TRADES,1.9,1.9,1.9,1.9,0.0,0,1.9,863931261,LWLG  260618C00015000
2026-05-15T16:10:30+00:00,LWLG,OPT,20260618,C,15.0,TRADES,1.9,1.9,1.9,1.9,0.0,0,1.9,863931261,LWLG  260618C00015000
2026-05-15T16:10:40+00:00,LWLG,OPT,20260618,C,15.0,TRADES,1.9,1.9,1.9,1.9,0.0,0,1.9,863931261,LWLG  260618C00015000
2026-05-15T16:10:50+00:00,LWLG,OPT,20260618,C,15.0,TRADES,1.9,1.9,1.9,1.9,0.0,0,1.9,863931261,LWLG  260618C00015000
2026-05-15T16:11:00+00:00,LWLG,OPT,20260618,C,15.0,TRADES,1.9,1.9,1.9,1.9,0.0,0,1.9,863931261,LWLG  260618C00015000
2026-05-15T16:11:10+00:00,LWLG,OPT,20260618,C,15.0,TRADES,1.9,1.9,1.9,1.9,0.0,0,1.9,863931261,LWLG  260618C00015000
2026-05-15T16:11:20+00:00,LWLG,OPT,20260618,C,15.0,TRADES,1.9,1.9,1.9,1.9,0.0,0,1.9,863931261,LWLG  260618C00015000
2026-05-15T16:11:30+00:00,LWLG,OPT,20260618,C,15.0,TRADES,1.9,1.9,1.9,1.9,0.0,0,1.9,863931261,LWLG  260618C00015000
2026-05-15T16:11:40+00:00,LWLG,OPT,20260618,C,15.0,TRADES,1.9,1.9,1.9,1.9,0.0,0,1.9,863931261,LWLG  260618C00015000
2026-05-15T16:11:50+00:00,LWLG,OPT,20260618,C,15.0,TRADES,1.9,1.9,1.9,1.9,0.0,0,1.9,863931261,LWLG  260618C00015000
2026-05-15T16:12:00+00:00,LWLG,OPT,20260618,C,15.0,TRADES,1.9,1.9,1.9,1.9,0.0,0,1.9,863931261,LWLG  260618C00015000
2026-05-15T16:12:10+00:00,LWLG,OPT,20260618,C,15.0,TRADES,1.9,1.9,1.9,1.9,0.0,0,1.9,863931261,LWLG  260618C00015000
2026-05-15T16:12:20+00:00,LWLG,OPT,20260618,C,15.0,TRADES,1.9,1.9,1.9,1.9,0.0,0,1.9,863931261,LWLG  260618C00015000
2026-05-15T16:12:30+00:00,LWLG,OPT,20260618,C,15.0,TRADES,1.9,1.9,1.9,1.9,0.0,0,1.9,863931261,LWLG  260618C00015000
2026-05-15T16:12:40+00:00,LWLG,OPT,20260618,C,15.0,TRADES,1.9,1.9,1.9,1.9,0.0,0,1.9,863931261,LWLG  260618C00015000
2026-05-15T16:12:50+00:00,LWLG,OPT,20260618,C,15.0,TRADES,1.9,1.9,1.9,1.9,0.0,0,1.9,863931261,LWLG  260618C00015000
2026-05-15T16:13:00+00:00,LWLG,OPT,20260618,C,15.0,TRADES,1.9,1.9,1.9,1.9,0.0,0,1.9,863931261,LWLG  260618C00015000
2026-05-15T16:13:10+00:00,LWLG,OPT,20260618,C,15.0,TRADES,1.9,1.9,1.9,1.9,0.0,0,1.9,863931261,LWLG  260618C00015000
2026-05-15T16:13:20+00:00,LWLG,OPT,20260618,C,15.0,TRADES,1.9,1.9,1.9,1.9,0.0,0,1.9,863931261,LWLG  260618C00015000
2026-05-15T16:13:30+00:00,LWLG,OPT,20260618,C,15.0,TRADES,1.9,1.9,1.9,1.9,0.0,0,1.9,863931261,LWLG  260618C00015000
2026-05-15T16:13:40+00:00,LWLG,OPT,20260618,C,15.0,TRADES,1.9,1.9,1.9,1.9,0.0,0,1.9,863931261,LWLG  260618C00015000
2026-05-15T16:13:50+00:00,LWLG,OPT,20260618,C,15.0,TRADES,1.9,1.9,1.9,1.9,0.0,0,1.9,863931261,LWLG  260618C00015000
2026-05-15T16:14:00+00:00,LWLG,OPT,20260618,C,15.0,TRADES,1.9,1.9,1.9,1.9,0.0,0,1.9,863931261,LWLG  260618C00015000
2026-05-15T16:14:10+00:00,LWLG,OPT,20260618,C,15.0,TRADES,1.9,1.9,1.9,1.9,0.0,0,1.9,863931261,LWLG  260618C00015000
2026-05-15T16:14:20+00:00,LWLG,OPT,20260618,C,15.0,TRADES,1.9,1.9,1.9,1.9,0.0,0,1.9,863931261,LWLG  260618C00015000
2026-05-15T16:14:30+00:00,LWLG,OPT,20260618,C,15.0,TRADES,1.9,1.9,1.9,1.9,0.0,0,1.9,863931261,LWLG  260618C00015000
2026-05-15T16:14:40+00:00,LWLG,OPT,20260618,C,15.0,TRADES,1.9,1.9,1.9,1.9,0.0,0,1.9,863931261,LWLG  260618C00015000
2026-05-15T16:14:50+00:00,LWLG,OPT,20260618,C,15.0,TRADES,1.9,1.9,1.9,1.9,0.0,0,1.9,863931261,LWLG  260618C00015000
2026-05-15T16:15:00+00:00,LWLG,OPT,20260618,C,15.0,TRADES,1.9,1.9,1.9,1.9,0.0,0,1.9,863931261,LWLG  260618C00015000
2026-05-15T16:15:10+00:00,LWLG,OPT,20260618,C,15.0,TRADES,1.9,1.9,1.9,1.9,0.0,0,1.9,863931261,LWLG  260618C00015000
2026-05-15T16:15:20+00:00,LWLG,OPT,20260618,C,15.0,TRADES,1.9,1.9,1.9,1.9,0.0,0,1.9,863931261,LWLG  260618C00015000
2026-05-15T16:15:30+00:00,LWLG,OPT,20260618,C,15.0,TRADES,1.9,1.9,1.9,1.9,0.0,0,1.9,863931261,LWLG  260618C00015000
2026-05-15T16:15:40+00:00,LWLG,OPT,20260618,C,15.0,TRADES,1.9,1.9,1.9,1.9,0.0,0,1.9,863931261,LWLG  260618C00015000
2026-05-15T16:15:50+00:00,LWLG,OPT,20260618,C,15.0,TRADES,1.9,1.9,1.9,1.9,0.0,0,1.9,863931261,LWLG  260618C00015000
2026-05-15T16:16:00+00:00,LWLG,OPT,20260618,C,15.0,TRADES,1.9,1.9,1.9,1.9,0.0,0,1.9,863931261,LWLG  260618C00015000
2026-05-15T16:16:10+00:00,LWLG,OPT,20260618,C,15.0,TRADES,1.9,1.9,1.9,1.9,0.0,0,1.9,863931261,LWLG  260618C00015000
2026-05-15T16:16:20+00:00,LWLG,OPT,20260618,C,15.0,TRADES,1.9,1.9,1.9,1.9,0.0,0,1.9,863931261,LWLG  260618C00015000
2026-05-15T16:16:30+00:00,LWLG,OPT,20260618,C,15.0,TRADES,1.9,1.9,1.9,1.9,0.0,0,1.9,863931261,LWLG  260618C00015000
2026-05-15T16:16:40+00:00,LWLG,OPT,20260618,C,15.0,TRADES,1.9,1.9,1.9,1.9,0.0,0,1.9,863931261,LWLG  260618C00015000
2026-05-15T16:16:50+00:00,LWLG,OPT,20260618,C,15.0,TRADES,1.9,1.9,1.9,1.9,0.0,0,1.9,863931261,LWLG  260618C00015000
2026-05-15T16:17:00+00:00,LWLG,OPT,20260618,C,15.0,TRADES,1.9,1.9,1.9,1.9,0.0,0,1.9,863931261,LWLG  260618C00015000
2026-05-15T16:17:10+00:00,LWLG,OPT,20260618,C,15.0,TRADES,1.9,1.9,1.9,1.9,0.0,0,1.9,863931261,LWLG  260618C00015000
2026-05-15T16:17:20+00:00,LWLG,OPT,20260618,C,15.0,TRADES,1.9,1.9,1.9,1.9,0.0,0,1.9,863931261,LWLG  260618C00015000
2026-05-15T16:17:30+00:00,LWLG,OPT,20260618,C,15.0,TRADES,1.9,1.9,1.9,1.9,0.0,0,1.9,863931261,LWLG  260618C00015000
2026-05-15T16:17:40+00:00,LWLG,OPT,20260618,C,15.0,TRADES,1.9,1.9,1.9,1.9,0.0,0,1.9,863931261,LWLG  260618C00015000
2026-05-15T16:17:50+00:00,LWLG,OPT,20260618,C,15.0,TRADES,1.9,1.9,1.9,1.9,0.0,0,1.9,863931261,LWLG  260618C00015000
2026-05-15T16:18:00+00:00,LWLG,OPT,20260618,C,15.0,TRADES,1.9,1.9,1.9,1.9,0.0,0,1.9,863931261,LWLG  260618C00015000
2026-05-15T16:18:10+00:00,LWLG,OPT,20260618,C,15.0,TRADES,1.9,1.9,1.9,1.9,0.0,0,1.9,863931261,LWLG  260618C00015000
2026-05-15T16:18:20+00:00,LWLG,OPT,20260618,C,15.0,TRADES,1.9,1.9,1.9,1.9,0.0,0,1.9,863931261,LWLG  260618C00015000
2026-05-15T16:18:30+00:00,LWLG,OPT,20260618,C,15.0,TRADES,1.9,1.9,1.9,1.9,0.0,0,1.9,863931261,LWLG  260618C00015000
2026-05-15T16:18:40+00:00,LWLG,OPT,20260618,C,15.0,TRADES,1.9,1.9,1.9,1.9,0.0,0,1.9,863931261,LWLG  260618C00015000
2026-05-15T16:18:50+00:00,LWLG,OPT,20260618,C,15.0,TRADES,1.9,1.9,1.9,1.9,0.0,0,1.9,863931261,LWLG  260618C00015000
2026-05-15T16:19:00+00:00,LWLG,OPT,20260618,C,15.0,TRADES,1.9,1.9,1.9,1.9,0.0,0,1.9,863931261,LWLG  260618C00015000
2026-05-15T16:19:10+00:00,LWLG,OPT,20260618,C,15.0,TRADES,1.9,1.9,1.9,1.9,0.0,0,1.9,863931261,LWLG  260618C00015000
2026-05-15T16:19:20+00:00,LWLG,OPT,20260618,C,15.0,TRADES,1.9,1.9,1.9,1.9,0.0,0,1.9,863931261,LWLG  260618C00015000
2026-05-15T16:19:30+00:00,LWLG,OPT,20260618,C,15.0,TRADES,1.9,1.9,1.9,1.9,0.0,0,1.9,863931261,LWLG  260618C00015000
2026-05-15T16:19:40+00:00,LWLG,OPT,20260618,C,15.0,TRADES,1.9,1.9,1.9,1.9,0.0,0,1.9,863931261,LWLG  260618C00015000
2026-05-15T16:19:50+00:00,LWLG,OPT,20260618,C,15.0,TRADES,1.9,1.9,1.9,1.9,0.0,0,1.9,863931261,LWLG  260618C00015000
2026-05-15T16:20:00+00:00,LWLG,OPT,20260618,C,15.0,TRADES,1.9,1.9,1.9,1.9,0.0,0,1.9,863931261,LWLG  260618C00015000
2026-05-15T16:20:10+00:00,LWLG,OPT,20260618,C,15.0,TRADES,1.9,1.9,1.9,1.9,0.0,0,1.9,863931261,LWLG  260618C00015000
2026-05-15T16:20:20+00:00,LWLG,OPT,20260618,C,15.0,TRADES,1.9,1.9,1.9,1.9,0.0,0,1.9,863931261,LWLG  260618C00015000
2026-05-15T16:20:30+00:00,LWLG,OPT,20260618,C,15.0,TRADES,1.9,1.9,1.9,1.9,0.0,0,1.9,863931261,LWLG  260618C00015000
2026-05-15T16:20:40+00:00,LWLG,OPT,20260618,C,15.0,TRADES,1.9,1.9,1.9,1.9,0.0,0,1.9,863931261,LWLG  260618C00015000
2026-05-15T16:20:50+00:00,LWLG,OPT,20260618,C,15.0,TRADES,1.9,1.9,1.9,1.9,0.0,0,1.9,863931261,LWLG  260618C00015000
2026-05-15T16:21:00+00:00,LWLG,OPT,20260618,C,15.0,TRADES,1.9,1.9,1.9,1.9,0.0,0,1.9,863931261,LWLG  260618C00015000
2026-05-15T16:21:10+00:00,LWLG,OPT,20260618,C,15.0,TRADES,1.9,1.9,1.9,1.9,0.0,0,1.9,863931261,LWLG  260618C00015000
2026-05-15T16:21:20+00:00,LWLG,OPT,20260618,C,15.0,TRADES,1.9,1.9,1.9,1.9,0.0,0,1.9,863931261,LWLG  260618C00015000
2026-05-15T16:21:30+00:00,LWLG,OPT,20260618,C,15.0,TRADES,1.9,1.9,1.9,1.9,0.0,0,1.9,863931261,LWLG  260618C00015000
2026-05-15T16:21:40+00:00,LWLG,OPT,20260618,C,15.0,TRADES,1.9,1.9,1.9,1.9,0.0,0,1.9,863931261,LWLG  260618C00015000
2026-05-15T16:21:50+00:00,LWLG,OPT,20260618,C,15.0,TRADES,1.9,1.9,1.9,1.9,0.0,0,1.9,863931261,LWLG  260618C00015000
2026-05-15T16:22:00+00:00,LWLG,OPT,20260618,C,15.0,TRADES,1.9,1.9,1.9,1.9,0.0,0,1.9,863931261,LWLG  260618C00015000
2026-05-15T16:22:10+00:00,LWLG,OPT,20260618,C,15.0,TRADES,1.9,1.9,1.9,1.9,0.0,0,1.9,863931261,LWLG  260618C00015000
2026-05-15T16:22:20+00:00,LWLG,OPT,20260618,C,15.0,TRADES,1.9,1.9,1.9,1.9,0.0,0,1.9,863931261,LWLG  260618C00015000
2026-05-15T16:22:30+00:00,LWLG,OPT,20260618,C,15.0,TRADES,1.9,1.9,1.9,1.9,0.0,0,1.9,863931261,LWLG  260618C00015000
2026-05-15T16:22:40+00:00,LWLG,OPT,20260618,C,15.0,TRADES,1.9,1.9,1.9,1.9,0.0,0,1.9,863931261,LWLG  260618C00015000
2026-05-15T16:22:50+00:00,LWLG,OPT,20260618,C,15.0,TRADES,1.9,1.9,1.9,1.9,0.0,0,1.9,863931261,LWLG  260618C00015000
2026-05-15T16:23:00+00:00,LWLG,OPT,20260618,C,15.0,TRADES,1.9,1.9,1.9,1.9,0.0,0,1.9,863931261,LWLG  260618C00015000
2026-05-15T16:23:10+00:00,LWLG,OPT,20260618,C,15.0,TRADES,1.9,1.9,1.9,1.9,0.0,0,1.9,863931261,LWLG  260618C00015000
2026-05-15T16:23:20+00:00,LWLG,OPT,20260618,C,15.0,TRADES,1.9,1.9,1.9,1.9,0.0,0,1.9,863931261,LWLG  260618C00015000
2026-05-15T16:23:30+00:00,LWLG,OPT,20260618,C,15.0,TRADES,1.9,1.9,1.9,1.9,0.0,0,1.9,863931261,LWLG  260618C00015000
2026-05-15T16:23:40+00:00,LWLG,OPT,20260618,C,15.0,TRADES,1.9,1.9,1.9,1.9,0.0,0,1.9,863931261,LWLG  260618C00015000
2026-05-15T16:23:50+00:00,LWLG,OPT,20260618,C,15.0,TRADES,1.9,1.9,1.9,1.9,0.0,0,1.9,863931261,LWLG  260618C00015000
2026-05-15T16:24:00+00:00,LWLG,OPT,20260618,C,15.0,TRADES,1.9,1.9,1.9,1.9,0.0,0,1.9,863931261,LWLG  260618C00015000
2026-05-15T16:24:10+00:00,LWLG,OPT,20260618,C,15.0,TRADES,1.9,1.9,1.9,1.9,0.0,0,1.9,863931261,LWLG  260618C00015000
2026-05-15T16:24:20+00:00,LWLG,OPT,20260618,C,15.0,TRADES,1.9,1.9,1.9,1.9,0.0,0,1.9,863931261,LWLG  260618C00015000
2026-05-15T16:24:30+00:00,LWLG,OPT,20260618,C,15.0,TRADES,1.9,1.9,1.9,1.9,0.0,0,1.9,863931261,LWLG  260618C00015000
2026-05-15T16:24:40+00:00,LWLG,OPT,20260618,C,15.0,TRADES,1.9,1.9,1.9,1.9,0.0,0,1.9,863931261,LWLG  260618C00015000
2026-05-15T16:24:50+00:00,LWLG,OPT,20260618,C,15.0,TRADES,1.9,1.9,1.9,1.9,0.0,0,1.9,863931261,LWLG  260618C00015000
2026-05-15T16:25:00+00:00,LWLG,OPT,20260618,C,15.0,TRADES,1.9,1.9,1.9,1.9,0.0,0,1.9,863931261,LWLG  260618C00015000
2026-05-15T16:25:10+00:00,LWLG,OPT,20260618,C,15.0,TRADES,1.9,1.9,1.9,1.9,0.0,0,1.9,863931261,LWLG  260618C00015000
2026-05-15T16:25:20+00:00,LWLG,OPT,20260618,C,15.0,TRADES,1.9,1.9,1.9,1.9,0.0,0,1.9,863931261,LWLG  260618C00015000
2026-05-15T16:25:30+00:00,LWLG,OPT,20260618,C,15.0,TRADES,1.9,1.9,1.9,1.9,0.0,0,1.9,863931261,LWLG  260618C00015000
2026-05-15T16:25:40+00:00,LWLG,OPT,20260618,C,15.0,TRADES,1.9,1.9,1.9,1.9,0.0,0,1.9,863931261,LWLG  260618C00015000
2026-05-15T16:25:50+00:00,LWLG,OPT,20260618,C,15.0,TRADES,1.9,1.9,1.9,1.9,0.0,0,1.9,863931261,LWLG  260618C00015000
2026-05-15T16:26:00+00:00,LWLG,OPT,20260618,C,15.0,TRADES,1.9,1.9,1.9,1.9,0.0,0,1.9,863931261,LWLG  260618C00015000
2026-05-15T16:26:10+00:00,LWLG,OPT,20260618,C,15.0,TRADES,1.9,1.9,1.9,1.9,0.0,0,1.9,863931261,LWLG  260618C00015000
2026-05-15T16:26:20+00:00,LWLG,OPT,20260618,C,15.0,TRADES,1.9,1.9,1.9,1.9,0.0,0,1.9,863931261,LWLG  260618C00015000
2026-05-15T16:26:30+00:00,LWLG,OPT,20260618,C,15.0,TRADES,1.9,1.9,1.9,1.9,0.0,0,1.9,863931261,LWLG  260618C00015000
2026-05-15T16:26:40+00:00,LWLG,OPT,20260618,C,15.0,TRADES,1.9,1.9,1.9,1.9,0.0,0,1.9,863931261,LWLG  260618C00015000
2026-05-15T16:26:50+00:00,LWLG,OPT,20260618,C,15.0,TRADES,1.9,1.9,1.9,1.9,0.0,0,1.9,863931261,LWLG  260618C00015000
2026-05-15T16:27:00+00:00,LWLG,OPT,20260618,C,15.0,TRADES,1.9,1.9,1.9,1.9,0.0,0,1.9,863931261,LWLG  260618C00015000
2026-05-15T16:27:10+00:00,LWLG,OPT,20260618,C,15.0,TRADES,1.9,1.9,1.9,1.9,0.0,0,1.9,863931261,LWLG  260618C00015000
2026-05-15T16:27:20+00:00,LWLG,OPT,20260618,C,15.0,TRADES,1.9,1.9,1.9,1.9,0.0,0,1.9,863931261,LWLG  260618C00015000
2026-05-15T16:27:30+00:00,LWLG,OPT,20260618,C,15.0,TRADES,1.95,1.95,1.9,1.95,1.0,1,1.95,863931261,LWLG  260618C00015000
2026-05-15T16:27:40+00:00,LWLG,OPT,20260618,C,15.0,TRADES,1.95,1.95,1.9,1.95,0.0,0,1.95,863931261,LWLG  260618C00015000
2026-05-15T16:27:50+00:00,LWLG,OPT,20260618,C,15.0,TRADES,1.95,1.95,1.9,1.95,0.0,0,1.95,863931261,LWLG  260618C00015000
2026-05-15T16:28:00+00:00,LWLG,OPT,20260618,C,15.0,TRADES,1.95,1.95,1.9,1.95,0.0,0,1.95,863931261,LWLG  260618C00015000
2026-05-15T16:28:10+00:00,LWLG,OPT,20260618,C,15.0,TRADES,1.95,1.95,1.9,1.95,0.0,0,1.95,863931261,LWLG  260618C00015000
2026-05-15T16:28:20+00:00,LWLG,OPT,20260618,C,15.0,TRADES,1.95,1.95,1.9,1.95,0.0,0,1.95,863931261,LWLG  260618C00015000
2026-05-15T16:28:30+00:00,LWLG,OPT,20260618,C,15.0,TRADES,1.95,1.95,1.9,1.95,0.0,0,1.95,863931261,LWLG  260618C00015000
2026-05-15T16:28:40+00:00,LWLG,OPT,20260618,C,15.0,TRADES,1.95,1.95,1.9,1.95,0.0,0,1.95,863931261,LWLG  260618C00015000
2026-05-15T16:28:50+00:00,LWLG,OPT,20260618,C,15.0,TRADES,1.95,1.95,1.9,1.95,0.0,0,1.95,863931261,LWLG  260618C00015000
2026-05-15T16:29:00+00:00,LWLG,OPT,20260618,C,15.0,TRADES,1.95,1.95,1.9,1.95,0.0,0,1.95,863931261,LWLG  260618C00015000
2026-05-15T16:29:10+00:00,LWLG,OPT,20260618,C,15.0,TRADES,1.95,1.95,1.9,1.95,0.0,0,1.95,863931261,LWLG  260618C00015000
2026-05-15T16:29:20+00:00,LWLG,OPT,20260618,C,15.0,TRADES,1.95,1.95,1.9,1.95,0.0,0,1.95,863931261,LWLG  260618C00015000
2026-05-15T16:29:30+00:00,LWLG,OPT,20260618,C,15.0,TRADES,1.95,1.95,1.9,1.95,0.0,0,1.95,863931261,LWLG  260618C00015000
2026-05-15T16:29:40+00:00,LWLG,OPT,20260618,C,15.0,TRADES,1.95,1.95,1.9,1.95,0.0,0,1.95,863931261,LWLG  260618C00015000
2026-05-15T16:29:50+00:00,LWLG,OPT,20260618,C,15.0,TRADES,1.95,1.95,1.9,1.95,0.0,0,1.95,863931261,LWLG  260618C00015000
2026-05-15T16:30:00+00:00,LWLG,OPT,20260618,C,15.0,TRADES,1.95,1.95,1.9,1.95,0.0,0,1.95,863931261,LWLG  260618C00015000
2026-05-15T16:30:10+00:00,LWLG,OPT,20260618,C,15.0,TRADES,1.95,1.95,1.9,1.95,0.0,0,1.95,863931261,LWLG  260618C00015000
2026-05-15T16:30:20+00:00,LWLG,OPT,20260618,C,15.0,TRADES,1.95,1.95,1.9,1.95,0.0,0,1.95,863931261,LWLG  260618C00015000
2026-05-15T16:30:30+00:00,LWLG,OPT,20260618,C,15.0,TRADES,1.95,1.95,1.9,1.95,0.0,0,1.95,863931261,LWLG  260618C00015000
2026-05-15T16:30:40+00:00,LWLG,OPT,20260618,C,15.0,TRADES,1.95,1.95,1.9,1.95,0.0,0,1.95,863931261,LWLG  260618C00015000
2026-05-15T16:30:50+00:00,LWLG,OPT,20260618,C,15.0,TRADES,1.95,1.95,1.9,1.95,0.0,0,1.95,863931261,LWLG  260618C00015000
2026-05-15T16:31:00+00:00,LWLG,OPT,20260618,C,15.0,TRADES,1.95,1.95,1.9,1.95,0.0,0,1.95,863931261,LWLG  260618C00015000
2026-05-15T16:31:10+00:00,LWLG,OPT,20260618,C,15.0,TRADES,1.95,1.95,1.9,1.95,0.0,0,1.95,863931261,LWLG  260618C00015000
2026-05-15T16:31:20+00:00,LWLG,OPT,20260618,C,15.0,TRADES,1.95,1.95,1.9,1.95,0.0,0,1.95,863931261,LWLG  260618C00015000
2026-05-15T16:31:30+00:00,LWLG,OPT,20260618,C,15.0,TRADES,1.95,1.95,1.9,1.95,0.0,0,1.95,863931261,LWLG  260618C00015000
2026-05-15T16:31:40+00:00,LWLG,OPT,20260618,C,15.0,TRADES,1.95,1.95,1.9,1.95,0.0,0,1.95,863931261,LWLG  260618C00015000
2026-05-15T16:31:50+00:00,LWLG,OPT,20260618,C,15.0,TRADES,1.95,1.95,1.9,1.95,0.0,0,1.95,863931261,LWLG  260618C00015000
2026-05-15T16:32:00+00:00,LWLG,OPT,20260618,C,15.0,TRADES,1.95,1.95,1.9,1.95,0.0,0,1.95,863931261,LWLG  260618C00015000
2026-05-15T16:32:10+00:00,LWLG,OPT,20260618,C,15.0,TRADES,1.95,1.95,1.9,1.95,0.0,0,1.95,863931261,LWLG  260618C00015000
2026-05-15T16:32:20+00:00,LWLG,OPT,20260618,C,15.0,TRADES,1.95,1.95,1.9,1.95,0.0,0,1.95,863931261,LWLG  260618C00015000
2026-05-15T16:32:30+00:00,LWLG,OPT,20260618,C,15.0,TRADES,1.95,1.95,1.9,1.95,0.0,0,1.95,863931261,LWLG  260618C00015000
2026-05-15T16:32:40+00:00,LWLG,OPT,20260618,C,15.0,TRADES,1.95,1.95,1.9,1.95,0.0,0,1.95,863931261,LWLG  260618C00015000
2026-05-15T16:32:50+00:00,LWLG,OPT,20260618,C,15.0,TRADES,1.95,1.95,1.9,1.95,0.0,0,1.95,863931261,LWLG  260618C00015000
2026-05-15T16:33:00+00:00,LWLG,OPT,20260618,C,15.0,TRADES,1.9,1.9,1.9,1.9,43.0,4,1.9,863931261,LWLG  260618C00015000
2026-05-15T16:33:10+00:00,LWLG,OPT,20260618,C,15.0,TRADES,1.9,1.9,1.9,1.9,0.0,0,1.9,863931261,LWLG  260618C00015000
2026-05-15T16:33:20+00:00,LWLG,OPT,20260618,C,15.0,TRADES,1.9,1.9,1.9,1.9,0.0,0,1.9,863931261,LWLG  260618C00015000
2026-05-15T16:33:30+00:00,LWLG,OPT,20260618,C,15.0,TRADES,1.9,1.9,1.9,1.9,0.0,0,1.9,863931261,LWLG  260618C00015000
2026-05-15T16:33:40+00:00,LWLG,OPT,20260618,C,15.0,TRADES,1.9,1.9,1.9,1.9,0.0,0,1.9,863931261,LWLG  260618C00015000
2026-05-15T16:33:50+00:00,LWLG,OPT,20260618,C,15.0,TRADES,1.9,1.9,1.9,1.9,0.0,0,1.9,863931261,LWLG  260618C00015000
2026-05-15T16:34:00+00:00,LWLG,OPT,20260618,C,15.0,TRADES,1.9,1.9,1.9,1.9,0.0,0,1.9,863931261,LWLG  260618C00015000
2026-05-15T16:34:10+00:00,LWLG,OPT,20260618,C,15.0,TRADES,1.9,1.9,1.9,1.9,0.0,0,1.9,863931261,LWLG  260618C00015000
2026-05-15T16:34:20+00:00,LWLG,OPT,20260618,C,15.0,TRADES,1.9,1.9,1.9,1.9,0.0,0,1.9,863931261,LWLG  260618C00015000
2026-05-15T16:34:30+00:00,LWLG,OPT,20260618,C,15.0,TRADES,1.9,1.9,1.9,1.9,0.0,0,1.9,863931261,LWLG  260618C00015000
2026-05-15T16:34:40+00:00,LWLG,OPT,20260618,C,15.0,TRADES,1.9,1.9,1.9,1.9,0.0,0,1.9,863931261,LWLG  260618C00015000
2026-05-15T16:34:50+00:00,LWLG,OPT,20260618,C,15.0,TRADES,1.9,1.9,1.9,1.9,0.0,0,1.9,863931261,LWLG  260618C00015000
2026-05-15T16:35:00+00:00,LWLG,OPT,20260618,C,15.0,TRADES,1.9,1.9,1.9,1.9,0.0,0,1.9,863931261,LWLG  260618C00015000
2026-05-15T16:35:10+00:00,LWLG,OPT,20260618,C,15.0,TRADES,1.9,1.9,1.9,1.9,0.0,0,1.9,863931261,LWLG  260618C00015000
2026-05-15T16:35:20+00:00,LWLG,OPT,20260618,C,15.0,TRADES,1.9,1.9,1.9,1.9,0.0,0,1.9,863931261,LWLG  260618C00015000
2026-05-15T16:35:30+00:00,LWLG,OPT,20260618,C,15.0,TRADES,1.9,1.9,1.9,1.9,0.0,0,1.9,863931261,LWLG  260618C00015000
2026-05-15T16:35:40+00:00,LWLG,OPT,20260618,C,15.0,TRADES,1.9,1.9,1.9,1.9,0.0,0,1.9,863931261,LWLG  260618C00015000
2026-05-15T16:35:50+00:00,LWLG,OPT,20260618,C,15.0,TRADES,1.9,1.9,1.9,1.9,0.0,0,1.9,863931261,LWLG  260618C00015000
2026-05-15T16:36:00+00:00,LWLG,OPT,20260618,C,15.0,TRADES,1.95,1.95,1.9,1.95,20.0,2,1.93,863931261,LWLG  260618C00015000
2026-05-15T16:36:10+00:00,LWLG,OPT,20260618,C,15.0,TRADES,1.95,1.95,1.9,1.95,0.0,0,1.95,863931261,LWLG  260618C00015000
2026-05-15T16:36:20+00:00,LWLG,OPT,20260618,C,15.0,TRADES,1.95,1.95,1.9,1.95,0.0,0,1.95,863931261,LWLG  260618C00015000
2026-05-15T16:36:30+00:00,LWLG,OPT,20260618,C,15.0,TRADES,1.95,1.95,1.9,1.95,0.0,0,1.95,863931261,LWLG  260618C00015000
2026-05-15T16:36:40+00:00,LWLG,OPT,20260618,C,15.0,TRADES,1.95,1.95,1.9,1.95,0.0,0,1.95,863931261,LWLG  260618C00015000
2026-05-15T16:36:50+00:00,LWLG,OPT,20260618,C,15.0,TRADES,1.95,1.95,1.9,1.95,0.0,0,1.95,863931261,LWLG  260618C00015000
2026-05-15T16:37:00+00:00,LWLG,OPT,20260618,C,15.0,TRADES,1.95,1.95,1.9,1.95,0.0,0,1.95,863931261,LWLG  260618C00015000
2026-05-15T16:37:10+00:00,LWLG,OPT,20260618,C,15.0,TRADES,1.95,1.95,1.9,1.95,0.0,0,1.95,863931261,LWLG  260618C00015000
2026-05-15T16:37:20+00:00,LWLG,OPT,20260618,C,15.0,TRADES,1.95,1.95,1.9,1.95,0.0,0,1.95,863931261,LWLG  260618C00015000
2026-05-15T16:37:30+00:00,LWLG,OPT,20260618,C,15.0,TRADES,1.95,1.95,1.9,1.95,0.0,0,1.95,863931261,LWLG  260618C00015000
2026-05-15T16:37:40+00:00,LWLG,OPT,20260618,C,15.0,TRADES,1.95,1.95,1.9,1.95,0.0,0,1.95,863931261,LWLG  260618C00015000
2026-05-15T16:37:50+00:00,LWLG,OPT,20260618,C,15.0,TRADES,1.95,1.95,1.9,1.95,0.0,0,1.95,863931261,LWLG  260618C00015000
2026-05-15T16:38:00+00:00,LWLG,OPT,20260618,C,15.0,TRADES,1.95,1.95,1.9,1.95,0.0,0,1.95,863931261,LWLG  260618C00015000
2026-05-15T16:38:10+00:00,LWLG,OPT,20260618,C,15.0,TRADES,1.95,1.95,1.9,1.95,0.0,0,1.95,863931261,LWLG  260618C00015000
2026-05-15T16:38:20+00:00,LWLG,OPT,20260618,C,15.0,TRADES,1.95,1.95,1.9,1.95,0.0,0,1.95,863931261,LWLG  260618C00015000
2026-05-15T16:38:30+00:00,LWLG,OPT,20260618,C,15.0,TRADES,1.95,1.95,1.9,1.95,0.0,0,1.95,863931261,LWLG  260618C00015000
2026-05-15T16:38:40+00:00,LWLG,OPT,20260618,C,15.0,TRADES,1.95,1.95,1.9,1.95,0.0,0,1.95,863931261,LWLG  260618C00015000
2026-05-15T16:38:50+00:00,LWLG,OPT,20260618,C,15.0,TRADES,1.95,1.95,1.9,1.95,0.0,0,1.95,863931261,LWLG  260618C00015000
2026-05-15T16:39:00+00:00,LWLG,OPT,20260618,C,15.0,TRADES,1.95,1.95,1.9,1.95,0.0,0,1.95,863931261,LWLG  260618C00015000
2026-05-15T16:39:10+00:00,LWLG,OPT,20260618,C,15.0,TRADES,1.95,1.95,1.9,1.95,0.0,0,1.95,863931261,LWLG  260618C00015000
2026-05-15T16:39:20+00:00,LWLG,OPT,20260618,C,15.0,TRADES,1.95,1.95,1.9,1.95,0.0,0,1.95,863931261,LWLG  260618C00015000
2026-05-15T16:39:30+00:00,LWLG,OPT,20260618,C,15.0,TRADES,1.95,1.95,1.9,1.95,0.0,0,1.95,863931261,LWLG  260618C00015000
2026-05-15T16:39:40+00:00,LWLG,OPT,20260618,C,15.0,TRADES,1.95,1.95,1.9,1.95,0.0,0,1.95,863931261,LWLG  260618C00015000
2026-05-15T16:39:50+00:00,LWLG,OPT,20260618,C,15.0,TRADES,1.95,1.95,1.9,1.95,0.0,0,1.95,863931261,LWLG  260618C00015000
2026-05-15T16:40:00+00:00,LWLG,OPT,20260618,C,15.0,TRADES,1.95,1.95,1.9,1.95,0.0,0,1.95,863931261,LWLG  260618C00015000
2026-05-15T16:40:10+00:00,LWLG,OPT,20260618,C,15.0,TRADES,1.95,1.95,1.9,1.95,0.0,0,1.95,863931261,LWLG  260618C00015000
2026-05-15T16:40:20+00:00,LWLG,OPT,20260618,C,15.0,TRADES,1.95,1.95,1.9,1.95,0.0,0,1.95,863931261,LWLG  260618C00015000
2026-05-15T16:40:30+00:00,LWLG,OPT,20260618,C,15.0,TRADES,1.95,1.95,1.9,1.95,0.0,0,1.95,863931261,LWLG  260618C00015000
2026-05-15T16:40:40+00:00,LWLG,OPT,20260618,C,15.0,TRADES,1.95,1.95,1.9,1.95,0.0,0,1.95,863931261,LWLG  260618C00015000
2026-05-15T16:40:50+00:00,LWLG,OPT,20260618,C,15.0,TRADES,1.95,1.95,1.9,1.95,0.0,0,1.95,863931261,LWLG  260618C00015000
2026-05-15T16:41:00+00:00,LWLG,OPT,20260618,C,15.0,TRADES,1.95,1.95,1.9,1.95,0.0,0,1.95,863931261,LWLG  260618C00015000
2026-05-15T16:41:10+00:00,LWLG,OPT,20260618,C,15.0,TRADES,1.95,1.95,1.9,1.95,0.0,0,1.95,863931261,LWLG  260618C00015000
2026-05-15T16:41:20+00:00,LWLG,OPT,20260618,C,15.0,TRADES,1.95,1.95,1.9,1.95,0.0,0,1.95,863931261,LWLG  260618C00015000
2026-05-15T16:41:30+00:00,LWLG,OPT,20260618,C,15.0,TRADES,1.95,1.95,1.9,1.95,0.0,0,1.95,863931261,LWLG  260618C00015000
2026-05-15T16:41:40+00:00,LWLG,OPT,20260618,C,15.0,TRADES,1.95,1.95,1.9,1.95,0.0,0,1.95,863931261,LWLG  260618C00015000
2026-05-15T16:41:50+00:00,LWLG,OPT,20260618,C,15.0,TRADES,1.95,1.95,1.9,1.95,0.0,0,1.95,863931261,LWLG  260618C00015000
2026-05-15T16:42:00+00:00,LWLG,OPT,20260618,C,15.0,TRADES,1.95,1.95,1.9,1.95,0.0,0,1.95,863931261,LWLG  260618C00015000
2026-05-15T16:42:10+00:00,LWLG,OPT,20260618,C,15.0,TRADES,1.95,1.95,1.9,1.95,0.0,0,1.95,863931261,LWLG  260618C00015000
2026-05-15T16:42:20+00:00,LWLG,OPT,20260618,C,15.0,TRADES,1.95,1.95,1.9,1.95,0.0,0,1.95,863931261,LWLG  260618C00015000
2026-05-15T16:42:30+00:00,LWLG,OPT,20260618,C,15.0,TRADES,1.95,1.95,1.9,1.95,0.0,0,1.95,863931261,LWLG  260618C00015000
2026-05-15T16:42:40+00:00,LWLG,OPT,20260618,C,15.0,TRADES,1.95,1.95,1.9,1.95,0.0,0,1.95,863931261,LWLG  260618C00015000
2026-05-15T16:42:50+00:00,LWLG,OPT,20260618,C,15.0,TRADES,1.95,1.95,1.9,1.95,0.0,0,1.95,863931261,LWLG  260618C00015000
2026-05-15T16:43:00+00:00,LWLG,OPT,20260618,C,15.0,TRADES,1.95,1.95,1.9,1.95,0.0,0,1.95,863931261,LWLG  260618C00015000
2026-05-15T16:43:10+00:00,LWLG,OPT,20260618,C,15.0,TRADES,1.95,1.95,1.9,1.95,0.0,0,1.95,863931261,LWLG  260618C00015000
2026-05-15T16:43:20+00:00,LWLG,OPT,20260618,C,15.0,TRADES,1.95,1.95,1.9,1.95,0.0,0,1.95,863931261,LWLG  260618C00015000
2026-05-15T16:43:30+00:00,LWLG,OPT,20260618,C,15.0,TRADES,1.95,1.95,1.9,1.95,0.0,0,1.95,863931261,LWLG  260618C00015000
2026-05-15T16:43:40+00:00,LWLG,OPT,20260618,C,15.0,TRADES,1.95,1.95,1.9,1.95,0.0,0,1.95,863931261,LWLG  260618C00015000
2026-05-15T16:43:50+00:00,LWLG,OPT,20260618,C,15.0,TRADES,1.95,1.95,1.9,1.95,0.0,0,1.95,863931261,LWLG  260618C00015000
2026-05-15T16:44:00+00:00,LWLG,OPT,20260618,C,15.0,TRADES,1.95,1.95,1.9,1.95,0.0,0,1.95,863931261,LWLG  260618C00015000
2026-05-15T16:44:10+00:00,LWLG,OPT,20260618,C,15.0,TRADES,1.95,1.95,1.9,1.95,0.0,0,1.95,863931261,LWLG  260618C00015000
2026-05-15T16:44:20+00:00,LWLG,OPT,20260618,C,15.0,TRADES,1.95,1.95,1.9,1.95,0.0,0,1.95,863931261,LWLG  260618C00015000
2026-05-15T16:44:30+00:00,LWLG,OPT,20260618,C,15.0,TRADES,1.95,1.95,1.9,1.95,0.0,0,1.95,863931261,LWLG  260618C00015000
2026-05-15T16:44:40+00:00,LWLG,OPT,20260618,C,15.0,TRADES,1.95,1.95,1.9,1.95,0.0,0,1.95,863931261,LWLG  260618C00015000
2026-05-15T16:44:50+00:00,LWLG,OPT,20260618,C,15.0,TRADES,1.95,1.95,1.9,1.95,0.0,0,1.95,863931261,LWLG  260618C00015000
2026-05-15T16:45:00+00:00,LWLG,OPT,20260618,C,15.0,TRADES,1.95,1.95,1.9,1.95,0.0,0,1.95,863931261,LWLG  260618C00015000
2026-05-15T16:45:10+00:00,LWLG,OPT,20260618,C,15.0,TRADES,1.95,1.95,1.9,1.95,0.0,0,1.95,863931261,LWLG  260618C00015000
2026-05-15T16:45:20+00:00,LWLG,OPT,20260618,C,15.0,TRADES,1.95,1.95,1.9,1.95,0.0,0,1.95,863931261,LWLG  260618C00015000
2026-05-15T16:45:30+00:00,LWLG,OPT,20260618,C,15.0,TRADES,1.95,1.95,1.9,1.95,0.0,0,1.95,863931261,LWLG  260618C00015000
2026-05-15T16:45:40+00:00,LWLG,OPT,20260618,C,15.0,TRADES,1.95,1.95,1.9,1.95,0.0,0,1.95,863931261,LWLG  260618C00015000
2026-05-15T16:45:50+00:00,LWLG,OPT,20260618,C,15.0,TRADES,1.95,1.95,1.9,1.95,0.0,0,1.95,863931261,LWLG  260618C00015000
2026-05-15T16:46:00+00:00,LWLG,OPT,20260618,C,15.0,TRADES,1.95,1.95,1.9,1.95,0.0,0,1.95,863931261,LWLG  260618C00015000
2026-05-15T16:46:10+00:00,LWLG,OPT,20260618,C,15.0,TRADES,1.95,1.95,1.9,1.95,0.0,0,1.95,863931261,LWLG  260618C00015000
2026-05-15T16:46:20+00:00,LWLG,OPT,20260618,C,15.0,TRADES,1.95,1.95,1.9,1.95,0.0,0,1.95,863931261,LWLG  260618C00015000
2026-05-15T16:46:30+00:00,LWLG,OPT,20260618,C,15.0,TRADES,1.95,1.95,1.9,1.95,0.0,0,1.95,863931261,LWLG  260618C00015000
2026-05-15T16:46:40+00:00,LWLG,OPT,20260618,C,15.0,TRADES,1.95,1.95,1.9,1.95,0.0,0,1.95,863931261,LWLG  260618C00015000
2026-05-15T16:46:50+00:00,LWLG,OPT,20260618,C,15.0,TRADES,1.95,1.95,1.9,1.95,0.0,0,1.95,863931261,LWLG  260618C00015000
2026-05-15T16:47:00+00:00,LWLG,OPT,20260618,C,15.0,TRADES,1.95,1.95,1.9,1.95,0.0,0,1.95,863931261,LWLG  260618C00015000
2026-05-15T16:47:10+00:00,LWLG,OPT,20260618,C,15.0,TRADES,1.95,1.95,1.9,1.95,0.0,0,1.95,863931261,LWLG  260618C00015000
2026-05-15T16:47:20+00:00,LWLG,OPT,20260618,C,15.0,TRADES,1.95,1.95,1.9,1.95,0.0,0,1.95,863931261,LWLG  260618C00015000
2026-05-15T16:47:30+00:00,LWLG,OPT,20260618,C,15.0,TRADES,1.95,1.95,1.9,1.95,0.0,0,1.95,863931261,LWLG  260618C00015000
2026-05-15T16:47:40+00:00,LWLG,OPT,20260618,C,15.0,TRADES,1.95,1.95,1.9,1.95,0.0,0,1.95,863931261,LWLG  260618C00015000
2026-05-15T16:47:50+00:00,LWLG,OPT,20260618,C,15.0,TRADES,1.95,1.95,1.9,1.95,0.0,0,1.95,863931261,LWLG  260618C00015000
2026-05-15T16:48:00+00:00,LWLG,OPT,20260618,C,15.0,TRADES,1.95,1.95,1.9,1.95,0.0,0,1.95,863931261,LWLG  260618C00015000
2026-05-15T16:48:10+00:00,LWLG,OPT,20260618,C,15.0,TRADES,1.95,1.95,1.9,1.95,0.0,0,1.95,863931261,LWLG  260618C00015000
2026-05-15T16:48:20+00:00,LWLG,OPT,20260618,C,15.0,TRADES,1.95,1.95,1.9,1.95,0.0,0,1.95,863931261,LWLG  260618C00015000
2026-05-15T16:48:30+00:00,LWLG,OPT,20260618,C,15.0,TRADES,1.95,1.95,1.9,1.95,0.0,0,1.95,863931261,LWLG  260618C00015000
2026-05-15T16:48:40+00:00,LWLG,OPT,20260618,C,15.0,TRADES,1.95,1.95,1.9,1.95,0.0,0,1.95,863931261,LWLG  260618C00015000
2026-05-15T16:48:50+00:00,LWLG,OPT,20260618,C,15.0,TRADES,1.95,1.95,1.9,1.95,0.0,0,1.95,863931261,LWLG  260618C00015000
2026-05-15T16:49:00+00:00,LWLG,OPT,20260618,C,15.0,TRADES,1.95,1.95,1.9,1.95,0.0,0,1.95,863931261,LWLG  260618C00015000
2026-05-15T16:49:10+00:00,LWLG,OPT,20260618,C,15.0,TRADES,1.95,1.95,1.9,1.95,0.0,0,1.95,863931261,LWLG  260618C00015000
2026-05-15T16:49:20+00:00,LWLG,OPT,20260618,C,15.0,TRADES,1.95,1.95,1.9,1.95,0.0,0,1.95,863931261,LWLG  260618C00015000
2026-05-15T16:49:30+00:00,LWLG,OPT,20260618,C,15.0,TRADES,1.95,1.95,1.9,1.95,0.0,0,1.95,863931261,LWLG  260618C00015000
2026-05-15T16:49:40+00:00,LWLG,OPT,20260618,C,15.0,TRADES,1.95,1.95,1.9,1.95,0.0,0,1.95,863931261,LWLG  260618C00015000
2026-05-15T16:49:50+00:00,LWLG,OPT,20260618,C,15.0,TRADES,1.95,1.95,1.9,1.95,0.0,0,1.95,863931261,LWLG  260618C00015000
2026-05-15T16:50:00+00:00,LWLG,OPT,20260618,C,15.0,TRADES,1.95,1.95,1.9,1.95,0.0,0,1.95,863931261,LWLG  260618C00015000
2026-05-15T16:50:10+00:00,LWLG,OPT,20260618,C,15.0,TRADES,1.95,1.95,1.9,1.95,0.0,0,1.95,863931261,LWLG  260618C00015000
2026-05-15T16:50:20+00:00,LWLG,OPT,20260618,C,15.0,TRADES,1.95,1.95,1.9,1.95,0.0,0,1.95,863931261,LWLG  260618C00015000
2026-05-15T16:50:30+00:00,LWLG,OPT,20260618,C,15.0,TRADES,1.95,1.95,1.9,1.95,0.0,0,1.95,863931261,LWLG  260618C00015000
2026-05-15T16:50:40+00:00,LWLG,OPT,20260618,C,15.0,TRADES,1.95,1.95,1.9,1.95,0.0,0,1.95,863931261,LWLG  260618C00015000
2026-05-15T16:50:50+00:00,LWLG,OPT,20260618,C,15.0,TRADES,1.95,1.95,1.9,1.95,0.0,0,1.95,863931261,LWLG  260618C00015000
2026-05-15T16:51:00+00:00,LWLG,OPT,20260618,C,15.0,TRADES,1.95,1.95,1.9,1.95,0.0,0,1.95,863931261,LWLG  260618C00015000
2026-05-15T16:51:10+00:00,LWLG,OPT,20260618,C,15.0,TRADES,1.95,1.95,1.9,1.95,0.0,0,1.95,863931261,LWLG  260618C00015000
2026-05-15T16:51:20+00:00,LWLG,OPT,20260618,C,15.0,TRADES,1.95,1.95,1.9,1.95,0.0,0,1.95,863931261,LWLG  260618C00015000
2026-05-15T16:51:30+00:00,LWLG,OPT,20260618,C,15.0,TRADES,1.95,1.95,1.9,1.95,0.0,0,1.95,863931261,LWLG  260618C00015000
2026-05-15T16:51:40+00:00,LWLG,OPT,20260618,C,15.0,TRADES,1.9,1.9,1.9,1.9,2.0,1,1.9,863931261,LWLG  260618C00015000
2026-05-15T16:51:50+00:00,LWLG,OPT,20260618,C,15.0,TRADES,1.9,1.9,1.9,1.9,0.0,0,1.9,863931261,LWLG  260618C00015000
2026-05-15T16:52:00+00:00,LWLG,OPT,20260618,C,15.0,TRADES,1.9,1.9,1.9,1.9,0.0,0,1.9,863931261,LWLG  260618C00015000
2026-05-15T16:52:10+00:00,LWLG,OPT,20260618,C,15.0,TRADES,1.9,1.9,1.9,1.9,0.0,0,1.9,863931261,LWLG  260618C00015000
2026-05-15T16:52:20+00:00,LWLG,OPT,20260618,C,15.0,TRADES,1.9,1.9,1.9,1.9,0.0,0,1.9,863931261,LWLG  260618C00015000
2026-05-15T16:52:30+00:00,LWLG,OPT,20260618,C,15.0,TRADES,1.9,1.9,1.9,1.9,0.0,0,1.9,863931261,LWLG  260618C00015000
2026-05-15T16:52:40+00:00,LWLG,OPT,20260618,C,15.0,TRADES,1.9,1.9,1.9,1.9,0.0,0,1.9,863931261,LWLG  260618C00015000
2026-05-15T16:52:50+00:00,LWLG,OPT,20260618,C,15.0,TRADES,1.9,1.9,1.9,1.9,0.0,0,1.9,863931261,LWLG  260618C00015000
2026-05-15T16:53:00+00:00,LWLG,OPT,20260618,C,15.0,TRADES,1.9,1.9,1.9,1.9,0.0,0,1.9,863931261,LWLG  260618C00015000
2026-05-15T16:53:10+00:00,LWLG,OPT,20260618,C,15.0,TRADES,1.9,1.9,1.9,1.9,0.0,0,1.9,863931261,LWLG  260618C00015000
2026-05-15T16:53:20+00:00,LWLG,OPT,20260618,C,15.0,TRADES,1.9,1.9,1.9,1.9,0.0,0,1.9,863931261,LWLG  260618C00015000
2026-05-15T16:53:30+00:00,LWLG,OPT,20260618,C,15.0,TRADES,1.9,1.9,1.9,1.9,0.0,0,1.9,863931261,LWLG  260618C00015000
2026-05-15T16:53:40+00:00,LWLG,OPT,20260618,C,15.0,TRADES,1.9,1.9,1.9,1.9,0.0,0,1.9,863931261,LWLG  260618C00015000
2026-05-15T16:53:50+00:00,LWLG,OPT,20260618,C,15.0,TRADES,1.9,1.9,1.9,1.9,0.0,0,1.9,863931261,LWLG  260618C00015000
2026-05-15T16:54:00+00:00,LWLG,OPT,20260618,C,15.0,TRADES,1.9,1.9,1.9,1.9,0.0,0,1.9,863931261,LWLG  260618C00015000
2026-05-15T16:54:10+00:00,LWLG,OPT,20260618,C,15.0,TRADES,1.9,1.9,1.9,1.9,0.0,0,1.9,863931261,LWLG  260618C00015000
2026-05-15T16:54:20+00:00,LWLG,OPT,20260618,C,15.0,TRADES,1.9,1.9,1.9,1.9,0.0,0,1.9,863931261,LWLG  260618C00015000
2026-05-15T16:54:30+00:00,LWLG,OPT,20260618,C,15.0,TRADES,1.9,1.9,1.9,1.9,0.0,0,1.9,863931261,LWLG  260618C00015000
2026-05-15T16:54:40+00:00,LWLG,OPT,20260618,C,15.0,TRADES,1.9,1.9,1.9,1.9,0.0,0,1.9,863931261,LWLG  260618C00015000
2026-05-15T16:54:50+00:00,LWLG,OPT,20260618,C,15.0,TRADES,1.9,1.9,1.9,1.9,0.0,0,1.9,863931261,LWLG  260618C00015000
2026-05-15T16:55:00+00:00,LWLG,OPT,20260618,C,15.0,TRADES,1.9,1.9,1.9,1.9,0.0,0,1.9,863931261,LWLG  260618C00015000
2026-05-15T16:55:10+00:00,LWLG,OPT,20260618,C,15.0,TRADES,1.9,1.9,1.9,1.9,0.0,0,1.9,863931261,LWLG  260618C00015000
2026-05-15T16:55:20+00:00,LWLG,OPT,20260618,C,15.0,TRADES,1.9,1.9,1.9,1.9,0.0,0,1.9,863931261,LWLG  260618C00015000
2026-05-15T16:55:30+00:00,LWLG,OPT,20260618,C,15.0,TRADES,1.9,1.9,1.9,1.9,0.0,0,1.9,863931261,LWLG  260618C00015000
2026-05-15T16:55:40+00:00,LWLG,OPT,20260618,C,15.0,TRADES,1.9,1.9,1.9,1.9,0.0,0,1.9,863931261,LWLG  260618C00015000
2026-05-15T16:55:50+00:00,LWLG,OPT,20260618,C,15.0,TRADES,1.9,1.9,1.9,1.9,0.0,0,1.9,863931261,LWLG  260618C00015000
2026-05-15T16:56:00+00:00,LWLG,OPT,20260618,C,15.0,TRADES,1.9,1.9,1.9,1.9,0.0,0,1.9,863931261,LWLG  260618C00015000
2026-05-15T16:56:10+00:00,LWLG,OPT,20260618,C,15.0,TRADES,1.9,1.9,1.9,1.9,0.0,0,1.9,863931261,LWLG  260618C00015000
2026-05-15T16:56:20+00:00,LWLG,OPT,20260618,C,15.0,TRADES,1.9,1.9,1.9,1.9,0.0,0,1.9,863931261,LWLG  260618C00015000
2026-05-15T16:56:30+00:00,LWLG,OPT,20260618,C,15.0,TRADES,1.9,1.9,1.9,1.9,0.0,0,1.9,863931261,LWLG  260618C00015000
2026-05-15T16:56:40+00:00,LWLG,OPT,20260618,C,15.0,TRADES,1.9,1.9,1.9,1.9,0.0,0,1.9,863931261,LWLG  260618C00015000
2026-05-15T16:56:50+00:00,LWLG,OPT,20260618,C,15.0,TRADES,1.9,1.9,1.9,1.9,0.0,0,1.9,863931261,LWLG  260618C00015000
2026-05-15T16:57:00+00:00,LWLG,OPT,20260618,C,15.0,TRADES,1.9,1.9,1.9,1.9,0.0,0,1.9,863931261,LWLG  260618C00015000
2026-05-15T16:57:10+00:00,LWLG,OPT,20260618,C,15.0,TRADES,1.9,1.9,1.9,1.9,0.0,0,1.9,863931261,LWLG  260618C00015000
2026-05-15T16:57:20+00:00,LWLG,OPT,20260618,C,15.0,TRADES,1.9,1.9,1.9,1.9,0.0,0,1.9,863931261,LWLG  260618C00015000
2026-05-15T16:57:30+00:00,LWLG,OPT,20260618,C,15.0,TRADES,1.9,1.9,1.9,1.9,0.0,0,1.9,863931261,LWLG  260618C00015000
2026-05-15T16:57:40+00:00,LWLG,OPT,20260618,C,15.0,TRADES,1.9,1.9,1.9,1.9,0.0,0,1.9,863931261,LWLG  260618C00015000
2026-05-15T16:57:50+00:00,LWLG,OPT,20260618,C,15.0,TRADES,1.9,1.9,1.9,1.9,0.0,0,1.9,863931261,LWLG  260618C00015000
2026-05-15T16:58:00+00:00,LWLG,OPT,20260618,C,15.0,TRADES,1.9,1.9,1.9,1.9,0.0,0,1.9,863931261,LWLG  260618C00015000
2026-05-15T16:58:10+00:00,LWLG,OPT,20260618,C,15.0,TRADES,1.9,1.9,1.9,1.9,0.0,0,1.9,863931261,LWLG  260618C00015000
2026-05-15T16:58:20+00:00,LWLG,OPT,20260618,C,15.0,TRADES,1.9,1.9,1.9,1.9,1.0,1,1.9,863931261,LWLG  260618C00015000
2026-05-15T16:58:30+00:00,LWLG,OPT,20260618,C,15.0,TRADES,1.9,1.9,1.9,1.9,0.0,0,1.9,863931261,LWLG  260618C00015000
2026-05-15T16:58:40+00:00,LWLG,OPT,20260618,C,15.0,TRADES,1.9,1.9,1.9,1.9,0.0,0,1.9,863931261,LWLG  260618C00015000
2026-05-15T16:58:50+00:00,LWLG,OPT,20260618,C,15.0,TRADES,1.9,1.9,1.9,1.9,0.0,0,1.9,863931261,LWLG  260618C00015000
2026-05-15T16:59:00+00:00,LWLG,OPT,20260618,C,15.0,TRADES,1.9,1.9,1.9,1.9,0.0,0,1.9,863931261,LWLG  260618C00015000
2026-05-15T16:59:10+00:00,LWLG,OPT,20260618,C,15.0,TRADES,1.9,1.9,1.9,1.9,0.0,0,1.9,863931261,LWLG  260618C00015000
2026-05-15T16:59:20+00:00,LWLG,OPT,20260618,C,15.0,TRADES,1.9,1.9,1.9,1.9,0.0,0,1.9,863931261,LWLG  260618C00015000
2026-05-15T16:59:30+00:00,LWLG,OPT,20260618,C,15.0,TRADES,1.9,1.9,1.9,1.9,0.0,0,1.9,863931261,LWLG  260618C00015000
2026-05-15T16:59:40+00:00,LWLG,OPT,20260618,C,15.0,TRADES,1.9,1.9,1.9,1.9,0.0,0,1.9,863931261,LWLG  260618C00015000
2026-05-15T16:59:50+00:00,LWLG,OPT,20260618,C,15.0,TRADES,1.9,1.9,1.9,1.9,0.0,0,1.9,863931261,LWLG  260618C00015000
2026-05-15T17:00:00+00:00,LWLG,OPT,20260618,C,15.0,TRADES,1.9,1.9,1.9,1.9,0.0,0,1.9,863931261,LWLG  260618C00015000
2026-05-15T17:00:10+00:00,LWLG,OPT,20260618,C,15.0,TRADES,1.9,1.9,1.9,1.9,0.0,0,1.9,863931261,LWLG  260618C00015000
2026-05-15T17:00:20+00:00,LWLG,OPT,20260618,C,15.0,TRADES,1.9,1.9,1.9,1.9,0.0,0,1.9,863931261,LWLG  260618C00015000
2026-05-15T17:00:30+00:00,LWLG,OPT,20260618,C,15.0,TRADES,1.9,1.9,1.9,1.9,0.0,0,1.9,863931261,LWLG  260618C00015000
2026-05-15T17:00:40+00:00,LWLG,OPT,20260618,C,15.0,TRADES,1.9,1.9,1.9,1.9,0.0,0,1.9,863931261,LWLG  260618C00015000
2026-05-15T17:00:50+00:00,LWLG,OPT,20260618,C,15.0,TRADES,1.9,1.9,1.9,1.9,0.0,0,1.9,863931261,LWLG  260618C00015000
2026-05-15T17:01:00+00:00,LWLG,OPT,20260618,C,15.0,TRADES,1.9,1.9,1.9,1.9,0.0,0,1.9,863931261,LWLG  260618C00015000
2026-05-15T17:01:10+00:00,LWLG,OPT,20260618,C,15.0,TRADES,1.9,1.9,1.9,1.9,0.0,0,1.9,863931261,LWLG  260618C00015000
2026-05-15T17:01:20+00:00,LWLG,OPT,20260618,C,15.0,TRADES,1.9,1.9,1.9,1.9,0.0,0,1.9,863931261,LWLG  260618C00015000
2026-05-15T17:01:30+00:00,LWLG,OPT,20260618,C,15.0,TRADES,1.9,1.9,1.9,1.9,0.0,0,1.9,863931261,LWLG  260618C00015000
2026-05-15T17:01:40+00:00,LWLG,OPT,20260618,C,15.0,TRADES,1.9,1.9,1.9,1.9,0.0,0,1.9,863931261,LWLG  260618C00015000
2026-05-15T17:01:50+00:00,LWLG,OPT,20260618,C,15.0,TRADES,1.9,1.9,1.9,1.9,0.0,0,1.9,863931261,LWLG  260618C00015000
2026-05-15T17:02:00+00:00,LWLG,OPT,20260618,C,15.0,TRADES,1.9,1.9,1.9,1.9,0.0,0,1.9,863931261,LWLG  260618C00015000
2026-05-15T17:02:10+00:00,LWLG,OPT,20260618,C,15.0,TRADES,1.9,1.9,1.9,1.9,0.0,0,1.9,863931261,LWLG  260618C00015000
2026-05-15T17:02:20+00:00,LWLG,OPT,20260618,C,15.0,TRADES,1.9,1.9,1.9,1.9,0.0,0,1.9,863931261,LWLG  260618C00015000
2026-05-15T17:02:30+00:00,LWLG,OPT,20260618,C,15.0,TRADES,1.9,1.9,1.9,1.9,0.0,0,1.9,863931261,LWLG  260618C00015000
2026-05-15T17:02:40+00:00,LWLG,OPT,20260618,C,15.0,TRADES,1.9,1.9,1.9,1.9,0.0,0,1.9,863931261,LWLG  260618C00015000
2026-05-15T17:02:50+00:00,LWLG,OPT,20260618,C,15.0,TRADES,1.9,1.9,1.9,1.9,0.0,0,1.9,863931261,LWLG  260618C00015000
2026-05-15T17:03:00+00:00,LWLG,OPT,20260618,C,15.0,TRADES,1.9,1.9,1.9,1.9,0.0,0,1.9,863931261,LWLG  260618C00015000
2026-05-15T17:03:10+00:00,LWLG,OPT,20260618,C,15.0,TRADES,1.9,1.9,1.9,1.9,0.0,0,1.9,863931261,LWLG  260618C00015000
2026-05-15T17:03:20+00:00,LWLG,OPT,20260618,C,15.0,TRADES,1.9,1.9,1.9,1.9,0.0,0,1.9,863931261,LWLG  260618C00015000
2026-05-15T17:03:30+00:00,LWLG,OPT,20260618,C,15.0,TRADES,1.9,1.9,1.9,1.9,0.0,0,1.9,863931261,LWLG  260618C00015000
2026-05-15T17:03:40+00:00,LWLG,OPT,20260618,C,15.0,TRADES,1.9,1.9,1.9,1.9,0.0,0,1.9,863931261,LWLG  260618C00015000
2026-05-15T17:03:50+00:00,LWLG,OPT,20260618,C,15.0,TRADES,1.9,1.9,1.9,1.9,0.0,0,1.9,863931261,LWLG  260618C00015000
2026-05-15T17:04:00+00:00,LWLG,OPT,20260618,C,15.0,TRADES,1.9,1.9,1.9,1.9,0.0,0,1.9,863931261,LWLG  260618C00015000
2026-05-15T17:04:10+00:00,LWLG,OPT,20260618,C,15.0,TRADES,1.9,1.9,1.9,1.9,0.0,0,1.9,863931261,LWLG  260618C00015000
2026-05-15T17:04:20+00:00,LWLG,OPT,20260618,C,15.0,TRADES,1.9,1.9,1.9,1.9,0.0,0,1.9,863931261,LWLG  260618C00015000
2026-05-15T17:04:30+00:00,LWLG,OPT,20260618,C,15.0,TRADES,1.9,1.9,1.9,1.9,0.0,0,1.9,863931261,LWLG  260618C00015000
2026-05-15T17:04:40+00:00,LWLG,OPT,20260618,C,15.0,TRADES,1.9,1.9,1.9,1.9,0.0,0,1.9,863931261,LWLG  260618C00015000
2026-05-15T17:04:50+00:00,LWLG,OPT,20260618,C,15.0,TRADES,1.9,1.9,1.9,1.9,0.0,0,1.9,863931261,LWLG  260618C00015000
2026-05-15T17:05:00+00:00,LWLG,OPT,20260618,C,15.0,TRADES,1.9,1.9,1.9,1.9,0.0,0,1.9,863931261,LWLG  260618C00015000
2026-05-15T17:05:10+00:00,LWLG,OPT,20260618,C,15.0,TRADES,1.9,1.9,1.9,1.9,0.0,0,1.9,863931261,LWLG  260618C00015000
2026-05-15T17:05:20+00:00,LWLG,OPT,20260618,C,15.0,TRADES,1.9,1.9,1.9,1.9,0.0,0,1.9,863931261,LWLG  260618C00015000
2026-05-15T17:05:30+00:00,LWLG,OPT,20260618,C,15.0,TRADES,1.9,1.9,1.9,1.9,0.0,0,1.9,863931261,LWLG  260618C00015000
2026-05-15T17:05:40+00:00,LWLG,OPT,20260618,C,15.0,TRADES,1.9,1.9,1.9,1.9,0.0,0,1.9,863931261,LWLG  260618C00015000
2026-05-15T17:05:50+00:00,LWLG,OPT,20260618,C,15.0,TRADES,1.9,1.9,1.9,1.9,0.0,0,1.9,863931261,LWLG  260618C00015000
2026-05-15T17:06:00+00:00,LWLG,OPT,20260618,C,15.0,TRADES,1.9,1.9,1.9,1.9,0.0,0,1.9,863931261,LWLG  260618C00015000
2026-05-15T17:06:10+00:00,LWLG,OPT,20260618,C,15.0,TRADES,1.9,1.9,1.9,1.9,0.0,0,1.9,863931261,LWLG  260618C00015000
2026-05-15T17:06:20+00:00,LWLG,OPT,20260618,C,15.0,TRADES,1.9,1.9,1.9,1.9,0.0,0,1.9,863931261,LWLG  260618C00015000
2026-05-15T17:06:30+00:00,LWLG,OPT,20260618,C,15.0,TRADES,1.9,1.9,1.9,1.9,0.0,0,1.9,863931261,LWLG  260618C00015000
2026-05-15T17:06:40+00:00,LWLG,OPT,20260618,C,15.0,TRADES,1.9,1.9,1.9,1.9,0.0,0,1.9,863931261,LWLG  260618C00015000
2026-05-15T17:06:50+00:00,LWLG,OPT,20260618,C,15.0,TRADES,1.9,1.9,1.9,1.9,0.0,0,1.9,863931261,LWLG  260618C00015000
2026-05-15T17:07:00+00:00,LWLG,OPT,20260618,C,15.0,TRADES,1.9,1.9,1.9,1.9,0.0,0,1.9,863931261,LWLG  260618C00015000
2026-05-15T17:07:10+00:00,LWLG,OPT,20260618,C,15.0,TRADES,1.9,1.9,1.9,1.9,0.0,0,1.9,863931261,LWLG  260618C00015000
2026-05-15T17:07:20+00:00,LWLG,OPT,20260618,C,15.0,TRADES,1.9,1.9,1.9,1.9,0.0,0,1.9,863931261,LWLG  260618C00015000
2026-05-15T17:07:30+00:00,LWLG,OPT,20260618,C,15.0,TRADES,1.9,1.9,1.9,1.9,0.0,0,1.9,863931261,LWLG  260618C00015000
2026-05-15T17:07:40+00:00,LWLG,OPT,20260618,C,15.0,TRADES,1.85,1.85,1.85,1.85,1.0,1,1.85,863931261,LWLG  260618C00015000
2026-05-15T17:07:50+00:00,LWLG,OPT,20260618,C,15.0,TRADES,1.85,1.85,1.85,1.85,0.0,0,1.85,863931261,LWLG  260618C00015000
2026-05-15T17:08:00+00:00,LWLG,OPT,20260618,C,15.0,TRADES,1.85,1.85,1.85,1.85,0.0,0,1.85,863931261,LWLG  260618C00015000
2026-05-15T17:08:10+00:00,LWLG,OPT,20260618,C,15.0,TRADES,1.85,1.85,1.85,1.85,0.0,0,1.85,863931261,LWLG  260618C00015000
2026-05-15T17:08:20+00:00,LWLG,OPT,20260618,C,15.0,TRADES,1.85,1.85,1.85,1.85,0.0,0,1.85,863931261,LWLG  260618C00015000
2026-05-15T17:08:30+00:00,LWLG,OPT,20260618,C,15.0,TRADES,1.85,1.85,1.85,1.85,0.0,0,1.85,863931261,LWLG  260618C00015000
2026-05-15T17:08:40+00:00,LWLG,OPT,20260618,C,15.0,TRADES,1.9,1.9,1.85,1.9,1.0,1,1.9,863931261,LWLG  260618C00015000
2026-05-15T17:08:50+00:00,LWLG,OPT,20260618,C,15.0,TRADES,1.9,1.9,1.85,1.9,0.0,0,1.9,863931261,LWLG  260618C00015000
2026-05-15T17:09:00+00:00,LWLG,OPT,20260618,C,15.0,TRADES,1.9,1.9,1.85,1.9,0.0,0,1.9,863931261,LWLG  260618C00015000
2026-05-15T17:09:10+00:00,LWLG,OPT,20260618,C,15.0,TRADES,1.9,1.9,1.85,1.9,0.0,0,1.9,863931261,LWLG  260618C00015000
2026-05-15T17:09:20+00:00,LWLG,OPT,20260618,C,15.0,TRADES,1.9,1.9,1.85,1.9,0.0,0,1.9,863931261,LWLG  260618C00015000
2026-05-15T17:09:30+00:00,LWLG,OPT,20260618,C,15.0,TRADES,1.9,1.9,1.85,1.9,0.0,0,1.9,863931261,LWLG  260618C00015000
2026-05-15T17:09:40+00:00,LWLG,OPT,20260618,C,15.0,TRADES,1.9,1.9,1.85,1.9,0.0,0,1.9,863931261,LWLG  260618C00015000
2026-05-15T17:09:50+00:00,LWLG,OPT,20260618,C,15.0,TRADES,1.9,1.9,1.85,1.9,0.0,0,1.9,863931261,LWLG  260618C00015000
2026-05-15T17:10:00+00:00,LWLG,OPT,20260618,C,15.0,TRADES,1.9,1.9,1.85,1.9,0.0,0,1.9,863931261,LWLG  260618C00015000
2026-05-15T17:10:10+00:00,LWLG,OPT,20260618,C,15.0,TRADES,1.9,1.9,1.85,1.9,0.0,0,1.9,863931261,LWLG  260618C00015000
2026-05-15T17:10:20+00:00,LWLG,OPT,20260618,C,15.0,TRADES,1.9,1.9,1.85,1.9,0.0,0,1.9,863931261,LWLG  260618C00015000
2026-05-15T17:10:30+00:00,LWLG,OPT,20260618,C,15.0,TRADES,1.9,1.9,1.85,1.9,0.0,0,1.9,863931261,LWLG  260618C00015000
2026-05-15T17:10:40+00:00,LWLG,OPT,20260618,C,15.0,TRADES,1.9,1.9,1.85,1.9,0.0,0,1.9,863931261,LWLG  260618C00015000
2026-05-15T17:10:50+00:00,LWLG,OPT,20260618,C,15.0,TRADES,1.9,1.9,1.85,1.9,0.0,0,1.9,863931261,LWLG  260618C00015000
2026-05-15T17:11:00+00:00,LWLG,OPT,20260618,C,15.0,TRADES,1.9,1.9,1.85,1.9,0.0,0,1.9,863931261,LWLG  260618C00015000
2026-05-15T17:11:10+00:00,LWLG,OPT,20260618,C,15.0,TRADES,1.9,1.9,1.85,1.9,0.0,0,1.9,863931261,LWLG  260618C00015000
2026-05-15T17:11:20+00:00,LWLG,OPT,20260618,C,15.0,TRADES,1.9,1.9,1.85,1.9,0.0,0,1.9,863931261,LWLG  260618C00015000
2026-05-15T17:11:30+00:00,LWLG,OPT,20260618,C,15.0,TRADES,1.9,1.9,1.85,1.9,0.0,0,1.9,863931261,LWLG  260618C00015000
2026-05-15T17:11:40+00:00,LWLG,OPT,20260618,C,15.0,TRADES,1.9,1.9,1.85,1.9,0.0,0,1.9,863931261,LWLG  260618C00015000
2026-05-15T17:11:50+00:00,LWLG,OPT,20260618,C,15.0,TRADES,1.9,1.9,1.85,1.9,0.0,0,1.9,863931261,LWLG  260618C00015000
2026-05-15T17:12:00+00:00,LWLG,OPT,20260618,C,15.0,TRADES,1.9,1.9,1.85,1.9,0.0,0,1.9,863931261,LWLG  260618C00015000
2026-05-15T17:12:10+00:00,LWLG,OPT,20260618,C,15.0,TRADES,1.9,1.9,1.85,1.9,0.0,0,1.9,863931261,LWLG  260618C00015000
2026-05-15T17:12:20+00:00,LWLG,OPT,20260618,C,15.0,TRADES,1.9,1.9,1.85,1.9,0.0,0,1.9,863931261,LWLG  260618C00015000
2026-05-15T17:12:30+00:00,LWLG,OPT,20260618,C,15.0,TRADES,1.9,1.9,1.85,1.9,0.0,0,1.9,863931261,LWLG  260618C00015000
2026-05-15T17:12:40+00:00,LWLG,OPT,20260618,C,15.0,TRADES,1.9,1.9,1.85,1.9,0.0,0,1.9,863931261,LWLG  260618C00015000
2026-05-15T17:12:50+00:00,LWLG,OPT,20260618,C,15.0,TRADES,1.9,1.9,1.85,1.9,0.0,0,1.9,863931261,LWLG  260618C00015000
2026-05-15T17:13:00+00:00,LWLG,OPT,20260618,C,15.0,TRADES,1.9,1.9,1.85,1.9,0.0,0,1.9,863931261,LWLG  260618C00015000
2026-05-15T17:13:10+00:00,LWLG,OPT,20260618,C,15.0,TRADES,1.9,1.9,1.85,1.9,0.0,0,1.9,863931261,LWLG  260618C00015000
2026-05-15T17:13:20+00:00,LWLG,OPT,20260618,C,15.0,TRADES,1.9,1.9,1.85,1.9,0.0,0,1.9,863931261,LWLG  260618C00015000
2026-05-15T17:13:30+00:00,LWLG,OPT,20260618,C,15.0,TRADES,1.9,1.9,1.85,1.9,0.0,0,1.9,863931261,LWLG  260618C00015000
2026-05-15T17:13:40+00:00,LWLG,OPT,20260618,C,15.0,TRADES,1.9,1.9,1.85,1.9,0.0,0,1.9,863931261,LWLG  260618C00015000
2026-05-15T17:13:50+00:00,LWLG,OPT,20260618,C,15.0,TRADES,1.9,1.9,1.85,1.9,0.0,0,1.9,863931261,LWLG  260618C00015000
2026-05-15T17:14:00+00:00,LWLG,OPT,20260618,C,15.0,TRADES,1.9,1.9,1.85,1.9,0.0,0,1.9,863931261,LWLG  260618C00015000
2026-05-15T17:14:10+00:00,LWLG,OPT,20260618,C,15.0,TRADES,1.9,1.9,1.85,1.9,0.0,0,1.9,863931261,LWLG  260618C00015000
2026-05-15T17:14:20+00:00,LWLG,OPT,20260618,C,15.0,TRADES,1.9,1.9,1.85,1.9,0.0,0,1.9,863931261,LWLG  260618C00015000
2026-05-15T17:14:30+00:00,LWLG,OPT,20260618,C,15.0,TRADES,1.9,1.9,1.85,1.9,0.0,0,1.9,863931261,LWLG  260618C00015000
2026-05-15T17:14:40+00:00,LWLG,OPT,20260618,C,15.0,TRADES,1.9,1.9,1.85,1.9,0.0,0,1.9,863931261,LWLG  260618C00015000
2026-05-15T17:14:50+00:00,LWLG,OPT,20260618,C,15.0,TRADES,1.9,1.9,1.85,1.9,0.0,0,1.9,863931261,LWLG  260618C00015000
2026-05-15T17:15:00+00:00,LWLG,OPT,20260618,C,15.0,TRADES,1.9,1.9,1.85,1.9,0.0,0,1.9,863931261,LWLG  260618C00015000
2026-05-15T17:15:10+00:00,LWLG,OPT,20260618,C,15.0,TRADES,1.9,1.9,1.85,1.9,0.0,0,1.9,863931261,LWLG  260618C00015000
2026-05-15T17:15:20+00:00,LWLG,OPT,20260618,C,15.0,TRADES,1.9,1.9,1.85,1.9,0.0,0,1.9,863931261,LWLG  260618C00015000
2026-05-15T17:15:30+00:00,LWLG,OPT,20260618,C,15.0,TRADES,1.9,1.9,1.85,1.9,0.0,0,1.9,863931261,LWLG  260618C00015000
2026-05-15T17:15:40+00:00,LWLG,OPT,20260618,C,15.0,TRADES,1.9,1.9,1.85,1.9,0.0,0,1.9,863931261,LWLG  260618C00015000
2026-05-15T17:15:50+00:00,LWLG,OPT,20260618,C,15.0,TRADES,1.9,1.9,1.85,1.9,0.0,0,1.9,863931261,LWLG  260618C00015000
2026-05-15T17:16:00+00:00,LWLG,OPT,20260618,C,15.0,TRADES,1.9,1.9,1.85,1.9,0.0,0,1.9,863931261,LWLG  260618C00015000
2026-05-15T17:16:10+00:00,LWLG,OPT,20260618,C,15.0,TRADES,1.9,1.9,1.85,1.9,0.0,0,1.9,863931261,LWLG  260618C00015000
2026-05-15T17:16:20+00:00,LWLG,OPT,20260618,C,15.0,TRADES,1.9,1.9,1.85,1.9,0.0,0,1.9,863931261,LWLG  260618C00015000
2026-05-15T17:16:30+00:00,LWLG,OPT,20260618,C,15.0,TRADES,1.9,1.9,1.85,1.9,0.0,0,1.9,863931261,LWLG  260618C00015000
2026-05-15T17:16:40+00:00,LWLG,OPT,20260618,C,15.0,TRADES,1.9,1.9,1.85,1.9,0.0,0,1.9,863931261,LWLG  260618C00015000
2026-05-15T17:16:50+00:00,LWLG,OPT,20260618,C,15.0,TRADES,1.9,1.9,1.85,1.9,0.0,0,1.9,863931261,LWLG  260618C00015000
2026-05-15T17:17:00+00:00,LWLG,OPT,20260618,C,15.0,TRADES,1.9,1.9,1.85,1.9,0.0,0,1.9,863931261,LWLG  260618C00015000
2026-05-15T17:17:10+00:00,LWLG,OPT,20260618,C,15.0,TRADES,1.9,1.9,1.85,1.9,0.0,0,1.9,863931261,LWLG  260618C00015000
2026-05-15T17:17:20+00:00,LWLG,OPT,20260618,C,15.0,TRADES,1.9,1.9,1.85,1.9,0.0,0,1.9,863931261,LWLG  260618C00015000
2026-05-15T17:17:30+00:00,LWLG,OPT,20260618,C,15.0,TRADES,1.9,1.9,1.85,1.9,0.0,0,1.9,863931261,LWLG  260618C00015000
2026-05-15T17:17:40+00:00,LWLG,OPT,20260618,C,15.0,TRADES,1.9,1.9,1.85,1.9,0.0,0,1.9,863931261,LWLG  260618C00015000
2026-05-15T17:17:50+00:00,LWLG,OPT,20260618,C,15.0,TRADES,1.9,1.9,1.85,1.9,0.0,0,1.9,863931261,LWLG  260618C00015000
2026-05-15T17:18:00+00:00,LWLG,OPT,20260618,C,15.0,TRADES,1.9,1.9,1.85,1.9,0.0,0,1.9,863931261,LWLG  260618C00015000
2026-05-15T17:18:10+00:00,LWLG,OPT,20260618,C,15.0,TRADES,1.9,1.9,1.85,1.9,0.0,0,1.9,863931261,LWLG  260618C00015000
2026-05-15T17:18:20+00:00,LWLG,OPT,20260618,C,15.0,TRADES,1.9,1.9,1.85,1.9,0.0,0,1.9,863931261,LWLG  260618C00015000
2026-05-15T17:18:30+00:00,LWLG,OPT,20260618,C,15.0,TRADES,1.9,1.9,1.85,1.9,0.0,0,1.9,863931261,LWLG  260618C00015000
2026-05-15T17:18:40+00:00,LWLG,OPT,20260618,C,15.0,TRADES,1.9,1.9,1.85,1.9,0.0,0,1.9,863931261,LWLG  260618C00015000
2026-05-15T17:18:50+00:00,LWLG,OPT,20260618,C,15.0,TRADES,1.9,1.9,1.85,1.9,0.0,0,1.9,863931261,LWLG  260618C00015000
2026-05-15T17:19:00+00:00,LWLG,OPT,20260618,C,15.0,TRADES,1.9,1.9,1.85,1.9,0.0,0,1.9,863931261,LWLG  260618C00015000
2026-05-15T17:19:10+00:00,LWLG,OPT,20260618,C,15.0,TRADES,1.9,1.9,1.85,1.9,0.0,0,1.9,863931261,LWLG  260618C00015000
2026-05-15T17:19:20+00:00,LWLG,OPT,20260618,C,15.0,TRADES,1.9,1.9,1.85,1.9,0.0,0,1.9,863931261,LWLG  260618C00015000
2026-05-15T17:19:30+00:00,LWLG,OPT,20260618,C,15.0,TRADES,1.9,1.9,1.85,1.9,0.0,0,1.9,863931261,LWLG  260618C00015000
2026-05-15T17:19:40+00:00,LWLG,OPT,20260618,C,15.0,TRADES,1.9,1.9,1.85,1.9,0.0,0,1.9,863931261,LWLG  260618C00015000
2026-05-15T17:19:50+00:00,LWLG,OPT,20260618,C,15.0,TRADES,1.9,1.9,1.85,1.9,0.0,0,1.9,863931261,LWLG  260618C00015000
2026-05-15T17:20:00+00:00,LWLG,OPT,20260618,C,15.0,TRADES,1.9,1.9,1.85,1.9,0.0,0,1.9,863931261,LWLG  260618C00015000
2026-05-15T17:20:10+00:00,LWLG,OPT,20260618,C,15.0,TRADES,1.9,1.9,1.85,1.9,0.0,0,1.9,863931261,LWLG  260618C00015000
2026-05-15T17:20:20+00:00,LWLG,OPT,20260618,C,15.0,TRADES,1.9,1.9,1.85,1.9,0.0,0,1.9,863931261,LWLG  260618C00015000
2026-05-15T17:20:30+00:00,LWLG,OPT,20260618,C,15.0,TRADES,1.9,1.9,1.85,1.9,0.0,0,1.9,863931261,LWLG  260618C00015000
2026-05-15T17:20:40+00:00,LWLG,OPT,20260618,C,15.0,TRADES,1.9,1.9,1.85,1.9,0.0,0,1.9,863931261,LWLG  260618C00015000
2026-05-15T17:20:50+00:00,LWLG,OPT,20260618,C,15.0,TRADES,1.9,1.9,1.85,1.9,0.0,0,1.9,863931261,LWLG  260618C00015000
2026-05-15T17:21:00+00:00,LWLG,OPT,20260618,C,15.0,TRADES,1.9,1.9,1.85,1.9,0.0,0,1.9,863931261,LWLG  260618C00015000
2026-05-15T17:21:10+00:00,LWLG,OPT,20260618,C,15.0,TRADES,1.9,1.9,1.85,1.9,0.0,0,1.9,863931261,LWLG  260618C00015000
2026-05-15T17:21:20+00:00,LWLG,OPT,20260618,C,15.0,TRADES,1.9,1.9,1.85,1.9,0.0,0,1.9,863931261,LWLG  260618C00015000
2026-05-15T17:21:30+00:00,LWLG,OPT,20260618,C,15.0,TRADES,1.9,1.9,1.85,1.9,0.0,0,1.9,863931261,LWLG  260618C00015000
2026-05-15T17:21:40+00:00,LWLG,OPT,20260618,C,15.0,TRADES,1.9,1.9,1.85,1.9,0.0,0,1.9,863931261,LWLG  260618C00015000
2026-05-15T17:21:50+00:00,LWLG,OPT,20260618,C,15.0,TRADES,1.9,1.9,1.85,1.9,0.0,0,1.9,863931261,LWLG  260618C00015000
2026-05-15T17:22:00+00:00,LWLG,OPT,20260618,C,15.0,TRADES,1.9,1.9,1.85,1.9,0.0,0,1.9,863931261,LWLG  260618C00015000
2026-05-15T17:22:10+00:00,LWLG,OPT,20260618,C,15.0,TRADES,1.9,1.9,1.85,1.9,0.0,0,1.9,863931261,LWLG  260618C00015000
2026-05-15T17:22:20+00:00,LWLG,OPT,20260618,C,15.0,TRADES,1.9,1.9,1.85,1.9,0.0,0,1.9,863931261,LWLG  260618C00015000
2026-05-15T17:22:30+00:00,LWLG,OPT,20260618,C,15.0,TRADES,1.9,1.9,1.85,1.9,0.0,0,1.9,863931261,LWLG  260618C00015000
2026-05-15T17:22:40+00:00,LWLG,OPT,20260618,C,15.0,TRADES,1.9,1.9,1.85,1.9,0.0,0,1.9,863931261,LWLG  260618C00015000
2026-05-15T17:22:50+00:00,LWLG,OPT,20260618,C,15.0,TRADES,1.9,1.9,1.85,1.9,0.0,0,1.9,863931261,LWLG  260618C00015000
2026-05-15T17:23:00+00:00,LWLG,OPT,20260618,C,15.0,TRADES,1.9,1.9,1.85,1.9,0.0,0,1.9,863931261,LWLG  260618C00015000
2026-05-15T17:23:10+00:00,LWLG,OPT,20260618,C,15.0,TRADES,1.9,1.9,1.85,1.9,0.0,0,1.9,863931261,LWLG  260618C00015000
2026-05-15T17:23:20+00:00,LWLG,OPT,20260618,C,15.0,TRADES,1.9,1.9,1.85,1.9,0.0,0,1.9,863931261,LWLG  260618C00015000
2026-05-15T17:23:30+00:00,LWLG,OPT,20260618,C,15.0,TRADES,1.9,1.9,1.85,1.9,0.0,0,1.9,863931261,LWLG  260618C00015000
2026-05-15T17:23:40+00:00,LWLG,OPT,20260618,C,15.0,TRADES,1.85,1.9,1.85,1.85,2.0,1,1.875,863931261,LWLG  260618C00015000
2026-05-15T17:23:50+00:00,LWLG,OPT,20260618,C,15.0,TRADES,1.85,1.9,1.85,1.85,0.0,0,1.85,863931261,LWLG  260618C00015000
2026-05-15T17:24:00+00:00,LWLG,OPT,20260618,C,15.0,TRADES,1.85,1.9,1.85,1.85,0.0,0,1.85,863931261,LWLG  260618C00015000
2026-05-15T17:24:10+00:00,LWLG,OPT,20260618,C,15.0,TRADES,1.85,1.9,1.85,1.85,0.0,0,1.85,863931261,LWLG  260618C00015000
2026-05-15T17:24:20+00:00,LWLG,OPT,20260618,C,15.0,TRADES,1.85,1.9,1.85,1.85,0.0,0,1.85,863931261,LWLG  260618C00015000
2026-05-15T17:24:30+00:00,LWLG,OPT,20260618,C,15.0,TRADES,1.85,1.9,1.85,1.85,0.0,0,1.85,863931261,LWLG  260618C00015000
2026-05-15T17:24:40+00:00,LWLG,OPT,20260618,C,15.0,TRADES,1.85,1.9,1.85,1.85,0.0,0,1.85,863931261,LWLG  260618C00015000
2026-05-15T17:24:50+00:00,LWLG,OPT,20260618,C,15.0,TRADES,1.85,1.9,1.85,1.85,0.0,0,1.85,863931261,LWLG  260618C00015000
2026-05-15T17:25:00+00:00,LWLG,OPT,20260618,C,15.0,TRADES,1.85,1.9,1.85,1.85,0.0,0,1.85,863931261,LWLG  260618C00015000
2026-05-15T17:25:10+00:00,LWLG,OPT,20260618,C,15.0,TRADES,1.85,1.9,1.85,1.85,0.0,0,1.85,863931261,LWLG  260618C00015000
2026-05-15T17:25:20+00:00,LWLG,OPT,20260618,C,15.0,TRADES,1.85,1.9,1.85,1.85,0.0,0,1.85,863931261,LWLG  260618C00015000
2026-05-15T17:25:30+00:00,LWLG,OPT,20260618,C,15.0,TRADES,1.85,1.9,1.85,1.85,0.0,0,1.85,863931261,LWLG  260618C00015000
2026-05-15T17:25:40+00:00,LWLG,OPT,20260618,C,15.0,TRADES,1.85,1.9,1.85,1.85,0.0,0,1.85,863931261,LWLG  260618C00015000
2026-05-15T17:25:50+00:00,LWLG,OPT,20260618,C,15.0,TRADES,1.85,1.9,1.85,1.85,0.0,0,1.85,863931261,LWLG  260618C00015000
2026-05-15T17:26:00+00:00,LWLG,OPT,20260618,C,15.0,TRADES,1.85,1.9,1.85,1.85,0.0,0,1.85,863931261,LWLG  260618C00015000
2026-05-15T17:26:10+00:00,LWLG,OPT,20260618,C,15.0,TRADES,1.9,1.9,1.9,1.9,4.0,1,1.9,863931261,LWLG  260618C00015000
2026-05-15T17:26:20+00:00,LWLG,OPT,20260618,C,15.0,TRADES,1.9,1.9,1.9,1.9,0.0,0,1.9,863931261,LWLG  260618C00015000
2026-05-15T17:26:30+00:00,LWLG,OPT,20260618,C,15.0,TRADES,1.9,1.9,1.9,1.9,0.0,0,1.9,863931261,LWLG  260618C00015000
2026-05-15T17:26:40+00:00,LWLG,OPT,20260618,C,15.0,TRADES,1.9,1.9,1.9,1.9,0.0,0,1.9,863931261,LWLG  260618C00015000
2026-05-15T17:26:50+00:00,LWLG,OPT,20260618,C,15.0,TRADES,1.9,1.9,1.9,1.9,0.0,0,1.9,863931261,LWLG  260618C00015000
2026-05-15T17:27:00+00:00,LWLG,OPT,20260618,C,15.0,TRADES,1.9,1.9,1.9,1.9,0.0,0,1.9,863931261,LWLG  260618C00015000
2026-05-15T17:27:10+00:00,LWLG,OPT,20260618,C,15.0,TRADES,1.9,1.9,1.9,1.9,0.0,0,1.9,863931261,LWLG  260618C00015000
2026-05-15T17:27:20+00:00,LWLG,OPT,20260618,C,15.0,TRADES,1.9,1.9,1.9,1.9,0.0,0,1.9,863931261,LWLG  260618C00015000
2026-05-15T17:27:30+00:00,LWLG,OPT,20260618,C,15.0,TRADES,1.9,1.9,1.85,1.9,5.0,1,1.88,863931261,LWLG  260618C00015000
2026-05-15T17:27:40+00:00,LWLG,OPT,20260618,C,15.0,TRADES,1.9,1.9,1.85,1.9,0.0,0,1.9,863931261,LWLG  260618C00015000
2026-05-15T17:27:50+00:00,LWLG,OPT,20260618,C,15.0,TRADES,1.9,1.9,1.85,1.9,0.0,0,1.9,863931261,LWLG  260618C00015000
2026-05-15T17:28:00+00:00,LWLG,OPT,20260618,C,15.0,TRADES,1.9,1.9,1.9,1.9,2.0,2,1.9,863931261,LWLG  260618C00015000
2026-05-15T17:28:10+00:00,LWLG,OPT,20260618,C,15.0,TRADES,1.9,1.9,1.9,1.9,0.0,0,1.9,863931261,LWLG  260618C00015000
2026-05-15T17:28:20+00:00,LWLG,OPT,20260618,C,15.0,TRADES,1.9,1.9,1.9,1.9,0.0,0,1.9,863931261,LWLG  260618C00015000
2026-05-15T17:28:30+00:00,LWLG,OPT,20260618,C,15.0,TRADES,1.9,1.9,1.9,1.9,0.0,0,1.9,863931261,LWLG  260618C00015000
2026-05-15T17:28:40+00:00,LWLG,OPT,20260618,C,15.0,TRADES,1.9,1.9,1.9,1.9,0.0,0,1.9,863931261,LWLG  260618C00015000
2026-05-15T17:28:50+00:00,LWLG,OPT,20260618,C,15.0,TRADES,1.9,1.9,1.9,1.9,0.0,0,1.9,863931261,LWLG  260618C00015000
2026-05-15T17:29:00+00:00,LWLG,OPT,20260618,C,15.0,TRADES,1.9,1.9,1.9,1.9,0.0,0,1.9,863931261,LWLG  260618C00015000
2026-05-15T17:29:10+00:00,LWLG,OPT,20260618,C,15.0,TRADES,1.9,1.9,1.9,1.9,5.0,1,1.9,863931261,LWLG  260618C00015000
2026-05-15T17:29:20+00:00,LWLG,OPT,20260618,C,15.0,TRADES,1.9,1.9,1.9,1.9,0.0,0,1.9,863931261,LWLG  260618C00015000
2026-05-15T17:29:30+00:00,LWLG,OPT,20260618,C,15.0,TRADES,1.9,1.9,1.9,1.9,0.0,0,1.9,863931261,LWLG  260618C00015000
2026-05-15T17:29:40+00:00,LWLG,OPT,20260618,C,15.0,TRADES,1.9,1.9,1.9,1.9,0.0,0,1.9,863931261,LWLG  260618C00015000
2026-05-15T17:29:50+00:00,LWLG,OPT,20260618,C,15.0,TRADES,1.9,1.9,1.9,1.9,0.0,0,1.9,863931261,LWLG  260618C00015000
2026-05-15T17:30:00+00:00,LWLG,OPT,20260618,C,15.0,TRADES,1.9,1.9,1.9,1.9,0.0,0,1.9,863931261,LWLG  260618C00015000
2026-05-15T17:30:10+00:00,LWLG,OPT,20260618,C,15.0,TRADES,1.9,1.9,1.9,1.9,0.0,0,1.9,863931261,LWLG  260618C00015000
2026-05-15T17:30:20+00:00,LWLG,OPT,20260618,C,15.0,TRADES,1.9,1.9,1.9,1.9,0.0,0,1.9,863931261,LWLG  260618C00015000
2026-05-15T17:30:30+00:00,LWLG,OPT,20260618,C,15.0,TRADES,1.9,1.9,1.9,1.9,0.0,0,1.9,863931261,LWLG  260618C00015000
2026-05-15T17:30:40+00:00,LWLG,OPT,20260618,C,15.0,TRADES,1.9,1.9,1.9,1.9,0.0,0,1.9,863931261,LWLG  260618C00015000
2026-05-15T17:30:50+00:00,LWLG,OPT,20260618,C,15.0,TRADES,1.9,1.9,1.9,1.9,0.0,0,1.9,863931261,LWLG  260618C00015000
2026-05-15T17:31:00+00:00,LWLG,OPT,20260618,C,15.0,TRADES,1.9,1.9,1.9,1.9,0.0,0,1.9,863931261,LWLG  260618C00015000
2026-05-15T17:31:10+00:00,LWLG,OPT,20260618,C,15.0,TRADES,1.9,1.9,1.9,1.9,0.0,0,1.9,863931261,LWLG  260618C00015000
2026-05-15T17:31:20+00:00,LWLG,OPT,20260618,C,15.0,TRADES,1.9,1.9,1.9,1.9,0.0,0,1.9,863931261,LWLG  260618C00015000
2026-05-15T17:31:30+00:00,LWLG,OPT,20260618,C,15.0,TRADES,1.9,1.9,1.9,1.9,0.0,0,1.9,863931261,LWLG  260618C00015000
2026-05-15T17:31:40+00:00,LWLG,OPT,20260618,C,15.0,TRADES,1.9,1.9,1.9,1.9,0.0,0,1.9,863931261,LWLG  260618C00015000
2026-05-15T17:31:50+00:00,LWLG,OPT,20260618,C,15.0,TRADES,1.9,1.9,1.9,1.9,0.0,0,1.9,863931261,LWLG  260618C00015000
2026-05-15T17:32:00+00:00,LWLG,OPT,20260618,C,15.0,TRADES,1.9,1.9,1.9,1.9,0.0,0,1.9,863931261,LWLG  260618C00015000
2026-05-15T17:32:10+00:00,LWLG,OPT,20260618,C,15.0,TRADES,1.9,1.9,1.9,1.9,0.0,0,1.9,863931261,LWLG  260618C00015000
2026-05-15T17:32:20+00:00,LWLG,OPT,20260618,C,15.0,TRADES,1.9,1.9,1.9,1.9,0.0,0,1.9,863931261,LWLG  260618C00015000
2026-05-15T17:32:30+00:00,LWLG,OPT,20260618,C,15.0,TRADES,1.9,1.9,1.9,1.9,0.0,0,1.9,863931261,LWLG  260618C00015000
2026-05-15T17:32:40+00:00,LWLG,OPT,20260618,C,15.0,TRADES,1.9,1.9,1.9,1.9,0.0,0,1.9,863931261,LWLG  260618C00015000
2026-05-15T17:32:50+00:00,LWLG,OPT,20260618,C,15.0,TRADES,1.9,1.9,1.9,1.9,0.0,0,1.9,863931261,LWLG  260618C00015000
2026-05-15T17:33:00+00:00,LWLG,OPT,20260618,C,15.0,TRADES,1.9,1.9,1.9,1.9,0.0,0,1.9,863931261,LWLG  260618C00015000
2026-05-15T17:33:10+00:00,LWLG,OPT,20260618,C,15.0,TRADES,1.9,1.9,1.9,1.9,0.0,0,1.9,863931261,LWLG  260618C00015000
2026-05-15T17:33:20+00:00,LWLG,OPT,20260618,C,15.0,TRADES,1.9,1.9,1.9,1.9,0.0,0,1.9,863931261,LWLG  260618C00015000
2026-05-15T17:33:30+00:00,LWLG,OPT,20260618,C,15.0,TRADES,1.9,1.9,1.9,1.9,0.0,0,1.9,863931261,LWLG  260618C00015000
2026-05-15T17:33:40+00:00,LWLG,OPT,20260618,C,15.0,TRADES,1.9,1.9,1.9,1.9,0.0,0,1.9,863931261,LWLG  260618C00015000
2026-05-15T17:33:50+00:00,LWLG,OPT,20260618,C,15.0,TRADES,1.9,1.9,1.9,1.9,0.0,0,1.9,863931261,LWLG  260618C00015000
2026-05-15T17:34:00+00:00,LWLG,OPT,20260618,C,15.0,TRADES,1.9,1.9,1.9,1.9,0.0,0,1.9,863931261,LWLG  260618C00015000
2026-05-15T17:34:10+00:00,LWLG,OPT,20260618,C,15.0,TRADES,1.9,1.9,1.9,1.9,0.0,0,1.9,863931261,LWLG  260618C00015000
2026-05-15T17:34:20+00:00,LWLG,OPT,20260618,C,15.0,TRADES,1.9,1.9,1.9,1.9,0.0,0,1.9,863931261,LWLG  260618C00015000
2026-05-15T17:34:30+00:00,LWLG,OPT,20260618,C,15.0,TRADES,1.9,1.9,1.9,1.9,0.0,0,1.9,863931261,LWLG  260618C00015000
2026-05-15T17:34:40+00:00,LWLG,OPT,20260618,C,15.0,TRADES,1.9,1.95,1.9,1.9,1.0,1,1.9,863931261,LWLG  260618C00015000
2026-05-15T17:34:50+00:00,LWLG,OPT,20260618,C,15.0,TRADES,1.9,1.95,1.9,1.9,0.0,0,1.9,863931261,LWLG  260618C00015000
2026-05-15T17:35:00+00:00,LWLG,OPT,20260618,C,15.0,TRADES,1.9,1.95,1.9,1.9,0.0,0,1.9,863931261,LWLG  260618C00015000
2026-05-15T17:35:10+00:00,LWLG,OPT,20260618,C,15.0,TRADES,1.9,1.95,1.9,1.9,0.0,0,1.9,863931261,LWLG  260618C00015000
2026-05-15T17:35:20+00:00,LWLG,OPT,20260618,C,15.0,TRADES,1.9,1.95,1.9,1.9,0.0,0,1.9,863931261,LWLG  260618C00015000
2026-05-15T17:35:30+00:00,LWLG,OPT,20260618,C,15.0,TRADES,1.9,1.95,1.9,1.9,0.0,0,1.9,863931261,LWLG  260618C00015000
2026-05-15T17:35:40+00:00,LWLG,OPT,20260618,C,15.0,TRADES,1.9,1.95,1.9,1.9,0.0,0,1.9,863931261,LWLG  260618C00015000
2026-05-15T17:35:50+00:00,LWLG,OPT,20260618,C,15.0,TRADES,1.9,1.95,1.9,1.9,0.0,0,1.9,863931261,LWLG  260618C00015000
2026-05-15T17:36:00+00:00,LWLG,OPT,20260618,C,15.0,TRADES,1.9,1.95,1.9,1.9,0.0,0,1.9,863931261,LWLG  260618C00015000
2026-05-15T17:36:10+00:00,LWLG,OPT,20260618,C,15.0,TRADES,1.9,1.95,1.9,1.9,0.0,0,1.9,863931261,LWLG  260618C00015000
2026-05-15T17:36:20+00:00,LWLG,OPT,20260618,C,15.0,TRADES,1.9,1.95,1.9,1.9,0.0,0,1.9,863931261,LWLG  260618C00015000
2026-05-15T17:36:30+00:00,LWLG,OPT,20260618,C,15.0,TRADES,1.9,1.95,1.9,1.9,0.0,0,1.9,863931261,LWLG  260618C00015000
2026-05-15T17:36:40+00:00,LWLG,OPT,20260618,C,15.0,TRADES,1.9,1.95,1.9,1.9,0.0,0,1.9,863931261,LWLG  260618C00015000
2026-05-15T17:36:50+00:00,LWLG,OPT,20260618,C,15.0,TRADES,1.9,1.95,1.9,1.9,0.0,0,1.9,863931261,LWLG  260618C00015000
2026-05-15T17:37:00+00:00,LWLG,OPT,20260618,C,15.0,TRADES,1.9,1.95,1.9,1.9,0.0,0,1.9,863931261,LWLG  260618C00015000
2026-05-15T17:37:10+00:00,LWLG,OPT,20260618,C,15.0,TRADES,1.9,1.95,1.9,1.9,0.0,0,1.9,863931261,LWLG  260618C00015000
2026-05-15T17:37:20+00:00,LWLG,OPT,20260618,C,15.0,TRADES,1.9,1.95,1.9,1.9,0.0,0,1.9,863931261,LWLG  260618C00015000
2026-05-15T17:37:30+00:00,LWLG,OPT,20260618,C,15.0,TRADES,1.9,1.95,1.9,1.9,0.0,0,1.9,863931261,LWLG  260618C00015000
2026-05-15T17:37:40+00:00,LWLG,OPT,20260618,C,15.0,TRADES,1.9,1.95,1.9,1.9,0.0,0,1.9,863931261,LWLG  260618C00015000
2026-05-15T17:37:50+00:00,LWLG,OPT,20260618,C,15.0,TRADES,1.9,1.95,1.9,1.9,0.0,0,1.9,863931261,LWLG  260618C00015000
2026-05-15T17:38:00+00:00,LWLG,OPT,20260618,C,15.0,TRADES,1.9,1.95,1.9,1.9,0.0,0,1.9,863931261,LWLG  260618C00015000
2026-05-15T17:38:10+00:00,LWLG,OPT,20260618,C,15.0,TRADES,1.9,1.95,1.9,1.9,0.0,0,1.9,863931261,LWLG  260618C00015000
2026-05-15T17:38:20+00:00,LWLG,OPT,20260618,C,15.0,TRADES,1.9,1.95,1.9,1.9,0.0,0,1.9,863931261,LWLG  260618C00015000
2026-05-15T17:38:30+00:00,LWLG,OPT,20260618,C,15.0,TRADES,1.9,1.95,1.9,1.9,0.0,0,1.9,863931261,LWLG  260618C00015000
2026-05-15T17:38:40+00:00,LWLG,OPT,20260618,C,15.0,TRADES,1.9,1.95,1.9,1.9,0.0,0,1.9,863931261,LWLG  260618C00015000
2026-05-15T17:38:50+00:00,LWLG,OPT,20260618,C,15.0,TRADES,1.9,1.95,1.9,1.9,0.0,0,1.9,863931261,LWLG  260618C00015000
2026-05-15T17:39:00+00:00,LWLG,OPT,20260618,C,15.0,TRADES,1.9,1.95,1.9,1.9,0.0,0,1.9,863931261,LWLG  260618C00015000
2026-05-15T17:39:10+00:00,LWLG,OPT,20260618,C,15.0,TRADES,1.9,1.95,1.9,1.9,0.0,0,1.9,863931261,LWLG  260618C00015000
2026-05-15T17:39:20+00:00,LWLG,OPT,20260618,C,15.0,TRADES,1.9,1.95,1.9,1.9,0.0,0,1.9,863931261,LWLG  260618C00015000
2026-05-15T17:39:30+00:00,LWLG,OPT,20260618,C,15.0,TRADES,1.9,1.95,1.9,1.9,0.0,0,1.9,863931261,LWLG  260618C00015000
2026-05-15T17:39:40+00:00,LWLG,OPT,20260618,C,15.0,TRADES,1.9,1.95,1.9,1.9,0.0,0,1.9,863931261,LWLG  260618C00015000
2026-05-15T17:39:50+00:00,LWLG,OPT,20260618,C,15.0,TRADES,1.9,1.95,1.9,1.9,0.0,0,1.9,863931261,LWLG  260618C00015000
2026-05-15T17:40:00+00:00,LWLG,OPT,20260618,C,15.0,TRADES,1.9,1.95,1.9,1.9,0.0,0,1.9,863931261,LWLG  260618C00015000
2026-05-15T17:40:10+00:00,LWLG,OPT,20260618,C,15.0,TRADES,1.9,1.95,1.9,1.9,0.0,0,1.9,863931261,LWLG  260618C00015000
2026-05-15T17:40:20+00:00,LWLG,OPT,20260618,C,15.0,TRADES,1.9,1.95,1.9,1.9,0.0,0,1.9,863931261,LWLG  260618C00015000
2026-05-15T17:40:30+00:00,LWLG,OPT,20260618,C,15.0,TRADES,1.9,1.95,1.9,1.9,0.0,0,1.9,863931261,LWLG  260618C00015000
2026-05-15T17:40:40+00:00,LWLG,OPT,20260618,C,15.0,TRADES,1.9,1.95,1.9,1.9,0.0,0,1.9,863931261,LWLG  260618C00015000
2026-05-15T17:40:50+00:00,LWLG,OPT,20260618,C,15.0,TRADES,1.9,1.95,1.9,1.9,0.0,0,1.9,863931261,LWLG  260618C00015000
2026-05-15T17:41:00+00:00,LWLG,OPT,20260618,C,15.0,TRADES,1.9,1.95,1.9,1.9,0.0,0,1.9,863931261,LWLG  260618C00015000
2026-05-15T17:41:10+00:00,LWLG,OPT,20260618,C,15.0,TRADES,1.9,1.95,1.9,1.9,0.0,0,1.9,863931261,LWLG  260618C00015000
2026-05-15T17:41:20+00:00,LWLG,OPT,20260618,C,15.0,TRADES,1.9,1.95,1.9,1.9,0.0,0,1.9,863931261,LWLG  260618C00015000
2026-05-15T17:41:30+00:00,LWLG,OPT,20260618,C,15.0,TRADES,1.9,1.95,1.9,1.9,0.0,0,1.9,863931261,LWLG  260618C00015000
2026-05-15T17:41:40+00:00,LWLG,OPT,20260618,C,15.0,TRADES,1.9,1.95,1.9,1.9,0.0,0,1.9,863931261,LWLG  260618C00015000
2026-05-15T17:41:50+00:00,LWLG,OPT,20260618,C,15.0,TRADES,1.9,1.95,1.9,1.9,0.0,0,1.9,863931261,LWLG  260618C00015000
2026-05-15T17:42:00+00:00,LWLG,OPT,20260618,C,15.0,TRADES,1.9,1.95,1.9,1.9,0.0,0,1.9,863931261,LWLG  260618C00015000
2026-05-15T17:42:10+00:00,LWLG,OPT,20260618,C,15.0,TRADES,1.9,1.95,1.9,1.9,0.0,0,1.9,863931261,LWLG  260618C00015000
2026-05-15T17:42:20+00:00,LWLG,OPT,20260618,C,15.0,TRADES,1.9,1.95,1.9,1.9,0.0,0,1.9,863931261,LWLG  260618C00015000
2026-05-15T17:42:30+00:00,LWLG,OPT,20260618,C,15.0,TRADES,1.9,1.95,1.9,1.9,0.0,0,1.9,863931261,LWLG  260618C00015000
2026-05-15T17:42:40+00:00,LWLG,OPT,20260618,C,15.0,TRADES,1.9,1.95,1.9,1.9,0.0,0,1.9,863931261,LWLG  260618C00015000
2026-05-15T17:42:50+00:00,LWLG,OPT,20260618,C,15.0,TRADES,1.9,1.95,1.9,1.9,0.0,0,1.9,863931261,LWLG  260618C00015000
2026-05-15T17:43:00+00:00,LWLG,OPT,20260618,C,15.0,TRADES,1.9,1.95,1.9,1.9,0.0,0,1.9,863931261,LWLG  260618C00015000
2026-05-15T17:43:10+00:00,LWLG,OPT,20260618,C,15.0,TRADES,1.9,1.95,1.9,1.9,0.0,0,1.9,863931261,LWLG  260618C00015000
2026-05-15T17:43:20+00:00,LWLG,OPT,20260618,C,15.0,TRADES,1.9,1.95,1.9,1.9,0.0,0,1.9,863931261,LWLG  260618C00015000
2026-05-15T17:43:30+00:00,LWLG,OPT,20260618,C,15.0,TRADES,1.9,1.95,1.9,1.9,0.0,0,1.9,863931261,LWLG  260618C00015000
2026-05-15T17:43:40+00:00,LWLG,OPT,20260618,C,15.0,TRADES,1.9,1.95,1.9,1.9,0.0,0,1.9,863931261,LWLG  260618C00015000
2026-05-15T17:43:50+00:00,LWLG,OPT,20260618,C,15.0,TRADES,1.9,1.95,1.9,1.9,0.0,0,1.9,863931261,LWLG  260618C00015000
2026-05-15T17:44:00+00:00,LWLG,OPT,20260618,C,15.0,TRADES,1.9,1.95,1.9,1.9,0.0,0,1.9,863931261,LWLG  260618C00015000
2026-05-15T17:44:10+00:00,LWLG,OPT,20260618,C,15.0,TRADES,1.9,1.95,1.9,1.9,0.0,0,1.9,863931261,LWLG  260618C00015000
2026-05-15T17:44:20+00:00,LWLG,OPT,20260618,C,15.0,TRADES,1.9,1.95,1.9,1.9,0.0,0,1.9,863931261,LWLG  260618C00015000
2026-05-15T17:44:30+00:00,LWLG,OPT,20260618,C,15.0,TRADES,1.9,1.95,1.9,1.9,0.0,0,1.9,863931261,LWLG  260618C00015000
2026-05-15T17:44:40+00:00,LWLG,OPT,20260618,C,15.0,TRADES,1.9,1.95,1.9,1.9,0.0,0,1.9,863931261,LWLG  260618C00015000
2026-05-15T17:44:50+00:00,LWLG,OPT,20260618,C,15.0,TRADES,1.9,1.95,1.9,1.9,0.0,0,1.9,863931261,LWLG  260618C00015000
2026-05-15T17:45:00+00:00,LWLG,OPT,20260618,C,15.0,TRADES,1.9,1.95,1.9,1.9,0.0,0,1.9,863931261,LWLG  260618C00015000
2026-05-15T17:45:10+00:00,LWLG,OPT,20260618,C,15.0,TRADES,1.9,1.95,1.9,1.9,0.0,0,1.9,863931261,LWLG  260618C00015000
2026-05-15T17:45:20+00:00,LWLG,OPT,20260618,C,15.0,TRADES,1.9,1.95,1.9,1.9,0.0,0,1.9,863931261,LWLG  260618C00015000
2026-05-15T17:45:30+00:00,LWLG,OPT,20260618,C,15.0,TRADES,1.9,1.95,1.9,1.9,0.0,0,1.9,863931261,LWLG  260618C00015000
2026-05-15T17:45:40+00:00,LWLG,OPT,20260618,C,15.0,TRADES,1.9,1.95,1.9,1.9,0.0,0,1.9,863931261,LWLG  260618C00015000
2026-05-15T17:45:50+00:00,LWLG,OPT,20260618,C,15.0,TRADES,1.9,1.95,1.9,1.9,0.0,0,1.9,863931261,LWLG  260618C00015000
2026-05-15T17:46:00+00:00,LWLG,OPT,20260618,C,15.0,TRADES,1.9,1.95,1.9,1.9,0.0,0,1.9,863931261,LWLG  260618C00015000
2026-05-15T17:46:10+00:00,LWLG,OPT,20260618,C,15.0,TRADES,1.9,1.95,1.9,1.9,0.0,0,1.9,863931261,LWLG  260618C00015000
2026-05-15T17:46:20+00:00,LWLG,OPT,20260618,C,15.0,TRADES,1.9,1.95,1.9,1.9,0.0,0,1.9,863931261,LWLG  260618C00015000
2026-05-15T17:46:30+00:00,LWLG,OPT,20260618,C,15.0,TRADES,1.9,1.95,1.9,1.9,0.0,0,1.9,863931261,LWLG  260618C00015000
2026-05-15T17:46:40+00:00,LWLG,OPT,20260618,C,15.0,TRADES,1.9,1.95,1.9,1.9,0.0,0,1.9,863931261,LWLG  260618C00015000
2026-05-15T17:46:50+00:00,LWLG,OPT,20260618,C,15.0,TRADES,1.9,1.95,1.9,1.9,0.0,0,1.9,863931261,LWLG  260618C00015000
2026-05-15T17:47:00+00:00,LWLG,OPT,20260618,C,15.0,TRADES,1.9,1.95,1.9,1.9,0.0,0,1.9,863931261,LWLG  260618C00015000
2026-05-15T17:47:10+00:00,LWLG,OPT,20260618,C,15.0,TRADES,1.9,1.95,1.9,1.9,0.0,0,1.9,863931261,LWLG  260618C00015000
2026-05-15T17:47:20+00:00,LWLG,OPT,20260618,C,15.0,TRADES,1.9,1.95,1.9,1.9,0.0,0,1.9,863931261,LWLG  260618C00015000
2026-05-15T17:47:30+00:00,LWLG,OPT,20260618,C,15.0,TRADES,1.9,1.95,1.9,1.9,0.0,0,1.9,863931261,LWLG  260618C00015000
2026-05-15T17:47:40+00:00,LWLG,OPT,20260618,C,15.0,TRADES,1.9,1.95,1.9,1.9,0.0,0,1.9,863931261,LWLG  260618C00015000
2026-05-15T17:47:50+00:00,LWLG,OPT,20260618,C,15.0,TRADES,1.9,1.95,1.9,1.9,0.0,0,1.9,863931261,LWLG  260618C00015000
2026-05-15T17:48:00+00:00,LWLG,OPT,20260618,C,15.0,TRADES,1.9,1.9,1.9,1.9,3.0,1,1.9,863931261,LWLG  260618C00015000
2026-05-15T17:48:10+00:00,LWLG,OPT,20260618,C,15.0,TRADES,1.9,1.9,1.9,1.9,0.0,0,1.9,863931261,LWLG  260618C00015000
2026-05-15T17:48:20+00:00,LWLG,OPT,20260618,C,15.0,TRADES,1.9,1.9,1.9,1.9,0.0,0,1.9,863931261,LWLG  260618C00015000
2026-05-15T17:48:30+00:00,LWLG,OPT,20260618,C,15.0,TRADES,1.9,1.9,1.9,1.9,0.0,0,1.9,863931261,LWLG  260618C00015000
2026-05-15T17:48:40+00:00,LWLG,OPT,20260618,C,15.0,TRADES,1.9,1.9,1.9,1.9,0.0,0,1.9,863931261,LWLG  260618C00015000
2026-05-15T17:48:50+00:00,LWLG,OPT,20260618,C,15.0,TRADES,1.9,1.9,1.9,1.9,0.0,0,1.9,863931261,LWLG  260618C00015000
2026-05-15T17:49:00+00:00,LWLG,OPT,20260618,C,15.0,TRADES,1.95,1.95,1.95,1.95,1.0,1,1.95,863931261,LWLG  260618C00015000
2026-05-15T17:49:10+00:00,LWLG,OPT,20260618,C,15.0,TRADES,1.95,1.95,1.95,1.95,0.0,0,1.95,863931261,LWLG  260618C00015000
2026-05-15T17:49:20+00:00,LWLG,OPT,20260618,C,15.0,TRADES,1.95,1.95,1.95,1.95,0.0,0,1.95,863931261,LWLG  260618C00015000
2026-05-15T17:49:30+00:00,LWLG,OPT,20260618,C,15.0,TRADES,1.95,1.95,1.95,1.95,0.0,0,1.95,863931261,LWLG  260618C00015000
2026-05-15T17:49:40+00:00,LWLG,OPT,20260618,C,15.0,TRADES,1.95,1.95,1.95,1.95,0.0,0,1.95,863931261,LWLG  260618C00015000
2026-05-15T17:49:50+00:00,LWLG,OPT,20260618,C,15.0,TRADES,1.95,1.95,1.95,1.95,0.0,0,1.95,863931261,LWLG  260618C00015000
2026-05-15T17:50:00+00:00,LWLG,OPT,20260618,C,15.0,TRADES,1.95,1.95,1.95,1.95,0.0,0,1.95,863931261,LWLG  260618C00015000
2026-05-15T17:50:10+00:00,LWLG,OPT,20260618,C,15.0,TRADES,1.95,1.95,1.95,1.95,0.0,0,1.95,863931261,LWLG  260618C00015000
2026-05-15T17:50:20+00:00,LWLG,OPT,20260618,C,15.0,TRADES,1.95,1.95,1.95,1.95,0.0,0,1.95,863931261,LWLG  260618C00015000
2026-05-15T17:50:30+00:00,LWLG,OPT,20260618,C,15.0,TRADES,1.95,1.95,1.95,1.95,0.0,0,1.95,863931261,LWLG  260618C00015000
2026-05-15T17:50:40+00:00,LWLG,OPT,20260618,C,15.0,TRADES,1.95,1.95,1.95,1.95,0.0,0,1.95,863931261,LWLG  260618C00015000
2026-05-15T17:50:50+00:00,LWLG,OPT,20260618,C,15.0,TRADES,1.95,1.95,1.95,1.95,0.0,0,1.95,863931261,LWLG  260618C00015000
2026-05-15T17:51:00+00:00,LWLG,OPT,20260618,C,15.0,TRADES,1.95,1.95,1.95,1.95,0.0,0,1.95,863931261,LWLG  260618C00015000
2026-05-15T17:51:10+00:00,LWLG,OPT,20260618,C,15.0,TRADES,1.95,1.95,1.95,1.95,0.0,0,1.95,863931261,LWLG  260618C00015000
2026-05-15T17:51:20+00:00,LWLG,OPT,20260618,C,15.0,TRADES,1.95,1.95,1.95,1.95,0.0,0,1.95,863931261,LWLG  260618C00015000
2026-05-15T17:51:30+00:00,LWLG,OPT,20260618,C,15.0,TRADES,1.95,1.95,1.95,1.95,0.0,0,1.95,863931261,LWLG  260618C00015000
2026-05-15T17:51:40+00:00,LWLG,OPT,20260618,C,15.0,TRADES,1.95,1.95,1.95,1.95,0.0,0,1.95,863931261,LWLG  260618C00015000
2026-05-15T17:51:50+00:00,LWLG,OPT,20260618,C,15.0,TRADES,1.95,1.95,1.95,1.95,0.0,0,1.95,863931261,LWLG  260618C00015000
2026-05-15T17:52:00+00:00,LWLG,OPT,20260618,C,15.0,TRADES,1.95,1.95,1.95,1.95,0.0,0,1.95,863931261,LWLG  260618C00015000
2026-05-15T17:52:10+00:00,LWLG,OPT,20260618,C,15.0,TRADES,1.95,1.95,1.95,1.95,0.0,0,1.95,863931261,LWLG  260618C00015000
2026-05-15T17:52:20+00:00,LWLG,OPT,20260618,C,15.0,TRADES,1.95,1.95,1.95,1.95,0.0,0,1.95,863931261,LWLG  260618C00015000
2026-05-15T17:52:30+00:00,LWLG,OPT,20260618,C,15.0,TRADES,1.95,1.95,1.95,1.95,0.0,0,1.95,863931261,LWLG  260618C00015000
2026-05-15T17:52:40+00:00,LWLG,OPT,20260618,C,15.0,TRADES,1.95,1.95,1.95,1.95,0.0,0,1.95,863931261,LWLG  260618C00015000
2026-05-15T17:52:50+00:00,LWLG,OPT,20260618,C,15.0,TRADES,1.95,1.95,1.95,1.95,0.0,0,1.95,863931261,LWLG  260618C00015000
2026-05-15T17:53:00+00:00,LWLG,OPT,20260618,C,15.0,TRADES,1.95,1.95,1.95,1.95,0.0,0,1.95,863931261,LWLG  260618C00015000
2026-05-15T17:53:10+00:00,LWLG,OPT,20260618,C,15.0,TRADES,1.95,1.95,1.95,1.95,0.0,0,1.95,863931261,LWLG  260618C00015000
2026-05-15T17:53:20+00:00,LWLG,OPT,20260618,C,15.0,TRADES,1.95,1.95,1.95,1.95,0.0,0,1.95,863931261,LWLG  260618C00015000
2026-05-15T17:53:30+00:00,LWLG,OPT,20260618,C,15.0,TRADES,1.95,1.95,1.95,1.95,0.0,0,1.95,863931261,LWLG  260618C00015000
2026-05-15T17:53:40+00:00,LWLG,OPT,20260618,C,15.0,TRADES,1.95,1.95,1.95,1.95,0.0,0,1.95,863931261,LWLG  260618C00015000
2026-05-15T17:53:50+00:00,LWLG,OPT,20260618,C,15.0,TRADES,1.95,1.95,1.95,1.95,0.0,0,1.95,863931261,LWLG  260618C00015000
2026-05-15T17:54:00+00:00,LWLG,OPT,20260618,C,15.0,TRADES,1.95,1.95,1.95,1.95,0.0,0,1.95,863931261,LWLG  260618C00015000
2026-05-15T17:54:10+00:00,LWLG,OPT,20260618,C,15.0,TRADES,1.95,1.95,1.95,1.95,0.0,0,1.95,863931261,LWLG  260618C00015000
2026-05-15T17:54:20+00:00,LWLG,OPT,20260618,C,15.0,TRADES,1.95,1.95,1.95,1.95,0.0,0,1.95,863931261,LWLG  260618C00015000
2026-05-15T17:54:30+00:00,LWLG,OPT,20260618,C,15.0,TRADES,1.95,1.95,1.95,1.95,0.0,0,1.95,863931261,LWLG  260618C00015000
2026-05-15T17:54:40+00:00,LWLG,OPT,20260618,C,15.0,TRADES,1.95,1.95,1.95,1.95,0.0,0,1.95,863931261,LWLG  260618C00015000
2026-05-15T17:54:50+00:00,LWLG,OPT,20260618,C,15.0,TRADES,1.95,1.95,1.95,1.95,0.0,0,1.95,863931261,LWLG  260618C00015000
2026-05-15T17:55:00+00:00,LWLG,OPT,20260618,C,15.0,TRADES,1.95,1.95,1.95,1.95,0.0,0,1.95,863931261,LWLG  260618C00015000
2026-05-15T17:55:10+00:00,LWLG,OPT,20260618,C,15.0,TRADES,1.95,1.95,1.95,1.95,0.0,0,1.95,863931261,LWLG  260618C00015000
2026-05-15T17:55:20+00:00,LWLG,OPT,20260618,C,15.0,TRADES,1.95,1.95,1.95,1.95,0.0,0,1.95,863931261,LWLG  260618C00015000
2026-05-15T17:55:30+00:00,LWLG,OPT,20260618,C,15.0,TRADES,1.95,1.95,1.95,1.95,0.0,0,1.95,863931261,LWLG  260618C00015000
2026-05-15T17:55:40+00:00,LWLG,OPT,20260618,C,15.0,TRADES,1.95,1.95,1.95,1.95,0.0,0,1.95,863931261,LWLG  260618C00015000
2026-05-15T17:55:50+00:00,LWLG,OPT,20260618,C,15.0,TRADES,1.95,1.95,1.95,1.95,0.0,0,1.95,863931261,LWLG  260618C00015000
2026-05-15T17:56:00+00:00,LWLG,OPT,20260618,C,15.0,TRADES,1.95,1.95,1.95,1.95,0.0,0,1.95,863931261,LWLG  260618C00015000
2026-05-15T17:56:10+00:00,LWLG,OPT,20260618,C,15.0,TRADES,1.95,1.95,1.95,1.95,0.0,0,1.95,863931261,LWLG  260618C00015000
2026-05-15T17:56:20+00:00,LWLG,OPT,20260618,C,15.0,TRADES,1.95,1.95,1.95,1.95,0.0,0,1.95,863931261,LWLG  260618C00015000
2026-05-15T17:56:30+00:00,LWLG,OPT,20260618,C,15.0,TRADES,1.95,1.95,1.95,1.95,0.0,0,1.95,863931261,LWLG  260618C00015000
2026-05-15T17:56:40+00:00,LWLG,OPT,20260618,C,15.0,TRADES,1.95,1.95,1.95,1.95,0.0,0,1.95,863931261,LWLG  260618C00015000
2026-05-15T17:56:50+00:00,LWLG,OPT,20260618,C,15.0,TRADES,1.95,1.95,1.95,1.95,0.0,0,1.95,863931261,LWLG  260618C00015000
2026-05-15T17:57:00+00:00,LWLG,OPT,20260618,C,15.0,TRADES,1.95,1.95,1.95,1.95,0.0,0,1.95,863931261,LWLG  260618C00015000
2026-05-15T17:57:10+00:00,LWLG,OPT,20260618,C,15.0,TRADES,1.95,1.95,1.95,1.95,0.0,0,1.95,863931261,LWLG  260618C00015000
2026-05-15T17:57:20+00:00,LWLG,OPT,20260618,C,15.0,TRADES,1.95,1.95,1.95,1.95,0.0,0,1.95,863931261,LWLG  260618C00015000
2026-05-15T17:57:30+00:00,LWLG,OPT,20260618,C,15.0,TRADES,1.95,1.95,1.95,1.95,0.0,0,1.95,863931261,LWLG  260618C00015000
2026-05-15T17:57:40+00:00,LWLG,OPT,20260618,C,15.0,TRADES,1.95,1.95,1.95,1.95,0.0,0,1.95,863931261,LWLG  260618C00015000
2026-05-15T17:57:50+00:00,LWLG,OPT,20260618,C,15.0,TRADES,1.95,1.95,1.95,1.95,0.0,0,1.95,863931261,LWLG  260618C00015000
2026-05-15T17:58:00+00:00,LWLG,OPT,20260618,C,15.0,TRADES,1.95,1.95,1.95,1.95,0.0,0,1.95,863931261,LWLG  260618C00015000
2026-05-15T17:58:10+00:00,LWLG,OPT,20260618,C,15.0,TRADES,1.95,1.95,1.95,1.95,0.0,0,1.95,863931261,LWLG  260618C00015000
2026-05-15T17:58:20+00:00,LWLG,OPT,20260618,C,15.0,TRADES,1.95,1.95,1.95,1.95,0.0,0,1.95,863931261,LWLG  260618C00015000
2026-05-15T17:58:30+00:00,LWLG,OPT,20260618,C,15.0,TRADES,1.95,1.95,1.95,1.95,0.0,0,1.95,863931261,LWLG  260618C00015000
2026-05-15T17:58:40+00:00,LWLG,OPT,20260618,C,15.0,TRADES,1.95,1.95,1.95,1.95,0.0,0,1.95,863931261,LWLG  260618C00015000
2026-05-15T17:58:50+00:00,LWLG,OPT,20260618,C,15.0,TRADES,1.95,1.95,1.95,1.95,0.0,0,1.95,863931261,LWLG  260618C00015000
2026-05-15T17:59:00+00:00,LWLG,OPT,20260618,C,15.0,TRADES,1.95,1.95,1.95,1.95,0.0,0,1.95,863931261,LWLG  260618C00015000
2026-05-15T17:59:10+00:00,LWLG,OPT,20260618,C,15.0,TRADES,1.95,1.95,1.95,1.95,0.0,0,1.95,863931261,LWLG  260618C00015000
2026-05-15T17:59:20+00:00,LWLG,OPT,20260618,C,15.0,TRADES,1.95,1.95,1.95,1.95,0.0,0,1.95,863931261,LWLG  260618C00015000
2026-05-15T17:59:30+00:00,LWLG,OPT,20260618,C,15.0,TRADES,1.95,1.95,1.95,1.95,0.0,0,1.95,863931261,LWLG  260618C00015000
2026-05-15T17:59:40+00:00,LWLG,OPT,20260618,C,15.0,TRADES,1.95,1.95,1.95,1.95,0.0,0,1.95,863931261,LWLG  260618C00015000
2026-05-15T17:59:50+00:00,LWLG,OPT,20260618,C,15.0,TRADES,1.95,1.95,1.95,1.95,0.0,0,1.95,863931261,LWLG  260618C00015000
2026-05-15T18:00:00+00:00,LWLG,OPT,20260618,C,15.0,TRADES,1.95,1.95,1.95,1.95,0.0,0,1.95,863931261,LWLG  260618C00015000
2026-05-15T18:00:10+00:00,LWLG,OPT,20260618,C,15.0,TRADES,1.95,1.95,1.95,1.95,0.0,0,1.95,863931261,LWLG  260618C00015000
2026-05-15T18:00:20+00:00,LWLG,OPT,20260618,C,15.0,TRADES,1.95,1.95,1.95,1.95,0.0,0,1.95,863931261,LWLG  260618C00015000
2026-05-15T18:00:30+00:00,LWLG,OPT,20260618,C,15.0,TRADES,1.95,1.95,1.95,1.95,0.0,0,1.95,863931261,LWLG  260618C00015000
2026-05-15T18:00:40+00:00,LWLG,OPT,20260618,C,15.0,TRADES,1.95,1.95,1.95,1.95,0.0,0,1.95,863931261,LWLG  260618C00015000
2026-05-15T18:00:50+00:00,LWLG,OPT,20260618,C,15.0,TRADES,1.95,1.95,1.95,1.95,0.0,0,1.95,863931261,LWLG  260618C00015000
2026-05-15T18:01:00+00:00,LWLG,OPT,20260618,C,15.0,TRADES,1.95,1.95,1.95,1.95,0.0,0,1.95,863931261,LWLG  260618C00015000
2026-05-15T18:01:10+00:00,LWLG,OPT,20260618,C,15.0,TRADES,1.95,1.95,1.95,1.95,0.0,0,1.95,863931261,LWLG  260618C00015000
2026-05-15T18:01:20+00:00,LWLG,OPT,20260618,C,15.0,TRADES,1.95,1.95,1.95,1.95,0.0,0,1.95,863931261,LWLG  260618C00015000
2026-05-15T18:01:30+00:00,LWLG,OPT,20260618,C,15.0,TRADES,1.95,1.95,1.95,1.95,0.0,0,1.95,863931261,LWLG  260618C00015000
2026-05-15T18:01:40+00:00,LWLG,OPT,20260618,C,15.0,TRADES,1.95,1.95,1.95,1.95,0.0,0,1.95,863931261,LWLG  260618C00015000
2026-05-15T18:01:50+00:00,LWLG,OPT,20260618,C,15.0,TRADES,1.95,1.95,1.95,1.95,0.0,0,1.95,863931261,LWLG  260618C00015000
2026-05-15T18:02:00+00:00,LWLG,OPT,20260618,C,15.0,TRADES,1.95,1.95,1.95,1.95,0.0,0,1.95,863931261,LWLG  260618C00015000
2026-05-15T18:02:10+00:00,LWLG,OPT,20260618,C,15.0,TRADES,1.95,1.95,1.95,1.95,0.0,0,1.95,863931261,LWLG  260618C00015000
2026-05-15T18:02:20+00:00,LWLG,OPT,20260618,C,15.0,TRADES,1.95,1.95,1.95,1.95,0.0,0,1.95,863931261,LWLG  260618C00015000
2026-05-15T18:02:30+00:00,LWLG,OPT,20260618,C,15.0,TRADES,1.95,1.95,1.95,1.95,0.0,0,1.95,863931261,LWLG  260618C00015000
2026-05-15T18:02:40+00:00,LWLG,OPT,20260618,C,15.0,TRADES,1.95,1.95,1.95,1.95,0.0,0,1.95,863931261,LWLG  260618C00015000
2026-05-15T18:02:50+00:00,LWLG,OPT,20260618,C,15.0,TRADES,1.95,1.95,1.95,1.95,0.0,0,1.95,863931261,LWLG  260618C00015000
2026-05-15T18:03:00+00:00,LWLG,OPT,20260618,C,15.0,TRADES,1.95,1.95,1.95,1.95,0.0,0,1.95,863931261,LWLG  260618C00015000
2026-05-15T18:03:10+00:00,LWLG,OPT,20260618,C,15.0,TRADES,1.95,1.95,1.95,1.95,0.0,0,1.95,863931261,LWLG  260618C00015000
2026-05-15T18:03:20+00:00,LWLG,OPT,20260618,C,15.0,TRADES,1.95,1.95,1.95,1.95,0.0,0,1.95,863931261,LWLG  260618C00015000
2026-05-15T18:03:30+00:00,LWLG,OPT,20260618,C,15.0,TRADES,1.95,1.95,1.95,1.95,0.0,0,1.95,863931261,LWLG  260618C00015000
2026-05-15T18:03:40+00:00,LWLG,OPT,20260618,C,15.0,TRADES,1.95,1.95,1.95,1.95,0.0,0,1.95,863931261,LWLG  260618C00015000
2026-05-15T18:03:50+00:00,LWLG,OPT,20260618,C,15.0,TRADES,1.95,1.95,1.95,1.95,0.0,0,1.95,863931261,LWLG  260618C00015000
2026-05-15T18:04:00+00:00,LWLG,OPT,20260618,C,15.0,TRADES,1.95,1.95,1.95,1.95,0.0,0,1.95,863931261,LWLG  260618C00015000
2026-05-15T18:04:10+00:00,LWLG,OPT,20260618,C,15.0,TRADES,1.95,1.95,1.95,1.95,0.0,0,1.95,863931261,LWLG  260618C00015000
2026-05-15T18:04:20+00:00,LWLG,OPT,20260618,C,15.0,TRADES,1.95,1.95,1.95,1.95,0.0,0,1.95,863931261,LWLG  260618C00015000
2026-05-15T18:04:30+00:00,LWLG,OPT,20260618,C,15.0,TRADES,1.95,1.95,1.95,1.95,0.0,0,1.95,863931261,LWLG  260618C00015000
2026-05-15T18:04:40+00:00,LWLG,OPT,20260618,C,15.0,TRADES,1.95,1.95,1.95,1.95,0.0,0,1.95,863931261,LWLG  260618C00015000
2026-05-15T18:04:50+00:00,LWLG,OPT,20260618,C,15.0,TRADES,1.95,1.95,1.95,1.95,0.0,0,1.95,863931261,LWLG  260618C00015000
2026-05-15T18:05:00+00:00,LWLG,OPT,20260618,C,15.0,TRADES,1.95,1.95,1.95,1.95,0.0,0,1.95,863931261,LWLG  260618C00015000
2026-05-15T18:05:10+00:00,LWLG,OPT,20260618,C,15.0,TRADES,1.95,1.95,1.95,1.95,0.0,0,1.95,863931261,LWLG  260618C00015000
2026-05-15T18:05:20+00:00,LWLG,OPT,20260618,C,15.0,TRADES,1.95,1.95,1.95,1.95,0.0,0,1.95,863931261,LWLG  260618C00015000
2026-05-15T18:05:30+00:00,LWLG,OPT,20260618,C,15.0,TRADES,1.95,1.95,1.95,1.95,0.0,0,1.95,863931261,LWLG  260618C00015000
2026-05-15T18:05:40+00:00,LWLG,OPT,20260618,C,15.0,TRADES,1.95,1.95,1.95,1.95,0.0,0,1.95,863931261,LWLG  260618C00015000
2026-05-15T18:05:50+00:00,LWLG,OPT,20260618,C,15.0,TRADES,1.95,1.95,1.95,1.95,0.0,0,1.95,863931261,LWLG  260618C00015000
2026-05-15T18:06:00+00:00,LWLG,OPT,20260618,C,15.0,TRADES,1.95,1.95,1.95,1.95,0.0,0,1.95,863931261,LWLG  260618C00015000
2026-05-15T18:06:10+00:00,LWLG,OPT,20260618,C,15.0,TRADES,1.95,1.95,1.95,1.95,0.0,0,1.95,863931261,LWLG  260618C00015000
2026-05-15T18:06:20+00:00,LWLG,OPT,20260618,C,15.0,TRADES,1.95,1.95,1.95,1.95,0.0,0,1.95,863931261,LWLG  260618C00015000
2026-05-15T18:06:30+00:00,LWLG,OPT,20260618,C,15.0,TRADES,1.95,1.95,1.95,1.95,0.0,0,1.95,863931261,LWLG  260618C00015000
2026-05-15T18:06:40+00:00,LWLG,OPT,20260618,C,15.0,TRADES,1.95,1.95,1.95,1.95,0.0,0,1.95,863931261,LWLG  260618C00015000
2026-05-15T18:06:50+00:00,LWLG,OPT,20260618,C,15.0,TRADES,1.95,1.95,1.95,1.95,0.0,0,1.95,863931261,LWLG  260618C00015000
2026-05-15T18:07:00+00:00,LWLG,OPT,20260618,C,15.0,TRADES,1.95,1.95,1.95,1.95,0.0,0,1.95,863931261,LWLG  260618C00015000
2026-05-15T18:07:10+00:00,LWLG,OPT,20260618,C,15.0,TRADES,1.95,1.95,1.95,1.95,0.0,0,1.95,863931261,LWLG  260618C00015000
2026-05-15T18:07:20+00:00,LWLG,OPT,20260618,C,15.0,TRADES,1.95,1.95,1.95,1.95,0.0,0,1.95,863931261,LWLG  260618C00015000
2026-05-15T18:07:30+00:00,LWLG,OPT,20260618,C,15.0,TRADES,1.95,1.95,1.95,1.95,0.0,0,1.95,863931261,LWLG  260618C00015000
2026-05-15T18:07:40+00:00,LWLG,OPT,20260618,C,15.0,TRADES,1.95,1.95,1.95,1.95,0.0,0,1.95,863931261,LWLG  260618C00015000
2026-05-15T18:07:50+00:00,LWLG,OPT,20260618,C,15.0,TRADES,1.95,1.95,1.95,1.95,0.0,0,1.95,863931261,LWLG  260618C00015000
2026-05-15T18:08:00+00:00,LWLG,OPT,20260618,C,15.0,TRADES,1.95,1.95,1.95,1.95,0.0,0,1.95,863931261,LWLG  260618C00015000
2026-05-15T18:08:10+00:00,LWLG,OPT,20260618,C,15.0,TRADES,1.95,1.95,1.95,1.95,0.0,0,1.95,863931261,LWLG  260618C00015000
2026-05-15T18:08:20+00:00,LWLG,OPT,20260618,C,15.0,TRADES,1.95,1.95,1.95,1.95,0.0,0,1.95,863931261,LWLG  260618C00015000
2026-05-15T18:08:30+00:00,LWLG,OPT,20260618,C,15.0,TRADES,1.95,1.95,1.95,1.95,0.0,0,1.95,863931261,LWLG  260618C00015000
2026-05-15T18:08:40+00:00,LWLG,OPT,20260618,C,15.0,TRADES,1.95,1.95,1.95,1.95,0.0,0,1.95,863931261,LWLG  260618C00015000
2026-05-15T18:08:50+00:00,LWLG,OPT,20260618,C,15.0,TRADES,1.95,1.95,1.95,1.95,0.0,0,1.95,863931261,LWLG  260618C00015000
2026-05-15T18:09:00+00:00,LWLG,OPT,20260618,C,15.0,TRADES,1.95,1.95,1.95,1.95,0.0,0,1.95,863931261,LWLG  260618C00015000
2026-05-15T18:09:10+00:00,LWLG,OPT,20260618,C,15.0,TRADES,1.95,1.95,1.95,1.95,0.0,0,1.95,863931261,LWLG  260618C00015000
2026-05-15T18:09:20+00:00,LWLG,OPT,20260618,C,15.0,TRADES,1.95,1.95,1.95,1.95,0.0,0,1.95,863931261,LWLG  260618C00015000
2026-05-15T18:09:30+00:00,LWLG,OPT,20260618,C,15.0,TRADES,1.95,1.95,1.95,1.95,0.0,0,1.95,863931261,LWLG  260618C00015000
2026-05-15T18:09:40+00:00,LWLG,OPT,20260618,C,15.0,TRADES,1.95,1.95,1.95,1.95,0.0,0,1.95,863931261,LWLG  260618C00015000
2026-05-15T18:09:50+00:00,LWLG,OPT,20260618,C,15.0,TRADES,1.95,1.95,1.95,1.95,0.0,0,1.95,863931261,LWLG  260618C00015000
2026-05-15T18:10:00+00:00,LWLG,OPT,20260618,C,15.0,TRADES,1.95,1.95,1.95,1.95,0.0,0,1.95,863931261,LWLG  260618C00015000
2026-05-15T18:10:10+00:00,LWLG,OPT,20260618,C,15.0,TRADES,1.95,1.95,1.95,1.95,0.0,0,1.95,863931261,LWLG  260618C00015000
2026-05-15T18:10:20+00:00,LWLG,OPT,20260618,C,15.0,TRADES,1.95,1.95,1.95,1.95,0.0,0,1.95,863931261,LWLG  260618C00015000
2026-05-15T18:10:30+00:00,LWLG,OPT,20260618,C,15.0,TRADES,1.95,1.95,1.95,1.95,0.0,0,1.95,863931261,LWLG  260618C00015000
2026-05-15T18:10:40+00:00,LWLG,OPT,20260618,C,15.0,TRADES,1.95,1.95,1.95,1.95,0.0,0,1.95,863931261,LWLG  260618C00015000
2026-05-15T18:10:50+00:00,LWLG,OPT,20260618,C,15.0,TRADES,1.95,1.95,1.95,1.95,0.0,0,1.95,863931261,LWLG  260618C00015000
2026-05-15T18:11:00+00:00,LWLG,OPT,20260618,C,15.0,TRADES,1.95,1.95,1.95,1.95,0.0,0,1.95,863931261,LWLG  260618C00015000
2026-05-15T18:11:10+00:00,LWLG,OPT,20260618,C,15.0,TRADES,1.95,1.95,1.95,1.95,0.0,0,1.95,863931261,LWLG  260618C00015000
2026-05-15T18:11:20+00:00,LWLG,OPT,20260618,C,15.0,TRADES,1.95,1.95,1.95,1.95,0.0,0,1.95,863931261,LWLG  260618C00015000
2026-05-15T18:11:30+00:00,LWLG,OPT,20260618,C,15.0,TRADES,1.95,1.95,1.95,1.95,0.0,0,1.95,863931261,LWLG  260618C00015000
2026-05-15T18:11:40+00:00,LWLG,OPT,20260618,C,15.0,TRADES,1.95,1.95,1.95,1.95,0.0,0,1.95,863931261,LWLG  260618C00015000
2026-05-15T18:11:50+00:00,LWLG,OPT,20260618,C,15.0,TRADES,1.95,1.95,1.95,1.95,0.0,0,1.95,863931261,LWLG  260618C00015000
2026-05-15T18:12:00+00:00,LWLG,OPT,20260618,C,15.0,TRADES,1.95,1.95,1.95,1.95,0.0,0,1.95,863931261,LWLG  260618C00015000
2026-05-15T18:12:10+00:00,LWLG,OPT,20260618,C,15.0,TRADES,1.95,1.95,1.95,1.95,0.0,0,1.95,863931261,LWLG  260618C00015000
2026-05-15T18:12:20+00:00,LWLG,OPT,20260618,C,15.0,TRADES,1.95,1.95,1.95,1.95,0.0,0,1.95,863931261,LWLG  260618C00015000
2026-05-15T18:12:30+00:00,LWLG,OPT,20260618,C,15.0,TRADES,1.95,1.95,1.95,1.95,0.0,0,1.95,863931261,LWLG  260618C00015000
2026-05-15T18:12:40+00:00,LWLG,OPT,20260618,C,15.0,TRADES,1.95,1.95,1.95,1.95,0.0,0,1.95,863931261,LWLG  260618C00015000
2026-05-15T18:12:50+00:00,LWLG,OPT,20260618,C,15.0,TRADES,1.95,1.95,1.95,1.95,0.0,0,1.95,863931261,LWLG  260618C00015000
2026-05-15T18:13:00+00:00,LWLG,OPT,20260618,C,15.0,TRADES,1.95,1.95,1.95,1.95,0.0,0,1.95,863931261,LWLG  260618C00015000
2026-05-15T18:13:10+00:00,LWLG,OPT,20260618,C,15.0,TRADES,1.95,1.95,1.95,1.95,0.0,0,1.95,863931261,LWLG  260618C00015000
2026-05-15T18:13:20+00:00,LWLG,OPT,20260618,C,15.0,TRADES,1.95,1.95,1.95,1.95,0.0,0,1.95,863931261,LWLG  260618C00015000
2026-05-15T18:13:30+00:00,LWLG,OPT,20260618,C,15.0,TRADES,1.95,1.95,1.95,1.95,0.0,0,1.95,863931261,LWLG  260618C00015000
2026-05-15T18:13:40+00:00,LWLG,OPT,20260618,C,15.0,TRADES,1.95,1.95,1.95,1.95,0.0,0,1.95,863931261,LWLG  260618C00015000
2026-05-15T18:13:50+00:00,LWLG,OPT,20260618,C,15.0,TRADES,1.95,1.95,1.95,1.95,0.0,0,1.95,863931261,LWLG  260618C00015000
2026-05-15T18:14:00+00:00,LWLG,OPT,20260618,C,15.0,TRADES,1.95,1.95,1.95,1.95,0.0,0,1.95,863931261,LWLG  260618C00015000
2026-05-15T18:14:10+00:00,LWLG,OPT,20260618,C,15.0,TRADES,1.95,1.95,1.95,1.95,0.0,0,1.95,863931261,LWLG  260618C00015000
2026-05-15T18:14:20+00:00,LWLG,OPT,20260618,C,15.0,TRADES,1.95,1.95,1.95,1.95,0.0,0,1.95,863931261,LWLG  260618C00015000
2026-05-15T18:14:30+00:00,LWLG,OPT,20260618,C,15.0,TRADES,1.95,1.95,1.95,1.95,0.0,0,1.95,863931261,LWLG  260618C00015000
2026-05-15T18:14:40+00:00,LWLG,OPT,20260618,C,15.0,TRADES,1.95,1.95,1.95,1.95,0.0,0,1.95,863931261,LWLG  260618C00015000
2026-05-15T18:14:50+00:00,LWLG,OPT,20260618,C,15.0,TRADES,1.95,1.95,1.95,1.95,0.0,0,1.95,863931261,LWLG  260618C00015000
2026-05-15T18:15:00+00:00,LWLG,OPT,20260618,C,15.0,TRADES,1.95,1.95,1.95,1.95,0.0,0,1.95,863931261,LWLG  260618C00015000
2026-05-15T18:15:10+00:00,LWLG,OPT,20260618,C,15.0,TRADES,1.95,1.95,1.95,1.95,0.0,0,1.95,863931261,LWLG  260618C00015000
2026-05-15T18:15:20+00:00,LWLG,OPT,20260618,C,15.0,TRADES,1.95,1.95,1.95,1.95,0.0,0,1.95,863931261,LWLG  260618C00015000
2026-05-15T18:15:30+00:00,LWLG,OPT,20260618,C,15.0,TRADES,1.95,1.95,1.95,1.95,0.0,0,1.95,863931261,LWLG  260618C00015000
2026-05-15T18:15:40+00:00,LWLG,OPT,20260618,C,15.0,TRADES,1.95,1.95,1.95,1.95,0.0,0,1.95,863931261,LWLG  260618C00015000
2026-05-15T18:15:50+00:00,LWLG,OPT,20260618,C,15.0,TRADES,1.95,1.95,1.95,1.95,0.0,0,1.95,863931261,LWLG  260618C00015000
2026-05-15T18:16:00+00:00,LWLG,OPT,20260618,C,15.0,TRADES,1.95,1.95,1.95,1.95,0.0,0,1.95,863931261,LWLG  260618C00015000
2026-05-15T18:16:10+00:00,LWLG,OPT,20260618,C,15.0,TRADES,1.95,1.95,1.95,1.95,0.0,0,1.95,863931261,LWLG  260618C00015000
2026-05-15T18:16:20+00:00,LWLG,OPT,20260618,C,15.0,TRADES,1.95,1.95,1.95,1.95,0.0,0,1.95,863931261,LWLG  260618C00015000
2026-05-15T18:16:30+00:00,LWLG,OPT,20260618,C,15.0,TRADES,1.95,1.95,1.95,1.95,0.0,0,1.95,863931261,LWLG  260618C00015000
2026-05-15T18:16:40+00:00,LWLG,OPT,20260618,C,15.0,TRADES,1.95,1.95,1.95,1.95,0.0,0,1.95,863931261,LWLG  260618C00015000
2026-05-15T18:16:50+00:00,LWLG,OPT,20260618,C,15.0,TRADES,1.95,1.95,1.95,1.95,0.0,0,1.95,863931261,LWLG  260618C00015000
2026-05-15T18:17:00+00:00,LWLG,OPT,20260618,C,15.0,TRADES,1.95,1.95,1.95,1.95,0.0,0,1.95,863931261,LWLG  260618C00015000
2026-05-15T18:17:10+00:00,LWLG,OPT,20260618,C,15.0,TRADES,1.95,1.95,1.95,1.95,0.0,0,1.95,863931261,LWLG  260618C00015000
2026-05-15T18:17:20+00:00,LWLG,OPT,20260618,C,15.0,TRADES,1.95,1.95,1.95,1.95,0.0,0,1.95,863931261,LWLG  260618C00015000
2026-05-15T18:17:30+00:00,LWLG,OPT,20260618,C,15.0,TRADES,1.95,1.95,1.95,1.95,0.0,0,1.95,863931261,LWLG  260618C00015000
2026-05-15T18:17:40+00:00,LWLG,OPT,20260618,C,15.0,TRADES,1.95,1.95,1.95,1.95,0.0,0,1.95,863931261,LWLG  260618C00015000
2026-05-15T18:17:50+00:00,LWLG,OPT,20260618,C,15.0,TRADES,1.95,1.95,1.95,1.95,0.0,0,1.95,863931261,LWLG  260618C00015000
2026-05-15T18:18:00+00:00,LWLG,OPT,20260618,C,15.0,TRADES,1.95,1.95,1.95,1.95,0.0,0,1.95,863931261,LWLG  260618C00015000
2026-05-15T18:18:10+00:00,LWLG,OPT,20260618,C,15.0,TRADES,1.95,1.95,1.95,1.95,0.0,0,1.95,863931261,LWLG  260618C00015000
2026-05-15T18:18:20+00:00,LWLG,OPT,20260618,C,15.0,TRADES,1.95,1.95,1.95,1.95,0.0,0,1.95,863931261,LWLG  260618C00015000
2026-05-15T18:18:30+00:00,LWLG,OPT,20260618,C,15.0,TRADES,1.95,1.95,1.95,1.95,0.0,0,1.95,863931261,LWLG  260618C00015000
2026-05-15T18:18:40+00:00,LWLG,OPT,20260618,C,15.0,TRADES,1.95,1.95,1.95,1.95,0.0,0,1.95,863931261,LWLG  260618C00015000
2026-05-15T18:18:50+00:00,LWLG,OPT,20260618,C,15.0,TRADES,1.95,1.95,1.95,1.95,0.0,0,1.95,863931261,LWLG  260618C00015000
2026-05-15T18:19:00+00:00,LWLG,OPT,20260618,C,15.0,TRADES,1.95,1.95,1.95,1.95,0.0,0,1.95,863931261,LWLG  260618C00015000
2026-05-15T18:19:10+00:00,LWLG,OPT,20260618,C,15.0,TRADES,1.95,1.95,1.95,1.95,0.0,0,1.95,863931261,LWLG  260618C00015000
2026-05-15T18:19:20+00:00,LWLG,OPT,20260618,C,15.0,TRADES,1.95,1.95,1.95,1.95,0.0,0,1.95,863931261,LWLG  260618C00015000
2026-05-15T18:19:30+00:00,LWLG,OPT,20260618,C,15.0,TRADES,1.95,1.95,1.95,1.95,0.0,0,1.95,863931261,LWLG  260618C00015000
2026-05-15T18:19:40+00:00,LWLG,OPT,20260618,C,15.0,TRADES,1.95,1.95,1.95,1.95,0.0,0,1.95,863931261,LWLG  260618C00015000
2026-05-15T18:19:50+00:00,LWLG,OPT,20260618,C,15.0,TRADES,1.95,1.95,1.95,1.95,0.0,0,1.95,863931261,LWLG  260618C00015000
2026-05-15T18:20:00+00:00,LWLG,OPT,20260618,C,15.0,TRADES,1.95,1.95,1.95,1.95,0.0,0,1.95,863931261,LWLG  260618C00015000
2026-05-15T18:20:10+00:00,LWLG,OPT,20260618,C,15.0,TRADES,1.95,1.95,1.95,1.95,0.0,0,1.95,863931261,LWLG  260618C00015000
2026-05-15T18:20:20+00:00,LWLG,OPT,20260618,C,15.0,TRADES,1.95,1.95,1.95,1.95,0.0,0,1.95,863931261,LWLG  260618C00015000
2026-05-15T18:20:30+00:00,LWLG,OPT,20260618,C,15.0,TRADES,1.95,1.95,1.95,1.95,0.0,0,1.95,863931261,LWLG  260618C00015000
2026-05-15T18:20:40+00:00,LWLG,OPT,20260618,C,15.0,TRADES,1.95,1.95,1.95,1.95,0.0,0,1.95,863931261,LWLG  260618C00015000
2026-05-15T18:20:50+00:00,LWLG,OPT,20260618,C,15.0,TRADES,1.95,1.95,1.95,1.95,0.0,0,1.95,863931261,LWLG  260618C00015000
2026-05-15T18:21:00+00:00,LWLG,OPT,20260618,C,15.0,TRADES,1.95,1.95,1.95,1.95,0.0,0,1.95,863931261,LWLG  260618C00015000
2026-05-15T18:21:10+00:00,LWLG,OPT,20260618,C,15.0,TRADES,1.95,1.95,1.95,1.95,0.0,0,1.95,863931261,LWLG  260618C00015000
2026-05-15T18:21:20+00:00,LWLG,OPT,20260618,C,15.0,TRADES,1.95,1.95,1.95,1.95,0.0,0,1.95,863931261,LWLG  260618C00015000
2026-05-15T18:21:30+00:00,LWLG,OPT,20260618,C,15.0,TRADES,1.95,1.95,1.95,1.95,0.0,0,1.95,863931261,LWLG  260618C00015000
2026-05-15T18:21:40+00:00,LWLG,OPT,20260618,C,15.0,TRADES,1.95,1.95,1.95,1.95,0.0,0,1.95,863931261,LWLG  260618C00015000
2026-05-15T18:21:50+00:00,LWLG,OPT,20260618,C,15.0,TRADES,1.95,1.95,1.95,1.95,0.0,0,1.95,863931261,LWLG  260618C00015000
2026-05-15T18:22:00+00:00,LWLG,OPT,20260618,C,15.0,TRADES,1.95,1.95,1.95,1.95,0.0,0,1.95,863931261,LWLG  260618C00015000
2026-05-15T18:22:10+00:00,LWLG,OPT,20260618,C,15.0,TRADES,1.95,1.95,1.95,1.95,0.0,0,1.95,863931261,LWLG  260618C00015000
2026-05-15T18:22:20+00:00,LWLG,OPT,20260618,C,15.0,TRADES,1.95,1.95,1.95,1.95,0.0,0,1.95,863931261,LWLG  260618C00015000
2026-05-15T18:22:30+00:00,LWLG,OPT,20260618,C,15.0,TRADES,1.95,1.95,1.95,1.95,0.0,0,1.95,863931261,LWLG  260618C00015000
2026-05-15T18:22:40+00:00,LWLG,OPT,20260618,C,15.0,TRADES,1.95,1.95,1.95,1.95,0.0,0,1.95,863931261,LWLG  260618C00015000
2026-05-15T18:22:50+00:00,LWLG,OPT,20260618,C,15.0,TRADES,1.95,1.95,1.95,1.95,0.0,0,1.95,863931261,LWLG  260618C00015000
2026-05-15T18:23:00+00:00,LWLG,OPT,20260618,C,15.0,TRADES,1.95,1.95,1.95,1.95,0.0,0,1.95,863931261,LWLG  260618C00015000
2026-05-15T18:23:10+00:00,LWLG,OPT,20260618,C,15.0,TRADES,1.95,1.95,1.95,1.95,0.0,0,1.95,863931261,LWLG  260618C00015000
2026-05-15T18:23:20+00:00,LWLG,OPT,20260618,C,15.0,TRADES,1.95,1.95,1.95,1.95,0.0,0,1.95,863931261,LWLG  260618C00015000
2026-05-15T18:23:30+00:00,LWLG,OPT,20260618,C,15.0,TRADES,1.95,1.95,1.95,1.95,0.0,0,1.95,863931261,LWLG  260618C00015000
2026-05-15T18:23:40+00:00,LWLG,OPT,20260618,C,15.0,TRADES,1.95,1.95,1.95,1.95,0.0,0,1.95,863931261,LWLG  260618C00015000
2026-05-15T18:23:50+00:00,LWLG,OPT,20260618,C,15.0,TRADES,1.95,1.95,1.95,1.95,0.0,0,1.95,863931261,LWLG  260618C00015000
2026-05-15T18:24:00+00:00,LWLG,OPT,20260618,C,15.0,TRADES,1.95,1.95,1.95,1.95,0.0,0,1.95,863931261,LWLG  260618C00015000
2026-05-15T18:24:10+00:00,LWLG,OPT,20260618,C,15.0,TRADES,1.95,1.95,1.95,1.95,0.0,0,1.95,863931261,LWLG  260618C00015000
2026-05-15T18:24:20+00:00,LWLG,OPT,20260618,C,15.0,TRADES,1.95,1.95,1.95,1.95,0.0,0,1.95,863931261,LWLG  260618C00015000
2026-05-15T18:24:30+00:00,LWLG,OPT,20260618,C,15.0,TRADES,1.9,1.9,1.9,1.9,1.0,1,1.9,863931261,LWLG  260618C00015000
2026-05-15T18:24:40+00:00,LWLG,OPT,20260618,C,15.0,TRADES,1.9,1.9,1.9,1.9,0.0,0,1.9,863931261,LWLG  260618C00015000
2026-05-15T18:24:50+00:00,LWLG,OPT,20260618,C,15.0,TRADES,1.9,1.9,1.9,1.9,0.0,0,1.9,863931261,LWLG  260618C00015000
2026-05-15T18:25:00+00:00,LWLG,OPT,20260618,C,15.0,TRADES,1.9,1.9,1.9,1.9,0.0,0,1.9,863931261,LWLG  260618C00015000
2026-05-15T18:25:10+00:00,LWLG,OPT,20260618,C,15.0,TRADES,1.9,1.9,1.9,1.9,0.0,0,1.9,863931261,LWLG  260618C00015000
2026-05-15T18:25:20+00:00,LWLG,OPT,20260618,C,15.0,TRADES,1.9,1.9,1.9,1.9,0.0,0,1.9,863931261,LWLG  260618C00015000
2026-05-15T18:25:30+00:00,LWLG,OPT,20260618,C,15.0,TRADES,1.9,1.9,1.9,1.9,0.0,0,1.9,863931261,LWLG  260618C00015000
2026-05-15T18:25:40+00:00,LWLG,OPT,20260618,C,15.0,TRADES,1.9,1.9,1.9,1.9,0.0,0,1.9,863931261,LWLG  260618C00015000
2026-05-15T18:25:50+00:00,LWLG,OPT,20260618,C,15.0,TRADES,1.9,1.9,1.9,1.9,0.0,0,1.9,863931261,LWLG  260618C00015000
2026-05-15T18:26:00+00:00,LWLG,OPT,20260618,C,15.0,TRADES,1.9,1.9,1.9,1.9,0.0,0,1.9,863931261,LWLG  260618C00015000
2026-05-15T18:26:10+00:00,LWLG,OPT,20260618,C,15.0,TRADES,1.9,1.9,1.9,1.9,0.0,0,1.9,863931261,LWLG  260618C00015000
2026-05-15T18:26:20+00:00,LWLG,OPT,20260618,C,15.0,TRADES,1.9,1.9,1.9,1.9,0.0,0,1.9,863931261,LWLG  260618C00015000
2026-05-15T18:26:30+00:00,LWLG,OPT,20260618,C,15.0,TRADES,1.9,1.9,1.9,1.9,0.0,0,1.9,863931261,LWLG  260618C00015000
2026-05-15T18:26:40+00:00,LWLG,OPT,20260618,C,15.0,TRADES,1.9,1.9,1.9,1.9,0.0,0,1.9,863931261,LWLG  260618C00015000
2026-05-15T18:26:50+00:00,LWLG,OPT,20260618,C,15.0,TRADES,1.9,1.9,1.9,1.9,0.0,0,1.9,863931261,LWLG  260618C00015000
2026-05-15T18:27:00+00:00,LWLG,OPT,20260618,C,15.0,TRADES,1.85,1.85,1.85,1.85,3.0,2,1.85,863931261,LWLG  260618C00015000
2026-05-15T18:27:10+00:00,LWLG,OPT,20260618,C,15.0,TRADES,1.85,1.85,1.85,1.85,0.0,0,1.85,863931261,LWLG  260618C00015000
2026-05-15T18:27:20+00:00,LWLG,OPT,20260618,C,15.0,TRADES,1.85,1.85,1.85,1.85,0.0,0,1.85,863931261,LWLG  260618C00015000
2026-05-15T18:27:30+00:00,LWLG,OPT,20260618,C,15.0,TRADES,1.85,1.85,1.85,1.85,0.0,0,1.85,863931261,LWLG  260618C00015000
2026-05-15T18:27:40+00:00,LWLG,OPT,20260618,C,15.0,TRADES,1.85,1.85,1.85,1.85,0.0,0,1.85,863931261,LWLG  260618C00015000
2026-05-15T18:27:50+00:00,LWLG,OPT,20260618,C,15.0,TRADES,1.85,1.85,1.85,1.85,0.0,0,1.85,863931261,LWLG  260618C00015000
2026-05-15T18:28:00+00:00,LWLG,OPT,20260618,C,15.0,TRADES,1.85,1.85,1.85,1.85,0.0,0,1.85,863931261,LWLG  260618C00015000
2026-05-15T18:28:10+00:00,LWLG,OPT,20260618,C,15.0,TRADES,1.85,1.85,1.85,1.85,0.0,0,1.85,863931261,LWLG  260618C00015000
2026-05-15T18:28:20+00:00,LWLG,OPT,20260618,C,15.0,TRADES,1.85,1.85,1.85,1.85,0.0,0,1.85,863931261,LWLG  260618C00015000
2026-05-15T18:28:30+00:00,LWLG,OPT,20260618,C,15.0,TRADES,1.85,1.85,1.85,1.85,0.0,0,1.85,863931261,LWLG  260618C00015000
2026-05-15T18:28:40+00:00,LWLG,OPT,20260618,C,15.0,TRADES,1.85,1.85,1.85,1.85,0.0,0,1.85,863931261,LWLG  260618C00015000
2026-05-15T18:28:50+00:00,LWLG,OPT,20260618,C,15.0,TRADES,1.85,1.85,1.85,1.85,0.0,0,1.85,863931261,LWLG  260618C00015000
2026-05-15T18:29:00+00:00,LWLG,OPT,20260618,C,15.0,TRADES,1.85,1.85,1.85,1.85,0.0,0,1.85,863931261,LWLG  260618C00015000
2026-05-15T18:29:10+00:00,LWLG,OPT,20260618,C,15.0,TRADES,1.85,1.85,1.85,1.85,0.0,0,1.85,863931261,LWLG  260618C00015000
2026-05-15T18:29:20+00:00,LWLG,OPT,20260618,C,15.0,TRADES,1.85,1.85,1.85,1.85,0.0,0,1.85,863931261,LWLG  260618C00015000
2026-05-15T18:29:30+00:00,LWLG,OPT,20260618,C,15.0,TRADES,1.85,1.85,1.85,1.85,0.0,0,1.85,863931261,LWLG  260618C00015000
2026-05-15T18:29:40+00:00,LWLG,OPT,20260618,C,15.0,TRADES,1.85,1.85,1.85,1.85,0.0,0,1.85,863931261,LWLG  260618C00015000
2026-05-15T18:29:50+00:00,LWLG,OPT,20260618,C,15.0,TRADES,1.85,1.85,1.85,1.85,0.0,0,1.85,863931261,LWLG  260618C00015000
2026-05-15T18:30:00+00:00,LWLG,OPT,20260618,C,15.0,TRADES,1.85,1.85,1.85,1.85,0.0,0,1.85,863931261,LWLG  260618C00015000
2026-05-15T18:30:10+00:00,LWLG,OPT,20260618,C,15.0,TRADES,1.85,1.85,1.85,1.85,0.0,0,1.85,863931261,LWLG  260618C00015000
2026-05-15T18:30:20+00:00,LWLG,OPT,20260618,C,15.0,TRADES,1.85,1.85,1.85,1.85,0.0,0,1.85,863931261,LWLG  260618C00015000
2026-05-15T18:30:30+00:00,LWLG,OPT,20260618,C,15.0,TRADES,1.85,1.85,1.85,1.85,0.0,0,1.85,863931261,LWLG  260618C00015000
2026-05-15T18:30:40+00:00,LWLG,OPT,20260618,C,15.0,TRADES,1.85,1.85,1.85,1.85,0.0,0,1.85,863931261,LWLG  260618C00015000
2026-05-15T18:30:50+00:00,LWLG,OPT,20260618,C,15.0,TRADES,1.85,1.85,1.85,1.85,0.0,0,1.85,863931261,LWLG  260618C00015000
2026-05-15T18:31:00+00:00,LWLG,OPT,20260618,C,15.0,TRADES,1.85,1.85,1.85,1.85,0.0,0,1.85,863931261,LWLG  260618C00015000
2026-05-15T18:31:10+00:00,LWLG,OPT,20260618,C,15.0,TRADES,1.85,1.85,1.85,1.85,0.0,0,1.85,863931261,LWLG  260618C00015000
2026-05-15T18:31:20+00:00,LWLG,OPT,20260618,C,15.0,TRADES,1.85,1.85,1.85,1.85,0.0,0,1.85,863931261,LWLG  260618C00015000
2026-05-15T18:31:30+00:00,LWLG,OPT,20260618,C,15.0,TRADES,1.85,1.85,1.85,1.85,0.0,0,1.85,863931261,LWLG  260618C00015000
2026-05-15T18:31:40+00:00,LWLG,OPT,20260618,C,15.0,TRADES,1.85,1.85,1.85,1.85,0.0,0,1.85,863931261,LWLG  260618C00015000
2026-05-15T18:31:50+00:00,LWLG,OPT,20260618,C,15.0,TRADES,1.85,1.85,1.85,1.85,0.0,0,1.85,863931261,LWLG  260618C00015000
2026-05-15T18:32:00+00:00,LWLG,OPT,20260618,C,15.0,TRADES,1.85,1.85,1.85,1.85,0.0,0,1.85,863931261,LWLG  260618C00015000
2026-05-15T18:32:10+00:00,LWLG,OPT,20260618,C,15.0,TRADES,1.85,1.85,1.85,1.85,0.0,0,1.85,863931261,LWLG  260618C00015000
2026-05-15T18:32:20+00:00,LWLG,OPT,20260618,C,15.0,TRADES,1.85,1.85,1.85,1.85,0.0,0,1.85,863931261,LWLG  260618C00015000
2026-05-15T18:32:30+00:00,LWLG,OPT,20260618,C,15.0,TRADES,1.8,1.8,1.8,1.8,30.0,1,1.8,863931261,LWLG  260618C00015000
2026-05-15T18:32:40+00:00,LWLG,OPT,20260618,C,15.0,TRADES,1.8,1.8,1.8,1.8,0.0,0,1.8,863931261,LWLG  260618C00015000
2026-05-15T18:32:50+00:00,LWLG,OPT,20260618,C,15.0,TRADES,1.8,1.8,1.8,1.8,0.0,0,1.8,863931261,LWLG  260618C00015000
2026-05-15T18:33:00+00:00,LWLG,OPT,20260618,C,15.0,TRADES,1.85,1.85,1.8,1.85,1.0,1,1.85,863931261,LWLG  260618C00015000
2026-05-15T18:33:10+00:00,LWLG,OPT,20260618,C,15.0,TRADES,1.85,1.85,1.8,1.85,0.0,0,1.85,863931261,LWLG  260618C00015000
2026-05-15T18:33:20+00:00,LWLG,OPT,20260618,C,15.0,TRADES,1.85,1.85,1.8,1.85,0.0,0,1.85,863931261,LWLG  260618C00015000
2026-05-15T18:33:30+00:00,LWLG,OPT,20260618,C,15.0,TRADES,1.85,1.85,1.8,1.85,0.0,0,1.85,863931261,LWLG  260618C00015000
2026-05-15T18:33:40+00:00,LWLG,OPT,20260618,C,15.0,TRADES,1.85,1.85,1.8,1.85,0.0,0,1.85,863931261,LWLG  260618C00015000
2026-05-15T18:33:50+00:00,LWLG,OPT,20260618,C,15.0,TRADES,1.85,1.85,1.8,1.85,0.0,0,1.85,863931261,LWLG  260618C00015000
2026-05-15T18:34:00+00:00,LWLG,OPT,20260618,C,15.0,TRADES,1.85,1.85,1.8,1.85,0.0,0,1.85,863931261,LWLG  260618C00015000
2026-05-15T18:34:10+00:00,LWLG,OPT,20260618,C,15.0,TRADES,1.85,1.85,1.8,1.85,0.0,0,1.85,863931261,LWLG  260618C00015000
2026-05-15T18:34:20+00:00,LWLG,OPT,20260618,C,15.0,TRADES,1.85,1.85,1.8,1.85,0.0,0,1.85,863931261,LWLG  260618C00015000
2026-05-15T18:34:30+00:00,LWLG,OPT,20260618,C,15.0,TRADES,1.85,1.85,1.8,1.85,0.0,0,1.85,863931261,LWLG  260618C00015000
2026-05-15T18:34:40+00:00,LWLG,OPT,20260618,C,15.0,TRADES,1.85,1.85,1.8,1.85,0.0,0,1.85,863931261,LWLG  260618C00015000
2026-05-15T18:34:50+00:00,LWLG,OPT,20260618,C,15.0,TRADES,1.85,1.85,1.8,1.85,0.0,0,1.85,863931261,LWLG  260618C00015000
2026-05-15T18:35:00+00:00,LWLG,OPT,20260618,C,15.0,TRADES,1.85,1.85,1.8,1.85,0.0,0,1.85,863931261,LWLG  260618C00015000
2026-05-15T18:35:10+00:00,LWLG,OPT,20260618,C,15.0,TRADES,1.85,1.85,1.8,1.85,0.0,0,1.85,863931261,LWLG  260618C00015000
2026-05-15T18:35:20+00:00,LWLG,OPT,20260618,C,15.0,TRADES,1.85,1.85,1.8,1.85,0.0,0,1.85,863931261,LWLG  260618C00015000
2026-05-15T18:35:30+00:00,LWLG,OPT,20260618,C,15.0,TRADES,1.85,1.85,1.8,1.85,0.0,0,1.85,863931261,LWLG  260618C00015000
2026-05-15T18:35:40+00:00,LWLG,OPT,20260618,C,15.0,TRADES,1.85,1.85,1.8,1.85,0.0,0,1.85,863931261,LWLG  260618C00015000
2026-05-15T18:35:50+00:00,LWLG,OPT,20260618,C,15.0,TRADES,1.85,1.85,1.8,1.85,0.0,0,1.85,863931261,LWLG  260618C00015000
2026-05-15T18:36:00+00:00,LWLG,OPT,20260618,C,15.0,TRADES,1.85,1.85,1.8,1.85,0.0,0,1.85,863931261,LWLG  260618C00015000
2026-05-15T18:36:10+00:00,LWLG,OPT,20260618,C,15.0,TRADES,1.85,1.85,1.8,1.85,0.0,0,1.85,863931261,LWLG  260618C00015000
2026-05-15T18:36:20+00:00,LWLG,OPT,20260618,C,15.0,TRADES,1.85,1.85,1.8,1.85,0.0,0,1.85,863931261,LWLG  260618C00015000
2026-05-15T18:36:30+00:00,LWLG,OPT,20260618,C,15.0,TRADES,1.85,1.85,1.8,1.85,0.0,0,1.85,863931261,LWLG  260618C00015000
2026-05-15T18:36:40+00:00,LWLG,OPT,20260618,C,15.0,TRADES,1.85,1.85,1.8,1.85,0.0,0,1.85,863931261,LWLG  260618C00015000
2026-05-15T18:36:50+00:00,LWLG,OPT,20260618,C,15.0,TRADES,1.85,1.85,1.8,1.85,0.0,0,1.85,863931261,LWLG  260618C00015000
2026-05-15T18:37:00+00:00,LWLG,OPT,20260618,C,15.0,TRADES,1.85,1.85,1.8,1.85,0.0,0,1.85,863931261,LWLG  260618C00015000
2026-05-15T18:37:10+00:00,LWLG,OPT,20260618,C,15.0,TRADES,1.85,1.85,1.8,1.85,0.0,0,1.85,863931261,LWLG  260618C00015000
2026-05-15T18:37:20+00:00,LWLG,OPT,20260618,C,15.0,TRADES,1.85,1.85,1.8,1.85,0.0,0,1.85,863931261,LWLG  260618C00015000
2026-05-15T18:37:30+00:00,LWLG,OPT,20260618,C,15.0,TRADES,1.85,1.85,1.8,1.85,0.0,0,1.85,863931261,LWLG  260618C00015000
2026-05-15T18:37:40+00:00,LWLG,OPT,20260618,C,15.0,TRADES,1.85,1.85,1.8,1.85,0.0,0,1.85,863931261,LWLG  260618C00015000
2026-05-15T18:37:50+00:00,LWLG,OPT,20260618,C,15.0,TRADES,1.85,1.85,1.8,1.85,0.0,0,1.85,863931261,LWLG  260618C00015000
2026-05-15T18:38:00+00:00,LWLG,OPT,20260618,C,15.0,TRADES,1.85,1.85,1.8,1.85,0.0,0,1.85,863931261,LWLG  260618C00015000
2026-05-15T18:38:10+00:00,LWLG,OPT,20260618,C,15.0,TRADES,1.85,1.85,1.8,1.85,0.0,0,1.85,863931261,LWLG  260618C00015000
2026-05-15T18:38:20+00:00,LWLG,OPT,20260618,C,15.0,TRADES,1.85,1.85,1.8,1.85,0.0,0,1.85,863931261,LWLG  260618C00015000
2026-05-15T18:38:30+00:00,LWLG,OPT,20260618,C,15.0,TRADES,1.85,1.85,1.8,1.85,0.0,0,1.85,863931261,LWLG  260618C00015000
2026-05-15T18:38:40+00:00,LWLG,OPT,20260618,C,15.0,TRADES,1.85,1.85,1.8,1.85,0.0,0,1.85,863931261,LWLG  260618C00015000
2026-05-15T18:38:50+00:00,LWLG,OPT,20260618,C,15.0,TRADES,1.85,1.85,1.8,1.85,0.0,0,1.85,863931261,LWLG  260618C00015000
2026-05-15T18:39:00+00:00,LWLG,OPT,20260618,C,15.0,TRADES,1.85,1.85,1.8,1.85,0.0,0,1.85,863931261,LWLG  260618C00015000
2026-05-15T18:39:10+00:00,LWLG,OPT,20260618,C,15.0,TRADES,1.85,1.85,1.8,1.85,0.0,0,1.85,863931261,LWLG  260618C00015000
2026-05-15T18:39:20+00:00,LWLG,OPT,20260618,C,15.0,TRADES,1.85,1.85,1.8,1.85,0.0,0,1.85,863931261,LWLG  260618C00015000
2026-05-15T18:39:30+00:00,LWLG,OPT,20260618,C,15.0,TRADES,1.85,1.85,1.8,1.85,0.0,0,1.85,863931261,LWLG  260618C00015000
2026-05-15T18:39:40+00:00,LWLG,OPT,20260618,C,15.0,TRADES,1.85,1.85,1.8,1.85,0.0,0,1.85,863931261,LWLG  260618C00015000
2026-05-15T18:39:50+00:00,LWLG,OPT,20260618,C,15.0,TRADES,1.85,1.85,1.8,1.85,0.0,0,1.85,863931261,LWLG  260618C00015000
2026-05-15T18:40:00+00:00,LWLG,OPT,20260618,C,15.0,TRADES,1.85,1.85,1.8,1.85,0.0,0,1.85,863931261,LWLG  260618C00015000
2026-05-15T18:40:10+00:00,LWLG,OPT,20260618,C,15.0,TRADES,1.85,1.85,1.8,1.85,0.0,0,1.85,863931261,LWLG  260618C00015000
2026-05-15T18:40:20+00:00,LWLG,OPT,20260618,C,15.0,TRADES,1.85,1.85,1.8,1.85,0.0,0,1.85,863931261,LWLG  260618C00015000
2026-05-15T18:40:30+00:00,LWLG,OPT,20260618,C,15.0,TRADES,1.85,1.85,1.8,1.85,0.0,0,1.85,863931261,LWLG  260618C00015000
2026-05-15T18:40:40+00:00,LWLG,OPT,20260618,C,15.0,TRADES,1.85,1.85,1.8,1.85,0.0,0,1.85,863931261,LWLG  260618C00015000
2026-05-15T18:40:50+00:00,LWLG,OPT,20260618,C,15.0,TRADES,1.85,1.85,1.8,1.85,0.0,0,1.85,863931261,LWLG  260618C00015000
2026-05-15T18:41:00+00:00,LWLG,OPT,20260618,C,15.0,TRADES,1.85,1.85,1.8,1.85,0.0,0,1.85,863931261,LWLG  260618C00015000
2026-05-15T18:41:10+00:00,LWLG,OPT,20260618,C,15.0,TRADES,1.85,1.85,1.8,1.85,0.0,0,1.85,863931261,LWLG  260618C00015000
2026-05-15T18:41:20+00:00,LWLG,OPT,20260618,C,15.0,TRADES,1.85,1.85,1.8,1.85,0.0,0,1.85,863931261,LWLG  260618C00015000
2026-05-15T18:41:30+00:00,LWLG,OPT,20260618,C,15.0,TRADES,1.85,1.85,1.8,1.85,0.0,0,1.85,863931261,LWLG  260618C00015000
2026-05-15T18:41:40+00:00,LWLG,OPT,20260618,C,15.0,TRADES,1.85,1.85,1.8,1.85,0.0,0,1.85,863931261,LWLG  260618C00015000
2026-05-15T18:41:50+00:00,LWLG,OPT,20260618,C,15.0,TRADES,1.85,1.85,1.8,1.85,0.0,0,1.85,863931261,LWLG  260618C00015000
2026-05-15T18:42:00+00:00,LWLG,OPT,20260618,C,15.0,TRADES,1.85,1.85,1.8,1.85,0.0,0,1.85,863931261,LWLG  260618C00015000
2026-05-15T18:42:10+00:00,LWLG,OPT,20260618,C,15.0,TRADES,1.85,1.85,1.8,1.85,0.0,0,1.85,863931261,LWLG  260618C00015000
2026-05-15T18:42:20+00:00,LWLG,OPT,20260618,C,15.0,TRADES,1.85,1.85,1.8,1.85,0.0,0,1.85,863931261,LWLG  260618C00015000
2026-05-15T18:42:30+00:00,LWLG,OPT,20260618,C,15.0,TRADES,1.85,1.85,1.8,1.85,0.0,0,1.85,863931261,LWLG  260618C00015000
2026-05-15T18:42:40+00:00,LWLG,OPT,20260618,C,15.0,TRADES,1.85,1.85,1.8,1.85,0.0,0,1.85,863931261,LWLG  260618C00015000
2026-05-15T18:42:50+00:00,LWLG,OPT,20260618,C,15.0,TRADES,1.85,1.85,1.8,1.85,0.0,0,1.85,863931261,LWLG  260618C00015000
2026-05-15T18:43:00+00:00,LWLG,OPT,20260618,C,15.0,TRADES,1.85,1.85,1.8,1.85,0.0,0,1.85,863931261,LWLG  260618C00015000
2026-05-15T18:43:10+00:00,LWLG,OPT,20260618,C,15.0,TRADES,1.85,1.85,1.8,1.85,0.0,0,1.85,863931261,LWLG  260618C00015000
2026-05-15T18:43:20+00:00,LWLG,OPT,20260618,C,15.0,TRADES,1.85,1.85,1.8,1.85,0.0,0,1.85,863931261,LWLG  260618C00015000
2026-05-15T18:43:30+00:00,LWLG,OPT,20260618,C,15.0,TRADES,1.85,1.85,1.8,1.85,0.0,0,1.85,863931261,LWLG  260618C00015000
2026-05-15T18:43:40+00:00,LWLG,OPT,20260618,C,15.0,TRADES,1.85,1.85,1.8,1.85,0.0,0,1.85,863931261,LWLG  260618C00015000
2026-05-15T18:43:50+00:00,LWLG,OPT,20260618,C,15.0,TRADES,1.85,1.85,1.8,1.85,0.0,0,1.85,863931261,LWLG  260618C00015000
2026-05-15T18:44:00+00:00,LWLG,OPT,20260618,C,15.0,TRADES,1.85,1.85,1.8,1.85,0.0,0,1.85,863931261,LWLG  260618C00015000
2026-05-15T18:44:10+00:00,LWLG,OPT,20260618,C,15.0,TRADES,1.85,1.85,1.8,1.85,0.0,0,1.85,863931261,LWLG  260618C00015000
2026-05-15T18:44:20+00:00,LWLG,OPT,20260618,C,15.0,TRADES,1.85,1.85,1.8,1.85,0.0,0,1.85,863931261,LWLG  260618C00015000
2026-05-15T18:44:30+00:00,LWLG,OPT,20260618,C,15.0,TRADES,1.85,1.85,1.8,1.85,0.0,0,1.85,863931261,LWLG  260618C00015000
2026-05-15T18:44:40+00:00,LWLG,OPT,20260618,C,15.0,TRADES,1.85,1.85,1.8,1.85,0.0,0,1.85,863931261,LWLG  260618C00015000
2026-05-15T18:44:50+00:00,LWLG,OPT,20260618,C,15.0,TRADES,1.85,1.85,1.8,1.85,0.0,0,1.85,863931261,LWLG  260618C00015000
2026-05-15T18:45:00+00:00,LWLG,OPT,20260618,C,15.0,TRADES,1.85,1.85,1.8,1.85,0.0,0,1.85,863931261,LWLG  260618C00015000
2026-05-15T18:45:10+00:00,LWLG,OPT,20260618,C,15.0,TRADES,1.85,1.85,1.8,1.85,0.0,0,1.85,863931261,LWLG  260618C00015000
2026-05-15T18:45:20+00:00,LWLG,OPT,20260618,C,15.0,TRADES,1.85,1.85,1.8,1.85,0.0,0,1.85,863931261,LWLG  260618C00015000
2026-05-15T18:45:30+00:00,LWLG,OPT,20260618,C,15.0,TRADES,1.85,1.85,1.8,1.85,0.0,0,1.85,863931261,LWLG  260618C00015000
2026-05-15T18:45:40+00:00,LWLG,OPT,20260618,C,15.0,TRADES,1.85,1.85,1.8,1.85,0.0,0,1.85,863931261,LWLG  260618C00015000
2026-05-15T18:45:50+00:00,LWLG,OPT,20260618,C,15.0,TRADES,1.85,1.85,1.8,1.85,0.0,0,1.85,863931261,LWLG  260618C00015000
2026-05-15T18:46:00+00:00,LWLG,OPT,20260618,C,15.0,TRADES,1.85,1.85,1.8,1.85,0.0,0,1.85,863931261,LWLG  260618C00015000
2026-05-15T18:46:10+00:00,LWLG,OPT,20260618,C,15.0,TRADES,1.85,1.85,1.8,1.85,0.0,0,1.85,863931261,LWLG  260618C00015000
2026-05-15T18:46:20+00:00,LWLG,OPT,20260618,C,15.0,TRADES,1.85,1.85,1.8,1.85,0.0,0,1.85,863931261,LWLG  260618C00015000
2026-05-15T18:46:30+00:00,LWLG,OPT,20260618,C,15.0,TRADES,1.85,1.85,1.8,1.85,0.0,0,1.85,863931261,LWLG  260618C00015000
2026-05-15T18:46:40+00:00,LWLG,OPT,20260618,C,15.0,TRADES,1.85,1.85,1.8,1.85,0.0,0,1.85,863931261,LWLG  260618C00015000
2026-05-15T18:46:50+00:00,LWLG,OPT,20260618,C,15.0,TRADES,1.85,1.85,1.8,1.85,0.0,0,1.85,863931261,LWLG  260618C00015000
2026-05-15T18:47:00+00:00,LWLG,OPT,20260618,C,15.0,TRADES,1.85,1.85,1.8,1.85,0.0,0,1.85,863931261,LWLG  260618C00015000
2026-05-15T18:47:10+00:00,LWLG,OPT,20260618,C,15.0,TRADES,1.85,1.85,1.8,1.85,0.0,0,1.85,863931261,LWLG  260618C00015000
2026-05-15T18:47:20+00:00,LWLG,OPT,20260618,C,15.0,TRADES,1.85,1.85,1.8,1.85,0.0,0,1.85,863931261,LWLG  260618C00015000
2026-05-15T18:47:30+00:00,LWLG,OPT,20260618,C,15.0,TRADES,1.85,1.85,1.8,1.85,0.0,0,1.85,863931261,LWLG  260618C00015000
2026-05-15T18:47:40+00:00,LWLG,OPT,20260618,C,15.0,TRADES,1.85,1.85,1.8,1.85,0.0,0,1.85,863931261,LWLG  260618C00015000
2026-05-15T18:47:50+00:00,LWLG,OPT,20260618,C,15.0,TRADES,1.85,1.85,1.8,1.85,0.0,0,1.85,863931261,LWLG  260618C00015000
2026-05-15T18:48:00+00:00,LWLG,OPT,20260618,C,15.0,TRADES,1.85,1.85,1.8,1.85,0.0,0,1.85,863931261,LWLG  260618C00015000
2026-05-15T18:48:10+00:00,LWLG,OPT,20260618,C,15.0,TRADES,1.95,1.95,1.8,1.85,10.0,2,1.85,863931261,LWLG  260618C00015000
2026-05-15T18:48:20+00:00,LWLG,OPT,20260618,C,15.0,TRADES,1.85,1.85,1.8,1.85,0.0,0,1.85,863931261,LWLG  260618C00015000
2026-05-15T18:48:30+00:00,LWLG,OPT,20260618,C,15.0,TRADES,1.85,1.85,1.8,1.85,0.0,0,1.85,863931261,LWLG  260618C00015000
2026-05-15T18:48:40+00:00,LWLG,OPT,20260618,C,15.0,TRADES,1.85,1.85,1.8,1.85,0.0,0,1.85,863931261,LWLG  260618C00015000
2026-05-15T18:48:50+00:00,LWLG,OPT,20260618,C,15.0,TRADES,1.85,1.85,1.8,1.85,0.0,0,1.85,863931261,LWLG  260618C00015000
2026-05-15T18:49:00+00:00,LWLG,OPT,20260618,C,15.0,TRADES,1.85,1.85,1.8,1.85,0.0,0,1.85,863931261,LWLG  260618C00015000
2026-05-15T18:49:10+00:00,LWLG,OPT,20260618,C,15.0,TRADES,1.85,1.85,1.8,1.85,0.0,0,1.85,863931261,LWLG  260618C00015000
2026-05-15T18:49:20+00:00,LWLG,OPT,20260618,C,15.0,TRADES,1.85,1.85,1.8,1.85,0.0,0,1.85,863931261,LWLG  260618C00015000
2026-05-15T18:49:30+00:00,LWLG,OPT,20260618,C,15.0,TRADES,1.85,1.85,1.8,1.85,0.0,0,1.85,863931261,LWLG  260618C00015000
2026-05-15T18:49:40+00:00,LWLG,OPT,20260618,C,15.0,TRADES,1.85,1.85,1.8,1.85,0.0,0,1.85,863931261,LWLG  260618C00015000
2026-05-15T18:49:50+00:00,LWLG,OPT,20260618,C,15.0,TRADES,1.85,1.85,1.8,1.85,0.0,0,1.85,863931261,LWLG  260618C00015000
2026-05-15T18:50:00+00:00,LWLG,OPT,20260618,C,15.0,TRADES,1.85,1.85,1.8,1.85,0.0,0,1.85,863931261,LWLG  260618C00015000
2026-05-15T18:50:10+00:00,LWLG,OPT,20260618,C,15.0,TRADES,1.85,1.85,1.8,1.85,0.0,0,1.85,863931261,LWLG  260618C00015000
2026-05-15T18:50:20+00:00,LWLG,OPT,20260618,C,15.0,TRADES,1.85,1.85,1.8,1.85,0.0,0,1.85,863931261,LWLG  260618C00015000
2026-05-15T18:50:30+00:00,LWLG,OPT,20260618,C,15.0,TRADES,1.85,1.85,1.8,1.85,0.0,0,1.85,863931261,LWLG  260618C00015000
2026-05-15T18:50:40+00:00,LWLG,OPT,20260618,C,15.0,TRADES,1.85,1.85,1.8,1.85,0.0,0,1.85,863931261,LWLG  260618C00015000
2026-05-15T18:50:50+00:00,LWLG,OPT,20260618,C,15.0,TRADES,1.85,1.85,1.8,1.85,0.0,0,1.85,863931261,LWLG  260618C00015000
2026-05-15T18:51:00+00:00,LWLG,OPT,20260618,C,15.0,TRADES,1.85,1.85,1.8,1.85,0.0,0,1.85,863931261,LWLG  260618C00015000
2026-05-15T18:51:10+00:00,LWLG,OPT,20260618,C,15.0,TRADES,1.85,1.85,1.8,1.85,0.0,0,1.85,863931261,LWLG  260618C00015000
2026-05-15T18:51:20+00:00,LWLG,OPT,20260618,C,15.0,TRADES,1.85,1.85,1.8,1.85,0.0,0,1.85,863931261,LWLG  260618C00015000
2026-05-15T18:51:30+00:00,LWLG,OPT,20260618,C,15.0,TRADES,1.85,1.85,1.8,1.85,0.0,0,1.85,863931261,LWLG  260618C00015000
2026-05-15T18:51:40+00:00,LWLG,OPT,20260618,C,15.0,TRADES,1.85,1.85,1.8,1.85,0.0,0,1.85,863931261,LWLG  260618C00015000
2026-05-15T18:51:50+00:00,LWLG,OPT,20260618,C,15.0,TRADES,1.85,1.85,1.8,1.85,0.0,0,1.85,863931261,LWLG  260618C00015000
2026-05-15T18:52:00+00:00,LWLG,OPT,20260618,C,15.0,TRADES,1.85,1.85,1.8,1.85,0.0,0,1.85,863931261,LWLG  260618C00015000
2026-05-15T18:52:10+00:00,LWLG,OPT,20260618,C,15.0,TRADES,1.85,1.85,1.8,1.85,0.0,0,1.85,863931261,LWLG  260618C00015000
2026-05-15T18:52:20+00:00,LWLG,OPT,20260618,C,15.0,TRADES,1.85,1.85,1.8,1.85,0.0,0,1.85,863931261,LWLG  260618C00015000
2026-05-15T18:52:30+00:00,LWLG,OPT,20260618,C,15.0,TRADES,1.85,1.85,1.8,1.85,0.0,0,1.85,863931261,LWLG  260618C00015000
2026-05-15T18:52:40+00:00,LWLG,OPT,20260618,C,15.0,TRADES,1.85,1.85,1.8,1.85,0.0,0,1.85,863931261,LWLG  260618C00015000
2026-05-15T18:52:50+00:00,LWLG,OPT,20260618,C,15.0,TRADES,1.85,1.85,1.8,1.85,0.0,0,1.85,863931261,LWLG  260618C00015000
2026-05-15T18:53:00+00:00,LWLG,OPT,20260618,C,15.0,TRADES,1.85,1.85,1.8,1.85,0.0,0,1.85,863931261,LWLG  260618C00015000
2026-05-15T18:53:10+00:00,LWLG,OPT,20260618,C,15.0,TRADES,1.85,1.85,1.8,1.85,0.0,0,1.85,863931261,LWLG  260618C00015000
2026-05-15T18:53:20+00:00,LWLG,OPT,20260618,C,15.0,TRADES,1.85,1.85,1.8,1.85,0.0,0,1.85,863931261,LWLG  260618C00015000
2026-05-15T18:53:30+00:00,LWLG,OPT,20260618,C,15.0,TRADES,1.85,1.85,1.8,1.85,0.0,0,1.85,863931261,LWLG  260618C00015000
2026-05-15T18:53:40+00:00,LWLG,OPT,20260618,C,15.0,TRADES,1.85,1.85,1.8,1.85,0.0,0,1.85,863931261,LWLG  260618C00015000
2026-05-15T18:53:50+00:00,LWLG,OPT,20260618,C,15.0,TRADES,1.85,1.85,1.8,1.85,0.0,0,1.85,863931261,LWLG  260618C00015000
2026-05-15T18:54:00+00:00,LWLG,OPT,20260618,C,15.0,TRADES,1.85,1.85,1.8,1.85,0.0,0,1.85,863931261,LWLG  260618C00015000
2026-05-15T18:54:10+00:00,LWLG,OPT,20260618,C,15.0,TRADES,1.85,1.85,1.8,1.85,0.0,0,1.85,863931261,LWLG  260618C00015000
2026-05-15T18:54:20+00:00,LWLG,OPT,20260618,C,15.0,TRADES,1.85,1.85,1.8,1.85,0.0,0,1.85,863931261,LWLG  260618C00015000
2026-05-15T18:54:30+00:00,LWLG,OPT,20260618,C,15.0,TRADES,1.85,1.85,1.8,1.85,0.0,0,1.85,863931261,LWLG  260618C00015000
2026-05-15T18:54:40+00:00,LWLG,OPT,20260618,C,15.0,TRADES,1.85,1.85,1.8,1.85,0.0,0,1.85,863931261,LWLG  260618C00015000
2026-05-15T18:54:50+00:00,LWLG,OPT,20260618,C,15.0,TRADES,1.85,1.85,1.8,1.85,0.0,0,1.85,863931261,LWLG  260618C00015000
2026-05-15T18:55:00+00:00,LWLG,OPT,20260618,C,15.0,TRADES,1.85,1.85,1.8,1.85,0.0,0,1.85,863931261,LWLG  260618C00015000
2026-05-15T18:55:10+00:00,LWLG,OPT,20260618,C,15.0,TRADES,1.85,1.85,1.8,1.85,0.0,0,1.85,863931261,LWLG  260618C00015000
2026-05-15T18:55:20+00:00,LWLG,OPT,20260618,C,15.0,TRADES,1.85,1.85,1.8,1.85,0.0,0,1.85,863931261,LWLG  260618C00015000
2026-05-15T18:55:30+00:00,LWLG,OPT,20260618,C,15.0,TRADES,1.85,1.85,1.8,1.85,0.0,0,1.85,863931261,LWLG  260618C00015000
2026-05-15T18:55:40+00:00,LWLG,OPT,20260618,C,15.0,TRADES,1.85,1.85,1.8,1.85,0.0,0,1.85,863931261,LWLG  260618C00015000
2026-05-15T18:55:50+00:00,LWLG,OPT,20260618,C,15.0,TRADES,1.85,1.85,1.8,1.85,0.0,0,1.85,863931261,LWLG  260618C00015000
2026-05-15T18:56:00+00:00,LWLG,OPT,20260618,C,15.0,TRADES,1.85,1.85,1.8,1.85,0.0,0,1.85,863931261,LWLG  260618C00015000
2026-05-15T18:56:10+00:00,LWLG,OPT,20260618,C,15.0,TRADES,1.85,1.85,1.8,1.85,0.0,0,1.85,863931261,LWLG  260618C00015000
2026-05-15T18:56:20+00:00,LWLG,OPT,20260618,C,15.0,TRADES,1.85,1.85,1.8,1.85,0.0,0,1.85,863931261,LWLG  260618C00015000
2026-05-15T18:56:30+00:00,LWLG,OPT,20260618,C,15.0,TRADES,1.85,1.85,1.8,1.85,0.0,0,1.85,863931261,LWLG  260618C00015000
2026-05-15T18:56:40+00:00,LWLG,OPT,20260618,C,15.0,TRADES,1.85,1.85,1.8,1.85,0.0,0,1.85,863931261,LWLG  260618C00015000
2026-05-15T18:56:50+00:00,LWLG,OPT,20260618,C,15.0,TRADES,1.85,1.85,1.8,1.85,0.0,0,1.85,863931261,LWLG  260618C00015000
2026-05-15T18:57:00+00:00,LWLG,OPT,20260618,C,15.0,TRADES,1.85,1.85,1.8,1.85,0.0,0,1.85,863931261,LWLG  260618C00015000
2026-05-15T18:57:10+00:00,LWLG,OPT,20260618,C,15.0,TRADES,1.85,1.85,1.8,1.85,0.0,0,1.85,863931261,LWLG  260618C00015000
2026-05-15T18:57:20+00:00,LWLG,OPT,20260618,C,15.0,TRADES,1.85,1.85,1.8,1.85,0.0,0,1.85,863931261,LWLG  260618C00015000
2026-05-15T18:57:30+00:00,LWLG,OPT,20260618,C,15.0,TRADES,1.85,1.85,1.8,1.85,0.0,0,1.85,863931261,LWLG  260618C00015000
2026-05-15T18:57:40+00:00,LWLG,OPT,20260618,C,15.0,TRADES,1.85,1.85,1.8,1.85,0.0,0,1.85,863931261,LWLG  260618C00015000
2026-05-15T18:57:50+00:00,LWLG,OPT,20260618,C,15.0,TRADES,1.9,1.95,1.9,1.9,1.0,1,1.9,863931261,LWLG  260618C00015000
2026-05-15T18:58:00+00:00,LWLG,OPT,20260618,C,15.0,TRADES,1.9,1.95,1.9,1.9,0.0,0,1.9,863931261,LWLG  260618C00015000
2026-05-15T18:58:10+00:00,LWLG,OPT,20260618,C,15.0,TRADES,1.9,1.95,1.9,1.9,0.0,0,1.9,863931261,LWLG  260618C00015000
2026-05-15T18:58:20+00:00,LWLG,OPT,20260618,C,15.0,TRADES,1.9,1.95,1.9,1.9,0.0,0,1.9,863931261,LWLG  260618C00015000
2026-05-15T18:58:30+00:00,LWLG,OPT,20260618,C,15.0,TRADES,1.9,1.95,1.9,1.9,0.0,0,1.9,863931261,LWLG  260618C00015000
2026-05-15T18:58:40+00:00,LWLG,OPT,20260618,C,15.0,TRADES,1.9,1.95,1.9,1.9,0.0,0,1.9,863931261,LWLG  260618C00015000
2026-05-15T18:58:50+00:00,LWLG,OPT,20260618,C,15.0,TRADES,1.9,1.95,1.9,1.9,0.0,0,1.9,863931261,LWLG  260618C00015000
2026-05-15T18:59:00+00:00,LWLG,OPT,20260618,C,15.0,TRADES,1.9,1.95,1.9,1.9,0.0,0,1.9,863931261,LWLG  260618C00015000
2026-05-15T18:59:10+00:00,LWLG,OPT,20260618,C,15.0,TRADES,1.9,1.95,1.9,1.9,0.0,0,1.9,863931261,LWLG  260618C00015000
2026-05-15T18:59:20+00:00,LWLG,OPT,20260618,C,15.0,TRADES,1.9,1.95,1.9,1.9,0.0,0,1.9,863931261,LWLG  260618C00015000
2026-05-15T18:59:30+00:00,LWLG,OPT,20260618,C,15.0,TRADES,1.9,1.95,1.9,1.9,0.0,0,1.9,863931261,LWLG  260618C00015000
2026-05-15T18:59:40+00:00,LWLG,OPT,20260618,C,15.0,TRADES,1.9,1.95,1.9,1.9,0.0,0,1.9,863931261,LWLG  260618C00015000
2026-05-15T18:59:50+00:00,LWLG,OPT,20260618,C,15.0,TRADES,1.9,1.95,1.9,1.9,0.0,0,1.9,863931261,LWLG  260618C00015000
2026-05-15T19:00:00+00:00,LWLG,OPT,20260618,C,15.0,TRADES,1.9,1.95,1.9,1.9,0.0,0,1.9,863931261,LWLG  260618C00015000
2026-05-15T19:00:10+00:00,LWLG,OPT,20260618,C,15.0,TRADES,1.9,1.95,1.9,1.9,0.0,0,1.9,863931261,LWLG  260618C00015000
2026-05-15T19:00:20+00:00,LWLG,OPT,20260618,C,15.0,TRADES,1.9,1.95,1.9,1.9,0.0,0,1.9,863931261,LWLG  260618C00015000
2026-05-15T19:00:30+00:00,LWLG,OPT,20260618,C,15.0,TRADES,1.9,1.95,1.9,1.9,0.0,0,1.9,863931261,LWLG  260618C00015000
2026-05-15T19:00:40+00:00,LWLG,OPT,20260618,C,15.0,TRADES,1.9,1.95,1.9,1.9,0.0,0,1.9,863931261,LWLG  260618C00015000
2026-05-15T19:00:50+00:00,LWLG,OPT,20260618,C,15.0,TRADES,1.9,1.95,1.9,1.9,0.0,0,1.9,863931261,LWLG  260618C00015000
2026-05-15T19:01:00+00:00,LWLG,OPT,20260618,C,15.0,TRADES,1.9,1.95,1.9,1.9,0.0,0,1.9,863931261,LWLG  260618C00015000
2026-05-15T19:01:10+00:00,LWLG,OPT,20260618,C,15.0,TRADES,1.9,1.95,1.9,1.9,0.0,0,1.9,863931261,LWLG  260618C00015000
2026-05-15T19:01:20+00:00,LWLG,OPT,20260618,C,15.0,TRADES,1.9,1.95,1.9,1.9,0.0,0,1.9,863931261,LWLG  260618C00015000
2026-05-15T19:01:30+00:00,LWLG,OPT,20260618,C,15.0,TRADES,1.9,1.9,1.9,1.9,2.0,1,1.9,863931261,LWLG  260618C00015000
2026-05-15T19:01:40+00:00,LWLG,OPT,20260618,C,15.0,TRADES,1.9,1.9,1.9,1.9,0.0,0,1.9,863931261,LWLG  260618C00015000
2026-05-15T19:01:50+00:00,LWLG,OPT,20260618,C,15.0,TRADES,1.9,1.9,1.9,1.9,0.0,0,1.9,863931261,LWLG  260618C00015000
2026-05-15T19:02:00+00:00,LWLG,OPT,20260618,C,15.0,TRADES,1.9,1.9,1.9,1.9,0.0,0,1.9,863931261,LWLG  260618C00015000
2026-05-15T19:02:10+00:00,LWLG,OPT,20260618,C,15.0,TRADES,1.9,1.9,1.9,1.9,0.0,0,1.9,863931261,LWLG  260618C00015000
2026-05-15T19:02:20+00:00,LWLG,OPT,20260618,C,15.0,TRADES,1.9,1.9,1.9,1.9,1.0,1,1.9,863931261,LWLG  260618C00015000
2026-05-15T19:02:30+00:00,LWLG,OPT,20260618,C,15.0,TRADES,1.9,1.9,1.9,1.9,0.0,0,1.9,863931261,LWLG  260618C00015000
2026-05-15T19:02:40+00:00,LWLG,OPT,20260618,C,15.0,TRADES,1.9,1.9,1.9,1.9,0.0,0,1.9,863931261,LWLG  260618C00015000
2026-05-15T19:02:50+00:00,LWLG,OPT,20260618,C,15.0,TRADES,1.9,1.9,1.9,1.9,0.0,0,1.9,863931261,LWLG  260618C00015000
2026-05-15T19:03:00+00:00,LWLG,OPT,20260618,C,15.0,TRADES,1.9,1.9,1.9,1.9,0.0,0,1.9,863931261,LWLG  260618C00015000
2026-05-15T19:03:10+00:00,LWLG,OPT,20260618,C,15.0,TRADES,1.9,1.9,1.9,1.9,0.0,0,1.9,863931261,LWLG  260618C00015000
2026-05-15T19:03:20+00:00,LWLG,OPT,20260618,C,15.0,TRADES,1.9,1.9,1.9,1.9,0.0,0,1.9,863931261,LWLG  260618C00015000
2026-05-15T19:03:30+00:00,LWLG,OPT,20260618,C,15.0,TRADES,1.9,1.9,1.9,1.9,0.0,0,1.9,863931261,LWLG  260618C00015000
2026-05-15T19:03:40+00:00,LWLG,OPT,20260618,C,15.0,TRADES,1.9,1.9,1.9,1.9,0.0,0,1.9,863931261,LWLG  260618C00015000
2026-05-15T19:03:50+00:00,LWLG,OPT,20260618,C,15.0,TRADES,1.9,1.9,1.9,1.9,0.0,0,1.9,863931261,LWLG  260618C00015000
2026-05-15T19:04:00+00:00,LWLG,OPT,20260618,C,15.0,TRADES,1.9,1.9,1.9,1.9,0.0,0,1.9,863931261,LWLG  260618C00015000
2026-05-15T19:04:10+00:00,LWLG,OPT,20260618,C,15.0,TRADES,1.9,1.9,1.9,1.9,0.0,0,1.9,863931261,LWLG  260618C00015000
2026-05-15T19:04:20+00:00,LWLG,OPT,20260618,C,15.0,TRADES,1.9,1.9,1.9,1.9,0.0,0,1.9,863931261,LWLG  260618C00015000
2026-05-15T19:04:30+00:00,LWLG,OPT,20260618,C,15.0,TRADES,1.9,1.9,1.9,1.9,0.0,0,1.9,863931261,LWLG  260618C00015000
2026-05-15T19:04:40+00:00,LWLG,OPT,20260618,C,15.0,TRADES,1.9,1.9,1.9,1.9,0.0,0,1.9,863931261,LWLG  260618C00015000
2026-05-15T19:04:50+00:00,LWLG,OPT,20260618,C,15.0,TRADES,1.9,1.9,1.9,1.9,0.0,0,1.9,863931261,LWLG  260618C00015000
2026-05-15T19:05:00+00:00,LWLG,OPT,20260618,C,15.0,TRADES,1.9,1.9,1.9,1.9,0.0,0,1.9,863931261,LWLG  260618C00015000
2026-05-15T19:05:10+00:00,LWLG,OPT,20260618,C,15.0,TRADES,1.9,1.9,1.9,1.9,0.0,0,1.9,863931261,LWLG  260618C00015000
2026-05-15T19:05:20+00:00,LWLG,OPT,20260618,C,15.0,TRADES,1.9,1.9,1.9,1.9,0.0,0,1.9,863931261,LWLG  260618C00015000
2026-05-15T19:05:30+00:00,LWLG,OPT,20260618,C,15.0,TRADES,1.9,1.9,1.9,1.9,0.0,0,1.9,863931261,LWLG  260618C00015000
2026-05-15T19:05:40+00:00,LWLG,OPT,20260618,C,15.0,TRADES,1.9,1.9,1.9,1.9,0.0,0,1.9,863931261,LWLG  260618C00015000
2026-05-15T19:05:50+00:00,LWLG,OPT,20260618,C,15.0,TRADES,1.9,1.9,1.9,1.9,0.0,0,1.9,863931261,LWLG  260618C00015000
2026-05-15T19:06:00+00:00,LWLG,OPT,20260618,C,15.0,TRADES,1.9,1.9,1.9,1.9,0.0,0,1.9,863931261,LWLG  260618C00015000
2026-05-15T19:06:10+00:00,LWLG,OPT,20260618,C,15.0,TRADES,1.9,1.9,1.9,1.9,0.0,0,1.9,863931261,LWLG  260618C00015000
2026-05-15T19:06:20+00:00,LWLG,OPT,20260618,C,15.0,TRADES,1.9,1.9,1.9,1.9,0.0,0,1.9,863931261,LWLG  260618C00015000
2026-05-15T19:06:30+00:00,LWLG,OPT,20260618,C,15.0,TRADES,1.9,1.9,1.9,1.9,0.0,0,1.9,863931261,LWLG  260618C00015000
2026-05-15T19:06:40+00:00,LWLG,OPT,20260618,C,15.0,TRADES,1.9,1.9,1.9,1.9,0.0,0,1.9,863931261,LWLG  260618C00015000
2026-05-15T19:06:50+00:00,LWLG,OPT,20260618,C,15.0,TRADES,1.9,1.9,1.9,1.9,0.0,0,1.9,863931261,LWLG  260618C00015000
2026-05-15T19:07:00+00:00,LWLG,OPT,20260618,C,15.0,TRADES,1.9,1.9,1.9,1.9,0.0,0,1.9,863931261,LWLG  260618C00015000
2026-05-15T19:07:10+00:00,LWLG,OPT,20260618,C,15.0,TRADES,1.9,1.9,1.9,1.9,0.0,0,1.9,863931261,LWLG  260618C00015000
2026-05-15T19:07:20+00:00,LWLG,OPT,20260618,C,15.0,TRADES,1.9,1.9,1.9,1.9,0.0,0,1.9,863931261,LWLG  260618C00015000
2026-05-15T19:07:30+00:00,LWLG,OPT,20260618,C,15.0,TRADES,1.9,1.9,1.9,1.9,0.0,0,1.9,863931261,LWLG  260618C00015000
2026-05-15T19:07:40+00:00,LWLG,OPT,20260618,C,15.0,TRADES,1.9,1.9,1.9,1.9,0.0,0,1.9,863931261,LWLG  260618C00015000
2026-05-15T19:07:50+00:00,LWLG,OPT,20260618,C,15.0,TRADES,1.9,1.9,1.9,1.9,0.0,0,1.9,863931261,LWLG  260618C00015000
2026-05-15T19:08:00+00:00,LWLG,OPT,20260618,C,15.0,TRADES,1.9,1.9,1.9,1.9,0.0,0,1.9,863931261,LWLG  260618C00015000
2026-05-15T19:08:10+00:00,LWLG,OPT,20260618,C,15.0,TRADES,1.9,1.9,1.9,1.9,0.0,0,1.9,863931261,LWLG  260618C00015000
2026-05-15T19:08:20+00:00,LWLG,OPT,20260618,C,15.0,TRADES,1.9,1.9,1.9,1.9,0.0,0,1.9,863931261,LWLG  260618C00015000
2026-05-15T19:08:30+00:00,LWLG,OPT,20260618,C,15.0,TRADES,1.9,1.9,1.9,1.9,0.0,0,1.9,863931261,LWLG  260618C00015000
2026-05-15T19:08:40+00:00,LWLG,OPT,20260618,C,15.0,TRADES,1.9,1.9,1.9,1.9,0.0,0,1.9,863931261,LWLG  260618C00015000
2026-05-15T19:08:50+00:00,LWLG,OPT,20260618,C,15.0,TRADES,1.9,1.9,1.9,1.9,0.0,0,1.9,863931261,LWLG  260618C00015000
2026-05-15T19:09:00+00:00,LWLG,OPT,20260618,C,15.0,TRADES,1.9,1.9,1.9,1.9,0.0,0,1.9,863931261,LWLG  260618C00015000
2026-05-15T19:09:10+00:00,LWLG,OPT,20260618,C,15.0,TRADES,1.9,1.9,1.9,1.9,0.0,0,1.9,863931261,LWLG  260618C00015000
2026-05-15T19:09:20+00:00,LWLG,OPT,20260618,C,15.0,TRADES,1.9,1.9,1.9,1.9,0.0,0,1.9,863931261,LWLG  260618C00015000
2026-05-15T19:09:30+00:00,LWLG,OPT,20260618,C,15.0,TRADES,1.9,1.9,1.9,1.9,0.0,0,1.9,863931261,LWLG  260618C00015000
2026-05-15T19:09:40+00:00,LWLG,OPT,20260618,C,15.0,TRADES,1.9,1.9,1.9,1.9,0.0,0,1.9,863931261,LWLG  260618C00015000
2026-05-15T19:09:50+00:00,LWLG,OPT,20260618,C,15.0,TRADES,1.9,1.9,1.9,1.9,0.0,0,1.9,863931261,LWLG  260618C00015000
2026-05-15T19:10:00+00:00,LWLG,OPT,20260618,C,15.0,TRADES,1.9,1.9,1.9,1.9,0.0,0,1.9,863931261,LWLG  260618C00015000
2026-05-15T19:10:10+00:00,LWLG,OPT,20260618,C,15.0,TRADES,1.9,1.9,1.9,1.9,0.0,0,1.9,863931261,LWLG  260618C00015000
2026-05-15T19:10:20+00:00,LWLG,OPT,20260618,C,15.0,TRADES,1.9,1.9,1.9,1.9,0.0,0,1.9,863931261,LWLG  260618C00015000
2026-05-15T19:10:30+00:00,LWLG,OPT,20260618,C,15.0,TRADES,1.9,1.9,1.9,1.9,0.0,0,1.9,863931261,LWLG  260618C00015000
2026-05-15T19:10:40+00:00,LWLG,OPT,20260618,C,15.0,TRADES,1.9,1.9,1.9,1.9,0.0,0,1.9,863931261,LWLG  260618C00015000
2026-05-15T19:10:50+00:00,LWLG,OPT,20260618,C,15.0,TRADES,1.9,1.9,1.9,1.9,0.0,0,1.9,863931261,LWLG  260618C00015000
2026-05-15T19:11:00+00:00,LWLG,OPT,20260618,C,15.0,TRADES,1.9,1.9,1.9,1.9,0.0,0,1.9,863931261,LWLG  260618C00015000
2026-05-15T19:11:10+00:00,LWLG,OPT,20260618,C,15.0,TRADES,1.9,1.9,1.9,1.9,0.0,0,1.9,863931261,LWLG  260618C00015000
2026-05-15T19:11:20+00:00,LWLG,OPT,20260618,C,15.0,TRADES,1.9,1.9,1.9,1.9,0.0,0,1.9,863931261,LWLG  260618C00015000
2026-05-15T19:11:30+00:00,LWLG,OPT,20260618,C,15.0,TRADES,1.9,1.9,1.9,1.9,0.0,0,1.9,863931261,LWLG  260618C00015000
2026-05-15T19:11:40+00:00,LWLG,OPT,20260618,C,15.0,TRADES,1.9,1.9,1.9,1.9,0.0,0,1.9,863931261,LWLG  260618C00015000
2026-05-15T19:11:50+00:00,LWLG,OPT,20260618,C,15.0,TRADES,1.9,1.9,1.9,1.9,0.0,0,1.9,863931261,LWLG  260618C00015000
2026-05-15T19:12:00+00:00,LWLG,OPT,20260618,C,15.0,TRADES,1.9,1.9,1.9,1.9,0.0,0,1.9,863931261,LWLG  260618C00015000
2026-05-15T19:12:10+00:00,LWLG,OPT,20260618,C,15.0,TRADES,1.9,1.9,1.9,1.9,0.0,0,1.9,863931261,LWLG  260618C00015000
2026-05-15T19:12:20+00:00,LWLG,OPT,20260618,C,15.0,TRADES,1.9,1.9,1.9,1.9,0.0,0,1.9,863931261,LWLG  260618C00015000
2026-05-15T19:12:30+00:00,LWLG,OPT,20260618,C,15.0,TRADES,1.9,1.9,1.9,1.9,0.0,0,1.9,863931261,LWLG  260618C00015000
2026-05-15T19:12:40+00:00,LWLG,OPT,20260618,C,15.0,TRADES,1.9,1.9,1.9,1.9,0.0,0,1.9,863931261,LWLG  260618C00015000
2026-05-15T19:12:50+00:00,LWLG,OPT,20260618,C,15.0,TRADES,1.9,1.9,1.85,1.9,50.0,1,1.89,863931261,LWLG  260618C00015000
2026-05-15T19:13:00+00:00,LWLG,OPT,20260618,C,15.0,TRADES,1.9,1.9,1.85,1.9,0.0,0,1.9,863931261,LWLG  260618C00015000
2026-05-15T19:13:10+00:00,LWLG,OPT,20260618,C,15.0,TRADES,1.9,1.9,1.85,1.9,0.0,0,1.9,863931261,LWLG  260618C00015000
2026-05-15T19:13:20+00:00,LWLG,OPT,20260618,C,15.0,TRADES,1.9,1.9,1.85,1.9,0.0,0,1.9,863931261,LWLG  260618C00015000
2026-05-15T19:13:30+00:00,LWLG,OPT,20260618,C,15.0,TRADES,1.9,1.9,1.85,1.9,0.0,0,1.9,863931261,LWLG  260618C00015000
2026-05-15T19:13:40+00:00,LWLG,OPT,20260618,C,15.0,TRADES,1.9,1.9,1.85,1.9,0.0,0,1.9,863931261,LWLG  260618C00015000
2026-05-15T19:13:50+00:00,LWLG,OPT,20260618,C,15.0,TRADES,1.9,1.9,1.85,1.9,0.0,0,1.9,863931261,LWLG  260618C00015000
2026-05-15T19:14:00+00:00,LWLG,OPT,20260618,C,15.0,TRADES,1.9,1.9,1.85,1.9,0.0,0,1.9,863931261,LWLG  260618C00015000
2026-05-15T19:14:10+00:00,LWLG,OPT,20260618,C,15.0,TRADES,1.9,1.9,1.85,1.9,0.0,0,1.9,863931261,LWLG  260618C00015000
2026-05-15T19:14:20+00:00,LWLG,OPT,20260618,C,15.0,TRADES,1.9,1.9,1.85,1.9,0.0,0,1.9,863931261,LWLG  260618C00015000
2026-05-15T19:14:30+00:00,LWLG,OPT,20260618,C,15.0,TRADES,1.9,1.9,1.85,1.9,0.0,0,1.9,863931261,LWLG  260618C00015000
2026-05-15T19:14:40+00:00,LWLG,OPT,20260618,C,15.0,TRADES,1.9,1.9,1.85,1.9,0.0,0,1.9,863931261,LWLG  260618C00015000
2026-05-15T19:14:50+00:00,LWLG,OPT,20260618,C,15.0,TRADES,1.9,1.9,1.85,1.9,0.0,0,1.9,863931261,LWLG  260618C00015000
2026-05-15T19:15:00+00:00,LWLG,OPT,20260618,C,15.0,TRADES,1.9,1.9,1.85,1.9,0.0,0,1.9,863931261,LWLG  260618C00015000
2026-05-15T19:15:10+00:00,LWLG,OPT,20260618,C,15.0,TRADES,1.9,1.9,1.85,1.9,0.0,0,1.9,863931261,LWLG  260618C00015000
2026-05-15T19:15:20+00:00,LWLG,OPT,20260618,C,15.0,TRADES,1.9,1.9,1.85,1.9,0.0,0,1.9,863931261,LWLG  260618C00015000
2026-05-15T19:15:30+00:00,LWLG,OPT,20260618,C,15.0,TRADES,1.9,1.9,1.85,1.9,0.0,0,1.9,863931261,LWLG  260618C00015000
2026-05-15T19:15:40+00:00,LWLG,OPT,20260618,C,15.0,TRADES,1.9,1.9,1.85,1.9,0.0,0,1.9,863931261,LWLG  260618C00015000
2026-05-15T19:15:50+00:00,LWLG,OPT,20260618,C,15.0,TRADES,1.9,1.9,1.85,1.9,0.0,0,1.9,863931261,LWLG  260618C00015000
2026-05-15T19:16:00+00:00,LWLG,OPT,20260618,C,15.0,TRADES,1.9,1.9,1.85,1.9,0.0,0,1.9,863931261,LWLG  260618C00015000
2026-05-15T19:16:10+00:00,LWLG,OPT,20260618,C,15.0,TRADES,1.9,1.9,1.85,1.9,0.0,0,1.9,863931261,LWLG  260618C00015000
2026-05-15T19:16:20+00:00,LWLG,OPT,20260618,C,15.0,TRADES,1.9,1.9,1.85,1.9,0.0,0,1.9,863931261,LWLG  260618C00015000
2026-05-15T19:16:30+00:00,LWLG,OPT,20260618,C,15.0,TRADES,1.9,1.9,1.85,1.9,0.0,0,1.9,863931261,LWLG  260618C00015000
2026-05-15T19:16:40+00:00,LWLG,OPT,20260618,C,15.0,TRADES,1.9,1.9,1.85,1.9,0.0,0,1.9,863931261,LWLG  260618C00015000
2026-05-15T19:16:50+00:00,LWLG,OPT,20260618,C,15.0,TRADES,1.9,1.9,1.85,1.9,0.0,0,1.9,863931261,LWLG  260618C00015000
2026-05-15T19:17:00+00:00,LWLG,OPT,20260618,C,15.0,TRADES,1.9,1.9,1.85,1.9,0.0,0,1.9,863931261,LWLG  260618C00015000
2026-05-15T19:17:10+00:00,LWLG,OPT,20260618,C,15.0,TRADES,1.9,1.9,1.85,1.9,0.0,0,1.9,863931261,LWLG  260618C00015000
2026-05-15T19:17:20+00:00,LWLG,OPT,20260618,C,15.0,TRADES,1.9,1.9,1.85,1.9,0.0,0,1.9,863931261,LWLG  260618C00015000
2026-05-15T19:17:30+00:00,LWLG,OPT,20260618,C,15.0,TRADES,1.9,1.9,1.85,1.9,0.0,0,1.9,863931261,LWLG  260618C00015000
2026-05-15T19:17:40+00:00,LWLG,OPT,20260618,C,15.0,TRADES,1.9,1.9,1.85,1.9,0.0,0,1.9,863931261,LWLG  260618C00015000
2026-05-15T19:17:50+00:00,LWLG,OPT,20260618,C,15.0,TRADES,1.9,1.9,1.85,1.9,0.0,0,1.9,863931261,LWLG  260618C00015000
2026-05-15T19:18:00+00:00,LWLG,OPT,20260618,C,15.0,TRADES,1.9,1.9,1.85,1.9,0.0,0,1.9,863931261,LWLG  260618C00015000
2026-05-15T19:18:10+00:00,LWLG,OPT,20260618,C,15.0,TRADES,1.9,1.9,1.85,1.9,0.0,0,1.9,863931261,LWLG  260618C00015000
2026-05-15T19:18:20+00:00,LWLG,OPT,20260618,C,15.0,TRADES,1.9,1.9,1.85,1.9,0.0,0,1.9,863931261,LWLG  260618C00015000
2026-05-15T19:18:30+00:00,LWLG,OPT,20260618,C,15.0,TRADES,1.9,1.9,1.85,1.9,0.0,0,1.9,863931261,LWLG  260618C00015000
2026-05-15T19:18:40+00:00,LWLG,OPT,20260618,C,15.0,TRADES,1.9,1.9,1.85,1.9,0.0,0,1.9,863931261,LWLG  260618C00015000
2026-05-15T19:18:50+00:00,LWLG,OPT,20260618,C,15.0,TRADES,1.9,1.9,1.85,1.9,0.0,0,1.9,863931261,LWLG  260618C00015000
2026-05-15T19:19:00+00:00,LWLG,OPT,20260618,C,15.0,TRADES,1.9,1.9,1.85,1.9,0.0,0,1.9,863931261,LWLG  260618C00015000
2026-05-15T19:19:10+00:00,LWLG,OPT,20260618,C,15.0,TRADES,1.9,1.9,1.85,1.9,0.0,0,1.9,863931261,LWLG  260618C00015000
2026-05-15T19:19:20+00:00,LWLG,OPT,20260618,C,15.0,TRADES,1.9,1.9,1.85,1.9,0.0,0,1.9,863931261,LWLG  260618C00015000
2026-05-15T19:19:30+00:00,LWLG,OPT,20260618,C,15.0,TRADES,1.9,1.9,1.85,1.9,0.0,0,1.9,863931261,LWLG  260618C00015000
2026-05-15T19:19:40+00:00,LWLG,OPT,20260618,C,15.0,TRADES,1.9,1.9,1.9,1.9,150.0,3,1.9,863931261,LWLG  260618C00015000
2026-05-15T19:19:50+00:00,LWLG,OPT,20260618,C,15.0,TRADES,1.9,1.9,1.9,1.9,0.0,0,1.9,863931261,LWLG  260618C00015000
2026-05-15T19:20:00+00:00,LWLG,OPT,20260618,C,15.0,TRADES,1.9,1.9,1.9,1.9,0.0,0,1.9,863931261,LWLG  260618C00015000
2026-05-15T19:20:10+00:00,LWLG,OPT,20260618,C,15.0,TRADES,1.9,1.9,1.9,1.9,0.0,0,1.9,863931261,LWLG  260618C00015000
2026-05-15T19:20:20+00:00,LWLG,OPT,20260618,C,15.0,TRADES,1.9,1.9,1.9,1.9,0.0,0,1.9,863931261,LWLG  260618C00015000
2026-05-15T19:20:30+00:00,LWLG,OPT,20260618,C,15.0,TRADES,1.9,1.9,1.9,1.9,0.0,0,1.9,863931261,LWLG  260618C00015000
2026-05-15T19:20:40+00:00,LWLG,OPT,20260618,C,15.0,TRADES,1.9,1.9,1.9,1.9,0.0,0,1.9,863931261,LWLG  260618C00015000
2026-05-15T19:20:50+00:00,LWLG,OPT,20260618,C,15.0,TRADES,1.9,1.9,1.9,1.9,0.0,0,1.9,863931261,LWLG  260618C00015000
2026-05-15T19:21:00+00:00,LWLG,OPT,20260618,C,15.0,TRADES,1.9,1.9,1.9,1.9,0.0,0,1.9,863931261,LWLG  260618C00015000
2026-05-15T19:21:10+00:00,LWLG,OPT,20260618,C,15.0,TRADES,1.9,1.9,1.9,1.9,0.0,0,1.9,863931261,LWLG  260618C00015000
2026-05-15T19:21:20+00:00,LWLG,OPT,20260618,C,15.0,TRADES,1.9,1.9,1.9,1.9,0.0,0,1.9,863931261,LWLG  260618C00015000
2026-05-15T19:21:30+00:00,LWLG,OPT,20260618,C,15.0,TRADES,1.9,1.9,1.9,1.9,0.0,0,1.9,863931261,LWLG  260618C00015000
2026-05-15T19:21:40+00:00,LWLG,OPT,20260618,C,15.0,TRADES,1.9,1.9,1.9,1.9,0.0,0,1.9,863931261,LWLG  260618C00015000
2026-05-15T19:21:50+00:00,LWLG,OPT,20260618,C,15.0,TRADES,1.9,1.9,1.9,1.9,0.0,0,1.9,863931261,LWLG  260618C00015000
2026-05-15T19:22:00+00:00,LWLG,OPT,20260618,C,15.0,TRADES,1.9,1.9,1.9,1.9,0.0,0,1.9,863931261,LWLG  260618C00015000
2026-05-15T19:22:10+00:00,LWLG,OPT,20260618,C,15.0,TRADES,1.9,1.9,1.9,1.9,0.0,0,1.9,863931261,LWLG  260618C00015000
2026-05-15T19:22:20+00:00,LWLG,OPT,20260618,C,15.0,TRADES,1.9,1.9,1.9,1.9,0.0,0,1.9,863931261,LWLG  260618C00015000
2026-05-15T19:22:30+00:00,LWLG,OPT,20260618,C,15.0,TRADES,1.9,1.9,1.9,1.9,0.0,0,1.9,863931261,LWLG  260618C00015000
2026-05-15T19:22:40+00:00,LWLG,OPT,20260618,C,15.0,TRADES,1.9,1.9,1.9,1.9,0.0,0,1.9,863931261,LWLG  260618C00015000
2026-05-15T19:22:50+00:00,LWLG,OPT,20260618,C,15.0,TRADES,1.9,1.9,1.9,1.9,0.0,0,1.9,863931261,LWLG  260618C00015000
2026-05-15T19:23:00+00:00,LWLG,OPT,20260618,C,15.0,TRADES,1.9,1.9,1.9,1.9,0.0,0,1.9,863931261,LWLG  260618C00015000
2026-05-15T19:23:10+00:00,LWLG,OPT,20260618,C,15.0,TRADES,1.9,1.9,1.9,1.9,0.0,0,1.9,863931261,LWLG  260618C00015000
2026-05-15T19:23:20+00:00,LWLG,OPT,20260618,C,15.0,TRADES,1.9,1.9,1.9,1.9,0.0,0,1.9,863931261,LWLG  260618C00015000
2026-05-15T19:23:30+00:00,LWLG,OPT,20260618,C,15.0,TRADES,1.9,1.9,1.9,1.9,0.0,0,1.9,863931261,LWLG  260618C00015000
2026-05-15T19:23:40+00:00,LWLG,OPT,20260618,C,15.0,TRADES,1.9,1.9,1.9,1.9,0.0,0,1.9,863931261,LWLG  260618C00015000
2026-05-15T19:23:50+00:00,LWLG,OPT,20260618,C,15.0,TRADES,1.9,1.9,1.9,1.9,0.0,0,1.9,863931261,LWLG  260618C00015000
2026-05-15T19:24:00+00:00,LWLG,OPT,20260618,C,15.0,TRADES,1.9,1.9,1.9,1.9,0.0,0,1.9,863931261,LWLG  260618C00015000
2026-05-15T19:24:10+00:00,LWLG,OPT,20260618,C,15.0,TRADES,1.9,1.9,1.9,1.9,0.0,0,1.9,863931261,LWLG  260618C00015000
2026-05-15T19:24:20+00:00,LWLG,OPT,20260618,C,15.0,TRADES,1.9,1.9,1.9,1.9,2.0,2,1.9,863931261,LWLG  260618C00015000
2026-05-15T19:24:30+00:00,LWLG,OPT,20260618,C,15.0,TRADES,1.9,1.9,1.9,1.9,0.0,0,1.9,863931261,LWLG  260618C00015000
2026-05-15T19:24:40+00:00,LWLG,OPT,20260618,C,15.0,TRADES,1.9,1.9,1.9,1.9,0.0,0,1.9,863931261,LWLG  260618C00015000
2026-05-15T19:24:50+00:00,LWLG,OPT,20260618,C,15.0,TRADES,1.9,1.9,1.9,1.9,0.0,0,1.9,863931261,LWLG  260618C00015000
2026-05-15T19:25:00+00:00,LWLG,OPT,20260618,C,15.0,TRADES,1.9,1.9,1.9,1.9,0.0,0,1.9,863931261,LWLG  260618C00015000
2026-05-15T19:25:10+00:00,LWLG,OPT,20260618,C,15.0,TRADES,1.9,1.9,1.9,1.9,0.0,0,1.9,863931261,LWLG  260618C00015000
2026-05-15T19:25:20+00:00,LWLG,OPT,20260618,C,15.0,TRADES,1.9,1.9,1.9,1.9,0.0,0,1.9,863931261,LWLG  260618C00015000
2026-05-15T19:25:30+00:00,LWLG,OPT,20260618,C,15.0,TRADES,1.9,1.9,1.9,1.9,0.0,0,1.9,863931261,LWLG  260618C00015000
2026-05-15T19:25:40+00:00,LWLG,OPT,20260618,C,15.0,TRADES,1.9,1.9,1.9,1.9,0.0,0,1.9,863931261,LWLG  260618C00015000
2026-05-15T19:25:50+00:00,LWLG,OPT,20260618,C,15.0,TRADES,1.9,1.9,1.9,1.9,0.0,0,1.9,863931261,LWLG  260618C00015000
2026-05-15T19:26:00+00:00,LWLG,OPT,20260618,C,15.0,TRADES,1.9,1.9,1.9,1.9,0.0,0,1.9,863931261,LWLG  260618C00015000
2026-05-15T19:26:10+00:00,LWLG,OPT,20260618,C,15.0,TRADES,1.9,1.9,1.9,1.9,0.0,0,1.9,863931261,LWLG  260618C00015000
2026-05-15T19:26:20+00:00,LWLG,OPT,20260618,C,15.0,TRADES,1.9,1.9,1.9,1.9,0.0,0,1.9,863931261,LWLG  260618C00015000
2026-05-15T19:26:30+00:00,LWLG,OPT,20260618,C,15.0,TRADES,1.9,1.9,1.9,1.9,0.0,0,1.9,863931261,LWLG  260618C00015000
2026-05-15T19:26:40+00:00,LWLG,OPT,20260618,C,15.0,TRADES,1.9,1.9,1.9,1.9,0.0,0,1.9,863931261,LWLG  260618C00015000
2026-05-15T19:26:50+00:00,LWLG,OPT,20260618,C,15.0,TRADES,1.9,1.9,1.9,1.9,0.0,0,1.9,863931261,LWLG  260618C00015000
2026-05-15T19:27:00+00:00,LWLG,OPT,20260618,C,15.0,TRADES,1.85,1.85,1.85,1.85,1.0,1,1.85,863931261,LWLG  260618C00015000
2026-05-15T19:27:10+00:00,LWLG,OPT,20260618,C,15.0,TRADES,1.85,1.85,1.85,1.85,0.0,0,1.85,863931261,LWLG  260618C00015000
2026-05-15T19:27:20+00:00,LWLG,OPT,20260618,C,15.0,TRADES,1.85,1.85,1.85,1.85,0.0,0,1.85,863931261,LWLG  260618C00015000
2026-05-15T19:27:30+00:00,LWLG,OPT,20260618,C,15.0,TRADES,1.85,1.85,1.85,1.85,0.0,0,1.85,863931261,LWLG  260618C00015000
2026-05-15T19:27:40+00:00,LWLG,OPT,20260618,C,15.0,TRADES,1.85,1.85,1.85,1.85,0.0,0,1.85,863931261,LWLG  260618C00015000
2026-05-15T19:27:50+00:00,LWLG,OPT,20260618,C,15.0,TRADES,1.85,1.85,1.85,1.85,0.0,0,1.85,863931261,LWLG  260618C00015000
2026-05-15T19:28:00+00:00,LWLG,OPT,20260618,C,15.0,TRADES,1.85,1.85,1.85,1.85,0.0,0,1.85,863931261,LWLG  260618C00015000
2026-05-15T19:28:10+00:00,LWLG,OPT,20260618,C,15.0,TRADES,1.85,1.85,1.85,1.85,0.0,0,1.85,863931261,LWLG  260618C00015000
2026-05-15T19:28:20+00:00,LWLG,OPT,20260618,C,15.0,TRADES,1.85,1.85,1.85,1.85,0.0,0,1.85,863931261,LWLG  260618C00015000
2026-05-15T19:28:30+00:00,LWLG,OPT,20260618,C,15.0,TRADES,1.85,1.85,1.85,1.85,0.0,0,1.85,863931261,LWLG  260618C00015000
2026-05-15T19:28:40+00:00,LWLG,OPT,20260618,C,15.0,TRADES,1.85,1.85,1.85,1.85,0.0,0,1.85,863931261,LWLG  260618C00015000
2026-05-15T19:28:50+00:00,LWLG,OPT,20260618,C,15.0,TRADES,1.85,1.85,1.85,1.85,0.0,0,1.85,863931261,LWLG  260618C00015000
2026-05-15T19:29:00+00:00,LWLG,OPT,20260618,C,15.0,TRADES,1.85,1.85,1.85,1.85,0.0,0,1.85,863931261,LWLG  260618C00015000
2026-05-15T19:29:10+00:00,LWLG,OPT,20260618,C,15.0,TRADES,1.85,1.85,1.85,1.85,0.0,0,1.85,863931261,LWLG  260618C00015000
2026-05-15T19:29:20+00:00,LWLG,OPT,20260618,C,15.0,TRADES,1.85,1.85,1.85,1.85,0.0,0,1.85,863931261,LWLG  260618C00015000
2026-05-15T19:29:30+00:00,LWLG,OPT,20260618,C,15.0,TRADES,1.85,1.85,1.85,1.85,0.0,0,1.85,863931261,LWLG  260618C00015000
2026-05-15T19:29:40+00:00,LWLG,OPT,20260618,C,15.0,TRADES,1.85,1.85,1.85,1.85,0.0,0,1.85,863931261,LWLG  260618C00015000
2026-05-15T19:29:50+00:00,LWLG,OPT,20260618,C,15.0,TRADES,1.85,1.85,1.85,1.85,0.0,0,1.85,863931261,LWLG  260618C00015000
2026-05-15T19:30:00+00:00,LWLG,OPT,20260618,C,15.0,TRADES,1.85,1.85,1.85,1.85,0.0,0,1.85,863931261,LWLG  260618C00015000
2026-05-15T19:30:10+00:00,LWLG,OPT,20260618,C,15.0,TRADES,1.85,1.85,1.85,1.85,0.0,0,1.85,863931261,LWLG  260618C00015000
2026-05-15T19:30:20+00:00,LWLG,OPT,20260618,C,15.0,TRADES,1.85,1.85,1.85,1.85,0.0,0,1.85,863931261,LWLG  260618C00015000
2026-05-15T19:30:30+00:00,LWLG,OPT,20260618,C,15.0,TRADES,1.85,1.85,1.85,1.85,0.0,0,1.85,863931261,LWLG  260618C00015000
2026-05-15T19:30:40+00:00,LWLG,OPT,20260618,C,15.0,TRADES,1.85,1.85,1.85,1.85,0.0,0,1.85,863931261,LWLG  260618C00015000
2026-05-15T19:30:50+00:00,LWLG,OPT,20260618,C,15.0,TRADES,1.85,1.85,1.85,1.85,0.0,0,1.85,863931261,LWLG  260618C00015000
2026-05-15T19:31:00+00:00,LWLG,OPT,20260618,C,15.0,TRADES,1.85,1.85,1.85,1.85,0.0,0,1.85,863931261,LWLG  260618C00015000
2026-05-15T19:31:10+00:00,LWLG,OPT,20260618,C,15.0,TRADES,1.85,1.85,1.85,1.85,0.0,0,1.85,863931261,LWLG  260618C00015000
2026-05-15T19:31:20+00:00,LWLG,OPT,20260618,C,15.0,TRADES,1.85,1.85,1.85,1.85,0.0,0,1.85,863931261,LWLG  260618C00015000
2026-05-15T19:31:30+00:00,LWLG,OPT,20260618,C,15.0,TRADES,1.85,1.85,1.85,1.85,0.0,0,1.85,863931261,LWLG  260618C00015000
2026-05-15T19:31:40+00:00,LWLG,OPT,20260618,C,15.0,TRADES,1.85,1.85,1.85,1.85,0.0,0,1.85,863931261,LWLG  260618C00015000
2026-05-15T19:31:50+00:00,LWLG,OPT,20260618,C,15.0,TRADES,1.85,1.85,1.85,1.85,0.0,0,1.85,863931261,LWLG  260618C00015000
2026-05-15T19:32:00+00:00,LWLG,OPT,20260618,C,15.0,TRADES,1.85,1.85,1.85,1.85,0.0,0,1.85,863931261,LWLG  260618C00015000
2026-05-15T19:32:10+00:00,LWLG,OPT,20260618,C,15.0,TRADES,1.85,1.85,1.85,1.85,0.0,0,1.85,863931261,LWLG  260618C00015000
2026-05-15T19:32:20+00:00,LWLG,OPT,20260618,C,15.0,TRADES,1.85,1.85,1.85,1.85,0.0,0,1.85,863931261,LWLG  260618C00015000
2026-05-15T19:32:30+00:00,LWLG,OPT,20260618,C,15.0,TRADES,1.85,1.85,1.85,1.85,0.0,0,1.85,863931261,LWLG  260618C00015000
2026-05-15T19:32:40+00:00,LWLG,OPT,20260618,C,15.0,TRADES,1.8,1.85,1.8,1.8,6.0,1,1.81,863931261,LWLG  260618C00015000
2026-05-15T19:32:50+00:00,LWLG,OPT,20260618,C,15.0,TRADES,1.8,1.85,1.8,1.8,0.0,0,1.8,863931261,LWLG  260618C00015000
2026-05-15T19:33:00+00:00,LWLG,OPT,20260618,C,15.0,TRADES,1.8,1.85,1.8,1.8,0.0,0,1.8,863931261,LWLG  260618C00015000
2026-05-15T19:33:10+00:00,LWLG,OPT,20260618,C,15.0,TRADES,1.8,1.85,1.8,1.8,0.0,0,1.8,863931261,LWLG  260618C00015000
2026-05-15T19:33:20+00:00,LWLG,OPT,20260618,C,15.0,TRADES,1.8,1.85,1.8,1.8,0.0,0,1.8,863931261,LWLG  260618C00015000
2026-05-15T19:33:30+00:00,LWLG,OPT,20260618,C,15.0,TRADES,1.8,1.85,1.8,1.8,0.0,0,1.8,863931261,LWLG  260618C00015000
2026-05-15T19:33:40+00:00,LWLG,OPT,20260618,C,15.0,TRADES,1.8,1.85,1.8,1.8,0.0,0,1.8,863931261,LWLG  260618C00015000
2026-05-15T19:33:50+00:00,LWLG,OPT,20260618,C,15.0,TRADES,1.8,1.85,1.8,1.8,0.0,0,1.8,863931261,LWLG  260618C00015000
2026-05-15T19:34:00+00:00,LWLG,OPT,20260618,C,15.0,TRADES,1.8,1.85,1.8,1.8,0.0,0,1.8,863931261,LWLG  260618C00015000
2026-05-15T19:34:10+00:00,LWLG,OPT,20260618,C,15.0,TRADES,1.8,1.85,1.8,1.8,0.0,0,1.8,863931261,LWLG  260618C00015000
2026-05-15T19:34:20+00:00,LWLG,OPT,20260618,C,15.0,TRADES,1.8,1.85,1.8,1.8,0.0,0,1.8,863931261,LWLG  260618C00015000
2026-05-15T19:34:30+00:00,LWLG,OPT,20260618,C,15.0,TRADES,1.8,1.85,1.8,1.8,0.0,0,1.8,863931261,LWLG  260618C00015000
2026-05-15T19:34:40+00:00,LWLG,OPT,20260618,C,15.0,TRADES,1.8,1.85,1.8,1.8,0.0,0,1.8,863931261,LWLG  260618C00015000
2026-05-15T19:34:50+00:00,LWLG,OPT,20260618,C,15.0,TRADES,1.8,1.85,1.8,1.8,0.0,0,1.8,863931261,LWLG  260618C00015000
2026-05-15T19:35:00+00:00,LWLG,OPT,20260618,C,15.0,TRADES,1.8,1.85,1.8,1.8,0.0,0,1.8,863931261,LWLG  260618C00015000
2026-05-15T19:35:10+00:00,LWLG,OPT,20260618,C,15.0,TRADES,1.8,1.85,1.8,1.8,0.0,0,1.8,863931261,LWLG  260618C00015000
2026-05-15T19:35:20+00:00,LWLG,OPT,20260618,C,15.0,TRADES,1.8,1.85,1.8,1.8,0.0,0,1.8,863931261,LWLG  260618C00015000
2026-05-15T19:35:30+00:00,LWLG,OPT,20260618,C,15.0,TRADES,1.8,1.85,1.8,1.8,0.0,0,1.8,863931261,LWLG  260618C00015000
2026-05-15T19:35:40+00:00,LWLG,OPT,20260618,C,15.0,TRADES,1.85,1.85,1.85,1.85,5.0,1,1.85,863931261,LWLG  260618C00015000
2026-05-15T19:35:50+00:00,LWLG,OPT,20260618,C,15.0,TRADES,1.85,1.85,1.85,1.85,0.0,0,1.85,863931261,LWLG  260618C00015000
2026-05-15T19:36:00+00:00,LWLG,OPT,20260618,C,15.0,TRADES,1.85,1.85,1.85,1.85,1.0,1,1.85,863931261,LWLG  260618C00015000
2026-05-15T19:36:10+00:00,LWLG,OPT,20260618,C,15.0,TRADES,1.85,1.85,1.85,1.85,0.0,0,1.85,863931261,LWLG  260618C00015000
2026-05-15T19:36:20+00:00,LWLG,OPT,20260618,C,15.0,TRADES,1.85,1.85,1.85,1.85,0.0,0,1.85,863931261,LWLG  260618C00015000
2026-05-15T19:36:30+00:00,LWLG,OPT,20260618,C,15.0,TRADES,1.85,1.85,1.85,1.85,0.0,0,1.85,863931261,LWLG  260618C00015000
2026-05-15T19:36:40+00:00,LWLG,OPT,20260618,C,15.0,TRADES,1.85,1.85,1.85,1.85,0.0,0,1.85,863931261,LWLG  260618C00015000
2026-05-15T19:36:50+00:00,LWLG,OPT,20260618,C,15.0,TRADES,1.85,1.85,1.85,1.85,0.0,0,1.85,863931261,LWLG  260618C00015000
2026-05-15T19:37:00+00:00,LWLG,OPT,20260618,C,15.0,TRADES,1.85,1.85,1.85,1.85,0.0,0,1.85,863931261,LWLG  260618C00015000
2026-05-15T19:37:10+00:00,LWLG,OPT,20260618,C,15.0,TRADES,1.85,1.85,1.85,1.85,0.0,0,1.85,863931261,LWLG  260618C00015000
2026-05-15T19:37:20+00:00,LWLG,OPT,20260618,C,15.0,TRADES,1.85,1.85,1.85,1.85,0.0,0,1.85,863931261,LWLG  260618C00015000
2026-05-15T19:37:30+00:00,LWLG,OPT,20260618,C,15.0,TRADES,1.85,1.85,1.85,1.85,0.0,0,1.85,863931261,LWLG  260618C00015000
2026-05-15T19:37:40+00:00,LWLG,OPT,20260618,C,15.0,TRADES,1.85,1.85,1.85,1.85,0.0,0,1.85,863931261,LWLG  260618C00015000
2026-05-15T19:37:50+00:00,LWLG,OPT,20260618,C,15.0,TRADES,1.85,1.85,1.85,1.85,0.0,0,1.85,863931261,LWLG  260618C00015000
2026-05-15T19:38:00+00:00,LWLG,OPT,20260618,C,15.0,TRADES,1.85,1.85,1.85,1.85,0.0,0,1.85,863931261,LWLG  260618C00015000
2026-05-15T19:38:10+00:00,LWLG,OPT,20260618,C,15.0,TRADES,1.85,1.85,1.85,1.85,0.0,0,1.85,863931261,LWLG  260618C00015000
2026-05-15T19:38:20+00:00,LWLG,OPT,20260618,C,15.0,TRADES,1.85,1.85,1.85,1.85,0.0,0,1.85,863931261,LWLG  260618C00015000
2026-05-15T19:38:30+00:00,LWLG,OPT,20260618,C,15.0,TRADES,1.85,1.85,1.85,1.85,0.0,0,1.85,863931261,LWLG  260618C00015000
2026-05-15T19:38:40+00:00,LWLG,OPT,20260618,C,15.0,TRADES,1.85,1.85,1.85,1.85,0.0,0,1.85,863931261,LWLG  260618C00015000
2026-05-15T19:38:50+00:00,LWLG,OPT,20260618,C,15.0,TRADES,1.85,1.85,1.85,1.85,0.0,0,1.85,863931261,LWLG  260618C00015000
2026-05-15T19:39:00+00:00,LWLG,OPT,20260618,C,15.0,TRADES,1.85,1.85,1.85,1.85,0.0,0,1.85,863931261,LWLG  260618C00015000
2026-05-15T19:39:10+00:00,LWLG,OPT,20260618,C,15.0,TRADES,1.85,1.85,1.85,1.85,0.0,0,1.85,863931261,LWLG  260618C00015000
2026-05-15T19:39:20+00:00,LWLG,OPT,20260618,C,15.0,TRADES,1.85,1.85,1.85,1.85,0.0,0,1.85,863931261,LWLG  260618C00015000
2026-05-15T19:39:30+00:00,LWLG,OPT,20260618,C,15.0,TRADES,1.85,1.85,1.85,1.85,0.0,0,1.85,863931261,LWLG  260618C00015000
2026-05-15T19:39:40+00:00,LWLG,OPT,20260618,C,15.0,TRADES,1.85,1.85,1.85,1.85,0.0,0,1.85,863931261,LWLG  260618C00015000
2026-05-15T19:39:50+00:00,LWLG,OPT,20260618,C,15.0,TRADES,1.85,1.85,1.85,1.85,0.0,0,1.85,863931261,LWLG  260618C00015000
2026-05-15T19:40:00+00:00,LWLG,OPT,20260618,C,15.0,TRADES,1.85,1.85,1.85,1.85,0.0,0,1.85,863931261,LWLG  260618C00015000
2026-05-15T19:40:10+00:00,LWLG,OPT,20260618,C,15.0,TRADES,1.85,1.85,1.85,1.85,0.0,0,1.85,863931261,LWLG  260618C00015000
2026-05-15T19:40:20+00:00,LWLG,OPT,20260618,C,15.0,TRADES,1.85,1.85,1.85,1.85,0.0,0,1.85,863931261,LWLG  260618C00015000
2026-05-15T19:40:30+00:00,LWLG,OPT,20260618,C,15.0,TRADES,1.85,1.85,1.85,1.85,0.0,0,1.85,863931261,LWLG  260618C00015000
2026-05-15T19:40:40+00:00,LWLG,OPT,20260618,C,15.0,TRADES,1.85,1.85,1.85,1.85,0.0,0,1.85,863931261,LWLG  260618C00015000
2026-05-15T19:40:50+00:00,LWLG,OPT,20260618,C,15.0,TRADES,1.85,1.85,1.85,1.85,0.0,0,1.85,863931261,LWLG  260618C00015000
2026-05-15T19:41:00+00:00,LWLG,OPT,20260618,C,15.0,TRADES,1.85,1.85,1.85,1.85,0.0,0,1.85,863931261,LWLG  260618C00015000
2026-05-15T19:41:10+00:00,LWLG,OPT,20260618,C,15.0,TRADES,1.85,1.85,1.85,1.85,0.0,0,1.85,863931261,LWLG  260618C00015000
2026-05-15T19:41:20+00:00,LWLG,OPT,20260618,C,15.0,TRADES,1.85,1.85,1.85,1.85,0.0,0,1.85,863931261,LWLG  260618C00015000
2026-05-15T19:41:30+00:00,LWLG,OPT,20260618,C,15.0,TRADES,1.85,1.85,1.85,1.85,0.0,0,1.85,863931261,LWLG  260618C00015000
2026-05-15T19:41:40+00:00,LWLG,OPT,20260618,C,15.0,TRADES,1.85,1.85,1.85,1.85,0.0,0,1.85,863931261,LWLG  260618C00015000
2026-05-15T19:41:50+00:00,LWLG,OPT,20260618,C,15.0,TRADES,1.85,1.85,1.85,1.85,0.0,0,1.85,863931261,LWLG  260618C00015000
2026-05-15T19:42:00+00:00,LWLG,OPT,20260618,C,15.0,TRADES,1.85,1.85,1.85,1.85,0.0,0,1.85,863931261,LWLG  260618C00015000
2026-05-15T19:42:10+00:00,LWLG,OPT,20260618,C,15.0,TRADES,1.85,1.85,1.85,1.85,0.0,0,1.85,863931261,LWLG  260618C00015000
2026-05-15T19:42:20+00:00,LWLG,OPT,20260618,C,15.0,TRADES,1.85,1.85,1.85,1.85,0.0,0,1.85,863931261,LWLG  260618C00015000
2026-05-15T19:42:30+00:00,LWLG,OPT,20260618,C,15.0,TRADES,1.85,1.85,1.85,1.85,0.0,0,1.85,863931261,LWLG  260618C00015000
2026-05-15T19:42:40+00:00,LWLG,OPT,20260618,C,15.0,TRADES,1.85,1.85,1.85,1.85,0.0,0,1.85,863931261,LWLG  260618C00015000
2026-05-15T19:42:50+00:00,LWLG,OPT,20260618,C,15.0,TRADES,1.85,1.85,1.85,1.85,0.0,0,1.85,863931261,LWLG  260618C00015000
2026-05-15T19:43:00+00:00,LWLG,OPT,20260618,C,15.0,TRADES,1.85,1.85,1.85,1.85,0.0,0,1.85,863931261,LWLG  260618C00015000
2026-05-15T19:43:10+00:00,LWLG,OPT,20260618,C,15.0,TRADES,1.85,1.85,1.85,1.85,0.0,0,1.85,863931261,LWLG  260618C00015000
2026-05-15T19:43:20+00:00,LWLG,OPT,20260618,C,15.0,TRADES,1.85,1.85,1.85,1.85,0.0,0,1.85,863931261,LWLG  260618C00015000
2026-05-15T19:43:30+00:00,LWLG,OPT,20260618,C,15.0,TRADES,1.85,1.85,1.85,1.85,0.0,0,1.85,863931261,LWLG  260618C00015000
2026-05-15T19:43:40+00:00,LWLG,OPT,20260618,C,15.0,TRADES,1.85,1.85,1.85,1.85,0.0,0,1.85,863931261,LWLG  260618C00015000
2026-05-15T19:43:50+00:00,LWLG,OPT,20260618,C,15.0,TRADES,1.85,1.85,1.85,1.85,0.0,0,1.85,863931261,LWLG  260618C00015000
2026-05-15T19:44:00+00:00,LWLG,OPT,20260618,C,15.0,TRADES,1.85,1.85,1.85,1.85,0.0,0,1.85,863931261,LWLG  260618C00015000
2026-05-15T19:44:10+00:00,LWLG,OPT,20260618,C,15.0,TRADES,1.85,1.85,1.85,1.85,0.0,0,1.85,863931261,LWLG  260618C00015000
2026-05-15T19:44:20+00:00,LWLG,OPT,20260618,C,15.0,TRADES,1.85,1.85,1.85,1.85,0.0,0,1.85,863931261,LWLG  260618C00015000
2026-05-15T19:44:30+00:00,LWLG,OPT,20260618,C,15.0,TRADES,1.85,1.85,1.85,1.85,0.0,0,1.85,863931261,LWLG  260618C00015000
2026-05-15T19:44:40+00:00,LWLG,OPT,20260618,C,15.0,TRADES,1.85,1.85,1.85,1.85,0.0,0,1.85,863931261,LWLG  260618C00015000
2026-05-15T19:44:50+00:00,LWLG,OPT,20260618,C,15.0,TRADES,1.85,1.85,1.85,1.85,0.0,0,1.85,863931261,LWLG  260618C00015000
2026-05-15T19:45:00+00:00,LWLG,OPT,20260618,C,15.0,TRADES,1.85,1.85,1.85,1.85,0.0,0,1.85,863931261,LWLG  260618C00015000
2026-05-15T19:45:10+00:00,LWLG,OPT,20260618,C,15.0,TRADES,1.85,1.85,1.85,1.85,0.0,0,1.85,863931261,LWLG  260618C00015000
2026-05-15T19:45:20+00:00,LWLG,OPT,20260618,C,15.0,TRADES,1.85,1.85,1.85,1.85,0.0,0,1.85,863931261,LWLG  260618C00015000
2026-05-15T19:45:30+00:00,LWLG,OPT,20260618,C,15.0,TRADES,1.85,1.85,1.85,1.85,0.0,0,1.85,863931261,LWLG  260618C00015000
2026-05-15T19:45:40+00:00,LWLG,OPT,20260618,C,15.0,TRADES,1.9,1.9,1.85,1.9,1.0,1,1.9,863931261,LWLG  260618C00015000
2026-05-15T19:45:50+00:00,LWLG,OPT,20260618,C,15.0,TRADES,1.9,1.9,1.85,1.9,0.0,0,1.9,863931261,LWLG  260618C00015000
2026-05-15T19:46:00+00:00,LWLG,OPT,20260618,C,15.0,TRADES,1.9,1.9,1.85,1.9,0.0,0,1.9,863931261,LWLG  260618C00015000
2026-05-15T19:46:10+00:00,LWLG,OPT,20260618,C,15.0,TRADES,1.9,1.9,1.85,1.9,0.0,0,1.9,863931261,LWLG  260618C00015000
2026-05-15T19:46:20+00:00,LWLG,OPT,20260618,C,15.0,TRADES,1.9,1.9,1.85,1.9,0.0,0,1.9,863931261,LWLG  260618C00015000
2026-05-15T19:46:30+00:00,LWLG,OPT,20260618,C,15.0,TRADES,1.9,1.9,1.85,1.9,0.0,0,1.9,863931261,LWLG  260618C00015000
2026-05-15T19:46:40+00:00,LWLG,OPT,20260618,C,15.0,TRADES,1.9,1.9,1.85,1.9,0.0,0,1.9,863931261,LWLG  260618C00015000
2026-05-15T19:46:50+00:00,LWLG,OPT,20260618,C,15.0,TRADES,1.9,1.9,1.85,1.9,0.0,0,1.9,863931261,LWLG  260618C00015000
2026-05-15T19:47:00+00:00,LWLG,OPT,20260618,C,15.0,TRADES,1.9,1.9,1.85,1.9,0.0,0,1.9,863931261,LWLG  260618C00015000
2026-05-15T19:47:10+00:00,LWLG,OPT,20260618,C,15.0,TRADES,1.9,1.9,1.85,1.9,0.0,0,1.9,863931261,LWLG  260618C00015000
2026-05-15T19:47:20+00:00,LWLG,OPT,20260618,C,15.0,TRADES,1.9,1.9,1.85,1.9,0.0,0,1.9,863931261,LWLG  260618C00015000
2026-05-15T19:47:30+00:00,LWLG,OPT,20260618,C,15.0,TRADES,1.9,1.9,1.85,1.9,0.0,0,1.9,863931261,LWLG  260618C00015000
2026-05-15T19:47:40+00:00,LWLG,OPT,20260618,C,15.0,TRADES,1.9,1.9,1.85,1.9,0.0,0,1.9,863931261,LWLG  260618C00015000
2026-05-15T19:47:50+00:00,LWLG,OPT,20260618,C,15.0,TRADES,1.9,1.9,1.85,1.9,0.0,0,1.9,863931261,LWLG  260618C00015000
2026-05-15T19:48:00+00:00,LWLG,OPT,20260618,C,15.0,TRADES,1.9,1.9,1.85,1.9,0.0,0,1.9,863931261,LWLG  260618C00015000
2026-05-15T19:48:10+00:00,LWLG,OPT,20260618,C,15.0,TRADES,1.9,1.9,1.85,1.9,0.0,0,1.9,863931261,LWLG  260618C00015000
2026-05-15T19:48:20+00:00,LWLG,OPT,20260618,C,15.0,TRADES,1.9,1.9,1.85,1.9,0.0,0,1.9,863931261,LWLG  260618C00015000
2026-05-15T19:48:30+00:00,LWLG,OPT,20260618,C,15.0,TRADES,1.9,1.9,1.85,1.9,0.0,0,1.9,863931261,LWLG  260618C00015000
2026-05-15T19:48:40+00:00,LWLG,OPT,20260618,C,15.0,TRADES,1.9,1.9,1.85,1.9,0.0,0,1.9,863931261,LWLG  260618C00015000
2026-05-15T19:48:50+00:00,LWLG,OPT,20260618,C,15.0,TRADES,1.9,1.9,1.85,1.9,0.0,0,1.9,863931261,LWLG  260618C00015000
2026-05-15T19:49:00+00:00,LWLG,OPT,20260618,C,15.0,TRADES,1.9,1.9,1.85,1.9,0.0,0,1.9,863931261,LWLG  260618C00015000
2026-05-15T19:49:10+00:00,LWLG,OPT,20260618,C,15.0,TRADES,1.9,1.9,1.85,1.9,0.0,0,1.9,863931261,LWLG  260618C00015000
2026-05-15T19:49:20+00:00,LWLG,OPT,20260618,C,15.0,TRADES,1.8,1.85,1.8,1.8,1.0,1,1.8,863931261,LWLG  260618C00015000
2026-05-15T19:49:30+00:00,LWLG,OPT,20260618,C,15.0,TRADES,1.8,1.85,1.8,1.8,0.0,0,1.8,863931261,LWLG  260618C00015000
2026-05-15T19:49:40+00:00,LWLG,OPT,20260618,C,15.0,TRADES,1.8,1.85,1.8,1.8,0.0,0,1.8,863931261,LWLG  260618C00015000
2026-05-15T19:49:50+00:00,LWLG,OPT,20260618,C,15.0,TRADES,1.8,1.85,1.8,1.8,0.0,0,1.8,863931261,LWLG  260618C00015000
2026-05-15T19:50:00+00:00,LWLG,OPT,20260618,C,15.0,TRADES,1.8,1.8,1.8,1.8,2.0,1,1.8,863931261,LWLG  260618C00015000
2026-05-15T19:50:10+00:00,LWLG,OPT,20260618,C,15.0,TRADES,1.8,1.8,1.8,1.8,0.0,0,1.8,863931261,LWLG  260618C00015000
2026-05-15T19:50:20+00:00,LWLG,OPT,20260618,C,15.0,TRADES,1.8,1.8,1.8,1.8,0.0,0,1.8,863931261,LWLG  260618C00015000
2026-05-15T19:50:30+00:00,LWLG,OPT,20260618,C,15.0,TRADES,1.8,1.8,1.8,1.8,0.0,0,1.8,863931261,LWLG  260618C00015000
2026-05-15T19:50:40+00:00,LWLG,OPT,20260618,C,15.0,TRADES,1.8,1.8,1.8,1.8,0.0,0,1.8,863931261,LWLG  260618C00015000
2026-05-15T19:50:50+00:00,LWLG,OPT,20260618,C,15.0,TRADES,1.8,1.8,1.8,1.8,0.0,0,1.8,863931261,LWLG  260618C00015000
2026-05-15T19:51:00+00:00,LWLG,OPT,20260618,C,15.0,TRADES,1.8,1.8,1.8,1.8,0.0,0,1.8,863931261,LWLG  260618C00015000
2026-05-15T19:51:10+00:00,LWLG,OPT,20260618,C,15.0,TRADES,1.8,1.8,1.8,1.8,0.0,0,1.8,863931261,LWLG  260618C00015000
2026-05-15T19:51:20+00:00,LWLG,OPT,20260618,C,15.0,TRADES,1.8,1.8,1.8,1.8,0.0,0,1.8,863931261,LWLG  260618C00015000
2026-05-15T19:51:30+00:00,LWLG,OPT,20260618,C,15.0,TRADES,1.8,1.8,1.8,1.8,0.0,0,1.8,863931261,LWLG  260618C00015000
2026-05-15T19:51:40+00:00,LWLG,OPT,20260618,C,15.0,TRADES,1.8,1.8,1.8,1.8,0.0,0,1.8,863931261,LWLG  260618C00015000
2026-05-15T19:51:50+00:00,LWLG,OPT,20260618,C,15.0,TRADES,1.8,1.8,1.8,1.8,0.0,0,1.8,863931261,LWLG  260618C00015000
2026-05-15T19:52:00+00:00,LWLG,OPT,20260618,C,15.0,TRADES,1.8,1.8,1.8,1.8,0.0,0,1.8,863931261,LWLG  260618C00015000
2026-05-15T19:52:10+00:00,LWLG,OPT,20260618,C,15.0,TRADES,1.8,1.8,1.8,1.8,0.0,0,1.8,863931261,LWLG  260618C00015000
2026-05-15T19:52:20+00:00,LWLG,OPT,20260618,C,15.0,TRADES,1.8,1.8,1.8,1.8,0.0,0,1.8,863931261,LWLG  260618C00015000
2026-05-15T19:52:30+00:00,LWLG,OPT,20260618,C,15.0,TRADES,1.8,1.8,1.8,1.8,0.0,0,1.8,863931261,LWLG  260618C00015000
2026-05-15T19:52:40+00:00,LWLG,OPT,20260618,C,15.0,TRADES,1.8,1.8,1.8,1.8,0.0,0,1.8,863931261,LWLG  260618C00015000
2026-05-15T19:52:50+00:00,LWLG,OPT,20260618,C,15.0,TRADES,1.8,1.8,1.8,1.8,0.0,0,1.8,863931261,LWLG  260618C00015000
2026-05-15T19:53:00+00:00,LWLG,OPT,20260618,C,15.0,TRADES,1.8,1.8,1.8,1.8,0.0,0,1.8,863931261,LWLG  260618C00015000
2026-05-15T19:53:10+00:00,LWLG,OPT,20260618,C,15.0,TRADES,1.8,1.8,1.8,1.8,2.0,1,1.8,863931261,LWLG  260618C00015000
2026-05-15T19:53:20+00:00,LWLG,OPT,20260618,C,15.0,TRADES,1.75,1.8,1.75,1.75,1.0,1,1.75,863931261,LWLG  260618C00015000
2026-05-15T19:53:30+00:00,LWLG,OPT,20260618,C,15.0,TRADES,1.75,1.8,1.75,1.75,0.0,0,1.75,863931261,LWLG  260618C00015000
2026-05-15T19:53:40+00:00,LWLG,OPT,20260618,C,15.0,TRADES,1.75,1.8,1.75,1.75,0.0,0,1.75,863931261,LWLG  260618C00015000
2026-05-15T19:53:50+00:00,LWLG,OPT,20260618,C,15.0,TRADES,1.75,1.8,1.75,1.75,0.0,0,1.75,863931261,LWLG  260618C00015000
2026-05-15T19:54:00+00:00,LWLG,OPT,20260618,C,15.0,TRADES,1.75,1.8,1.75,1.75,0.0,0,1.75,863931261,LWLG  260618C00015000
2026-05-15T19:54:10+00:00,LWLG,OPT,20260618,C,15.0,TRADES,1.75,1.8,1.75,1.75,0.0,0,1.75,863931261,LWLG  260618C00015000
2026-05-15T19:54:20+00:00,LWLG,OPT,20260618,C,15.0,TRADES,1.75,1.8,1.75,1.75,0.0,0,1.75,863931261,LWLG  260618C00015000
2026-05-15T19:54:30+00:00,LWLG,OPT,20260618,C,15.0,TRADES,1.75,1.8,1.75,1.75,0.0,0,1.75,863931261,LWLG  260618C00015000
2026-05-15T19:54:40+00:00,LWLG,OPT,20260618,C,15.0,TRADES,1.75,1.8,1.75,1.75,0.0,0,1.75,863931261,LWLG  260618C00015000
2026-05-15T19:54:50+00:00,LWLG,OPT,20260618,C,15.0,TRADES,1.75,1.8,1.75,1.75,0.0,0,1.75,863931261,LWLG  260618C00015000
2026-05-15T19:55:00+00:00,LWLG,OPT,20260618,C,15.0,TRADES,1.75,1.8,1.75,1.75,0.0,0,1.75,863931261,LWLG  260618C00015000
2026-05-15T19:55:10+00:00,LWLG,OPT,20260618,C,15.0,TRADES,1.75,1.8,1.75,1.75,0.0,0,1.75,863931261,LWLG  260618C00015000
2026-05-15T19:55:20+00:00,LWLG,OPT,20260618,C,15.0,TRADES,1.75,1.8,1.75,1.75,0.0,0,1.75,863931261,LWLG  260618C00015000
2026-05-15T19:55:30+00:00,LWLG,OPT,20260618,C,15.0,TRADES,1.75,1.75,1.75,1.75,2.0,1,1.75,863931261,LWLG  260618C00015000
2026-05-15T19:55:40+00:00,LWLG,OPT,20260618,C,15.0,TRADES,1.75,1.75,1.75,1.75,0.0,0,1.75,863931261,LWLG  260618C00015000
2026-05-15T19:55:50+00:00,LWLG,OPT,20260618,C,15.0,TRADES,1.75,1.75,1.75,1.75,0.0,0,1.75,863931261,LWLG  260618C00015000
2026-05-15T19:56:00+00:00,LWLG,OPT,20260618,C,15.0,TRADES,1.75,1.75,1.75,1.75,0.0,0,1.75,863931261,LWLG  260618C00015000
2026-05-15T19:56:10+00:00,LWLG,OPT,20260618,C,15.0,TRADES,1.75,1.75,1.75,1.75,0.0,0,1.75,863931261,LWLG  260618C00015000
2026-05-15T19:56:20+00:00,LWLG,OPT,20260618,C,15.0,TRADES,1.8,1.8,1.75,1.8,1.0,1,1.8,863931261,LWLG  260618C00015000
2026-05-15T19:56:30+00:00,LWLG,OPT,20260618,C,15.0,TRADES,1.8,1.8,1.75,1.8,0.0,0,1.8,863931261,LWLG  260618C00015000
2026-05-15T19:56:40+00:00,LWLG,OPT,20260618,C,15.0,TRADES,1.8,1.8,1.75,1.8,0.0,0,1.8,863931261,LWLG  260618C00015000
2026-05-15T19:56:50+00:00,LWLG,OPT,20260618,C,15.0,TRADES,1.8,1.8,1.75,1.8,0.0,0,1.8,863931261,LWLG  260618C00015000
2026-05-15T19:57:00+00:00,LWLG,OPT,20260618,C,15.0,TRADES,1.8,1.8,1.75,1.8,0.0,0,1.8,863931261,LWLG  260618C00015000
2026-05-15T19:57:10+00:00,LWLG,OPT,20260618,C,15.0,TRADES,1.8,1.8,1.75,1.8,0.0,0,1.8,863931261,LWLG  260618C00015000
2026-05-15T19:57:20+00:00,LWLG,OPT,20260618,C,15.0,TRADES,1.8,1.8,1.75,1.8,0.0,0,1.8,863931261,LWLG  260618C00015000
2026-05-15T19:57:30+00:00,LWLG,OPT,20260618,C,15.0,TRADES,1.8,1.8,1.75,1.8,0.0,0,1.8,863931261,LWLG  260618C00015000
2026-05-15T19:57:40+00:00,LWLG,OPT,20260618,C,15.0,TRADES,1.8,1.8,1.75,1.8,0.0,0,1.8,863931261,LWLG  260618C00015000
2026-05-15T19:57:50+00:00,LWLG,OPT,20260618,C,15.0,TRADES,1.8,1.8,1.75,1.8,0.0,0,1.8,863931261,LWLG  260618C00015000
2026-05-15T19:58:00+00:00,LWLG,OPT,20260618,C,15.0,TRADES,1.8,1.8,1.75,1.8,0.0,0,1.8,863931261,LWLG  260618C00015000
2026-05-15T19:58:10+00:00,LWLG,OPT,20260618,C,15.0,TRADES,1.8,1.8,1.75,1.8,0.0,0,1.8,863931261,LWLG  260618C00015000
2026-05-15T19:58:20+00:00,LWLG,OPT,20260618,C,15.0,TRADES,1.8,1.8,1.75,1.8,0.0,0,1.8,863931261,LWLG  260618C00015000
2026-05-15T19:58:30+00:00,LWLG,OPT,20260618,C,15.0,TRADES,1.8,1.8,1.75,1.8,0.0,0,1.8,863931261,LWLG  260618C00015000
2026-05-15T19:58:40+00:00,LWLG,OPT,20260618,C,15.0,TRADES,1.8,1.8,1.75,1.8,0.0,0,1.8,863931261,LWLG  260618C00015000
2026-05-15T19:58:50+00:00,LWLG,OPT,20260618,C,15.0,TRADES,1.8,1.8,1.75,1.8,0.0,0,1.8,863931261,LWLG  260618C00015000
2026-05-15T19:59:00+00:00,LWLG,OPT,20260618,C,15.0,TRADES,1.8,1.8,1.75,1.8,0.0,0,1.8,863931261,LWLG  260618C00015000
2026-05-15T19:59:10+00:00,LWLG,OPT,20260618,C,15.0,TRADES,1.8,1.8,1.75,1.8,0.0,0,1.8,863931261,LWLG  260618C00015000
2026-05-15T19:59:20+00:00,LWLG,OPT,20260618,C,15.0,TRADES,1.8,1.8,1.75,1.8,0.0,0,1.8,863931261,LWLG  260618C00015000
2026-05-15T19:59:30+00:00,LWLG,OPT,20260618,C,15.0,TRADES,1.8,1.8,1.75,1.8,0.0,0,1.8,863931261,LWLG  260618C00015000
2026-05-15T19:59:40+00:00,LWLG,OPT,20260618,C,15.0,TRADES,1.8,1.8,1.75,1.8,0.0,0,1.8,863931261,LWLG  260618C00015000
2026-05-15T19:59:50+00:00,LWLG,OPT,20260618,C,15.0,TRADES,1.8,1.8,1.75,1.8,0.0,0,1.8,863931261,LWLG  260618C00015000
