Symbol,Description,Price,Price - Currency,Pre-market Change %,Price Change % 1 day,Post-market Change %,Market capitalization,Market capitalization - Currency,Price to earnings ratio,Price * Volume (Turnover) 1 day,Price * Volume (Turnover) 1 day - Currency,Price * Volume (Turnover) 1 month,Price * Volume (Turnover) 1 month - Currency,Upcoming earnings date,"Net income growth %, Quarterly QoQ","Revenue growth %, Quarterly QoQ",Industry,Sector
NVDA,NVIDIA Corporation,182.65,USD,-0.5511191092115566,2.7162298953998496,-0.7117437722419991,4438395000000,USD,37.26334258201403,32367403942.9,USD,206383764746.25,USD,2026-05-27,34.62864305860232,19.50847279233765,Semiconductors,Electronic technology
AAPL,Apple Inc.,259.88,USD,-0.8078924881534935,0.9399518371785971,-0.3386178236108956,3815334750000,USD,32.88038664945975,9931753657.08,USD,64761364957.56,USD,2026-04-30,53.269496832447395,40.296293404641546,Telecommunications equipment,Electronic technology
GOOGL,Alphabet Inc.,306.36,USD,-1.4169904863995584,2.626289695832786,-0.5549353701527681,3704133562500.0005,USD,28.351178522844005,8979758705.880001,USD,58350777746.4,USD,2026-04-28,-1.4980416821521485,11.158132867882948,Internet software/Services,Technology services
GOOG,Alphabet Inc.,306.01,USD,-1.2504190412336633,2.5846463291987862,-0.3790725793274626,3704133562500,USD,28.31878880981686,6007797630.84,USD,37365571989.22,USD,2026-04-28,-1.4980416821521485,11.158132867882948,Internet software/Services,Technology services
MSFT,Microsoft Corporation,409.41,USD,-0.9756455399060917,0.11003521126761676,-0.3737085073642631,3040126750000.0005,USD,25.61550156730005,12336143146.740002,USD,85869298850.94,USD,2026-04-28,38.60237142754171,4.6348151867444285,Packaged software,Technology services
AMZN,"Amazon.com, Inc.",213.49,USD,-1.22414520894893,0.13132592279911878,-0.815026464939814,2291798250000,USD,29.766319957614122,11665407430.300001,USD,66321974631.82,USD,2026-04-23,0.023599376976447824,18.436578989726314,Internet retail,Retail trade
AVGO,Broadcom Inc.,345.75,USD,-0.9713144517066196,4.620551924473487,-0.7057122198120022,1639295499999.9998,USD,67.49106951140956,14038396663.5,USD,73687561110.75,USD,2026-06-04,-13.723878844799248,7.194004995836803,Semiconductors,Electronic technology
META,"Meta Platforms, Inc.",647.39,USD,-1.594144465465368,0.3923332196135553,-0.6008742798004273,1637608921875,USD,27.559182491943687,8733124073.38,USD,47182040861.22,USD,2026-04-29,740.4577334809893,16.882635338199133,Internet software/Services,Technology services
TSLA,"Tesla, Inc.",398.68,USD,-1.666120535376708,0.4915181609658933,-0.4715561352463117,1496019500000,USD,370.52044609665427,26718554441.920002,USD,147117113714.92,USD,2026-04-28,-38.82010196649672,-11.368570920092543,Motor vehicles,Consumer durables
WMT,Walmart Inc.,124.34,USD,0,0.43618739903069975,-0.31365610423033663,991010562500,USD,45.535779682121145,2409204130.92,USD,14863592906.76,USD,2026-05-14,-31.027185414292692,6.2174087444845565,Specialty stores,Retail trade
LLY,Eli Lilly and Company,1008.39,USD,-0.24234346127049478,1.8236345460603987,-0.564265809855308,951272187500,USD,44.63976626308683,2825670122.4,USD,17253713234.01,USD,2026-04-30,18.871473354231973,9.608654152083997,Pharmaceuticals: major,Health technology
JNJ,Johnson & Johnson,242.59,USD,-0.16638935108153316,0.9109816971713801,-0.21641452656746182,584617375000,USD,21.962193775009506,1902882752.52,USD,11010749637.72,USD,2026-04-14,-0.6987577639751553,2.375791930643548,Pharmaceuticals: major,Health technology
COST,Costco Wholesale Corporation,1005.3,USD,0.030057108506157153,0.7213706041478741,-0.2287874266388098,446221906250,USD,52.28231304899548,2360657523.6,USD,13644322661.699999,USD,2026-07-29,1.6991504247876061,3.4023207095844414,Specialty stores,Retail trade
MU,"Micron Technology, Inc.",389.32,USD,-1.7607345395625271,5.1363759114231655,-0.8784547416007439,438183281250.00006,USD,37.00760456273764,13839018663.44,USD,78514577857.84,USD,2026-03-18,63.698844111215244,20.57445868316394,Semiconductors,Electronic technology
ORCL,Oracle Corporation,151.56,USD,-1.2879184100418402,-0.9152719665272002,-0.5014515703351748,435597250000,USD,28.483367788009776,4724650810.08,USD,23248365085.8,USD,2026-03-10,109.60027331738982,7.58408146857832,Packaged software,Technology services
NFLX,"Netflix, Inc.",98.32,USD,-1.3381135124217358,-0.7069278933548807,-0.44751830756712546,415122968749.99994,USD,38.906256182976534,4777258386.639999,USD,32923138765.199997,USD,2026-04-21,-5.041194919659698,4.298050666719818,Internet software/Services,Technology services
ABBV,AbbVie Inc.,227.45,USD,-0.6127504237104102,-1.1559688844465799,0.06594856012310649,402170062500,USD,96.31997967307528,1800443251.1999998,USD,9757729187.699999,USD,2026-04-24,926.1363636363636,5.3372210953346855,Pharmaceuticals: major,Health technology
PLTR,Palantir Technologies Inc.,156.43,USD,-0.9353525069992357,-0.4644947823873694,-1.0164290737070916,374129817383,USD,247.20290771175726,7441716743.12,USD,58422821114.73,USD,2026-05-11,27.9809251070755,19.11028099419859,Packaged software,Technology services
HD,"Home Depot, Inc. (The)",353.56,USD,-0.5364327223960706,-1.2181493071077374,-0.15838895802692676,351973031250.00006,USD,24.843830149037686,1493599370.48,USD,9183775448.24,USD,2026-05-19,-28.60316578728131,-7.627200619075257,Home improvement chains,Retail trade
GE,GE Aerospace,321.93,USD,-1.5319860109560177,-0.36520070564204354,-0.24228869630044716,337644562500,USD,39.55497124883275,1847920050.9,USD,9349302409.02,USD,2026-04-21,17.199814557255447,4.400295542237911,Aerospace & defense,Electronic technology
AMD,"Advanced Micro Devices, Inc.",202.68,USD,-1.7045159278698752,5.326612274593359,-0.9917110716400331,330451656250,USD,76.63339382940109,7879423757.04,USD,44915929392.96,USD,2026-05-05,21.560740144810943,11.075059485182782,Semiconductors,Electronic technology
AZN,AstraZeneca PLC,194.95,USD,-1.905056121923586,0.3758624240551899,0,302332178113.0737,USD,29.04199361143475,365546651.04999995,USD,2604660667,USD,2026-04-29,-6.6696493536370305,3.7236426316812996,Pharmaceuticals: major,Health technology
CSCO,"Cisco Systems, Inc.",76.21,USD,-1.831129196337739,-3.0900305188199475,-0.4592573153129436,301021343750,USD,26.808076544252145,2503951416.0299997,USD,10423357539.199999,USD,2026-05-20,11.013986013986015,3.1310891621312904,Telecommunications equipment,Electronic technology
MRK,"Merck & Company, Inc.",117.11,USD,-1.1054495206839978,1.1399948182053659,0.03415592178294445,289541843750,USD,16.097373231983067,974539179.81,USD,7407812138.93,USD,2026-04-30,-48.78133102852204,-4.999127044171565,Pharmaceuticals: major,Health technology
RTX,RTX Corporation,208.23,USD,0.7341723874904751,-0.7294050343249434,-0.3505738846467799,279504562500,USD,41.96155086248589,1796242996.35,USD,10961076649.71,USD,2026-04-28,-15.43274244004171,7.829878103034078,Aerospace & defense,Electronic technology
AMAT,"Applied Materials, Inc.",338.94,USD,-2.312619326230212,4.37272895239268,-0.5133651973800699,268986125000,USD,34.71749907813332,3221322026.58,USD,14855580898.2,USD,2026-05-14,6.80021085925145,3.1176470588235294,Industrial machinery,Producer manufacturing
LRCX,Lam Research Corporation,211.15,USD,-2.142176290573426,5.929865047910496,-0.7814349988160102,263677999999.99997,USD,43.2746500522616,2833851962.55,USD,14487118265.95,USD,2026-04-29,1.6150089885634873,0.38725263059633863,Industrial machinery,Producer manufacturing
UNH,UnitedHealth Group Incorporated,285.17,USD,-1.5987154426138093,-0.4572745043284006,-0.42080162709962077,258841937500.00003,USD,21.61393988085313,2951179843.48,USD,12992944627.34,USD,2026-04-22,-99.5741056218058,0.04771962071738496,Managed health care,Health services
GS,"Goldman Sachs Group, Inc. (The)",832.03,USD,-1.5978954547668929,1.3336093925074208,-0.5120007692030325,246907343750.00003,USD,16.219161312457114,2710907665.5499997,USD,14614957234.63,USD,2026-04-13,12.664714494875549,-2.620861184517332,Investment banks/Brokers,Finance
TMUS,"T-Mobile US, Inc.",217.5,USD,-0.7085796813648026,-1.8368912758947482,-0.1747126436781588,239655156250,USD,22.399588053553035,1137275527.5,USD,7160658757.5,USD,2026-04-23,-22.51289609432572,10.82570478662841,Wireless telecommunications,Communications
IBM,International Business Machines Corporation,253.33,USD,-1.7577747730345803,-2.132509175197995,-0.16973907551415418,237632265625,USD,22.723847796056766,1552043218.1100001,USD,10519929018.060001,USD,2026-04-22,221.10091743119264,20.543751148123203,Information technology services,Technology services
INTC,Intel Corporation,45.58,USD,-1.6582220175034519,4.974666052510355,-0.9433962264150938,227672109375,USD,,3780285871.56,USD,21749378881.84,USD,2026-04-23,-114.5459020428255,0.15381234893430015,Semiconductors,Electronic technology
LIN,Linde plc,483.62,USD,-0.5239922432644346,-0.23105169781738755,-0.5417476531160839,224106687500,USD,33.130784460139886,1102426782.22,USD,8732081674.54,USD,2026-04-30,-20.684292379471227,1.7295414973882761,Chemicals: specialty,Process industries
GEV,GE Vernova Inc.,830.1,USD,-1.1915325136265658,5.2224616554696475,-0.256595590892663,223736390625,USD,46.664717853006984,2389049382.6,USD,13748801032.5,USD,2026-04-22,710.6194690265487,10.05929052356547,Electrical products,Producer manufacturing
VZ,Verizon Communications Inc.,50.45,USD,-0.6259780907668238,-1.3106416275430255,-0.07928642220021061,212782171875,USD,12.425802320139898,1465940129.15,USD,7985369681.6,USD,2026-04-21,-52.686868686868685,7.569261701309838,Wireless telecommunications,Communications
AMGN,Amgen Inc.,376.97,USD,-0.9200876789435168,2.0133683327470178,-0.05570735071757338,203212343750,USD,26.485259815080237,1025400620.6400001,USD,5884715441.990001,USD,2026-04-29,-58.55099502487562,3.2446531038080333,Biotechnology,Health technology
ABT,Abbott Laboratories,112.65,USD,-0.7667031763417337,2.8203723986856546,0,195749984375,USD,30.30588361895026,1527648452.4,USD,5823789838.5,USD,2026-04-22,12.5,0.7916263523616853,Medical specialties,Health technology
T,AT&T Inc.,27.53,USD,-1.361731843575421,-3.875698324022344,0.20268797675262568,192725890624.99997,USD,9.02830157741121,1435550803.8600001,USD,7271342171.71,USD,2026-04-22,-59.33004079879751,8.977824090657462,Wireless telecommunications,Communications
NEE,"NextEra Energy, Inc.",92.01,USD,-0.5493298176225005,1.087673038892561,-0.010868383871323894,191704859374.99997,USD,27.879283701481686,879950516.4000001,USD,5726908134.360001,USD,2026-04-28,-37.038556193601316,-6.1187845303867405,Electric utilities,Utilities
TMO,Thermo Fisher Scientific Inc,509.97,USD,,1.5937207402832838,-1.254975782889196,189445828125,USD,28.74900640971435,1127311123.68,USD,6667376848.29,USD,2026-04-29,21.596534653465348,9.827369178205359,Medical specialties,Health technology
KLAC,KLA Corporation,1429.1,USD,-2.1553679669778005,6.288349261834811,-0.6360646560772457,187321593750,USD,41.51644999636865,1601589511.8,USD,8777500759.8,USD,2026-04-23,2.1981374438021835,2.662949768280653,Semiconductors,Electronic technology
CRM,"Salesforce, Inc.",198.79,USD,-1.5387660185047813,-1.642669833259127,-0.32194778409376046,183483156250,USD,25.458480610624456,2137942119.83,USD,14113793007.74,USD,2026-06-03,-6.85522531160115,9.182181499171458,Packaged software,Technology services
GILD,"Gilead Sciences, Inc.",146.63,USD,-0.6253039672062848,1.8759119016188344,-0.07501875468866209,182029500000,USD,21.61950960588591,764015908.26,USD,5561110934.61,USD,2026-04-23,-28.473132372214945,2.196813977389517,Biotechnology,Health technology
TXN,Texas Instruments Incorporated,196.2,USD,-0.222532733012461,1.5370284117373074,-0.254841997961264,178061453125,USD,36.030410989091706,1490705037,USD,8364301084.799999,USD,2026-04-28,-14.749262536873156,-6.727119358920287,Semiconductors,Electronic technology
BA,Boeing Company (The),225,USD,-1.8865475314785225,-2.643762710397652,-0.6666666666666667,176703093750,USD,118.67714541906219,1890027675,USD,9511522875,USD,2026-04-29,,2.9093253115599484,Aerospace & defense,Electronic technology
ISRG,"Intuitive Surgical, Inc.",493.56,USD,-1.1996082911702408,0.6936510527174753,-0.014182672825997483,175278078124.99997,USD,62.665532433564834,815169125.16,USD,5117430958.92,USD,2026-04-21,12.833617262918795,14.414594227775337,Medical specialties,Health technology
APP,Applovin Corporation,517.23,USD,-0.641255426773404,3.0051380093201163,-0.42920944260774263,174450295898,USD,54.74549899977772,2758109320.26,USD,18527474455.56,USD,2026-05-13,31.921076726970238,17.999352333911016,Packaged software,Technology services
ANET,"Arista Networks, Inc.",137.17,USD,-2.339929275449541,3.2051764351816954,-0.051031566669091775,172359312499.99997,USD,49.816597058289446,921118085.6899999,USD,5662722856.889999,USD,2026-05-04,12.05158264947245,7.776285578131093,Computer peripherals,Electronic technology
APH,Amphenol Corporation,136.06,USD,-2.161219382725407,3.177371653901568,-0.007349698662348159,167246984375,USD,40.74506633126703,1191222987.8,USD,9821804446.18,USD,2026-04-29,-4.029862727783576,3.9487278832493864,Electronic components,Electronic technology
SCHW,Charles Schwab Corporation (The),94.38,USD,-0.7665651580384374,-0.8925758689488696,-0.13774104683195112,165373624999.99997,USD,20.252784275015557,803872212,USD,5496302731.92,USD,2026-04-20,4.283290924512299,1.8037210623490982,Investment banks/Brokers,Finance
SCCO,Southern Copper Corporation,190.64,USD,-2.7626101529977753,3.065361950586575,-0.3357112882920617,156153812500,USD,36.70247583843517,455941487.03999996,USD,2274612771.8399997,USD,2026-04-23,18.08414590104731,14.582654783406864,Other metals/Minerals,Non-energy minerals
ADI,"Analog Devices, Inc.",319.71,USD,-1.6813907096038763,1.2349197302175285,-0.16264739920552435,156083750000,USD,58.40092064883822,1900878646.1399999,USD,8854022523.779999,USD,2026-05-27,5.469705067287515,2.73546162255857,Semiconductors,Electronic technology
LMT,Lockheed Martin Corporation,664.15,USD,0.5105914226595507,-1.1343168048588064,-0.782955657607458,152807796875,USD,30.911401124474065,1573864813.45,USD,8651133552.949999,USD,2026-04-21,-16.9857936998147,9.199849535171154,Aerospace & defense,Electronic technology
PFE,"Pfizer, Inc.",26.81,USD,-0.7024029574861415,-0.8872458410351275,-0.1491980604252113,152448828125,USD,19.78451774776769,1147174216.02,USD,6664464653,USD,2026-05-05,-146.54052527534594,5.42212081181698,Pharmaceuticals: major,Health technology
UBER,"Uber Technologies, Inc.",73.84,USD,-1.5439904166112028,-1.7170238253693495,-0.05417118093175278,151971281250,USD,15.636117228527867,1566062296.24,USD,8961539099.76,USD,2026-05-06,-95.53274977361907,6.675577337194624,Other transportation,Transportation
HON,Honeywell International Inc.,237.59,USD,-0.5482595945429011,0.9775171065493695,-0.2483269497874504,151030187500,USD,29.72847847847848,809079482.4,USD,6260345630.35,USD,2026-04-23,-83.83561643835617,-6.245196003074558,Aerospace & defense,Electronic technology
QCOM,QUALCOMM Incorporated,138.11,USD,-1.7466283440194594,1.7834770432603848,-0.6371732676851957,147363375000,USD,28.53276588711677,1699384438.92,USD,8166249841.120001,USD,2026-05-06,,8.713398402839397,Semiconductors,Electronic technology
DHR,Danaher Corporation,198.8,USD,-0.7672634271099744,1.6879795396419495,-0.07042253521127503,140579296875,USD,39.35776365544139,700294669.2,USD,4633724830,USD,2026-04-28,31.828193832599116,12.968775813646124,Medical specialties,Health technology
LOW,"Lowe's Companies, Inc.",250.22,USD,-1.4409464448767249,-0.662987812140215,-0.4875709375749336,140361281250.00003,USD,21.12131546071513,724758476.7,USD,4067381648.84,USD,2026-05-27,-38.151364764267996,-1.1002738672944794,Home improvement chains,Retail trade
SYK,Stryker Corporation,365.92,USD,-1.914636822470929,0.3730524467851694,0.568430257979882,140033453125,USD,43.570722646249834,674375557.28,USD,3777767959.84,USD,2026-05-06,-1.1641443538998837,18.391943206207696,Medical specialties,Health technology
ETN,"Eaton Corporation, PLC",353.87,USD,-1.2422717469446423,1.759884974838247,-0.13564303275214576,137266171875,USD,33.851819964605156,1206394141.15,USD,5984033706.2,USD,2026-05-05,12.07920792079208,0.9587864911276475,Electrical products,Producer manufacturing
PANW,"Palo Alto Networks, Inc.",165.1,USD,-0.3998788245986216,0.030293850348368945,-0.7752877044215634,134721609375,USD,91.356795042054,1517974472.3,USD,8875768075.199999,USD,2026-05-26,29.34131736526946,4.8504446240905414,Packaged software,Technology services
INTU,Intuit Inc.,473.67,USD,-0.8645593033647203,-1.5587006671238854,-0.3525661325395351,130993437500,USD,30.73145096410869,1887999358.3200002,USD,15480733985.1,USD,2026-05-21,55.381165919282516,19.716859716859716,Packaged software,Technology services
ACN,Accenture plc,209.36,USD,-0.46511627906976744,-2.6232558139534823,-0.3630110813909148,128820625000,USD,17.309059642508725,1643333216.48,USD,8461709610.160001,USD,2026-03-19,56.40868961917674,6.511980386741273,Information technology services,Technology services
NOW,"ServiceNow, Inc.",121.93,USD,-1.0602380569406529,-1.938233874859254,-0.352661363077181,127538781250.00002,USD,73.03384246780473,2478178721.86,USD,14958797691.84,USD,2026-04-29,-20.119521912350596,4.725565013208101,Packaged software,Technology services
NEM,Newmont Corporation,116.96,USD,-3.4138790953650466,0.5761458422908139,-1.2482900136798853,127237773437.99998,USD,18.315064202943937,1149599255.2,USD,7207438477.759999,USD,2026-04-23,-28.98471615720524,22.137546468401485,Precious metals,Non-energy minerals
BMY,Bristol-Myers Squibb Company,60.63,USD,-0.6634599436059024,0.5639409520650247,-0.29688273132112764,123471406250,USD,17.52970769364212,664786668.87,USD,4821466272.66,USD,2026-04-30,-50.613357564743296,2.290950744558992,Pharmaceuticals: major,Health technology
HCA,"HCA Healthcare, Inc.",545.13,USD,-0.9384208254349581,2.3122689138717463,0,121903164062,USD,19.205403005897647,797048201.25,USD,3193295766.93,USD,2026-04-24,14.30310407790627,1.8370648713532698,Hospital/Nursing management,Health services
PH,Parker-Hannifin Corporation,932.17,USD,-1.7375395141384908,0.9147793703719667,0,117655257812.00002,USD,33.99921217912712,1258053835.49,USD,5524967861.32,USD,2026-04-30,4.579207920792079,1.770259638080252,Industrial machinery,Producer manufacturing
MDT,Medtronic plc.,91.34,USD,-1.1222356694905886,0.4951039718340882,-0.527151302824608,117270054688.00002,USD,25.499720826353993,1015002779.72,USD,4624214188.58,USD,2026-05-20,-16.8,0.6249302533199419,Medical specialties,Health technology
VRTX,Vertex Pharmaceuticals Incorporated,460.87,USD,-0.5890209989270616,0.9152817009349902,4.684618222058275,117076734375,USD,30.053864412969194,543774521.69,USD,3018855195.8,USD,2026-05-06,9.991688983285622,3.585414393015343,Pharmaceuticals: major,Health technology
CEG,Constellation Energy Corporation,322.99,USD,-2.215884159719173,1.2317432457844941,-0.46131459178303014,116919250000.00002,USD,43.6520164342091,883960323.96,USD,6281044414.400001,USD,2026-05-07,-53.5483870967742,-7.530623608017817,Electric utilities,Utilities
ADBE,Adobe Inc.,282.44,USD,-0.6593329102320021,-0.41604964388971394,-0.03186517490439562,115941617188.00002,USD,16.907006674448535,1335477715.96,USD,8296825822.96,USD,2026-03-12,4.740406320541761,3.440213760855043,Packaged software,Technology services
MCK,McKesson Corporation,942.16,USD,-0.7223201270587197,2.4911341731392618,0,115402781250,USD,27.10043002401806,721507070.16,USD,4534271249.44,USD,2026-05-13,6.846846846846846,2.916141541444498,Medical distributors,Distribution services
IBKR,"Interactive Brokers Group, Inc.",67.49,USD,-2.173913043478265,1.184407796101937,-0.7242554452511449,114473239898.68,USD,30.46677500902853,335374749.98999995,USD,2146605702.2199998,USD,2026-04-21,7.984790874524715,-0.46678635547576297,Investment banks/Brokers,Finance
CME,CME Group Inc.,319.09,USD,-0.03153579312520426,0.6275622831914072,0.9119684101664187,114433805991.99998,USD,28.592293906810035,1140218017.87,USD,4843710256.58,USD,2026-04-29,30.07868779784994,7.225546305931322,Investment banks/Brokers,Finance
AEM,Agnico Eagle Mines Limited,224.75,USD,-2.7375565610859782,1.6968325791855203,0,112606403008.85028,USD,24.916664262397962,471563707.5,USD,3980238668.25,USD,2026-04-30,48.254826034473794,19.620756051962477,Precious metals,Non-energy minerals
SPOT,Spotify Technology S.A.,544.88,USD,-2.034713989985668,-3.593481837966004,-0.20738511231830778,112154023438,USD,56.470685777653415,1659296364.8799999,USD,9243831987.6,USD,2026-04-29,30.064950368589617,5.636667595410163,Internet software/Services,Technology services
CMCSA,Comcast Corporation,31.04,USD,-0.7207771858351628,-2.7264180507677875,-0.28994845360824695,111677145599,USD,5.774024331262324,1424655327.04,USD,5321418882.559999,USD,2026-04-23,-34.9639855942377,3.5643310468619784,Cable/Satellite TV,Consumer services
GLW,Corning Incorporated,129.05,USD,-2.165625760402305,4.671911752778007,0.14219294846957062,110718210938.00002,USD,70.17782369895046,2055460909.6000001,USD,12411494733.000002,USD,2026-05-05,25.581395348837212,2.804878048780488,Electronic components,Electronic technology
CRWD,"CrowdStrike Holdings, Inc.",434.13,USD,-0.8135387771276741,1.1981631273456226,-0.4629949554280955,109443492188,USD,,1671553747.8899999,USD,14866477959,USD,2026-06-09,,5.763123012953678,Packaged software,Technology services
SO,Southern Company (The),97.25,USD,-0.14361920393927016,-0.23594583504308983,0.33017994858611954,108860796875,USD,24.841626647593746,504922875.25,USD,3219760877.25,USD,2026-04-23,-75.68673290473407,-10.763134347437045,Electric utilities,Utilities
BSX,Boston Scientific Corporation,71.9,USD,-1.1212333566923578,0.7708479327260146,0.06954102920722831,106691367188,USD,37.07714521452145,837716318.9000001,USD,5597103816.8,USD,2026-04-29,-10.993377483443709,4.3632773938795655,Medical specialties,Health technology
NOC,Northrop Grumman Corporation,747.34,USD,1.0540515519818057,-1.1624985121606024,0.5911231835576802,106063703125,USD,25.604972025504242,680376093.98,USD,4922809292.72,USD,2026-04-23,29.72727272727273,12.366880936390674,Aerospace & defense,Electronic technology
DUK,Duke Energy Corporation (Holding Company),131.08,USD,-0.37735849056603776,-1.0716981132075376,-0.5416539517851754,101937093750,USD,20.765806441392208,925059742.2,USD,3837493623.28,USD,2026-05-12,-16.678395496129486,-7.070943572933739,Electric utilities,Utilities
HWM,Howmet Aerospace Inc.,254.14,USD,-1.4512453524167417,1.6031663534961784,0,101894906250,USD,68.4238867050778,672816589.5,USD,3581618909.16,USD,2026-04-30,-3.3766233766233764,3.7817137386309243,Aerospace & defense,Electronic technology
VRT,"Vertiv Holdings, LLC",264.35,USD,3.817520059558272,9.334932583340235,-0.05674295441650618,101139906250,USD,77.5129017124091,5400123559.85,USD,13492294204.150002,USD,2026-04-29,11.819322459222082,7.631362583152702,Electronic production equipment,Electronic technology
GD,General Dynamics Corporation,361.98,USD,0.013755536603486027,-0.4154172054251812,0.0055251671363008474,97875695312,USD,23.417606872994515,523013318.64000005,USD,3137661462.96,USD,2026-04-29,7.932011331444759,11.404664135740296,Aerospace & defense,Electronic technology
DELL,Dell Technologies Inc.,146.51,USD,-1.1469142545057198,0.020480611687603182,-0.6279434850863338,97090652344,USD,16.805652737471178,1084263078.08,USD,8475805830.309999,USD,2026-05-28,45.93023255813954,23.420225550009242,Computer processing hardware,Electronic technology
TT,Trane Technologies plc,427.52,USD,,0.9850005905279223,0,94623812500,USD,32.937587155327165,700734778.88,USD,3261224309.7599998,USD,2026-05-06,-30.238319962443015,-10.4135829345147,Industrial machinery,Producer manufacturing
ICE,Intercontinental Exchange Inc.,165.8,USD,-2.358746013598885,-0.23467115951620815,-0.4221954161640633,94157242188.00002,USD,28.731847641493086,573456107.6,USD,3914720214.2000003,USD,2026-04-30,4.28921568627451,4.489524442966411,Investment banks/Brokers,Finance
ADP,"Automatic Data Processing, Inc.",223.04,USD,-1.0519801980198,-1.414427157001422,-0.01793400286943689,89805796875,USD,21.42884593213174,966283552.3199999,USD,5607858810.559999,USD,2026-05-06,4.8371174728529125,3.5573504405626837,Packaged software,Technology services
MELI,"MercadoLibre, Inc.",1769.52,USD,-2.317854865593493,-1.0258073898403632,-0.3967177539671765,89709679688,USD,44.92239265205404,1063787646.96,USD,6810084426.48,USD,2026-05-07,32.779097387173394,18.221082467269536,Internet retail,Retail trade
WDC,Western Digital Corporation,262.06,USD,-2.1447502548419943,6.854230377166158,-0.45027856216133966,88848281250,USD,26.30939592598914,2719498299.28,USD,13140457021.98,USD,2026-04-23,55.834053586862574,7.061745919091554,Computer peripherals,Electronic technology
MRSH,Marsh,179.97,USD,,-1.6987109460345275,0.01666944490748521,87127843750,USD,21.363960113960115,563532862.2,USD,2668298389.47,USD,2026-04-16,9.906291834002676,3.707194470625196,Insurance brokers/Services,Finance
FCX,"Freeport-McMoRan, Inc.",60.49,USD,-3.9420485175202096,1.9036388140161769,-0.8100512481401917,86936328125,USD,39.95376486129459,1593594955.8300002,USD,8117117410.900001,USD,2026-04-16,-39.130434782608695,-23.144617189791727,Other metals/Minerals,Non-energy minerals
SNDK,Sandisk Corporation,588.73,USD,-2.120114539282814,11.643562854379605,-0.5146671649143024,86897117188,USD,,12484334031.82,USD,62650113883.54,USD,2026-05-13,616.9642857142857,31.06585788561525,Computer peripherals,Electronic technology
PWR,"Quanta Services, Inc.",568.04,USD,-2.3843462485421996,5.155593402321388,-0.007041757622696222,84989820311.99998,USD,83.60906682366794,915648101.7199999,USD,3840366205.2799997,USD,2026-04-30,-7.0620470213894295,2.7588617985042867,Engineering & construction,Industrial services
FDX,FedEx Corporation,361.1,USD,-2.3948760790866115,0.556947925368978,0.5250900027693132,84902851562,USD,19.91902208689129,690803077.2,USD,4210446221.6000004,USD,2026-03-19,16.038882138517618,5.507103039021759,Air freight/Couriers,Transportation
UPS,"United Parcel Service, Inc.",99.94,USD,-1.9343493552168856,-2.3642047674873012,-0.3402041224734875,84859226562,USD,15.24195885250652,1034858212.3,USD,5267768841.16,USD,2026-04-28,36.61327231121281,14.301045166106757,Air freight/Couriers,Transportation
SNPS,"Synopsys, Inc.",437.22,USD,-1.4372328021764524,-0.043437507144326315,-0.2218562737294788,83754750000,USD,67.56710813024463,1138298335.02,USD,7205589344.52,USD,2026-05-20,-85.52293757911815,6.860372270189491,Packaged software,Technology services
REGN,"Regeneron Pharmaceuticals, Inc.",781.6,USD,-2.6096912589161216,2.861053351933252,0,82617192505,USD,18.805368287835698,544829912,USD,3117561667.2000003,USD,2026-04-30,-42.15068493150685,3.4626961084622967,Pharmaceuticals: major,Health technology
SHW,Sherwin-Williams Company (The),333.4,USD,-1.4793258154480404,1.0670546865526802,0,82608101562,USD,32.49195984796803,730005972,USD,3500550970.2,USD,2026-04-28,-42.76797503300924,-11.98924223836935,Industrial specialties,Process industries
RACE,Ferrari N.V.,346.58,USD,-2.9221892138939562,-0.9997714808043876,-0.002885336718792459,81939841620.30583,USD,32.95600338963553,264622841.07999998,USD,1319954088.96,USD,2026-05-05,-0.3387627660174111,2.1225277811773657,Motor vehicles,Consumer durables
STX,Seagate Technology Holdings PLC,374.33,USD,-2.777777777777781,6.1026077097505596,-0.6224454358453728,81631289062,USD,42.332093138973384,1096727007.2,USD,8406162981.809999,USD,2026-04-29,8.014571948998178,7.455306200076074,Computer peripherals,Electronic technology
JCI,Johnson Controls International plc,133.09,USD,-2.560574018126883,0.5211480362537747,0,81459890625,USD,25.036683095677038,659351283.84,USD,3545231855.77,USD,2026-05-01,-69.04902539870054,-10.01241850357032,Industrial machinery,Producer manufacturing
CDNS,"Cadence Design Systems, Inc.",298.05,USD,-1.3605442176870817,0.37381289149323554,-0.3455796007381411,81263625000,USD,73.46561498644319,743322393.6,USD,4897937613.75,USD,2026-04-27,35.1815604516547,7.564470085253033,Packaged software,Technology services
MRVL,"Marvell Technology, Inc.",92.65,USD,-1.7639834766104705,3.438651334152074,-0.7015650296816035,80925125000,USD,30.000323802739373,3601627922,USD,20132594752.350002,USD,2026-05-21,-79.16688581496871,6.951072547601831,Semiconductors,Electronic technology
ITW,Illinois Tool Works Inc.,276.58,USD,-1.1942560254004915,-0.20926540626354484,0,79710359375,USD,26.362544560306535,345386742.65999997,USD,2114586581.82,USD,2026-05-05,-3.7758830694275276,0.8376447400837644,Auto parts: OEM,Producer manufacturing
ECL,Ecolab Inc.,281.86,USD,-1.404365205702349,-0.29360783897555065,0.3334989001632008,79475906250,USD,38.70958881533771,462226723.76000005,USD,2684790911.04,USD,2026-05-05,-3.606837606837607,0.744297719087635,Chemicals: specialty,Process industries
EMR,Emerson Electric Company,141.12,USD,-2.045388840705415,1.9947961838681632,0.1275510204081681,79352062500,USD,34.46574673342288,444381094.08000004,USD,2424472081.92,USD,2026-05-06,-5.023547880690738,-10.50463439752832,Electronic equipment/Instruments,Electronic technology
ORLY,"O'Reilly Automotive, Inc.",94.61,USD,0.09513742071881967,0.010570824524318305,0.010569707219115439,79329257812,USD,31.89280296645879,560367555.81,USD,3336756096.35,USD,2026-04-29,-16.622629136956256,-6.192112707663224,Specialty stores,Retail trade
BK,The Bank of New York Mellon Corporation,115.1,USD,-0.8417946715265112,-0.1128178425757265,-0.10425716768026963,79063039062,USD,15.52552066472429,409324259.9,USD,2016946562.8,USD,2026-04-16,1.107266435986159,-2.6394374337732396,Investment banks/Brokers,Finance
B,Barrick Mining Corporation,45.81,USD,-3.2060766182298606,0.8586525759577291,-0.17463435931020604,76748256534.04529,USD,15.328592010099406,514635266.25,USD,3978524654.28,USD,2026-05-06,89.76291828971067,46.724209779987355,Precious metals,Non-energy minerals
DASH,"DoorDash, Inc.",176.59,USD,-2.137634648657691,-1.439973209800739,-0.3341072540914001,76715348633,USD,83.04255819421584,856499643.44,USD,4070433405.28,USD,2026-04-30,-12.704918032786885,14.770748694138131,Air freight/Couriers,Transportation
CMI,Cummins Inc.,550.19,USD,-2.995011405151786,2.0325278638058037,0,76017257812,USD,26.822966180607356,468825151.85,USD,3128412801.2100005,USD,2026-05-05,10.634328358208956,2.6331609955512807,Auto parts: OEM,Producer manufacturing
MSI,"Motorola Solutions, Inc.",458.03,USD,,-0.5924993489018183,0,75876750000,USD,35.902239431872516,581202511.54,USD,2611970580.5699997,USD,2026-04-30,15.480427046263346,12.329677633765371,Telecommunications equipment,Electronic technology
TDG,Transdigm Group Inc.,1277.93,USD,-1.1208701227472513,-1.2823186793662495,1.8443185463992497,72169265625,USD,41.08122183146133,512752799.41,USD,2333105299.63,USD,2026-05-12,-14.412416851441243,-6.2371768567911365,Aerospace & defense,Electronic technology
CVNA,Carvana Co.,328.26,USD,-2.0687440982058596,3.323890462700662,-0.37394138792419535,71838123047,USD,33.534243216737494,1015810417.8,USD,5430157343.7,USD,2026-04-30,467.5496688741722,-0.779174783070657,Specialty stores,Retail trade
HOOD,"Robinhood Markets, Inc.",79.35,USD,-1.4917628745622074,2.9316383447917898,-0.6931316950220506,71439465820,USD,38.53625370307416,1998528143.9999998,USD,14768384188.05,USD,2026-05-13,8.81294964028777,0.858034321372855,Investment banks/Brokers,Finance
AEP,"American Electric Power Company, Inc.",131.86,USD,0.1819974217031994,-0.007583225904292792,0.2195510389807185,71317992188,USD,19.799096082523764,590285003.44,USD,3432997120.6200004,USD,2026-05-06,-40.123456790123456,-11.91477291687523,Electric utilities,Utilities
AON,Aon plc,332.84,USD,,-2.2783323546682466,0,71312468750,USD,19.548351099756264,568654810.12,USD,3049918097.4399996,USD,2026-04-24,269.65065502183404,7.555666750062547,Insurance brokers/Services,Finance
CRH,CRH PLC,106.46,USD,-3.1012122920778094,0.046988065031479335,-0.1596843885027123,71141976562,USD,19.282040136202273,881327193.7199999,USD,4162160266.4599996,USD,2026-05-13,-31.68449197880171,-14.933598337939852,Construction materials,Non-energy minerals
CI,The Cigna Group,269.66,USD,-0.7841549166145108,-0.725251260906369,0,71063039062,USD,12.154018812903109,452411008.94000006,USD,2900457297.1400003,USD,2026-05-01,-33.940042826552464,3.7234499957004044,Managed health care,Health services
NET,"Cloudflare, Inc.",201.48,USD,-1.795548269767692,3.2145692989421257,-0.21342068691680482,70916992676,USD,,852230178,USD,3989503868.16,USD,2026-04-30,-836.201550387597,9.337629686829992,Information technology services,Technology services
COR,"Cencora, Inc.",361.8,USD,,0.931763655638016,0.6969596462133715,70381203125,USD,43.51695934568198,283293741.6,USD,2378995277.4,USD,2026-05-06,,2.6316732998876344,Medical distributors,Distribution services
LHX,"L3Harris Technologies, Inc.",371.26,USD,-0.19639398816181428,1.2683778402116628,-1.7737973387922192,69342554688,USD,43.5230123560995,837148233.84,USD,3902320542.68,USD,2026-04-23,-35.064935064935064,-0.19438063262060434,Aerospace & defense,Electronic technology
WBD,"Warner Bros. Discovery, Inc. - Series A",27.75,USD,-0.3577817531305827,-0.7155635062611782,0.035675675675669344,68818039062,USD,96.5553235908142,677174758.5,USD,5024019867.75,USD,2026-05-07,-70.27027027027027,4.604173567406426,Cable/Satellite TV,Consumer services
GM,General Motors Company,74.69,USD,-1.4891636750431996,-0.6913974205557719,-0.5221582541170178,67517359375,USD,24.809008171128678,659485139.39,USD,3913369180.49,USD,2026-04-28,-349.2469879518072,-6.8016710913543665,Motor vehicles,Consumer durables
WPM,Wheaton Precious Metals Corp,147.95,USD,-2.9894450119169127,0.7490636704119812,-0.9057113889827476,67171942786.0374,USD,67.00217721978507,432414056.79999995,USD,2214315127.75,USD,2026-03-12,22.143582288793155,-7.993501796317299,Precious metals,Non-energy minerals
SNOW,Snowflake Inc.,182.84,USD,-2.4822695035460938,1.307624113475185,-0.8312732443666631,62567847656,USD,,884246054.16,USD,6279151982.88,USD,2026-05-27,-5.304517327364207,5.8607034822892725,Packaged software,Technology services
FTNT,"Fortinet, Inc.",83.81,USD,-0.8007649097645533,0.16732401099557856,-0.01193175038778799,62012992188,USD,34.53946012775603,540311504.22,USD,3072513236.41,USD,2026-04-30,6.773580924245621,10.441184996231666,Information technology services,Technology services
ELV,"Elevance Health, Inc.",280.74,USD,-2.119872945725724,-3.0727800027620416,0.41319370235804237,61960625000,USD,11.180940546740587,774427185.5400001,USD,5841280257.24,USD,2026-04-22,-53.994953742640874,-1.900968231744592,Managed health care,Health services
APD,"Air Products and Chemicals, Inc.",274.4,USD,0.06245866705857003,0.8156367110000626,-0.8564139941690838,61096808594,USD,,491517079.2,USD,2525471407.2,USD,2026-04-30,13740.816326530612,-2.0837279787838607,Chemicals: specialty,Process industries
AZO,"AutoZone, Inc.",3672.68,USD,,0.8620571281056952,-0.10019930949605838,60848304688,USD,25.729425874862688,560087372.68,USD,4180956875.9199996,USD,2026-07-29,-11.673005879549303,-7.659545048966973,Specialty stores,Retail trade
TEL,TE Connectivity plc,206.24,USD,-2.356084527568615,0.18945834345397852,1.475901861908446,60517882812,USD,29.74157821873558,401963203.68,USD,3779576307.6800003,USD,2026-04-29,13.122171945701359,-1.6845651716150771,Semiconductors,Electronic technology
DB,Deutsche Bank AG,31.6,USD,-2.815999999999997,1.1200000000000045,-0.9493670886075972,59195616365.48399,USD,8.234830102446042,173377381.6,USD,830943646,USD,2026-04-29,-3.7510870805498224,-4.081765043667318,Investment banks/Brokers,Finance
MDLN,Medline Inc.,43.41,USD,-2.4184348619666785,-0.9582477754962394,-0.9444828380557397,57027427734,USD,30.02697655115169,339242681.90999997,USD,3512490631.2,USD,2026-06-03,-43.47826086956522,9.444834855938158,Medical specialties,Health technology
MFC,Manulife Financial Corporation,33.4,USD,-1.276722090261282,-0.8313539192399084,0,56003218874.06264,USD,14.888343618905402,106729900.39999999,USD,628189304.1999999,USD,2026-05-13,-15.492218673017044,-11.48032587184504,Life/Health insurance,Finance
AJG,Arthur J. Gallagher & Co.,217.78,USD,,-4.536886862753691,0.1010193773532918,55991238281,USD,37.889938584129304,430694141.46,USD,2954754323.58,USD,2026-04-23,-44.62779611294463,7.796529593534585,Insurance brokers/Services,Finance
D,"Dominion Energy, Inc.",62.91,USD,-0.379506641366227,-0.5218216318785664,-0.22254013670321643,55284406250,USD,18.328283416851182,212754636.98999998,USD,1878832251.09,USD,2026-04-30,-43.638170974155074,-6.384379113646337,Electric utilities,Utilities
VST,Vistra Corp.,163.62,USD,-1.2457611093602348,3.1326820044122274,-0.5011612272338304,55132453125,USD,74.74304508702207,672310816.74,USD,5097701524.32,USD,2026-05-13,-64.2638036809816,-56.55890003716091,Electric utilities,Utilities
ADSK,"Autodesk, Inc.",260.75,USD,-0.4023142649143689,-0.09195754626614396,-0.38350910834132307,55018250000,USD,49.84230144318074,470303302,USD,3565928866.5,USD,2026-05-21,-7.871720116618077,5.879180151024811,Packaged software,Technology services
TGT,Target Corporation,120.14,USD,-1.7302756850732706,-0.5381240168888201,-0.3079740302979895,54400164062.00001,USD,14.767196027336643,721499808.88,USD,6079825023.52,USD,2026-05-20,51.814223512336724,20.510486743173722,Specialty stores,Retail trade
COIN,"Coinbase Global, Inc. - 3",199.79,USD,0.3904269343879983,1.3031132745157656,-1.0875419190149633,54322845827.61001,USD,45.513360821924046,2410381439.25,USD,18169282001.21,USD,2026-05-07,-254.13938670957478,-51.92656439507696,Investment banks/Brokers,Finance
CAH,"Cardinal Health, Inc.",222.28,USD,-0.35815961061621876,2.066305445862797,0.2789274788554996,52306042969,USD,31.988717314029966,568058323.44,USD,2966257470.92,USD,2026-04-30,3.7777777777777777,2.527769532409505,Medical distributors,Distribution services
MPWR,"Monolithic Power Systems, Inc.",1062,USD,-2.310127448297432,3.7960827241096244,-0.6591337099811676,52163316406,USD,83.34052688163604,970129566,USD,4304853108,USD,2026-04-30,-4.564883269573802,1.8962907094099646,Semiconductors,Electronic technology
NXPI,NXP Semiconductors N.V.,205.25,USD,-1.7747100228016368,1.7398631902448651,-0.04384896467722456,51865207031,USD,25.828981312527528,758777025.75,USD,3555136071,USD,2026-04-28,-27.89223454852454,5.105578316775169,Semiconductors,Electronic technology
ZTS,Zoetis Inc.,122.36,USD,-0.9717532734909057,0.7658733426665507,0.040863027133047694,51651546875,USD,20.319505795609288,451425929.36,USD,2897886752.6,USD,2026-04-30,-16.36615811373093,-0.5416666666666667,Pharmaceuticals: major,Health technology
AME,"AMETEK, Inc.",225.07,USD,,1.3920172988557542,0,51535902344,USD,35.16169348539291,389671568.45,USD,2668452877.14,USD,2026-05-05,7.3192861912249345,5.590442138789131,Electrical products,Producer manufacturing
XEL,Xcel Energy Inc.,82.1,USD,,-0.5089675230247234,0,51220285156,USD,23.98761175714369,294449761.7,USD,2037696631.1,USD,2026-04-23,8.206106870229007,-9.04676718630207,Electric utilities,Utilities
FNV,Franco-Nevada Corporation,263.02,USD,,1.258902791145325,0.5626948521025087,50704234023.93044,USD,55.01420994746104,259875595.89999998,USD,1458655789.9599998,USD,2026-03-10,13.109322384787331,28.435419174221437,Precious metals,Non-energy minerals
CCJ,Cameco Corporation,116.14,USD,-2.6167031363967945,5.889861415025523,-0.542448768727394,50568185406.7238,USD,117.8085029783215,384050242.18,USD,2791736039.06,USD,2026-05-01,,98.19065266080497,Other metals/Minerals,Non-energy minerals
EXC,Exelon Corporation,49.14,USD,-0.20259319286872252,-0.4457050243111808,0,50264941406,USD,17.96775019196314,367493784.84000003,USD,3287274796.26,USD,2026-05-06,-32.114285714285714,-19.284116331096197,Electric utilities,Utilities
NDAQ,"Nasdaq, Inc.",88.05,USD,-1.7527988239285437,-0.42971842135023136,0,50051484375.00001,USD,28.471189290564574,414137187.59999996,USD,2223814221.2999997,USD,2026-04-22,22.69503546099291,6.230847803881511,Investment banks/Brokers,Finance
EA,Electronic Arts Inc.,199.27,USD,-0.5000000000000047,0.6414141414141465,0,49868058594.00001,USD,74.81509292284588,666408697.5,USD,3295451736.67,USD,2026-05-05,-35.76642335766424,3.6235803136830715,Packaged software,Technology services
TRI,Thomson Reuters Corp,111.52,USD,0.48447873676655867,0.053830970751841276,-0.15243902439024545,49608833426.91064,USD,32.849579677374244,343882848.96,USD,2185312910.08,USD,2026-05-05,-19.401969749303888,15.770777205207128,Internet software/Services,Technology services
CARR,Carrier Global Corporation,58.72,USD,-2.039417309340197,0.63410454155955,0,49080753906,USD,34.387444366362146,440492249.12,USD,2045884483.04,USD,2026-04-23,-86.97788697788698,-13.29987452948557,Industrial machinery,Producer manufacturing
EW,Edwards Lifesciences Corporation,84.26,USD,-1.8618324350808377,3.2092111709946156,0,48938207031,USD,46.64784365830704,400964354.56,USD,2542140125.1400003,USD,2026-04-29,-78.0962128966223,1.0623913463395789,Medical specialties,Health technology
F,Ford Motor Company,12.19,USD,-1.8106995884773713,0.3292181069958777,-0.24692370795733493,48631698486,USD,,848437591.85,USD,5949574214.25,USD,2026-04-29,-552.1454842664486,-9.189852376617722,Motor vehicles,Consumer durables
IDXX,"IDEXX Laboratories, Inc.",610.45,USD,-1.382291546818752,0.335300208740829,0.16381358014579409,48606492187.99999,USD,46.671202923592105,291598535.1,USD,1974380266.3500001,USD,2026-05-06,-9.621645242343687,-1.3264099439125836,Medical specialties,Health technology
KEYS,Keysight Technologies Inc.,282.02,USD,-1.5123150901148934,3.5201703189810134,0.3013970640380196,48367132812.00001,USD,50.928199942213226,503640622.65999997,USD,3090796215.8599997,USD,2026-05-19,22.707423580786028,12.755461592670894,Electronic equipment/Instruments,Electronic technology
FIX,"Comfort Systems USA, Inc.",1372.4,USD,-2.66289306209247,7.2975466358106855,-0.448120081608867,48274128905.99999,USD,47.498079172694496,824168744.4000001,USD,4262660676.0000005,USD,2026-04-29,13.439294960821632,7.96003539824453,Engineering & construction,Industrial services
ETR,Entergy Corporation,104.65,USD,-1.8408787010506262,-0.04775549188156366,0,47405386719,USD,26.74828749616604,303928297.40000004,USD,1589182458.5,USD,2026-04-29,-65.56132091680699,-22.3785610722297,Electric utilities,Utilities
FER,Ferrovial SE,65.93,USD,-2.4032648125755793,-0.3476420798065142,0,47353099790.98054,USD,45.51163239012113,113025447.25000001,USD,550069549.48,USD,2026-07-28,,,Engineering & construction,Industrial services
COHR,Coherent Corp.,252.32,USD,0.06787714237230467,7.042253521126758,1.0264743183259368,47305421875,USD,249.72288202692005,2671980488,USD,14210868545.44,USD,2026-05-13,-35.181069940666845,6.5924149697289325,Semiconductors,Electronic technology
BDX,"Becton, Dickinson and Company",165.46,USD,-0.8197702249880352,-0.9932982288176141,0,47113382812,USD,27.025790960913383,480682147.96000004,USD,2446211436.2200003,USD,2026-04-30,-22.515212981744423,-10.831918505942276,Medical specialties,Health technology
GRMN,Garmin Ltd.,242.63,USD,,-0.349104649252503,0,46701625000,USD,28.23380189908769,213751449.51,USD,1474294367.41,USD,2026-05-06,31.63875851250577,19.992873684073814,Telecommunications equipment,Electronic technology
TER,"Teradyne, Inc.",296.44,USD,-3.1312946346822965,8.56619666727705,-0.48576440426393125,46409449219.00001,USD,85.11053689348263,1936853881.72,USD,7682081040.2,USD,2026-04-28,115.14244132554914,40.67536823494235,Electronic production equipment,Electronic technology
MSTR,Strategy Inc,138.95,USD,1.9995506627724016,4.0590129558900525,-1.043540842029499,46374903809,USD,,2839014311.35,USD,19939661536.899998,USD,2026-05-04,-546.5545718816068,-4.430768274393702,Internet software/Services,Technology services
LITE,Lumentum Holdings Inc.,640.69,USD,3.482916696511699,14.728529474965976,0.3605487833429498,45745265624.99999,USD,195.90569960861058,5011951290.6,USD,29038324106.730003,USD,2026-05-12,1761.904761904762,24.672161858373936,Electrical products,Producer manufacturing
UI,Ubiquiti Inc.,752.49,USD,,0.41232986389111714,0,45541292969,USD,51.27700170357751,59819192.55,USD,414325508.94,USD,2026-05-08,12.379495468452346,11.051646762690915,Telecommunications equipment,Electronic technology
DDOG,"Datadog, Inc.",128.56,USD,-1.3916500994035785,2.2345924453280337,-0.06222775357810555,45327180419.99999,USD,434.0310600945307,612480923.84,USD,3997945252.64,USD,2026-04-30,37.426589936550094,7.626367496903407,Packaged software,Technology services
CIEN,Ciena Corporation,318.54,USD,-2.2402012441785466,8.284325390080568,-0.4803164437747314,45041054687.99999,USD,202.28614974280816,977999027.7,USD,7357149553.8,USD,2026-06-04,671.1170403817538,5.551692919442833,Telecommunications equipment,Electronic technology
AXON,"Axon Enterprise, Inc.",559.06,USD,-1.0487622166861172,-2.6044842424348085,-0.43108074267519914,44947125000,USD,366.57268375844205,443010325.1999999,USD,3058754229.7,USD,2026-05-12,,12.113429987856033,Aerospace & defense,Electronic technology
RBLX,Roblox Corporation,62.65,USD,-1.7314654493939894,-1.3851723595151937,-0.8122905027932914,44400404297,USD,,700641012.4,USD,3158052930.2,USD,2026-05-13,-23.61809831550781,4.07275128967393,Packaged software,Technology services
ALNY,"Alnylam Pharmaceuticals, Inc.",323.59,USD,-2.048899145512396,0.913740410403527,0,42915519531,USD,143.3653803553232,349841885.92999995,USD,2094890595.36,USD,2026-04-30,-25.754329228465373,-12.168922024041134,Pharmaceuticals: major,Health technology
BE,Bloom Energy Corporation,151.32,USD,-0.3402618536874088,11.931355869516972,-0.5418979645783725,42452558594,USD,,1961780422.6799998,USD,10048479806.039999,USD,2026-05-06,,49.828724896348696,Electronic production equipment,Electronic technology
ROK,"Rockwell Automation, Inc.",375.55,USD,-2.387583484303595,1.5466565719384655,1.9757688723206008,42196011719,USD,42.96959919449879,458217568.2,USD,2568392083.25,USD,2026-05-05,118.70503597122301,-9.071274298056156,Electrical products,Producer manufacturing
ESLT,Elbit Systems Ltd.,902.58,USD,-0.3183284551455998,-3.5849338774114927,-1.3937822686077734,41936482706.375435,USD,85.58579867364827,263181497.04000002,USD,1739111903.3400002,USD,2026-03-17,1.7647931896209814,-6.588014011618464,Aerospace & defense,Electronic technology
PEG,Public Service Enterprise Group Incorporated,84.04,USD,,0.8278344331133917,-0.047596382674924144,41914101562.00001,USD,19.922717682478723,254108218.32000002,USD,1589256152.44,USD,2026-05-05,-49.356913183279744,-4.479949874686716,Electric utilities,Utilities
EBAY,eBay Inc.,92.91,USD,-0.9923417107108052,0.21572645885018105,-0.010763104079206658,41623679688,USD,21.39255370587829,393048415.11,USD,2550826768.74,USD,2026-05-06,-16.455696202531644,4.044630404463041,Internet retail,Retail trade
ALC,Alcon Inc.,81.85,USD,-1.6721996803147663,0.6393704660027002,-0.3543066585216763,40900446497.31977,USD,39.117566577477014,121639003.85,USD,766757458.4499999,USD,2026-05-05,-8.12299276467307,4.337234534272614,Medical specialties,Health technology
RKLB,Rocket Lab Corporation,71.48,USD,-1.1838539438025935,1.9540721723006769,-0.8813654168998456,40561000000,USD,,1317669753.92,USD,7759836348.080001,USD,2026-05-13,-189.8723777181355,15.844725303069385,Aerospace & defense,Electronic technology
CBRE,CBRE Group Inc,136.94,USD,,0.08039172696045108,0.043814809405580746,40419011719,USD,35.559594910412876,353097188.14,USD,1875374402.28,USD,2026-04-23,14.600550964187327,13.365178397348412,Real estate development,Finance
ED,"Consolidated Edison, Inc.",111.8,USD,-0.22265764161026008,-0.4275026718917029,0.1788908765652977,40393644531,USD,19.77780922728559,252193520.79999998,USD,1678104919.3999999,USD,2026-04-30,-56.83139534883721,-11.810154525386315,Electric utilities,Utilities
PCG,Pacific Gas & Electric Co.,18.17,USD,1.980198019801977,-0.055005500550044065,-1.4859658778206004,39937078125.00001,USD,15.592551274349955,390388010.02000004,USD,2533095744.11,USD,2026-04-23,-21.176470588235293,8.863999999999999,Electric utilities,Utilities
TTWO,"Take-Two Interactive Software, Inc.",214.63,USD,-1.0874704491725822,1.4799054373522438,-0.06056935190793247,39744210937.99999,USD,,402789038.21,USD,2657483412.48,USD,2026-05-14,30.61986557132188,-4.216935392941707,Packaged software,Technology services
CRWV,"CoreWeave, Inc.",74.41,USD,-2.109878065488412,1.9454719824633537,-0.6719526945303052,39116455565.99999,USD,,1603545173.3,USD,10804097310.859999,USD,2026-05-20,-310.44640586974685,15.192177483886285,Packaged software,Technology services
KGC,Kinross Gold Corporation,32.52,USD,-3.533026113671271,-0.09216589861749319,-0.15375153751538825,39017498921.50024,USD,16.352274248356053,407111603.64000005,USD,2292760096.5600004,USD,2026-04-29,59.15229253798003,15.277276625058159,Precious metals,Non-energy minerals
NUE,Nucor Corporation,169.47,USD,-2.2103703703703643,0.426666666666666,0,38600964844,USD,22.490444845525005,242450052.39,USD,1502533391.31,USD,2026-04-16,-37.85123966942149,-9.787583616946367,Steel,Non-energy minerals
WDAY,"Workday, Inc.",148.14,USD,-1.152012711864394,-1.9200211864406818,-0.027001485081674124,38079239258,USD,57.329721362229094,808999502.5799999,USD,4957432215.12,USD,2026-05-21,-42.46031746031746,4.240428159736517,Information technology services,Technology services
WEC,"WEC Energy Group, Inc.",115.59,USD,,-0.15548069448042898,0,37628171875,USD,23.916821849782743,250897804.56,USD,1610208809.73,USD,2026-05-04,16.678939617083945,20.584600760456272,Electric utilities,Utilities
ROP,"Roper Technologies, Inc.",363.06,USD,-0.5904761904761948,-1.2081632653061218,0,37368863281,USD,25.567245531753073,481541726.52,USD,3177995970.78,USD,2026-04-28,7.503136762860728,2.037174721189591,Packaged software,Technology services
MLM,"Martin Marietta Materials, Inc.",612.52,USD,,0.41476089771963026,0,36942335938,USD,32.584317480583046,409122321.15999997,USD,2327048620.2799997,USD,2026-05-05,-32.608695652173914,-16.901408450704224,Construction materials,Non-energy minerals
HEI,Heico Corporation,310.29,USD,-0.9877193560069799,2.15981299180193,0,36862179688,USD,61.35972631454054,236456494.50000003,USD,1553924252.46,USD,2026-06-02,1.004800951693079,-2.549092078706081,Aerospace & defense,Electronic technology
HEI.A,Heico Corporation,234.09,USD,0.0214721291763218,0.528214377737692,0,36862179687.99999,USD,46.29120607486801,114596886.78,USD,530447705.91,USD,2026-06-02,1.004800951693079,-2.549092078706081,Aerospace & defense,Electronic technology
RMD,ResMed Inc.,252.93,USD,,0.023727607070827807,0.28071007788715435,36846437500,USD,25.001235580772388,265377444.09,USD,1436833868.01,USD,2026-04-23,12.640588059770009,6.530935577149139,Medical specialties,Health technology
CPRT,"Copart, Inc.",37.57,USD,-2.0402755696873425,-0.45045045045045495,-0.07985094490285104,36191496094.00001,USD,23.569636135508155,447514829.58,USD,2295435592.19,USD,2026-05-20,-13.123646938179007,-2.887890357826204,Specialty stores,Retail trade
VMC,Vulcan Materials Company (Holding Company),274.33,USD,-1.9200698207207643,-0.24000872759010328,-0.17132650457477142,35822113281,USD,33.81655017689188,512100863.89,USD,2376215735.04,USD,2026-05-06,-32.78207522005868,-16.535020728780275,Construction materials,Non-energy minerals
PAYX,"Paychex, Inc.",98.3,USD,-1.4675260287555674,-2.5285076846802155,0,35286500000,USD,22.277620396600568,441365132.3,USD,2278679324.4,USD,2026-04-01,3.0224075039082856,1.1428571428571428,Data processing services,Technology services
MCHP,Microchip Technology Incorporated,65,USD,-1.9607843137254843,0.35510267098966186,-0.19999999999999302,35173804688,USD,,841863035,USD,3668157675,USD,2026-05-11,50.35971223021583,3.998596983514556,Semiconductors,Electronic technology
GEHC,GE HealthCare Technologies Inc.,75.63,USD,-1.66958395045105,1.8311565908172875,0.09255586407511225,34468351562,USD,16.60482578435462,219792880.79999998,USD,1499606463.48,USD,2026-05-06,32.062780269058294,10.79136690647482,Medical specialties,Health technology
CPNG,"Coupang, Inc.",18.81,USD,-2.045097011012064,-1.363398007341382,0,34388281982,USD,89.02035021296734,515518446.96,USD,3116846983.14,USD,2026-05-12,196.8750000000022,8.716564992961745,Internet retail,Retail trade
ASTS,"AST SpaceMobile, Inc.",89.76,USD,-2.196144174350365,0.3185247275775477,-0.40106951871657687,34290779297,USD,,955052144.6400001,USD,8635281272.640001,USD,2026-05-18,39.80337581587642,268.4442635185562,Specialty telecommunications,Communications
OTIS,Otis Worldwide Corporation,87.57,USD,,-1.8493611297915329,0,34040277344,USD,24.959384352287298,347175118.08,USD,1809554624.0099998,USD,2026-04-29,0,2.872628726287263,Engineering & construction,Industrial services
STT,State Street Corporation,121.93,USD,-1.9816589557171198,0.7352941176470592,0.22143853030426966,33985332031.000004,USD,12.961486536764784,291861036.61,USD,1620383248.15,USD,2026-04-10,-13.13953488372093,-2.4230278739296773,Investment banks/Brokers,Finance
IR,Ingersoll Rand Inc.,86.66,USD,,0.26611130394537746,0,33937617188,USD,59.55604425812658,238183016.82,USD,1445421378.52,USD,2026-05-06,9.012699713232294,6.966751918158555,Industrial machinery,Producer manufacturing
PRU,"Prudential Financial, Inc.",95.93,USD,-0.6383855024711743,-1.2252883031301458,0,33383640625,USD,9.588972631494771,267832530.94000003,USD,1393747592.14,USD,2026-05-05,-36.75751222921034,-12.287567084078713,Life/Health insurance,Finance
NRG,"NRG Energy, Inc.",155.42,USD,-2.4624157594608493,0.7128045619491928,0,33291816405.999996,USD,39.36277986019653,493859483.59999996,USD,5301707555.44,USD,2026-04-30,-56.57894736842105,2.3881778598759733,Electric utilities,Utilities
A,"Agilent Technologies, Inc.",116.64,USD,-0.06083253671677517,1.3643868949335252,0,32962734375,USD,25.71768752480487,374159541.6,USD,2033983833.1200001,USD,2026-05-26,-29.723502304147466,-3.3852767329392797,Medical specialties,Health technology
AMRZ,Amrize Ltd,58.91,USD,-1.4452856159669587,1.3592567102546442,0.008317772873886171,32561675781,USD,27.49719940253921,315831590.96,USD,1379709136.57,USD,2026-04-27,-45.321100917431195,-22.74829931972789,Construction materials,Non-energy minerals
VEEV,Veeva Systems Inc.,195.57,USD,-1.2839531433833031,0.040922809350853795,-0.18919057115099688,32148160156.000004,USD,36.11300895577509,438197466.69,USD,3435681255.39,USD,2026-06-03,3.3873405502893696,3.0465857037902655,Packaged software,Technology services
EME,"EMCOR Group, Inc.",719.18,USD,-2.662264979668168,1.8971648790716766,-0.16407575294084237,32026929688,USD,25.409757872756884,281472668.4,USD,1914076713.78,USD,2026-04-23,47.13836403462741,4.9189950829112155,Engineering & construction,Industrial services
SATS,EchoStar Corporation,109.92,USD,1.7601656626506066,3.463855421686753,0.07278020378456904,31753233397.999996,USD,,695891428.8,USD,3248690546.4,USD,2026-05-07,90.55500752824696,5.028860695611658,Specialty telecommunications,Communications
CHTR,"Charter Communications, Inc.",222.81,USD,-2.5964519462624875,-4.060454702032383,-0.04936941788968791,31668330566,USD,6.143499983456308,382508399.07,USD,2005663206.75,USD,2026-04-24,17.150395778364118,-0.5193095377413692,Cable/Satellite TV,Consumer services
DTE,DTE Energy Company,148.96,USD,,-0.7793245853593469,0,30954449219,USD,21.153381899771368,147431223.52,USD,1524238860.48,USD,2026-04-23,-11.722488038277511,23.076923076923077,Electric utilities,Utilities
CTSH,Cognizant Technology Solutions Corporation,64.65,USD,-1.8412315122245682,-2.4298219136734067,0,30918664062,USD,14.18571992802914,343067552.40000004,USD,2245798188.15,USD,2026-05-06,136.4963503649635,-1.5143120960295475,Information technology services,Technology services
INSM,Insmed Incorporated,143.13,USD,,2.1408691928923145,0,30851943359,USD,,257927273.37,USD,1886917427.46,USD,2026-04-30,11.225308833822945,85.35850276095603,Pharmaceuticals: major,Health technology
CLS,"Celestica, Inc.",267.95,USD,-1.3305546649567255,7.386181468419356,-0.7352117932449974,30805639532.784515,USD,36.87290547585338,731875950.5,USD,3408835516.5499997,USD,2026-04-29,2.5746220652273952,17.50796329644266,Electronic components,Electronic technology
AEE,Ameren Corporation,111.16,USD,,-0.32281205164992777,0,30727351562,USD,20.78028900977698,188673090.76,USD,1248602921.44,USD,2026-04-30,-60.62499999999999,-33.975546498703224,Electric utilities,Utilities
IQV,"IQVIA Holdings, Inc.",178.55,USD,-0.20138689896269835,2.3267809043498207,-0.08401008120974834,30299935547.000004,USD,22.724090972726,353407764.55,USD,1965947272.3000002,USD,2026-04-23,55.2870090634441,6.343010490363503,Biotechnology,Health technology
TDY,Teledyne Technologies Incorporated,654.06,USD,,0.991291458217522,0,30286451172,USD,34.60470136342713,136128199.67999998,USD,1047720400.3199999,USD,2026-04-29,24.875396465790665,4.756644356358438,Aerospace & defense,Electronic technology
SYM,Symbotic Inc.,50.24,USD,-1.2960296235342574,3.353219502160055,-0.5175159235668891,30253112305.000004,USD,,96112888,USD,398567836.48,USD,2026-05-12,,1.8639937780637943,Industrial machinery,Producer manufacturing
FWONA,Liberty Media Corporation - Series A Liberty Formula One,77.57,USD,,0.18080847216839255,0,30149108383,USD,26.298481149986433,15596069.059999999,USD,67653916.61999999,USD,2026-05-01,2461.538461538462,48.294930875576036,Internet software/Services,Technology services
FWONK,Liberty Media Corporation - Series C Liberty Formula One,84.42,USD,-0.7043094186462806,0.7759341052882962,-1.0305614783226777,30149108382.999996,USD,28.620829943043123,195436098.9,USD,1391637529.8,USD,2026-05-01,2461.538461538462,48.294930875576036,Internet software/Services,Technology services
XYL,Xylem Inc.,123.52,USD,-2.427933414535127,0.30044660982540833,-0.21858808290155118,30032826172,USD,31.468460205849382,311201846.4,USD,1495056682.24,USD,2026-05-05,47.57709251101321,5.562913907284768,Industrial machinery,Producer manufacturing
WAT,Waters Corporation,305.67,USD,-0.8395584055001059,1.0345739406359473,0,29986798827.999996,USD,28.39479795633999,283196835.93,USD,2324708077.29,USD,2026-05-12,51.22848720479711,16.56171434215083,Medical specialties,Health technology
TW,Tradeweb Markets Inc.,126.57,USD,,1.5892126173850145,0,29825953125,USD,33.48589872480025,239451834.20999998,USD,1141144488.12,USD,2026-04-29,75.06118664352176,2.4744493686565816,Investment banks/Brokers,Finance
FE,FirstEnergy Corp.,50.96,USD,-1.0621557828481631,0.2360346184106952,0,29451458984,USD,28.877429591431973,230485047.52,USD,1291815819.84,USD,2026-04-23,-111.11111111111111,-8.461909353905495,Electric utilities,Utilities
FTS,Fortis Inc.,57.82,USD,0.7268951194184868,0.0692281066112827,0,29337867010.188763,USD,23.328611878357854,30575216,USD,278403704.74,USD,2026-05-06,4.479703223054502,6.287973741445775,Electric utilities,Utilities
NTRA,"Natera, Inc.",205.22,USD,-1.655478726088932,3.5784585877958937,0,29086085938,USD,,291967109.66,USD,1642478680.44,USD,2026-05-07,,12.380463471595773,Biotechnology,Health technology
VRSK,"Verisk Analytics, Inc.",210.28,USD,,-2.122509774716069,0.05706676811870104,29006421875.000004,USD,32.44010428719088,420577873.8,USD,2852733339.68,USD,2026-05-05,-12.549889135254988,1.3666536509176102,Data processing services,Technology services
HPE,Hewlett Packard Enterprise Company,21.81,USD,-2.129673450070986,3.2181732134406045,1.6506189821183082,28981312500,USD,,756903574.68,USD,2369324486.37,USD,2026-06-02,-42.62295081967213,5.727015866116061,Computer processing hardware,Electronic technology
PPL,PPL Corporation,38.31,USD,-0.5447470817120461,-0.6225680933852008,0.49595405899242423,28782562500,USD,24.129243559866477,281147933.91,USD,2145504083.91,USD,2026-04-30,-16.352201257861633,1.563197856185797,Electric utilities,Utilities
ULTA,"Ulta Beauty, Inc.",642.22,USD,-1.7544945384782054,-0.6374354055141264,-0.34567593659494056,28490271484,USD,24.615184129028304,391957141.52000004,USD,1825237406.5,USD,2026-03-12,-11.499760421657882,2.479998881106442,Specialty stores,Retail trade
DOV,Dover Corporation,211,USD,-2.7108722771327023,1.2378850398234396,0,28456857422,USD,26.569287917899644,281562831,USD,1843041956,USD,2026-04-23,-6.596444986026305,1.0221186317913755,Industrial machinery,Producer manufacturing
CNP,"CenterPoint Energy, Inc (Holding Co)",43.48,USD,-0.22930520522816195,-0.2980967667966121,0,28386855469,USD,27.03475719704035,164132173.72,USD,1306802443.9199998,USD,2026-05-05,-9.897610921501707,26.006036217303823,Electric utilities,Utilities
FTAI,FTAI Aviation Ltd.,276.34,USD,-3.9754177069329835,6.141732283464548,-0.8467829485416425,28345099609,USD,59.90591601812309,566352750.52,USD,3041540631.4399996,USD,2026-04-23,-1.8314956081482865,-0.7504518898437945,Aerospace & defense,Electronic technology
WTW,Willis Towers Watson Public Limited Company,294.67,USD,,-2.729913514227234,0,27859843750,USD,18.06007563081864,218746211.81,USD,1167849698.8200002,USD,2026-04-23,141.7763157894737,28.26561817387506,Insurance brokers/Services,Finance
ES,Eversource Energy (D/B/A),73.85,USD,,-0.7925846319183281,0,27730423827.999996,USD,16.19020476169597,191309089.64999998,USD,1002760187.4499999,USD,2026-05-06,14.625804994708188,4.644160683097224,Electric utilities,Utilities
BIIB,Biogen Inc.,188.24,USD,-0.8005625574728287,1.8229025801914884,0,27625826172,USD,21.377062584462337,122662078.24000001,USD,943517610.88,USD,2026-05-06,-110.48231511254019,-11.161805442398567,Pharmaceuticals: major,Health technology
EIX,Edison International,70.73,USD,-0.30657748049052236,-1.4353400222965456,0.08482963381875055,27216263672,USD,6.117612461835198,405442891.26000005,USD,1769855571,USD,2026-05-05,107.65765765765767,-9.339130434782609,Electric utilities,Utilities
AWK,"American Water Works Company, Inc.",137.73,USD,-0.5018546803403867,0.17455814968359928,0,26886087891,USD,24.174184715835292,366112921.89,USD,1584278853.51,USD,2026-05-06,-37.203166226912934,-12.405237767057201,Water utilities,Utilities
TSCO,Tractor Supply Company,50.67,USD,-1.0366826156299762,1.0167464114832638,0.6512729425695644,26670216797,USD,24.598281469974275,452350395.27000004,USD,2047029896.16,USD,2026-04-23,-12.288828548066084,4.8204861249288795,Specialty stores,Retail trade
FIS,"Fidelity National Information Services, Inc.",51.62,USD,-1.5536997475237992,0.2524762089726072,-1.5497869043006531,26553517577.999996,USD,69.84169936409145,318678444.52,USD,1902745927.08,USD,2026-05-06,93.56060606060606,3.4965034965034967,Packaged software,Technology services
RDDT,"Reddit, Inc.",138.86,USD,-1.355907884353244,-0.38022813688210977,-0.21561284747228854,26527229004,USD,52.17358632350179,1109650394.7,USD,4489614160.42,USD,2026-05-12,54.677461991971136,24.05425782725919,Internet software/Services,Technology services
STLA,Stellantis N.V.,7.07,USD,-2.2377622377622397,-1.1188811188811199,-0.13578500707214597,26490603476.66611,USD,,164694511.73000002,USD,807632301.4200001,USD,2026-07-30,,,Motor vehicles,Consumer durables
DXCM,"DexCom, Inc.",68.74,USD,-1.7914831130690145,0.9397944199706323,-1.4838521966831482,26455607422,USD,32.84437861340723,279950249.03999996,USD,1617036872.9199998,USD,2026-04-23,-5.813953488372093,4.159431075828992,Medical specialties,Health technology
RPRX,Royalty Pharma plc,45.84,USD,-0.7927769213829541,0.9469279894296561,1.548865619546234,26445398926.000004,USD,25.744131191733125,178773249.60000002,USD,1029733670.1600001,USD,2026-05-07,-25.75038946349452,2.085867015925067,Pharmaceuticals: major,Health technology
STLD,"Steel Dynamics, Inc.",182.36,USD,-1.877649909145986,0.4129728539177358,0,26420753906,USD,22.796709753231497,234467728.76000002,USD,1317860829.64,USD,2026-04-22,-34.098864213433735,-8.578056279598153,Steel,Non-energy minerals
GFS,GlobalFoundries Inc.,47.38,USD,-3.519624573378852,1.0665529010238908,0.16884761502743414,26337994140.999996,USD,29.88520247256213,193575159.44,USD,941773207.6,USD,2026-05-12,-19.758064516129032,8.412322274881516,Semiconductors,Electronic technology
CRCL,"Circle Internet Group, Inc.",111.84,USD,3.2371983519717458,9.71159505591525,0.03576537911301148,26303331787,USD,,2405632321.92,USD,17051976607.68,USD,2026-06-03,-37.768034144179865,4.119314533516997,Packaged software,Technology services
ZS,"Zscaler, Inc.",162.62,USD,-0.6461050835060358,-0.8777276606119698,-0.12913540769893492,26147785156,USD,,393840921.76,USD,2830605838.58,USD,2026-05-28,-195.4111063280241,3.506988854376028,Packaged software,Technology services
JBL,Jabil Inc.,247.46,USD,-3.3970716330001234,2.642166825666765,0,26130605468.999996,USD,38.49300791761942,353758917.6,USD,1762767947.16,USD,2026-03-18,-33.02752293577982,0.6422685409597674,Industrial machinery,Producer manufacturing
CW,Curtiss-Wright Corporation,706.46,USD,,3.6336164532265367,0,26046849609,USD,54.88687923425943,205921786.64000002,USD,1264677846.52,USD,2026-05-06,9.74589848756729,8.95233383572834,Aerospace & defense,Electronic technology
HUBB,Hubbell Inc,487.76,USD,-1.422996988590583,3.439793018619835,0,25930103516,USD,29.266770670826833,288119832,USD,1696388795.92,USD,2026-04-28,-12.26969815758526,-0.6456336528221512,Electrical products,Producer manufacturing
PAAS,Pan American Silver Corp.,60.56,USD,-1.4775016789791848,1.6789791806581598,0.06605019815059304,25549296400.50182,USD,23.788319777866747,468635929.44,USD,2647970193.84,USD,2026-05-13,174.99632888247643,41.705961722039305,Precious metals,Non-energy minerals
MTD,"Mettler-Toledo International, Inc.",1248.62,USD,-1.0341834414913396,3.221593022775166,0,25378513672.000004,USD,29.645968322106857,305148993.17999995,USD,1691621635.6599998,USD,2026-04-30,31.390435554247727,9.715072074460581,Medical specialties,Health technology
LPLA,LPL Financial Holdings Inc.,312.8,USD,-3.4793978823829645,-0.2423778543181499,0,25049078125,USD,28.405118006556425,222777098.4,USD,1594622181.6000001,USD,2026-04-23,,8.358851549557478,Investment banks/Brokers,Finance
TECK,Teck Resources Ltd,50.95,USD,-4.056193114364854,0.8112386228729793,0.09813542688910139,24921378132.60295,USD,24.714603327948677,356125622.6,USD,1813300870.45,USD,2026-04-23,96.34453156752149,-8.376888040387914,Other metals/Minerals,Non-energy minerals
CASY,"Caseys General Stores, Inc.",664.54,USD,-0.5717724947336846,-0.009027986758961649,-2.18948445541276,24632458984.000004,USD,40.86987004840128,652969029.52,USD,2257441050.92,USD,2026-06-15,-4.187968702839497,-1.3361196346220123,Specialty stores,Retail trade
DOW,Dow Inc.,34.31,USD,5.078124999999993,3.0949519230769265,0.11658408627222136,24618593750,USD,,977679507.08,USD,3861670785.4,USD,2026-04-23,-2675,-5.143888498947157,Chemicals: specialty,Process industries
PPG,"PPG Industries, Inc.",108.25,USD,-0.9465791940018792,1.4526710402999035,0.04618937644341539,24193302734,USD,15.637866027187496,370860711.25,USD,1729744394.75,USD,2026-04-16,-31.98198198198198,-4.1156295933366,Industrial specialties,Process industries
BRO,"Brown & Brown, Inc.",71.04,USD,-2.9931972789115684,-3.346938775510196,0,24183437500.000004,USD,22.24727546035325,229256949.12000003,USD,1189110215.0400002,USD,2026-04-27,16,0.062266500622665005,Insurance brokers/Services,Finance
BCE,"BCE, Inc.",25.88,USD,0.11511895625480098,-0.6907137375287786,0.07727975270478969,24133769357.935154,USD,5.248499113802688,96116353.11999999,USD,541666329.6,USD,2026-04-30,-86.7304308345502,7.372723500880231,Major telecommunications,Communications
Q,"Qnity Electronics, Inc.",114.25,USD,-2.850917014708553,3.7316143090611944,-1.0940919037199124,23953529297.000004,USD,34.580344441417715,228045056.5,USD,1638617943.25,USD,2026-06-03,-52.60663507109005,-6.739811912225706,Electronic equipment/Instruments,Electronic technology
RGLD,"Royal Gold, Inc.",281.86,USD,-2.801600914808453,0.7218410520297451,0.01773930320017433,23904572266,USD,41.312090521347855,220937934.02,USD,1519371967.2,USD,2026-05-06,-26.188260896991107,48.89751971690179,Precious metals,Non-energy minerals
NBIS,Nebius Group N.V.,94.94,USD,-2.4068062241128305,6.28008507780141,-0.46345060037918445,23897390381,USD,186.26643123405924,947844882.8,USD,5769123755.18,USD,2026-04-29,-108.69565217391468,55.852156057495996,Packaged software,Technology services
CMS,CMS Energy Corporation,77.24,USD,1.399688958009329,0.10368066355624454,0,23667949219,USD,21.92823075176016,221614536.32,USD,1392568688.12,USD,2026-04-23,4.332129963898916,10.489856506679862,Electric utilities,Utilities
MTZ,"MasTec, Inc.",297.81,USD,,4.271559119078459,1.5781874349417375,23495667969,USD,58.70259402349602,291322804.77,USD,1873558149.39,USD,2026-04-30,-11.170795468691647,-0.684354823909968,Engineering & construction,Industrial services
ON,ON Semiconductor Corporation,59.23,USD,-0.791278354141016,4.149815368384033,-0.21948336991388734,23337835938,USD,177.4415817855003,586706200.3399999,USD,2984901536.08,USD,2026-05-04,-28.705882352941174,-1.341156747694887,Semiconductors,Electronic technology
VLTO,Veralto Corp,94.06,USD,-0.636064878617613,-0.28622919537792435,0,23312144531.000004,USD,25.04459887637458,143675615.34,USD,921551627.22,USD,2026-04-28,6.2761506276150625,-0.5698005698005698,Industrial machinery,Producer manufacturing
UTHR,United Therapeutics Corporation,529.17,USD,3.9401037309687084,10.667977246110075,0.2513369994519797,23192296874.999996,USD,18.966598686026213,611537956.3499999,USD,1919272073.1599998,USD,2026-05-06,7.558311189843519,-1.1632270168855536,Biotechnology,Health technology
WWD,"Woodward, Inc.",384.56,USD,,2.8510296870821144,0.11441647597253946,22925876953,USD,48.42897981286285,238419124.24,USD,1563592887.1200001,USD,2026-05-04,-2.8367351387486104,0.11956626583499454,Industrial machinery,Producer manufacturing
ZM,"Zoom Communications, Inc.",77.06,USD,-1.4451612903225866,-0.5677419354838681,-0.7267064624967587,22707029052.999996,USD,12.407619108957123,260030493.4,USD,2431358590,USD,2026-05-25,9.986897774906058,1.3950651916720536,Packaged software,Technology services
LDOS,"Leidos Holdings, Inc.",179.54,USD,1.1861262577997715,0.9275394906965011,-0.8466079982176572,22692541016,USD,16.121617010577733,166390669.94,USD,1370379985.12,USD,2026-05-05,-10.899182561307901,-5.8626090848064445,Packaged software,Technology services
FLEX,Flex Ltd.,61.33,USD,-1.8861625771991246,2.370221999666169,-0.06522093592042907,22549441406.000004,USD,27.45299910474485,246665641.53,USD,1251956581.85,USD,2026-05-13,20.100502512562816,3.7330981775426224,Electronic production equipment,Electronic technology
LH,Labcorp Holdings Inc.,273.61,USD,0,1.4610449809025836,0,22545462891,USD,26.16049488951993,154082650.67000002,USD,776166177.21,USD,2026-05-05,-36.92072003063961,-1.3385716290164165,Medical/Nursing services,Health services
WSM,"Williams-Sonoma, Inc.",188.3,USD,,0.9543212524126105,0,22479388672,USD,20.70186239802986,286489223.3,USD,1343106051.7,USD,2026-03-18,-2.4115171149045493,2.507349898734729,Specialty stores,Retail trade
STE,STERIS plc (Ireland),227.72,USD,-1.3014619756192791,-1.210359637325926,0.7026172492534667,22333644531,USD,31.505693216563593,270028554.24,USD,1283455196.92,USD,2026-05-20,0.5211047420531527,2.4583989591179893,Medical specialties,Health technology
VRSN,"VeriSign, Inc.",242.38,USD,-0.2912462055952121,-0.5742882927229492,0,22226246093.999996,USD,27.51504143489613,160795619.14,USD,1090797983.94,USD,2026-04-23,-3.101503759398496,1.4793605344786447,Internet software/Services,Technology services
DGX,Quest Diagnostics Incorporated,201.58,USD,,1.189699312283522,0,22146851562,USD,23.0043251509238,165219201.18,USD,945380366.1600001,USD,2026-04-28,0.823045267489712,-0.35511363636363635,Services to the health industry,Health services
MDB,"MongoDB, Inc.",271.74,USD,-1.467815284504761,0.4695530003327474,-0.49311842202106126,22117396484.000004,USD,,450101440.32,USD,8019653923.68,USD,2026-05-28,,10.62582264459048,Packaged software,Technology services
BR,"Broadridge Financial Solutions, Inc.",189.01,USD,-1.9097927671678134,-3.997358797236898,0.0105814507168987,22066673827.999996,USD,20.92137741717676,463377672.03999996,USD,1562654917.78,USD,2026-05-05,72.0677146311971,7.833144582861457,Information technology services,Technology services
MRNA,"Moderna, Inc.",55.74,USD,1.1233815689261164,6.130997715156129,-0.10764262648009018,22013923827.999996,USD,,771100749.9,USD,4571078373.78,USD,2026-04-30,-313,-33.267716535433074,Biotechnology,Health technology
RCI,"Rogers Communication, Inc.",40.63,USD,,0.9942828734775186,1.2704897858725024,21841748031.317993,USD,4.3839266479019505,36530270.480000004,USD,228454201.48000002,USD,2026-04-29,-86.90380338541289,17.04712458566241,Wireless telecommunications,Communications
TEAM,Atlassian Corporation,82.04,USD,-0.8729968906960104,-1.8895001195886132,-0.41089712335446926,21714281738,USD,,440885093.04,USD,3516283952.1600003,USD,2026-04-30,17.784846732855744,10.733424870678187,Packaged software,Technology services
CHRW,"C.H. Robinson Worldwide, Inc.",181.94,USD,,1.2803384546871586,-0.3737495877761937,21581875000,USD,37.644575945045624,260398350.07999998,USD,2051354396.3,USD,2026-04-29,-16.360814052654508,-5.4198778489699535,Air freight/Couriers,Transportation
HUM,Humana Inc.,178.53,USD,-0.9210159084566037,-0.34607870499581606,0,21529998047,USD,18.202116596317367,311937970.74,USD,1616249407.41,USD,2026-04-29,-508.2051282051282,-0.4104260467395632,Managed health care,Health services
LYB,LyondellBasell Industries NV,66.82,USD,2.01162270898524,-0.4321263597079515,-1.575725830589635,21527398438,USD,,1138558742.62,USD,4928775369.959999,USD,2026-04-24,84.17508417508418,-8.230878736896596,Chemicals: specialty,Process industries
AGI,Alamos Gold Inc.,51.16,USD,-3.1372155958704977,2.5558785205973713,0.07818608287726007,21481101399.5036,USD,24.144416913181036,193608829.64,USD,1358180280.84,USD,2026-04-29,61.634935612660435,27.79009482332968,Precious metals,Non-energy minerals
ATI,ATI Inc.,156.7,USD,-2.4096875208208464,4.404024252115388,1.4358647096362478,21457916016,USD,54.93812011359253,394989145.7,USD,2309368913.8999996,USD,2026-04-30,-12.181818181818182,4.584629053753887,Other metals/Minerals,Non-energy minerals
CRDO,Credo Technology Group Holding Ltd,115.98,USD,-2.585814440498956,5.59956296093964,-0.1551991722710871,21392503906.000004,USD,64.32255559869115,843437642.64,USD,7800633987.18,USD,2026-06-03,90.16167287864853,51.854850444171674,Information technology services,Technology services
TU,Telus Corporation,13.67,USD,-0.21897810218977637,-0.21897810218977637,1.8288222384784198,21338869195.10334,USD,25.864308759982165,120688602.4,USD,580476345.74,USD,2026-05-01,-39.92937334380491,4.683206041825059,Wireless telecommunications,Communications
CNC,Centene Corporation,43.32,USD,-1.4891179839633415,-0.7560137457044634,-0.27700831024930156,21303519531,USD,,169589872.44,USD,992852422.92,USD,2026-04-28,83.39616950686171,0.07043670758703964,Managed health care,Health services
ROIV,Roivant Sciences Ltd.,29.53,USD,-0.5583738707435791,2.6059763724808893,0,21134654297,USD,,260193348.09,USD,1290476532.78,USD,2026-07-01,-134.22598860102715,27.243793761935077,Pharmaceuticals: major,Health technology
FSLR,"First Solar, Inc.",195.38,USD,-0.8879023307436217,3.2609270123143532,-0.4316716142901027,20966423828,USD,13.75082696395141,382119710.26,USD,2261639360.34,USD,2026-04-23,14.243008446231231,5.513099615263071,Semiconductors,Electronic technology
THC,Tenet Healthcare Corporation,240.59,USD,,1.5361890694239355,0.5860592709588913,20922427734,USD,15.532056372216735,263551669.01,USD,1437447539.43,USD,2026-05-05,8.47953216374269,4.499905464170921,Hospital/Nursing management,Health services
ALAB,"Astera Labs, Inc.",122.31,USD,-2.9949664429530265,2.6090604026845634,-0.9484097784318506,20818935547.000004,USD,100.34457297563377,726491434.0500001,USD,4012195718.07,USD,2026-05-12,-50.631077551199596,17.351404098449528,Semiconductors,Electronic technology
PSTG,"Everpure, Inc.",62.87,USD,-0.7389162561576285,3.234811165845647,-0.04771751232701453,20757892577.999996,USD,115.31548055759353,187860023.76999998,USD,1388929949.78,USD,2026-06-03,82.92157792942379,9.7931158905618,Computer peripherals,Electronic technology
CSGP,"CoStar Group, Inc.",48.42,USD,0.02066969822240184,0.08267879288962204,0,20326390624.999996,USD,2848.235294117647,272745356.94,USD,1536746454.9,USD,2026-04-28,,7.9654510556621885,Internet software/Services,Technology services
ALB,Albemarle Corporation,169.57,USD,-2.5846940661778195,4.485797030008011,0.17874624049065319,19983353516,USD,,410478438.14,USD,2414324772.68,USD,2026-05-06,-157.74391078696155,9.19095692173824,Chemicals: specialty,Process industries
NTAP,"NetApp, Inc.",100.61,USD,-2.246190381951312,-0.4452800316643606,-1.0635125733028459,19853412109.000004,USD,16.829480445619083,187367612.76,USD,1303177887.87,USD,2026-05-28,9.508196721311474,0.528169014084507,Computer peripherals,Electronic technology
EXAS,Exact Sciences Corporation,103.71,USD,0.08695652173913374,0.20289855072463162,0.2796258798573004,19797015625,USD,,330364989.99,USD,1484540305.11,USD,2026-05-13,-338.6802082270083,3.2491751289173294,Medical specialties,Health technology
RVMD,"Revolution Medicines, Inc.",99.79,USD,0.5995934959349483,1.4126016260162606,0,19775724609,USD,,149487615.38,USD,1070054257.19,USD,2026-05-11,-19.55597203200461,,Pharmaceuticals: other,Health technology
CRS,Carpenter Technology Corporation,395.8,USD,-1.3226214770995335,2.2448399679677604,0.05053057099544938,19714685547,USD,45.97407424615528,281455754.8,USD,1477736319.4,USD,2026-04-23,-14.122448979591837,-0.7768842851301622,Other metals/Minerals,Non-energy minerals
IOT,Samsara Inc.,34.16,USD,-0.7352941176470532,-3.3936651583710487,-0.4391100702576071,19710458984,USD,,529731144.31999993,USD,2974457473.12,USD,2026-05-28,183.77543136749935,6.808341847466795,Packaged software,Technology services
RIVN,"Rivian Automotive, Inc.",15.87,USD,-1.8295380611580894,3.253090435914119,-0.504095778197858,19694507389,USD,,407239736.72999996,USD,2342596869.63,USD,2026-05-12,30.861040068201195,-17.458279845956355,Motor vehicles,Consumer durables
RBA,"RB Global, Inc.",105.79,USD,1.8811786159900261,1.5356560130530843,0,19666359067.241436,USD,50.75676859429286,139493953.47,USD,904607856.83,USD,2026-05-07,17.636112013466484,13.093013334078371,Internet software/Services,Technology services
PTC,PTC Inc.,163.42,USD,,0.43635916661543817,0,19446345703,USD,23.86669003388246,189137405.39999998,USD,1195388047.82,USD,2026-04-29,-53.07078359092292,-23.2681990836825,Packaged software,Technology services
SNA,Snap-On Incorporated,373.57,USD,,0.38426398667168454,-0.24359557780334828,19393185547.000004,USD,19.46548975061746,133784009.11,USD,781445680.24,USD,2026-04-16,-1.7709118311981804,3.7154578527749824,Tools & hardware,Consumer durables
EXPD,"Expeditors International of Washington, Inc.",145.24,USD,-0.5855917200054567,-1.103091379545148,0,19390074219,USD,24.412545802938112,315816101.32,USD,1386614122.96,USD,2026-05-12,-9.695576272406594,-1.340253444942242,Air freight/Couriers,Transportation
INCY,Incyte Corporation,97.1,USD,-0.041692724619545596,1.2090890139670594,0,19324306641,USD,15.163819221038821,147706189.6,USD,879137185.5999999,USD,2026-05-05,-29.44345296332358,10.3116443871799,Pharmaceuticals: major,Health technology
TWLO,Twilio Inc.,126.66,USD,-1.5855658829961736,-1.070061704288061,-0.047370914258646986,19190763672,USD,642.6179604261796,252380056.14,USD,1516171750.62,USD,2026-04-30,-223.10459621993127,5.039057153095735,Packaged software,Technology services
SMCI,"Super Micro Computer, Inc.",31.98,USD,-1.9482593420632368,2.1398914084956937,-0.40650406504064734,19155681641,USD,23.748700430714393,886016325.48,USD,5198056958.64,USD,2026-05-05,138.02715631220846,152.75053360144605,Computer processing hardware,Electronic technology
EVRG,"Evergy, Inc.",83.13,USD,0.05998080614203114,-0.2759117082533637,0,19143306641,USD,22.652460624557197,211612402.79999998,USD,1149101085.33,USD,2026-05-01,-82.25263157894737,-26.04265270894816,Electric utilities,Utilities
ILMN,"Illumina, Inc.",124.28,USD,-1.634809821858451,-0.2728294013801985,0.1367878982941758,19002410156,USD,22.746906801376383,197946472.88,USD,1159918910.8,USD,2026-04-28,122.66666666666666,7.109879963065559,Medical specialties,Health technology
FN,Fabrinet,527.53,USD,-3.142752053618864,7.7955780783848905,0.9516046480768833,18899353516,USD,50.58638512509229,320928678.33,USD,2140657656.6399999,USD,2026-05-11,17.411337906303217,15.822060098473468,Semiconductors,Electronic technology
DD,"DuPont de Nemours, Inc.",45.24,USD,-2.7839151568714056,-0.04418912947414057,0,18499716797,USD,,263732551.68,USD,1278220912.8,USD,2026-05-05,-2.4390243902439024,-44.88932291666667,Chemicals: major diversified,Process industries
APG,APi Group Corporation,42.45,USD,-4.466204919990441,1.3852400286601516,0.09022379269728988,18485110550,USD,,135541873.65,USD,714507405.45,USD,2026-04-30,4.301075268817205,1.5347721822541966,Engineering & construction,Industrial services
LNT,Alliant Energy Corporation,71.61,USD,,0.08385744234801157,0,18413855469,USD,22.783239476949507,153545087.85,USD,1050055598.13,USD,2026-04-30,-49.46619217081851,-12.066115702479339,Electric utilities,Utilities
BWXT,"BWX Technologies, Inc.",200.39,USD,-1.6544588434154535,2.643036418583208,-0.18399121712659805,18324681641,USD,55.96235478105451,205972665.01,USD,1213588091.09,USD,2026-05-11,13.254816943950503,2.243596032673998,Aerospace & defense,Electronic technology
ZBH,"Zimmer Biomet Holdings, Inc.",93.28,USD,,-0.8819466581659741,-0.3001715265866221,18250419922,USD,26.30124626402752,198245838.56,USD,1108204644.8,USD,2026-05-05,-39.62754439151148,12.111521934645749,Medical specialties,Health technology
LII,"Lennox International, Inc.",516.96,USD,-2.0812800742072075,-0.0985564380543782,-1.9382544103992645,17991712891,USD,23.252759510979573,246443620.32000002,USD,1409324978.88,USD,2026-04-27,-42.0260374288039,-16.24614522007289,Industrial machinery,Producer manufacturing
SSNC,"SS&C Technologies Holdings, Inc.",74.4,USD,-1.0423538725425598,-1.8340150415622118,0,17967994141,USD,23.607056733087955,192669290.4,USD,1085666152.8000002,USD,2026-04-23,-8.047619047619047,5.45280612244898,Information technology services,Technology services
RBC,RBC Bearings Incorporated,565.64,USD,-0.7975981624495792,2.30236385668554,0,17884949218.999996,USD,66.52083921347257,97611363.52,USD,651068609.1999999,USD,2026-05-15,12.333333333333334,1.3837030529321326,Metal fabrication,Producer manufacturing
WST,"West Pharmaceutical Services, Inc.",248.06,USD,,0.8948181892133688,0,17865650391,USD,36.51431515419151,165191588.04,USD,1214096181.9,USD,2026-04-23,-5.642857142857142,0.21136391893572049,Medical specialties,Health technology
ENTG,"Entegris, Inc.",117.34,USD,-2.454642475987185,4.35787975809321,-9.66422362365775,17835679688,USD,75.78634631531357,353973945.68,USD,1834744432.92,USD,2026-04-28,-29.929078014184395,2.0815264527320037,Industrial machinery,Producer manufacturing
DKS,Dick's Sporting Goods Inc,195.9,USD,-1.4043092522180027,-0.6844106463878299,0.10209290454312844,17624979491.999996,USD,15.751386990431778,325752315,USD,1447861833.9,USD,2026-03-12,-80.28012438319672,14.291523977298404,Specialty stores,Retail trade
NVT,nVent Electric plc,108.13,USD,-2.565553669119033,1.9901905300886622,0.12022565430501218,17487808593.999996,USD,25.313699784624024,296982397.03,USD,1556950570.01,USD,2026-04-24,-4.376548307184145,1.2049335863377608,Electronic components,Electronic technology
TOST,"Toast, Inc.",29.49,USD,-2.3770221195113863,-2.641135688345991,-0.13563919972871874,17369609741,USD,54.030780505679736,359910675.51,USD,2465127106.83,USD,2026-05-07,-3.8095238095238098,0,Packaged software,Technology services
FTV,Fortive Corporation,56.35,USD,,-1.8121623976302477,0,17347865234,USD,32.519621421976,263066763.05,USD,1137912515.6000001,USD,2026-04-23,237.63636363636365,9.28828741115764,Electronic equipment/Instruments,Electronic technology
HPQ,HP Inc.,18.93,USD,-1.5416238437821206,-2.723535457348413,-0.1584786053882786,17312435547.000004,USD,7.149331520507591,399188968.40999997,USD,1860865170.27,USD,2026-06-03,-31.446540880503143,-1.9088377148291555,Information technology services,Technology services
KTOS,"Kratos Defense & Security Solutions, Inc.",92.47,USD,1.8965517241379377,6.287356321839079,-0.8867740888936879,17269488281.000004,USD,702.6595744680851,486018251.32,USD,4235819617.47,USD,2026-05-06,-32.18390804597701,-0.7192174913693901,Aerospace & defense,Electronic technology
CHKP,Check Point Software Technologies Ltd.,160.85,USD,-0.4236775208812424,-2.644958237501516,0,17268007812,USD,16.691918143705117,151649380,USD,1132260306.35,USD,2026-04-29,-15.110119877232513,9.948339483527416,Internet software/Services,Technology services
BIP,Brookfield Infrastructure Partners LP Limited Partnership,36.89,USD,-0.7978723404255433,-1.8882978723404276,0.027107617240439173,17044007812,USD,41.04361370716511,37053939.160000004,USD,266550281.27,USD,2026-05-06,4.285714285714286,5.506276150627615,Alternative power generation,Utilities
PODD,Insulet Corporation,240.38,USD,,1.421880933293956,0,16921755859,USD,68.66626674665066,223112302.7,USD,1492917008.52,USD,2026-04-30,15.981735159817351,10.97267450092029,Medical specialties,Health technology
HOLX,"Hologic, Inc.",75.59,USD,,-0.1980459466596138,0,16875082031.000002,USD,31.365145228215766,176758597.74,USD,1378484865.01,USD,2026-04-30,-4.378003203416978,-0.16198189614101952,Medical specialties,Health technology
HII,"Huntington Ingalls Industries, Inc.",429.58,USD,-1.2141408962736913,0.10952902519166889,-0.833372130918568,16857873047,USD,27.958346892287665,201258230,USD,1213792466.1399999,USD,2026-04-30,9.655172413793103,8.897243107769423,Aerospace & defense,Electronic technology
TRMB,Trimble Inc.,70.45,USD,-2.9537671232876614,0.5279680365296868,0.7948899929027711,16480326172.000002,USD,40.02613487870008,126858469.60000001,USD,850017997.5,USD,2026-05-06,40.44843049327354,7.6120727918331115,Packaged software,Technology services
MTSI,"MACOM Technology Solutions Holdings, Inc.",218.73,USD,-4.091369090646225,5.4069683388752345,-0.20344717231289408,16407367188,USD,102.83497884344148,497776109.88,USD,1978837186.1999998,USD,2026-04-30,8.082890070921986,3.998162116629004,Semiconductors,Electronic technology
TXT,Textron Inc.,94.14,USD,-0.4844144903117037,-0.8635214827295632,-1.9332908434246943,16395650390.999998,USD,18.412251364196447,128892157.56,USD,786831157.44,USD,2026-04-23,0.4273504273504274,15.907828983897835,Aerospace & defense,Electronic technology
VTRS,Viatris Inc.,14.22,USD,-2.471751412429376,0.4237288135593255,1.195499296765119,16372807617,USD,,126037292.04,USD,998184062.7,USD,2026-05-11,-165.2886115444618,-1.5045188729399255,Pharmaceuticals: major,Health technology
GRAB,Grab Holdings Limited,3.96,USD,-1.884422110552768,-0.5025125628140708,0.25252525252525837,16209689362,USD,64.49511400651465,163410449.4,USD,957861075.6,USD,2026-05-14,362.16216216216213,3.7800687285223367,Air freight/Couriers,Transportation
AA,Alcoa Corporation,61.16,USD,-3.185247275775354,2.531433361274096,-0.5886200130804439,16136439453,USD,13.634438326236708,422143383.64,USD,3146423965.96,USD,2026-04-22,-2.586206896551724,39.77311790993468,Aluminum,Non-energy minerals
FFIV,"F5, Inc.",285.33,USD,,-0.310949619174077,0.15070269512494544,16126643555.000002,USD,23.620424179208264,174026761.62,USD,1015418708.16,USD,2026-05-04,-5.479991390759766,1.5276080435507167,Packaged software,Technology services
MGA,"Magna International, Inc.",57.81,USD,-1.9201359388275319,-1.767204757858962,-0.7092198581560347,16117165938.0569,USD,19.40351246470766,140502869.25,USD,678150899.85,USD,2026-05-01,-100.33668740663806,6.4784382621800525,Auto parts: OEM,Producer manufacturing
GIB,CGI Inc.,75.75,USD,-0.8941485864562692,-0.39447731755423693,0,16097673744.528366,USD,13.94063440740925,36400980.75,USD,238771347.75,USD,2026-04-29,17.54796759202972,3.0508372339169574,Information technology services,Technology services
NXT,Nextpower Inc.,108.13,USD,-1.4887114265996304,6.605540767031439,-1.6924072875242748,16054692383,USD,27.625057483010576,234662212.17999998,USD,1138522612.26,USD,2026-05-20,-10.63931200250578,0.4511371218246972,Electronic equipment/Instruments,Electronic technology
ITT,ITT Inc.,186.31,USD,,0.387951937065574,0.7782727711877993,16030115234.000002,USD,30.49513053441362,152112799.5,USD,1117789202.2,USD,2026-04-30,3.7825059101654728,5.494945450905815,Auto parts: OEM,Producer manufacturing
WSO,"Watsco, Inc.",393.92,USD,-0.4298176454131585,0.18566087642107332,0,15996072265.999998,USD,32.60684220546483,157413583.36,USD,765233719.0400001,USD,2026-04-16,-55.55518731606437,-23.62103623358434,Building products,Producer manufacturing
FIG,FIGMA INC,30.48,USD,-1.7863277224321523,4.706286499484716,-0.5577427821522366,15901906737.999998,USD,,393596622,USD,2193731096.4,USD,2026-06-18,79.34786671102948,10.797197389969106,Packaged software,Technology services
J,Jacobs Solutions Inc.,134.67,USD,,-1.5498208933401598,-1.2177916388208112,15816548828,USD,36.96069821056098,110278704.27,USD,553652610.5999999,USD,2026-05-12,20.272698541694883,4.38116920859,Data processing services,Technology services
EMA,Emera Incorporated,52.18,USD,,-0.286642461303265,0,15810539654.539528,USD,21.0989159718244,10997456.8,USD,110244286.42,USD,2026-05-08,-64.27695014265899,-2.024776425744026,Electric utilities,Utilities
TYL,"Tyler Technologies, Inc.",367.35,USD,,-1.9327798392909454,-0.09527698380291894,15790665039,USD,51.012331278120314,201407351.85000002,USD,1424560156.95,USD,2026-04-29,-22.350194921379725,-3.47385962586364,Data processing services,Technology services
SN,"SharkNinja, Inc.",111.36,USD,-1.7101710171017026,0.23402340234023863,-1.4367816091953973,15728804688.000002,USD,22.55940684318214,291505178.88,USD,1351872314.8799999,USD,2026-05-07,35.22670071902039,28.903351653744245,Electronics/Appliances,Consumer durables
RS,"Reliance, Inc.",302.58,USD,-1.437710215656537,-0.2242300336345073,0,15653454102,USD,22.128773695296044,103417002.72,USD,599982553.62,USD,2026-04-22,-18.913136499786052,-0.23498551833433523,Steel,Non-energy minerals
CDW,CDW Corporation,120.74,USD,,-2.1714470912331927,0,15574685547,USD,14.941220146021532,165965581.79999998,USD,1146685891,USD,2026-05-06,-3.951890034364261,-3.9460382751769094,Information technology services,Technology services
APTV,Aptiv PLC,72.85,USD,,0.20632737276477506,0.013726835964317249,15498720703,USD,95.89311570356719,204863524.79999998,USD,1028943963.2499999,USD,2026-04-30,,-1.1320030698388335,Electrical products,Producer manufacturing
TLN,Talen Energy Corporation,335.11,USD,-1.734464686798104,4.538931869228853,-1.1996657813852132,15312853516,USD,,346407228.32,USD,1814186682.5500002,USD,2026-04-30,-275.3623188405797,-48.32992501704158,Alternative power generation,Utilities
NDSN,Nordson Corporation,271.49,USD,,-0.4947954845330472,0,15144689453.000002,USD,29.343291325306414,156731991.47,USD,561684575.04,USD,2026-05-25,-12.036878272682907,-10.954616796573648,Industrial machinery,Producer manufacturing
HUBS,"HubSpot, Inc.",286.84,USD,-2.4986512004316244,-3.2775829511734647,-0.18128573420721722,15128094727,USD,329.7011494252873,440973473.99999994,USD,2559937427.12,USD,2026-05-06,229.1364296081277,4.567952792096432,Packaged software,Technology services
PNR,Pentair plc.,92.2,USD,-1.4104372355430153,0.0325485515894555,0,15050331054.999998,USD,23.32759842121243,135257215.6,USD,920158950.4,USD,2026-04-28,-9.875203472599022,-0.14677103718199608,Industrial machinery,Producer manufacturing
AKAM,"Akamai Technologies, Inc.",102.11,USD,-1.591750926018624,2.2224446891580727,0.08814024091666184,14794524414.000002,USD,33.20110551129898,294436533.53,USD,2160471664.47,USD,2026-05-07,-39.30798316330171,3.8195386059565797,Data processing services,Technology services
COO,"The Cooper Companies, Inc.",75.82,USD,,-0.9536250816459881,0,14793573242.000002,USD,37.52536500866122,282280362.06,USD,1303222137.58,USD,2026-05-28,54.6099290780142,-3.858430341719876,Medical specialties,Health technology
ROKU,"Roku, Inc.",100.17,USD,-2.9631102714527096,-0.3977329223426385,-0.618947788759114,14767840210.000002,USD,174.29963459196102,304254154.26,USD,2236423868.28,USD,2026-04-23,224.34709011768498,15.220487048977482,Packaged software,Technology services
IEX,IDEX Corporation,197.6,USD,,-0.15159171298636248,0,14691130859,USD,30.790326601844924,154302283.2,USD,740622979.1999999,USD,2026-04-28,0.3912363067292761,2.321611471491977,Industrial machinery,Producer manufacturing
MKSI,MKS Inc.,218.36,USD,-2.37619047619048,3.9809523809523877,0,14684351561.999998,USD,49.957674620787486,447944577.44000006,USD,1917805438.8400002,USD,2026-04-28,45.94594594594595,4.554655870445344,Industrial machinery,Producer manufacturing
GGG,Graco Inc.,88.47,USD,,-0.0903444381705232,0,14627479492,USD,28.68026064122929,87304142.34,USD,455361371.37,USD,2026-04-29,-3.7354317435405586,9.16486000022085,Industrial machinery,Producer manufacturing
LECO,"Lincoln Electric Holdings, Inc.",266.8,USD,,1.785441782389748,0,14622071288.999998,USD,28.628145286764315,89323572.8,USD,490576098.8,USD,2026-04-23,10.922464689956616,1.6585522342995282,Industrial machinery,Producer manufacturing
CDE,"Coeur Mining, Inc.",22.7,USD,-4.372791519434638,0.2650176678445173,-0.2643171806167345,14575614258.000002,USD,24.657831848794263,472180498.09999996,USD,2781943270.9,USD,2026-05-06,-19.434158846280695,22.15809439086395,Precious metals,Non-energy minerals
CSL,Carlisle Companies Incorporated,352.94,USD,,-0.4569043321299652,0,14429552734.000002,USD,20.480354666310763,269099103,USD,823691019.06,USD,2026-04-23,-37.58798686062882,-16.27440789962135,Building products,Producer manufacturing
WMG,Warner Music Group Corp.,27.51,USD,-0.14367816091953717,-1.1853448275862009,0,14369743407.999998,USD,47.554019014693175,47102511.96,USD,310940825.79,USD,2026-05-12,61.111111111111114,-1.4989293361884368,Commercial printing/Forms,Commercial services
NWS,News Corporation,27.71,USD,-1.0830324909747318,0.03610108303249662,0.9018404907975468,14215911133,USD,36.01975822176004,34087013.14,USD,233241055.36,USD,2026-05-07,72.32142857142857,10.167910447761194,Publishing: newspapers,Consumer services
NWSA,News Corporation,24.54,USD,,-0.3249390739236468,0.4074979625101932,14215911133,USD,31.899129078382945,79117647.11999999,USD,501433476.47999996,USD,2026-05-07,72.32142857142857,10.167910447761194,Publishing: newspapers,Consumer services
JLL,Jones Lang LaSalle Incorporated,301.62,USD,,0.7953482154792125,-0.003315430011269447,14131340820,USD,18.37387379155321,135267823.02,USD,696178472.22,USD,2026-05-11,80.29622980251347,16.86993118702384,Real estate development,Finance
HL,Hecla Mining Company,21.08,USD,-1.9617459538989805,3.384011770475712,0.28462998102467874,14130973632.999998,USD,43.53572903758777,432985856.08,USD,2727877910.8399997,USD,2026-05-13,33.44022397394913,9.417593311552904,Precious metals,Non-energy minerals
OKTA,"Okta, Inc.",79.71,USD,-1.842666005946474,-1.2512388503468843,0.24614226571321615,14120326477,USD,60.69905574169967,225392220.63,USD,2454561044.3999996,USD,2026-05-28,46.51162790697674,2.560646900269542,Packaged software,Technology services
KRMN,Karman Holdings Inc.,106.09,USD,0.9747364233140937,5.520190968768646,0.05655575454802741,14038086914,USD,1239.3691588785048,284465482.40000004,USD,1891202988.18,USD,2026-04-14,12.296165711767298,5.812488596575062,Aerospace & defense,Electronic technology
CACI,"CACI International, Inc.",633.21,USD,-0.16233766233766234,2.7938311688311748,0,13984932617,USD,27.107636852447225,251549637.81,USD,972317383.7700001,USD,2026-04-29,-0.7651630478327057,-2.951797564546256,Information technology services,Technology services
GWRE,"Guidewire Software, Inc.",163.3,USD,-1.2301868937781004,-3.4185001182872017,-0.11022657685242301,13824565430.000002,USD,74.298193730379,274710118.6,USD,2608821522.1000004,USD,2026-06-09,91.99565606234829,7.9533668631759955,Information technology services,Technology services
BBY,"Best Buy Co., Inc.",65.96,USD,-2.5044991001799666,-1.0797840431913812,0,13820935547,USD,13.07225811566055,366140200.28,USD,3101155901.7999997,USD,2026-05-27,286.42857142857144,42.82464846980976,Electronics/Appliance stores,Retail trade
PFGC,Performance Food Group Company,87.97,USD,-1.1548136290875726,0.5831237136976962,-0.25008525633738643,13819996094,USD,39.94460336920492,297083750.90999997,USD,1011874309.21,USD,2026-05-13,-34.08119658119658,-3.696437669463992,Other transportation,Transportation
NVMI,Nova Ltd.,433.06,USD,-1.0526827608003269,5.282862908127299,0,13763933594,USD,54.24098196392786,174761796.06,USD,1118698347.46,USD,2026-05-07,5.319027694318985,-0.8833167115868195,Electronic equipment/Instruments,Electronic technology
GEN,Gen Digital Inc.,22.55,USD,-2.388323750552849,-0.26536930561697797,-1.6407982261640843,13657716797,USD,23.26421128649541,118177739.9,USD,716187143.1,USD,2026-05-07,43.28358208955223,1.639344262295082,Packaged software,Technology services
WLK,Westlake Corporation,106.34,USD,-2.2557418354491645,3.0526213780405134,-0.15986458529245975,13601985352,USD,,129263501.12,USD,963696254.0400001,USD,2026-05-05,30.334190231362467,-10.747004933051445,Chemicals: specialty,Process industries
TTD,"The Trade Desk, Inc.",28.56,USD,-1.74180327868853,-2.4590163934426315,-0.21463585434173407,13593914673,USD,31.58593231585932,460697989.91999996,USD,5439513838.08,USD,2026-05-13,61.795632945900806,14.518962502349773,Packaged software,Technology services
RGA,"Reinsurance Group of America, Incorporated",206.38,USD,,-0.3813293430515963,0,13530927734,USD,11.659030692660991,84760266,USD,481873153.53999996,USD,2026-04-30,83.00395256916995,7.238433016282444,Life/Health insurance,Finance
PEN,"Penumbra, Inc.",339.61,USD,-0.014764942121430242,0.28643987715568964,0,13327333008,USD,75.07682104565049,321788286.03000003,USD,1549932834.21,USD,2026-05-05,3.2540184510697694,8.655567616335622,Medical specialties,Health technology
IONQ,"IonQ, Inc.",35.87,USD,-2.4069409459837656,0.3918275958578242,-0.5519933091720112,13151403320,USD,,587750144.81,USD,5017039297.73,USD,2026-05-13,-496.5657833723521,92.64521117232047,Computer processing hardware,Electronic technology
RPM,RPM International Inc.,102.64,USD,-0.7734482083414982,0.4895241824946152,0.7891660171473133,13145688477,USD,19.767732989234055,127746051.92,USD,646849186.24,USD,2026-04-08,-29.205187014820044,-9.643934953303217,Industrial specialties,Process industries
MAS,Masco Corporation,64.24,USD,-1.6336789192585597,0.9110901665095795,0,13079718750,USD,16.667099084139792,199770918.16,USD,985846633.1999999,USD,2026-04-29,-12.698412698412698,-6.4684402712571725,Building products,Producer manufacturing
PINS,"Pinterest, Inc.",19.65,USD,-2.498750624687656,-1.7991004497751273,-0.2544529262086369,13069974609.000002,USD,32.176191255935805,438334554.29999995,USD,2927195163.75,USD,2026-04-23,200.8099187909845,25.74730391105648,Internet software/Services,Technology services
NBIX,"Neurocrine Biosciences, Inc.",129.93,USD,,1.4048232264106855,0.23089355806971673,13040224609.000002,USD,27.83717193358329,111176163.66000001,USD,859303228.98,USD,2026-05-06,-26.634844868735087,1.3335010693168952,Biotechnology,Health technology
LOGI,Logitech International S.A. - Registered Shares,92.4,USD,-2.169668040789759,0.23866348448687227,-1.2012987012987006,13039652898.86051,USD,18.586674351411663,194904309.60000002,USD,635656652.4000001,USD,2026-05-04,47.59765587897456,20.262632352679148,Computer peripherals,Electronic technology
RRX,Regal Rexnord Corporation,195.99,USD,,5.0884718498659565,0,13033252930.000002,USD,46.64984647609074,402099551.67,USD,1616041228.71,USD,2026-05-11,-20.22613065326633,1.7501670006680026,Electrical products,Producer manufacturing
NYT,New York Times Company (The),80.81,USD,-0.8329189457981125,0.45997016409746966,0.4826135379284749,13029697727.000002,USD,38.600429902077856,202477616.81,USD,1381466506.02,USD,2026-05-13,59.02360160201845,14.482014665656424,Publishing: newspapers,Consumer services
EQX,Equinox Gold Corp.,16.51,USD,-3.6680697534576034,-0.7215874924834483,0.06056935190792253,13014534943.688671,USD,68.9338484736309,122112384.68,USD,914930360.8900001,USD,2026-05-05,136.99921305695878,-14.564249936716084,Precious metals,Non-energy minerals
ALLE,Allegion plc,150.22,USD,,-0.09975394028064485,0,12940774413.999998,USD,20.193574405161982,121066053.5,USD,854080917.48,USD,2026-04-23,-21.709129511898247,-3.457297701636127,Tools & hardware,Consumer durables
TSEM,Tower Semiconductor Ltd.,115.46,USD,-1.0941314766253802,4.403653133194674,-1.6975575957041344,12903419922,USD,59.546157813305825,248142821.82,USD,1541951442.84,USD,2026-05-18,49.37459222696993,11.256688073776186,Semiconductors,Electronic technology
AG,First Majestic Silver Corp.,26.14,USD,-1.9949641681193127,1.2589579701723776,0.726855394032126,12890609056.63716,USD,76.80088075978695,550307435.6800001,USD,3561081319.96,USD,2026-05-13,216.43549314364162,67.12128436046646,Precious metals,Non-energy minerals
IREN,IREN Limited,38.84,USD,-0.6539509536784796,5.831062670299728,-0.9011328527291487,12885526445,USD,44.500458295142074,1237305372.48,USD,8146162980.040001,USD,2026-05-13,-140.55102274040973,-22.864147036389767,Data processing services,Technology services
IAG,Iamgold Corporation,21.85,USD,-4.181985294117648,0.4136029411764699,-0.22883295194508335,12865279493.333336,USD,18.84530397966936,154782821.70000002,USD,1023717685.8000001,USD,2026-05-07,199.52378306587735,58.11039760098461,Precious metals,Non-energy minerals
RGC,Regencell Bioscience Holdings Limited,25.9,USD,-10.064239828693795,10.920770877944312,-1.9305019305019304,12807262695,USD,,8182664.699999999,USD,19353956.3,USD,,,,Pharmaceuticals: major,Health technology
BBIO,"BridgeBio Pharma, Inc.",65.64,USD,-0.09179926560587863,0.42839657282741916,0,12725158203,USD,,115847051.4,USD,911115560.52,USD,2026-04-30,-5.537831818455427,27.736536868268434,Biotechnology,Health technology
MLI,"Mueller Industries, Inc.",114.47,USD,,-0.1308672134008076,0,12702083008,USD,16.663027497561757,83358656.58,USD,477800985.15999997,USD,2026-04-28,-26.14367465393061,-10.710375719969123,Metal fabrication,Producer manufacturing
STRL,"Sterling Infrastructure, Inc.",411.38,USD,-3.191516286603734,4.117840601351517,-2.489182750741409,12606374023,USD,43.89645311366255,254935888.42,USD,1408549898.94,USD,2026-05-04,-4.876856919468334,9.665045521241069,Engineering & construction,Industrial services
DRS,"Leonardo DRS, Inc.",47.41,USD,1.846285959639329,1.7818806354658614,0.18983336848766805,12603767578.000002,USD,45.806763285024154,78206587.8,USD,460700416.88,USD,2026-04-30,41.66666666666667,10.416666666666668,Aerospace & defense,Electronic technology
SNX,TD SYNNEX Corporation,155.84,USD,,-0.33893969431476695,0,12564816406.000002,USD,15.626190714930312,84313959.36,USD,503669269.76,USD,2026-03-31,9.53510204263233,11.023698963013844,Electronics distributors,Distribution services
JHX,James Hardie Industries plc.,21.43,USD,-1.6548463356973895,1.323877068557925,-1.4568362109192754,12498833008,USD,80.44294294294293,139789197.23,USD,769716846.75,USD,2026-05-26,,-4.055099830017736,Construction materials,Non-energy minerals
BJ,"BJ's Wholesale Club Holdings, Inc.",95.49,USD,-0.6921487603305804,-1.3533057851239694,-0.08377840611582187,12494648438.000002,USD,21.811329374143444,187212155.57999998,USD,1421387079.57,USD,2026-05-21,-17.228543242354487,4.248655098956408,Specialty stores,Retail trade
ALGN,"Align Technology, Inc.",175.05,USD,-1.7241379310344827,0.6034482758620755,0,12477937500,USD,30.93521365708833,314547695.1,USD,1332725494.95,USD,2026-04-29,139.21202403397177,5.209341844666813,Medical specialties,Health technology
IONS,"Ionis Pharmaceuticals, Inc.",75.36,USD,,1.7828200972447232,0,12448870117.000002,USD,,242294231.52,USD,1185853354.56,USD,2026-05-06,-78.06323188653718,29.531199152623483,Pharmaceuticals: major,Health technology
LSCC,Lattice Semiconductor Corporation,90.63,USD,-2.0301789683003757,6.012399111007136,-1.067637647578054,12396933594,USD,4157.339449541284,182206177.2,USD,1058711292.81,USD,2026-05-05,-373.6220472440945,9.331153589453251,Semiconductors,Electronic technology
JKHY,"Jack Henry & Associates, Inc.",171.59,USD,-1.769190478961776,-0.13967293254961827,0,12383198242,USD,24.632147112444553,194437208.5,USD,1044145740.8000001,USD,2026-05-12,-13.41658216771075,-3.9402051686111257,Packaged software,Technology services
PSKY,Paramount Skydance Corporation,11.19,USD,-3.8365304420350363,-6.6722268557131,0.710455764075078,12350033111.999998,USD,,150780393.54,USD,1186366172.28,USD,2026-05-06,-122.95719844357977,21.575649059982094,Cable/Satellite TV,Consumer services
PNW,Pinnacle West Capital Corporation,101.28,USD,,-1.1323701679031595,0,12245297851.999998,USD,20.034023024884284,137162592.48,USD,946171837.92,USD,2026-04-30,-96.27233741844302,-38.03802957147667,Electric utilities,Utilities
GDDY,GoDaddy Inc.,91.69,USD,-0.6918573709419964,-2.4055348589675414,0,12227238281,USD,14.696265427151786,196468564.12,USD,1388202187.3,USD,2026-04-30,16.43705463182898,0.7112375533428165,Data processing services,Technology services
ENSG,"The Ensign Group, Inc.",209.97,USD,,1.3222023838247403,0,12201940430.000002,USD,35.926084352810335,56679931.71,USD,331497276.48,USD,2026-04-23,13.847144697294977,4.9537760190681155,Medical/Nursing services,Health services
SMMT,Summit Therapeutics Inc.,15.72,USD,-0.7941760423560505,4.03706154864329,-0.2544529262086573,12188858398,USD,,42762298.56,USD,216363037.44,USD,2026-05-07,5.444944412345095,,Biotechnology,Health technology
BSY,"Bentley Systems, Incorporated",40.22,USD,-0.5277707966825856,1.0806735360643371,0,12182429108.000002,USD,47.084991805197845,104431873.52,USD,809853188.48,USD,2026-05-12,2.2036646385048555,4.269216533661386,Information technology services,Technology services
ACM,AECOM,94.08,USD,,0.02126302360195197,0,12163473633,USD,21.591847975764253,101442983.03999999,USD,562490208,USD,2026-05-11,16.658359086830824,-8.252660752207515,Engineering & construction,Industrial services
CRBG,Corebridge Financial Inc.,25.25,USD,,-0.3944773175542462,0.7920792079207893,12162568359.000002,USD,,104386353.25,USD,617732210.5,USD,2026-05-12,465.27777777777777,31.153388822829964,Life/Health insurance,Finance
GNRC,Generac Holdings Inc.,207.11,USD,-2.4164297617880632,1.5145573963336945,0,12152350586,USD,77.06992148252894,208450830.14000002,USD,1196053829.5900002,USD,2026-05-06,-136.9749550339324,-2.0504274677772663,Electrical products,Producer manufacturing
GH,"Guardant Health, Inc.",91.2,USD,,0,0,11962744140.999998,USD,,156156652.8,USD,876787771.2,USD,2026-04-30,-38.57535723914802,6.059669074948328,Medical/Nursing services,Health services
ELAN,Elanco Animal Health Incorporated,23.94,USD,-1.24143835616438,2.482876712328775,0,11902204101.999998,USD,,101196965.52000001,USD,521684105.04,USD,2026-05-13,-711.7647058823529,0.6156552330694811,Biotechnology,Health technology
SOLV,Solventum Corporation,68.6,USD,-0.4610286702204195,-1.1669788214954653,0,11901620117.000002,USD,7.730622732087719,91816572.39999999,USD,513272197.1999999,USD,2026-05-07,-95.02369668246445,-4.675572519083969,Medical/Nursing services,Health services
GMED,"Globus Medical, Inc.",87.81,USD,-1.745120551090696,0.815154994259481,0,11859199097,USD,22.32079308591764,75995691.36,USD,483199111.8,USD,2026-05-12,18.179984197165577,7.460132527488532,Medical specialties,Health technology
SWK,"Stanley Black & Decker, Inc.",75.62,USD,-2.73396424815983,-0.6046267087276469,-0.528960592435871,11727109375.000002,USD,28.583308134260662,210347465.56,USD,999613520.48,USD,2026-04-30,207.7821011673152,-1.900958466453674,Tools & hardware,Consumer durables
SOLS,Solstice Advanced Materials Inc.,73.87,USD,-2.6603852016073186,2.355549397256482,0.6904020576688654,11726681641,USD,,261557566.34,USD,1282342793.1100001,USD,2026-06-03,,1.8575851393188854,Chemicals: major diversified,Process industries
IT,"Gartner, Inc.",166.39,USD,,-1.5443786982248602,0.12681050543903644,11722224609,USD,17.236235562231315,266833652.95999998,USD,1416935143.33,USD,2026-05-05,584.7300393132901,14.994567185802246,Internet software/Services,Technology services
TIGO,Millicom International Cellular S.A.,70.17,USD,-2.266166281755207,1.2846420323325642,4.1712982756163495,11721196289,USD,8.95573820706555,90944319.69,USD,604982654.07,USD,2026-05-07,29.2307692308404,16.338028169077997,Wireless telecommunications,Communications
BMRN,BioMarin Pharmaceutical Inc.,60.88,USD,-0.06544502617800908,-0.39267015706805447,0.11498028909329874,11708646484,USD,34.167695588730496,79205123.52000001,USD,728321442.4,USD,2026-04-29,-51.48646890450169,13.758369642030981,Biotechnology,Health technology
WMS,"Advanced Drainage Systems, Inc.",149.9,USD,-2.265416467045378,2.5939360755595042,-0.6004002668445668,11676547851.999998,USD,24.91730248175668,234514053,USD,895364692,USD,2026-05-14,-39.989872898466196,-18.4654878225172,Miscellaneous manufacturing,Producer manufacturing
UHS,"Universal Health Services, Inc.",190.53,USD,-2.1956916688294927,-1.1004412146379468,-1.9367028814359932,11636456543,USD,8.230415343743925,220534854.93,USD,992692165.86,USD,2026-04-27,19.569011977252067,-0.20459396540121838,Hospital/Nursing management,Health services
DT,"Dynatrace, Inc.",38.89,USD,-0.8910386965376818,-0.9928716904277,0.08408331190537001,11598986328,USD,64.06919275123559,173153913.78,USD,1520634001,USD,2026-05-20,-30.026378771203465,4.378666353480505,Packaged software,Technology services
WTRG,"Essential Utilities, Inc.",40.85,USD,0.09913258983890742,1.2391573729863692,0,11565363281,USD,16.942474389282904,138958750.55,USD,603377049.2,USD,2026-05-11,-14.606731152679755,-7.3675440419337965,Water utilities,Utilities
AEIS,"Advanced Energy Industries, Inc.",305.02,USD,-4.099319072838559,4.8971731205722575,0,11514806641,USD,79.93186582809224,298484336.46,USD,1359686738.9399998,USD,2026-05-06,13.203463203463203,5.633498812864235,Electronic production equipment,Electronic technology
RBRK,"Rubrik, Inc.",57.17,USD,-1.6092356130837882,0,-0.734651040755644,11442606444.999998,USD,,202433310.17000002,USD,1100960536.54,USD,2026-03-12,33.46224812100616,13.007809978700058,Information technology services,Technology services
JAZZ,Jazz Pharmaceuticals plc,185.4,USD,-2.1976814460743914,1.8625350255480548,0,11413288086,USD,,132652958.4,USD,878619684.6,USD,2026-05-06,-19.076655052264808,6.377635517761633,Pharmaceuticals: major,Health technology
AVAV,"AeroVironment, Inc.",227.29,USD,-0.7789382071366494,-1.0922541340295995,-1.0339214219719277,11347652344,USD,,474947456.9,USD,6197693716.2,USD,2026-03-10,74.61332937509277,3.921913626406496,Aerospace & defense,Electronic technology
EVR,Evercore Inc.,285.78,USD,,-1.1210296865268872,-0.03149275666595808,11318458173,USD,20.406735122320445,308953900.2,USD,1230986776.1399999,USD,2026-04-29,41.06361052129227,23.999564051036636,Investment banks/Brokers,Finance
CR,Crane Company,193.38,USD,,1.182503139388861,0.37749508739270776,11153055664,USD,34.94271981496874,48192229.8,USD,368855139.18,USD,2026-05-13,16.28498727735369,2.079002079002079,Aerospace & defense,Electronic technology
GME,GameStop Corporation,24.8,USD,-1.1079195732457923,1.7644645055395967,-0.6471774193548345,11110634765.999998,USD,30.1666463933828,178830816,USD,757973460.8000001,USD,2026-03-31,-54.270462633451956,-15.552355482411025,Electronics/Appliance stores,Retail trade
EQH,"Equitable Holdings, Inc.",39.44,USD,-1.4773306164034599,0.4584819154355571,0,11056917969,USD,,131383198.47999999,USD,753443262.64,USD,2026-05-05,,88.96283971159178,Life/Health insurance,Finance
EXEL,"Exelixis, Inc.",42.37,USD,0.01203514261642906,1.9857985317125904,0.0236016049091459,11003856445,USD,15.220749362359449,134190323.58999999,USD,1053796133.5999999,USD,2026-05-06,26.32013968529482,0.15190169885655494,Pharmaceuticals: major,Health technology
CFLT,"Confluent, Inc.",30.75,USD,-0.03249918752030553,-0.0649983750406226,0,10997567993.000002,USD,,267142254.75,USD,1351543372.5,USD,2026-05-06,-19.161253458438576,5.458522597848079,Packaged software,Technology services
BLD,TopBuild Corp.,386.89,USD,,-0.09038322487346935,0,10886903319.999998,USD,21.138064798120524,216384868.76999998,USD,927758737.99,USD,2026-04-30,-26.514842574494114,6.610090169241392,Engineering & construction,Industrial services
ENLT,Enlight Renewable Energy Ltd.,78.36,USD,-2.522312766783085,1.358168412883194,0.49770290964778025,10874616850.812706,USD,68.6487743991332,12054353.88,USD,83149676.64,USD,,-34.85951653519114,-9.825814567306864,Alternative power generation,Utilities
CHWY,"Chewy, Inc.",26.15,USD,-0.039323633503727924,2.831301612268969,-0.49713193116634424,10852212402,USD,53.995457361139785,299357198.09999996,USD,1547280646.8,USD,2026-03-25,-4.516129032258064,0.39945879775787646,Internet retail,Retail trade
Z,"Zillow Group, Inc.",45.25,USD,-2.613809627532119,-1.4375952951426632,-0.15469613259668571,10851703247,USD,502.21975582685906,251287549,USD,1248240933.75,USD,2026-05-06,-70,-3.2544378698224854,Internet software/Services,Technology services
ZG,"Zillow Group, Inc.",45.14,USD,-2.180552534261478,-1.805525342614745,0,10851703247,USD,500.9988901220866,63205614.82,USD,332146349.32,USD,2026-05-06,-70,-3.2544378698224854,Internet software/Services,Technology services
EHC,Encompass Health Corporation,108.62,USD,,1.561477325853204,0,10798583984,USD,19.600129921686094,120450238.68,USD,580926154.66,USD,2026-04-29,15.451664025356576,4.541455160744501,Medical/Nursing services,Health services
MP,MP Materials Corp.,60.3,USD,-2.3699124162802603,3.554868624420403,-0.49751243781094057,10713346680,USD,,283324856.4,USD,2269535159.7,USD,2026-04-30,,93.64181278359756,Other metals/Minerals,Non-energy minerals
AMKR,"Amkor Technology, Inc.",43.22,USD,-1.6101898582071659,3.869262196587357,-1.388246182323002,10688698242,USD,28.7309712158479,243214283.1,USD,1051375554.6999999,USD,2026-05-04,35.68398518038693,-4.978540167732948,Semiconductors,Electronic technology
MOG.B,Moog Inc.,343.39,USD,,-0.296158648122888,,10655752631.776539,USD,42.470378707299574,272995.05,USD,272995.05,USD,2026-04-24,22.42803465515634,4.880959416206459,Aerospace & defense,Electronic technology
MOD,Modine Manufacturing Company,201.07,USD,-3.737519355010946,7.357573816007262,0.4873924503904204,10602662109.000002,USD,111.63113479902287,291845665.40999997,USD,1628792266.61,USD,2026-05-27,-206.75675675675674,8.9457301393964,Industrial machinery,Producer manufacturing
NTNX,"Nutanix, Inc.",39.73,USD,-0.100426813959325,-0.25106703489832144,-1.3340045305814097,10536876953,USD,43.50635129215944,180073006.86999997,USD,1347077314.81,USD,2026-06-03,65.90762690028343,7.791659707475364,Packaged software,Technology services
ZBRA,Zebra Technologies Corporation,213.78,USD,-2.1170043250626023,-2.6724334167994557,0.02806623631771086,10516202148,USD,26.182806892919697,188335263.06,USD,1136511986.82,USD,2026-05-12,-30.693069306930692,11.194029850746269,Computer processing hardware,Electronic technology
BLDR,"Builders FirstSource, Inc.",94.95,USD,-0.7839347079037842,1.9652061855670084,0.052659294365452504,10501951172,USD,24.38617217998767,313912201.05,USD,1779333660.45,USD,2026-04-30,-74.2613413518107,-14.799844716950972,Home improvement chains,Retail trade
SPXC,"SPX Technologies, Inc.",209.8,USD,,2.531521845371912,0,10464170898,USD,41.63194031035441,74305495.4,USD,374748326.6,USD,2026-04-30,23.93026941362916,7.506747638326586,Building products,Producer manufacturing
DY,"Dycom Industries, Inc.",360.29,USD,-2.0248130618646254,0.9017839639286491,0,10432576171.999998,USD,37.55955173312484,233463596.52,USD,1349144456.03,USD,2026-05-27,-84.68199125652235,0.3970249304655331,Engineering & construction,Industrial services
STN,Stantec Inc,91.27,USD,,0.884271029070407,0,10410895006.786266,USD,29.822129540142306,41752648.01,USD,164625341.85999998,USD,2026-05-13,-36.51069637883008,0.250283854486918,Engineering & construction,Industrial services
DCI,"Donaldson Company, Inc.",88.95,USD,,0.24794319846725893,0,10301675781,USD,27.799481201362628,42143442.6,USD,454755807.6,USD,2026-06-09,-18.788410886742756,-4.180029933718195,Auto parts: OEM,Producer manufacturing
RVTY,"Revvity, Inc.",92.11,USD,,0.8430041602802671,0,10297840820,USD,44.06333716035209,111940822.45,USD,696443617.89,USD,2026-05-04,109.96123700800817,10.459561427228596,Medical specialties,Health technology
WTS,"Watts Water Technologies, Inc.",308.76,USD,0.27436634439507934,0.8492291612228787,0,10294036011,USD,30.350630584580905,46922565.96,USD,307224536.52,USD,2026-05-05,1.824817518248175,2.1906163151871834,Industrial machinery,Producer manufacturing
XP,XP Inc.,19.53,USD,-0.48283261802575034,4.774678111587986,0.10240655401945506,10291180908,USD,,129501242.64,USD,735134296.0500001,USD,2026-05-05,-0.8330223575470787,7.375947278497863,Investment banks/Brokers,Finance
PAG,"Penske Automotive Group, Inc.",155.94,USD,,-0.4278143158163692,0,10254627930,USD,11.560530802876418,62712518.519999996,USD,303861565.2,USD,2026-04-29,-12.629107981220658,0.9603264330175563,Specialty stores,Retail trade
HLI,"Houlihan Lokey, Inc.",146.79,USD,-2.3095758057044597,-2.85884455032759,1.8393623543838253,10243783203.000002,USD,22.544923974811855,133156438.38,USD,444238503.65999997,USD,2026-05-13,4.264588794160009,8.737557851064217,Investment banks/Brokers,Finance
DVA,DaVita Inc.,152.56,USD,,1.1939506500398058,0,10191008789,USD,15.966509680795395,159042274.4,USD,744612712.16,USD,2026-04-30,39.16997046536998,5.834700445321319,Medical/Nursing services,Health services
AES,The AES Corporation,14.19,USD,0,0.2826855123674851,-0.13178294573642743,10111209961,USD,10.782674772036474,208155806.1,USD,2912527838.22,USD,2026-04-30,-51.26676602086439,-7.460459564309161,Electric utilities,Utilities
MOG.A,Moog Inc.,316.08,USD,,-0.2272727272727359,0,10053905396,USD,39.09268558141836,91172643.83999999,USD,378781105.68,USD,2026-04-24,22.42803465515634,4.880959416206459,Aerospace & defense,Electronic technology
TTMI,"TTM Technologies, Inc.",96.8,USD,-3.8789671254692264,10.112615174610399,-0.5165289256198348,10009596680,USD,57.59504968168025,215780945.6,USD,1215091486.3999999,USD,2026-05-06,-4.467062482329657,2.867406368235344,Electronic components,Electronic technology
RYAN,"Ryan Specialty Holdings, Inc.",37.84,USD,,-4.733131923464239,5.073995771670176,9996938477,USD,97.77777777777779,69238458.96000001,USD,333455729.20000005,USD,2026-04-30,-74.32845423837864,-0.5508672303202385,Insurance brokers/Services,Finance
MDGL,"Madrigal Pharmaceuticals, Inc.",433.2,USD,,0.08548390823187038,0,9937594727,USD,,125133285.6,USD,784605775.1999999,USD,2026-05-12,48.70391452841755,11.77123800771405,Pharmaceuticals: major,Health technology
GTLS,"Chart Industries, Inc.",207.2,USD,,0.019308746862324793,0,9917750977,USD,249.9396863691194,821144374.4,USD,2954319552.7999997,USD,2026-04-30,-281.9973718791064,1.690843573870461,Industrial machinery,Producer manufacturing
W,Wayfair Inc.,75.72,USD,-2.493438320209981,-0.6299212598425249,-0.19809825673534823,9900228760,USD,,251768545.68,USD,1593958171.08,USD,2026-04-30,-17.17171717171717,7.058068655758742,Specialty stores,Retail trade
OGE,OGE Energy Corp,47.93,USD,,-0.5601659751037409,0,9885995117,USD,20.62569928565281,70516341.48,USD,452153885.9,USD,2026-04-30,-70.08214440121054,-30.545454545454547,Electric utilities,Utilities
JOBY,"Joby Aviation, Inc.",10.04,USD,-2.1989528795811606,5.130890052356004,3.58565737051794,9832515625,USD,,279462406.03999996,USD,1421198294.6,USD,2026-05-13,69.70884239804998,36.59962789049349,Aerospace & defense,Electronic technology
FLS,Flowserve Corporation,77.12,USD,-1.6135379771743459,1.1675193493375318,0,9814317383,USD,29.39360445172848,198037759.04000002,USD,833333039.0400001,USD,2026-05-04,-113.20463425963877,4.0663843178927035,Industrial machinery,Producer manufacturing
DOCU,"DocuSign, Inc.",48.69,USD,-1.7868145409735008,0,-0.3491476689258464,9751279297,USD,34.0751627125761,171370541.25,USD,1192874325.3,USD,2026-03-17,32.96013974908686,2.2124910695996682,Packaged software,Technology services
AOS,A.O. Smith Corporation,70.46,USD,,-0.7745387973525015,-1.9159806982685132,9743907470.999998,USD,18.315094486756255,102175032.44,USD,637355301.18,USD,2026-04-23,-5,-3.183023872679045,Building products,Producer manufacturing
ALSN,"Allison Transmission Holdings, Inc.",116.87,USD,-2.505558406020175,-0.05985975714040806,-0.008556515786776004,9677490234,USD,15.927551242913214,100135267.83,USD,749911080.62,USD,2026-04-29,-27.73722627737226,6.349206349206349,Auto parts: OEM,Producer manufacturing
OSK,Oshkosh Corporation (Holding Company),154.42,USD,,-0.12934937265555363,-0.7706255666364447,9658759765.999998,USD,15.40994730959604,115199481.88,USD,636615443.66,USD,2026-04-23,-31.804281345565744,0.007438815740534108,Motor vehicles,Consumer durables
OKLO,Oklo Inc.,61.78,USD,-1.9742489270386243,6.060085836909873,-1.068306895435422,9652943359,USD,,512622515.44,USD,2859445227.82,USD,2026-03-17,-20.405104314360948,,Industrial machinery,Producer manufacturing
RMBS,"Rambus, Inc.",88.52,USD,-3.5746709033136694,0.4539264639128364,0.09037505648440837,9541635742,USD,41.88511403425759,225187532.84,USD,1153555992.72,USD,2026-05-04,31.963536391260313,6.5715101981368305,Semiconductors,Electronic technology
ONTO,Onto Innovation Inc.,191.66,USD,-1.5134653906076112,6.643667927887824,-0.1315871856412333,9525955078,USD,69.0318397925371,142392263.72,USD,952934286.64,USD,2026-05-06,-62.69486961451247,22.30731508343531,Electronic equipment/Instruments,Electronic technology
SARO,"StandardAero, Inc.",28.59,USD,-1.2816072047107758,-0.9698649116730209,0,9510601561.999998,USD,34.45408532176428,132771702.69,USD,879031485.03,USD,2026-05-18,15.444803288314738,6.8131234303673915,Other transportation,Transportation
SITM,SiTime Corporation,356.34,USD,-2.2453031923018245,8.855964563922392,0.7464780827299841,9371711913.999998,USD,,276159223.91999996,USD,1084309480.3799999,USD,2026-05-06,,35.560687831320976,Semiconductors,Electronic technology
CART,Maplebear Inc.,38.85,USD,-1.5489629824100901,1.9952743502231503,0.4633204633204626,9347894531,USD,24.43242563360795,363179085.15000004,USD,1151935328.25,USD,2026-05-13,-43.75,5.644302449414271,Air freight/Couriers,Transportation
IDCC,"InterDigital, Inc.",363.77,USD,,1.8792359827479919,0,9344074219,USD,30.468030219274002,93332832.67,USD,488379413.5,USD,2026-04-30,-36.342088499770384,-3.9178538030871617,Packaged software,Technology services
TEM,"Tempus AI, Inc.",52.32,USD,-2.487562189054721,0.11481056257176096,-0.4587155963302791,9308107849,USD,,242295123.36,USD,1653380172.96,USD,2026-05-12,32.27726238403641,9.87564555992412,Packaged software,Technology services
LLYVK,"Liberty Live Holdings, Inc. - Series C Liberty Live Group",100.52,USD,0.2504173622704454,4.883138564273782,0.8754476721050632,9240971468.4,USD,,63188982.919999994,USD,223573869.95999998,USD,2026-05-06,-947.0588235294118,,Internet software/Services,Technology services
BAX,Baxter International Inc.,17.91,USD,-2.2046353872244238,1.2436404748445384,0.22333891680624873,9214516602,USD,,195641174.52,USD,1029291246.1800001,USD,2026-04-30,-12433.333333333332,4.90299823633157,Medical specialties,Health technology
BEP,Brookfield Renewable Partners L.P. Limited Partnership,30.08,USD,-0.8267195767195769,-0.5291005291005296,0.8976063829787339,9204118919.856897,USD,,12330754.559999999,USD,125202555.52,USD,2026-05-01,,6.008404996812193,Electric utilities,Utilities
DDS,"Dillard's, Inc.",589.37,USD,-1.2722646310432568,-0.02205258693808235,0,9201813477,USD,16.182503116402437,67121581.19,USD,520940017.41,USD,2026-05-07,57.229797396194435,33.42964627796747,Department stores,Retail trade
U,Unity Software Inc.,21.25,USD,1.1586901763224022,7.052896725440798,-0.6117647058823483,9200986328,USD,,382767962.5,USD,2165447653.75,USD,2026-05-12,28.80533704753011,6.900332543586583,Packaged software,Technology services
TTEK,"Tetra Tech, Inc.",35.14,USD,,0.7743045597935279,0,9164777343.999998,USD,26.357635763576358,62187363.42,USD,461043125.2,USD,2026-05-06,-17.783083486633526,-8.979550409743627,Engineering & construction,Industrial services
MASI,Masimo Corporation,175.45,USD,-0.005700604264046805,0.01710181279215662,-0.13679110857793142,9159255859.000002,USD,,519576226.4,USD,1951958798.8999999,USD,2026-05-12,,11.036339165545089,Medical specialties,Health technology
LLYVA,"Liberty Live Holdings, Inc. - Series A Liberty Live Group",98.27,USD,1.2394486590447662,5.000534245111649,0,9034125210.9,USD,,24284678.939999998,USD,97298109.7,USD,2026-05-06,-947.0588235294118,,Internet software/Services,Technology services
MANH,"Manhattan Associates, Inc.",150.16,USD,-0.9052148245326307,-1.5021318465070463,-1.3985082578582808,8986708007.999998,USD,41.676380793782954,141833177.52,USD,702676122.56,USD,2026-04-28,-11.392901608309314,-1.9601515618484742,Packaged software,Technology services
AUR,"Aurora Innovation, Inc.",4.61,USD,-3.1180400890868722,2.672605790645882,-1.3015184381778848,8984028809,USD,,104208293.96000001,USD,531776698.43,USD,2026-05-06,-2.4875621890547266,0,Packaged software,Technology services
IESC,"IES Holdings, Inc.",450.27,USD,-3.40183443631719,4.555903866248695,-1.998800719568259,8972980469.000002,USD,26.783451803824764,71945941.67999999,USD,643162065.84,USD,2026-05-13,-9.418753918261338,-2.9900768876913975,Engineering & construction,Industrial services
QGEN,Qiagen N.V.,43.33,USD,-1.3916947250280527,-2.738496071829403,0,8960644531,USD,21.199667302705613,119396811.58999999,USD,616394164.75,USD,2026-05-04,-17.082042093768983,1.4715077274340451,Medical specialties,Health technology
HSIC,"Henry Schein, Inc.",78.1,USD,,0.6443298969072165,0,8958391602,USD,23.88160107635385,111657539.39999999,USD,665367873.5,USD,2026-05-12,0,2.9350104821802936,Medical distributors,Distribution services
HBM,Hudbay Minerals Inc.,22.5,USD,-4.441453566621797,0.9421265141319015,1.0222222222222241,8929015014.402618,USD,15.483891213345931,164325352.5,USD,909409680,USD,2026-05-11,-40.89803797148057,120.53971445539449,Other metals/Minerals,Non-energy minerals
NGD,New Gold Inc.,11.17,USD,-4.192685102586982,-0.3568242640499636,-0.5371530886302641,8843589685.692055,USD,36.078624916667096,117477425.59,USD,802687191.28,USD,2026-05-06,101.65736188543897,43.172907773203725,Precious metals,Non-energy minerals
PCOR,"Procore Technologies, Inc.",58.71,USD,,-0.3733242830476818,0,8812399414,USD,,294261095.52,USD,1004950166.19,USD,2026-05-06,-313.1853642456873,3.026699050615167,Packaged software,Technology services
PL,Planet Labs PBC,25.82,USD,-1.8987341772151913,2.136075949367085,-0.8133230054221566,8746622864.000002,USD,,281050958.2,USD,1685777549.46,USD,2026-03-19,-161.97326487252124,10.721391001008367,Packaged software,Technology services
IBRX,"ImmunityBio, Inc.",8.45,USD,-4.15224913494809,-2.537485582468289,-0.9467455621301784,8687541992,USD,,216706088.95,USD,1442361173.4999998,USD,2026-05-07,7.894071639926843,19.412993980225195,Pharmaceuticals: major,Health technology
SNAP,Snap Inc.,5.13,USD,-1.9379844961240413,-0.5813953488372141,-0.009746588693951714,8664324219,USD,,176509587.51,USD,1018544447.88,USD,2026-04-16,,13.911373411492537,Packaged software,Technology services
SAIL,"SailPoint, Inc.",15.42,USD,0.06497725795971271,0.19493177387913815,0.4539559014267204,8660268554.999998,USD,,37143896.46,USD,224783646.78,USD,2026-03-18,-240.9306292645944,6.6511826720482485,Packaged software,Technology services
PRAX,"Praxis Precision Medicines, Inc.",309.01,USD,,-0.5471339834572394,0,8606186523,USD,,147983034.94,USD,709201125.75,USD,2026-05-13,-20.25725647198853,,Pharmaceuticals: major,Health technology
TECH,Bio-Techne Corp,54.87,USD,-1.7442939320838704,1.8185192057895656,0.05467468562055976,8584591797,USD,106.73020813071386,146928416.85,USD,787273223.64,USD,2026-05-06,-0.4609864061395008,3.253127671825653,Biotechnology,Health technology
PCVX,"Vaxcyte, Inc.",59.32,USD,-2.175746331590486,0.05059875189745511,-2.2252191503708705,8537356444.999999,USD,,61412038.44,USD,494756087.2,USD,2026-05-11,-15.823427148428323,,Biotechnology,Health technology
ARWR,"Arrowhead Pharmaceuticals, Inc.",60.67,USD,-1.9057171514543643,1.4209294550317644,0,8495752930.000001,USD,39.44220517487973,137159035.13,USD,820026458.59,USD,2026-05-07,,2.948080102311387,Biotechnology,Health technology
CGNX,Cognex Corporation,50.82,USD,-0.3437815975733098,2.7704752275025224,0.05903187721369764,8421276367,USD,75.11084835944428,150111556.98,USD,659486312.1,USD,2026-04-30,84.91847826086956,-8.867717377172326,Electronic equipment/Instruments,Electronic technology
AYI,Acuity Inc.,274.48,USD,,-0.3412969283276442,0.16394637132031062,8416276367,USD,21.12131985163981,158757585.12,USD,1040716721.1200001,USD,2026-04-02,5.701754385964912,-5.408981887354231,Electrical products,Producer manufacturing
AXSM,"Axsome Therapeutics, Inc.",164.49,USD,-1.0041273948130498,1.3306228053964124,0,8414205078.000001,USD,,70001351.34,USD,480606717.51000005,USD,2026-05-11,39.53079675623028,14.624660802844577,Biotechnology,Health technology
VMI,"Valmont Industries, Inc.",430.04,USD,-1.8840340493763004,1.403004079322796,0,8400944336,USD,25.554116206933433,75881418.08,USD,439101372.84000003,USD,2026-04-16,80.5040845795761,-0.7380638253121474,Metal fabrication,Producer manufacturing
NXE,Nexgen Energy Ltd.,12.66,USD,-3.1430934656741023,4.714640198511169,-1.2685624012638272,8369140495.987173,USD,,106861983.9,USD,646019379.42,USD,2026-04-30,66.38489841987429,,Other metals/Minerals,Non-energy minerals
GLXY,Galaxy Digital Inc.,21.495,USD,0.21892483580638142,4.5730965701775785,0.023261223540353593,8363627441.000001,USD,,97904910.12,USD,691938301.1850001,USD,2026-05-19,-193.74292457389953,-65.00881468537642,Investment banks/Brokers,Finance
AAOI,"Applied Optoelectronics, Inc.",110.62,USD,-0.44988491316174156,15.735509520820262,1.4283131440969068,8318493164,USD,,1530754360.8600001,USD,10383557362.960001,USD,2026-04-30,88.72658340767173,13.187220770462785,Semiconductors,Electronic technology
SWKS,"Skyworks Solutions, Inc.",55.28,USD,-2.2441160372194924,0.857507754059476,0.0361794500723517,8312653319.999999,USD,21.250096102098873,217968874.16,USD,1158171335.28,USD,2026-05-05,-43.988684582743986,-5.88983821123431,Semiconductors,Electronic technology
ALV,"Autoliv, Inc.",109.45,USD,-1.6306306306306326,-1.3963963963963937,0,8176627441,USD,11.435228234409118,91155323.05,USD,533174730,USD,2026-04-17,29.142857142857142,4.1019955654102,Auto parts: OEM,Producer manufacturing
BTSG,"BrightSpring Health Services, Inc.",42.23,USD,-1.4702337912750045,1.7835623041696669,0.21311863604073744,8173581054.999999,USD,48.158284867145625,85261145.33,USD,1396328150.9699998,USD,2026-05-01,38.04713804713805,6.494244634093817,Medical/Nursing services,Health services
OR,OR Royalties Inc.,43.42,USD,-2.598607888631101,0.7424593967517408,-0.11515430677108306,8141715303.919946,USD,39.36260644493692,81076516.04,USD,299303134.78000003,USD,2026-05-13,-19.12623811869195,29.70080284336683,Precious metals,Non-energy minerals
MUSA,Murphy USA Inc.,436.79,USD,,-0.3740619939328938,-2.241351679296692,8096054198.999999,USD,17.984444416995032,279506725.69,USD,1308936018.43,USD,2026-05-05,9.237875288683602,-7.170254403131116,Specialty stores,Retail trade
FRHC,Freedom Holding Corp.,132.2,USD,,0.5170316301702998,0,8089388672,USD,3355.3299492385786,9395586.2,USD,92550708.19999999,USD,2026-06-12,96.88282843934816,5.397944457260078,Investment banks/Brokers,Finance
IBP,"Installed Building Products, Inc.",299.28,USD,,-2.1705020920502234,0,8073129882.999999,USD,32.2180596822116,148259421.35999998,USD,713577493.92,USD,2026-04-30,7.82608695652174,2.3543338155991056,Engineering & construction,Industrial services
EGO,Eldorado Gold Corporation,40.56,USD,-3.2130499258527045,0.24715768660405688,2.440828402366851,8054020590.466232,USD,15.987538045196631,105378246.48,USD,535030691.52000004,USD,2026-04-30,341.38756307911933,36.334673490744464,Precious metals,Non-energy minerals
TFPM,Triple Flag Precious Metals Corp.,38.97,USD,-3.281766528925615,0.6456611570247934,0,8050057055.945527,USD,32.68522428077535,40347940.23,USD,191275203.96,USD,2026-05-12,27.42832034004823,30.665163205826996,Precious metals,Non-energy minerals
NUVL,"Nuvalent, Inc.",102.32,USD,-1.4586057740669982,2.9272708982999665,0,8044091736,USD,,49577007.279999994,USD,315773230.88,USD,2026-05-07,3.048098205607782,,Pharmaceuticals: major,Health technology
HALO,"Halozyme Therapeutics, Inc.",68.14,USD,-0.5640492800950121,1.1429419622977526,-0.22013501614324285,8041678223,USD,27.345693875912996,109760184.56,USD,701064863.3,USD,2026-05-12,-180.8052503923527,27.522694939367256,Biotechnology,Health technology
PRI,"Primerica, Inc.",252.77,USD,,-1.764408689907113,0.07516714800015734,8002674805,USD,11.019465091440155,58847889.24,USD,288941134.23,USD,2026-05-11,-4.694951847269728,1.5956400820293846,Life/Health insurance,Finance
LKQ,LKQ Corporation,31.34,USD,-2.287893231649186,-0.4130918334922117,0,7995845215,USD,13.326529744440192,54808896.32,USD,324860818.62,USD,2026-04-30,-63.33333333333333,-5.344384109745642,Automotive aftermarket,Consumer durables
R,"Ryder System, Inc.",201.79,USD,,1.4631938857602558,0,7956015137.000001,USD,17.03990812517944,55116113.44,USD,388217323.71999997,USD,2026-04-23,-5.839416058394161,0.12614317250078838,Air freight/Couriers,Transportation
EMN,Eastman Chemical Company,69.6,USD,-1.1659320346935778,-1.0379638845442969,0,7941172851.999999,USD,17.024607406682648,164991115.2,USD,689709273.5999999,USD,2026-04-23,123.40425531914893,-10.330765745355688,Chemicals: specialty,Process industries
EPAM,"EPAM Systems, Inc.",146.26,USD,-1.8235415095633076,0.26736134914649096,0.02051141802270008,7918511719,USD,21.732863786980488,252744300.48,USD,1196076544.9199998,USD,2026-04-30,2.376048532055123,0.9448691275576909,Information technology services,Technology services
ZWS,Zurn Elkay Water Solutions Corporation,47.29,USD,,-0.2110149820637295,0,7887876464.999999,USD,40.756700853227606,42777304.46,USD,235395054.68,USD,2026-04-28,-31.87702265372168,-10.584101888449716,Industrial machinery,Producer manufacturing
JEF,Jefferies Financial Group Inc.,38.16,USD,-3.2906764168190077,-0.3395142334813334,-0.4190251572326868,7881899902,USD,13.47647972877525,352619082.71999997,USD,1022340515.04,USD,2026-04-01,-14.775923495218452,12.963851561059617,Investment banks/Brokers,Finance
SMTC,Semtech Corporation,85.14,USD,-1.82882223847842,3.8039502560351193,-1.2802443035001214,7878860352,USD,279.8816568047337,175446380.34,USD,865444949.82,USD,2026-03-16,89.42506650901566,3.6422362756173596,Semiconductors,Electronic technology
ESI,Element Solutions Inc.,32.27,USD,,5.0113895216401,-1.952277657266819,7860275390.999999,USD,41.024663107042976,164053774.22000003,USD,654737001.8000001,USD,2026-04-29,-84.47837150127226,3.063557384545039,Chemicals: major diversified,Process industries
IDA,"IDACORP, Inc.",142.59,USD,,-0.03505328098708844,0,7828052733.999999,USD,24.136705261019703,73988525.10000001,USD,349929263.46000004,USD,2026-04-30,-64.95656436590403,-22.78694498341126,Electric utilities,Utilities
PEGA,Pegasystems Inc.,46.19,USD,-2.0533446232006747,-2.222692633361567,-0.1298982463736635,7808128905.999999,USD,21.718074101937184,108556292.28,USD,583057848.0799999,USD,2026-04-29,440.9417950373582,32.24518159171365,Information technology services,Technology services
JBTM,JBT Marel Corporation,149.83,USD,,0.7192793761764061,0,7788493652,USD,,114659654.95,USD,681066498.85,USD,2026-05-04,-19.545454545454547,0.6197520991603359,Industrial machinery,Producer manufacturing
JXN,Jackson Financial Inc.,109.56,USD,,0.10050251256281353,0,7743907226.999998,USD,,142908858.84,USD,484336603.08,USD,2026-05-12,-368.42105263157896,40.3954802259887,Life/Health insurance,Finance
VICR,Vicor Corporation,170.03,USD,-2.4097866846990765,4.524497448822778,0.2764218079162494,7714795653.999999,USD,65.2856704039318,164916517.78,USD,939389055.29,USD,2026-04-28,64.47405627032377,-2.8608170399282757,Electronic components,Electronic technology
LFUS,"Littelfuse, Inc.",306.93,USD,,1.5383088527193445,0.6353240152477726,7706297852,USD,,214017685.05,USD,748667646.09,USD,2026-05-05,-448.28543482638594,-4.915791495901639,Electronic production equipment,Electronic technology
CWEN.A,"Clearway Energy, Inc.",35.57,USD,,1.1373329542223445,0.056227157717186185,7703970580.999999,USD,24.650034650034648,8199560.83,USD,49746245.65,USD,2026-04-30,-144.0677966101695,-29.561200923787528,Alternative power generation,Utilities
CWEN,"Clearway Energy, Inc.",37.94,USD,-0.7735396105628145,1.2003200853560836,-0.07907221929362451,7703970580.999999,USD,26.29244629244629,34340252.8,USD,170379510.28,USD,2026-04-30,-144.0677966101695,-29.561200923787528,Alternative power generation,Utilities
CYTK,"Cytokinetics, Incorporated",62.42,USD,-0.6786955802019476,3.327263698063243,-2.4892662608138454,7687821777,USD,,159675852.96,USD,742836201.04,USD,2026-04-30,40.22072127977843,817.0971074380166,Pharmaceuticals: major,Health technology
SSD,"Simpson Manufacturing Company, Inc.",185.11,USD,,-0.4891947102462082,0,7663930664.000001,USD,22.41203961546844,52566612.25000001,USD,289986106.71000004,USD,2026-04-27,-47.6806522467518,-13.498996813218008,Building products,Producer manufacturing
KRYS,"Krystal Biotech, Inc.",258.65,USD,,1.955142102566116,0,7560905762,USD,37.790570255541105,67195718.1,USD,402700720.45,USD,2026-05-11,-35.23593523593524,9.514314928425357,Biotechnology,Health technology
APLD,Applied Digital Corporation,27.03,USD,-0.7557677008751046,7.517899761336517,-0.5919348871624127,7557204590,USD,,502490538.15000004,USD,2758001779.26,USD,2026-05-08,-3.4562211981566824,97.12999875420458,Data processing services,Technology services
TTAN,"ServiceTitan, Inc.",80.67,USD,-1.9891500904159198,-2.7486437613019903,-0.7685632825089929,7554473754.999999,USD,,88228133.64,USD,614179996.29,USD,2026-03-12,-22.659425911559346,2.907613072694457,Packaged software,Technology services
MOH,Molina Healthcare Inc,146.03,USD,-1.4674326849865054,1.0798089568768618,0,7520544922,USD,17.0713459043032,168082282.36,USD,974745723.07,USD,2026-04-22,-302.53164556962025,-0.8887339897185675,Managed health care,Health services
PAYC,"Paycom Software, Inc.",138.25,USD,,0.17390044199696333,0,7503532226.999999,USD,17.092801859499023,215508247.5,USD,1679963953.5,USD,2026-05-05,2.8003613369467026,10.338536387593757,Packaged software,Technology services
DOX,Amdocs Limited,69.26,USD,-0.6598766317601402,-0.6455314875914341,0,7476585449.000001,USD,13.453245794646673,105320773.08000001,USD,537139488.82,USD,2026-05-13,63.524581490338825,0.5459834570490115,Information technology services,Technology services
LBRDA,Liberty Broadband Corporation,51.92,USD,,-3.9763269835398534,0,7452159727.000001,USD,,7200317.5200000005,USD,43343802.480000004,USD,2026-05-01,-1960.3896103896104,,Wireless telecommunications,Communications
LBRDK,Liberty Broadband Corporation,51.94,USD,,-4.028085735402808,0,7452159727.000001,USD,,63594504.96,USD,333364787.97999996,USD,2026-05-01,-1960.3896103896104,,Wireless telecommunications,Communications
PRIM,Primoris Services Corporation,137.74,USD,-3.6049568156214877,3.4472399549380426,0.08349063452880838,7445743164.000001,USD,27.443713887228533,108695454.9,USD,555252804.84,USD,2026-05-11,-45.252967225762816,-14.72267540449004,Engineering & construction,Industrial services
VFS,VinFast Auto Ltd.,3.16,USD,-0.9615384615384694,1.2820512820512833,0,7392860352,USD,,1144153.84,USD,5005367.32,USD,2026-04-22,-16.535399820935744,7.714372193704462,Motor vehicles,Consumer durables
AMTM,"Amentum Holdings, Inc.",30.3,USD,-1.6994335221592856,0.9663445518160584,0,7391235840.000001,USD,75.2608047690015,46368756.6,USD,358923710.1,USD,2026-05-12,10,-17.528662420382165,Aerospace & defense,Electronic technology
AAON,"AAON, Inc.",90.33,USD,,2.2642363862787276,0,7361881835.999999,USD,69.78522867737948,74524688.91,USD,642442135.4399999,USD,2026-04-30,4.06081476187381,10.404749139856028,Industrial machinery,Producer manufacturing
BIO,"Bio-Rad Laboratories, Inc.",271.44,USD,,0.5892162312395682,0,7311354736,USD,9.723177441540578,85485142.08,USD,469616986.8,USD,2026-04-30,,6.1562021439509955,Medical specialties,Health technology
BIO.B,"Bio-Rad Laboratories, Inc.",268.4953,USD,,-4.77201631494946,,7311354736,USD,9.617696154287025,76789.6558,USD,88603.449,USD,2026-04-30,,6.1562021439509955,Medical specialties,Health technology
CMC,Commercial Metals Company,65.85,USD,-0.5216324025774829,1.0279226756673634,-1.106757782839776,7303253418,USD,16.96946269810591,71062686,USD,533087818.9499999,USD,2026-03-26,16.801180648434258,0.27377397591317554,Steel,Non-energy minerals
GSAT,"Globalstar, Inc.",56.66,USD,-1.7186392629340872,0.38979447200566775,-0.45887751500176144,7283889647.999999,USD,,55771117.919999994,USD,225124345,USD,2026-04-30,-1165.8715596330276,-2.5512898639041235,Wireless telecommunications,Communications
MTCH,"Match Group, Inc.",31.11,USD,-2.100426649163113,2.100426649163113,-0.28929604628736694,7237569824.000001,USD,13.021094927172275,165432558.15,USD,814873874.1,USD,2026-05-05,30.42009592594666,-3.966968362910503,Internet software/Services,Technology services
QRVO,"Qorvo, Inc.",78.04,USD,-0.9273570324574947,0.5151983513652829,0,7234751465,USD,21.47023219984594,119222722.52000001,USD,636347680.88,USD,2026-05-06,37.1721445114253,-6.192141165400559,Semiconductors,Electronic technology
RGEN,Repligen Corporation,127.89,USD,-0.2583548629052322,6.583881990165851,0,7204185547,USD,147.9523368810736,143077832.73,USD,598089350.88,USD,2026-05-05,-10.89128831064315,4.8240247874791455,Pharmaceuticals: major,Health technology
ARW,"Arrow Electronics, Inc.",139.84,USD,-3.375252963284198,1.069673315987272,0,7143889160,USD,12.777077280119878,90482213.44,USD,430275653.76,USD,2026-04-30,78.2202155815849,13.405296646072934,Electronics distributors,Distribution services
AWI,Armstrong World Industries Inc,166.48,USD,,-1.0461245839277338,0,7131012206.999999,USD,23.52941176470588,214865747.2,USD,822857033.4399999,USD,2026-04-28,-24.10196987253766,-8.67826904985889,Miscellaneous manufacturing,Producer manufacturing
CAMT,Camtek Ltd.,155.24,USD,-0.48197678365352514,5.383205485031571,0,7114359375,USD,167.46494066882417,104061563.48,USD,477790686.20000005,USD,2026-05-07,,1.6913638061256633,Electronic components,Electronic technology
MIDD,The Middleby Corporation,149.88,USD,-0.988194720785256,-0.5968961400716313,0,7071491210.999999,USD,,103570827,USD,544310502.96,USD,2026-05-13,,-11.781116775664346,Industrial machinery,Producer manufacturing
BTG,B2Gold Corp,5.27,USD,-3.0075187969924837,-0.9398496240601637,-0.18975332068310793,7046221627.924474,USD,19.438685994991086,113797091.52,USD,929859685.0099999,USD,2026-05-12,807.0166620951834,38.23719934110658,Precious metals,Non-energy minerals
QBTS,D-Wave Quantum Inc.,19.04,USD,-2.902097902097904,2.4206562668101093,-1.2605042016806642,7043157440,USD,,496762853.44,USD,2759560476.96,USD,2026-05-20,69.76411926906977,-26.397432468574483,Computer processing hardware,Electronic technology
ESE,ESCO Technologies Inc.,271.08,USD,,1.7491179340890204,0,7019822753.999999,USD,53.27830188679245,47060843.4,USD,360919436.03999996,USD,2026-05-13,-37.64181699630515,-17.867775906361118,Electronic equipment/Instruments,Electronic technology
TKR,Timken Company (The),100.58,USD,,0.9028892455858661,0,6994765625,USD,24.494070087426635,113683059.5,USD,625668652.06,USD,2026-05-06,-10.1010101010101,-3.984098176475672,Industrial machinery,Producer manufacturing
ROAD,"Construction Partners, Inc.",123.47,USD,-2.6166483190786716,4.55584723515962,-0.380659269458167,6977953613,USD,56.44600896040962,87077834.85,USD,426215353.25,USD,2026-05-08,-69.58635319073714,-10.04390736668041,Engineering & construction,Industrial services
KYMR,"Kymera Therapeutics, Inc.",85.04,USD,-2.503293807641621,1.8565097616481154,0,6942869141.000001,USD,,37262487.04,USD,415304830.64000005,USD,2026-04-30,-5.848494067538789,3.8350217076700437,Biotechnology,Health technology
FORM,"FormFactor, Inc.",89.04,USD,-3.1878602517350996,4.740618750735209,-0.3706199460916582,6937813965,USD,128.078250863061,116944779.84,USD,786529141.44,USD,2026-05-06,48.30097087378641,6.161064950956206,Semiconductors,Electronic technology
CWAN,"Clearwater Analytics Holdings, Inc.",23.39,USD,,-0.25586353944562357,0,6910954708,USD,,90739633.8,USD,682689379.87,USD,2026-05-06,-16.7489114658926,6.0196967480863925,Packaged software,Technology services
FSV,FirstService Corporation,150.06,USD,,0.8399973120086015,0,6900022758.4102,USD,46.97817418321107,32991741.42,USD,183058344.06,USD,2026-04-29,-29.984649988692137,-1.8638819380801535,Real estate development,Finance
SANM,Sanmina Corporation,125.22,USD,-3.2520325203252036,1.804878048780487,0.614917744769203,6837624023,USD,29.959087972821013,83021360.88,USD,671052477.36,USD,2026-05-04,2.538176673740274,52.151553717052934,Electronic production equipment,Electronic technology
CRUS,"Cirrus Logic, Inc.",133.96,USD,,2.7537010048324024,-0.007464914899984567,6832950195.000001,USD,17.64210082705579,67561386.4,USD,411753923.68,USD,2026-05-06,6.621781817076506,3.5054192812321734,Semiconductors,Electronic technology
APPF,"AppFolio, Inc.",189.71,USD,,-0.7637181566145209,0,6827628174,USD,48.88677008709994,83080459.14,USD,407961110.66,USD,2026-04-23,18.62925756404922,-0.46560498570299935,Information technology services,Technology services
LUMN,"Lumen Technologies, Inc.",6.63,USD,-1.5105740181268963,0.1510574018126856,-0.550527903469083,6791570800.999999,USD,,79798215.9,USD,419807854.05,USD,2026-05-05,99.6779388083736,-1.4901198574667962,Major telecommunications,Communications
COMP,"Compass, Inc.",9,USD,-1.7241379310344664,3.4482758620689737,0.9988888888888899,6771573672.413794,USD,,176257143,USD,965553912,USD,2026-05-13,-826.086956521739,-7.919826652221018,Packaged software,Technology services
VIAV,Viavi Solutions Inc.,29.24,USD,-2.7618364418938293,4.878048780487803,-0.44459644322845077,6765824219,USD,,125101000.8,USD,1368372701.28,USD,2026-05-05,-124.76635514018693,23.470411233701103,Information technology services,Technology services
MBLY,Mobileye Global Inc.,8.03,USD,-0.9987515605493142,0.249687890137323,-0.7471980074719753,6756293457,USD,,42215966.43,USD,256678042.60999998,USD,2026-04-23,-32.291666666609736,-11.50793650797478,Packaged software,Technology services
AUGO,Aura Minerals Inc.,80.72,USD,-4.764267990074429,0.14888337468983195,0.25061942517344915,6742905762,USD,,55884877.6,USD,372359019.12,USD,2026-05-06,-30.943905732279177,30.13925938352642,Other metals/Minerals,Non-energy minerals
AN,"AutoNation, Inc.",193.58,USD,-0.3787682249779431,0.44103149483734905,0,6719265625,USD,11.348340954390903,148038175.62,USD,580432788.5400001,USD,2026-04-16,-19.9907019990702,-1.5374996447551652,Specialty stores,Retail trade
FLR,Fluor Corporation,45.82,USD,-1.8411712511091356,1.6415261756876707,-0.5237887385421257,6715592773,USD,,154093118.2,USD,729689914.8,USD,2026-05-01,-125.68149210903874,23.990498812351543,Engineering & construction,Industrial services
SLAB,"Silicon Laboratories, Inc.",203.42,USD,,0.35520473606314695,0,6703895020,USD,,130382659.25999999,USD,1211020692.84,USD,2026-04-29,72.98711755233495,1.071364424099146,Semiconductors,Electronic technology
ACLX,"Arcellx, Inc.",114.5,USD,0.14869238170209192,0.14869238170209192,0,6695938476.999999,USD,,162616106,USD,958709187,USD,2026-05-07,-4.178842258116563,-66.57910689028087,Biotechnology,Health technology
POR,Portland General Electric Co,52.91,USD,,-0.8619074386359395,-0.604800604800592,6688382812,USD,19.14116199985529,83134043.85,USD,403616739.23999995,USD,2026-04-24,-60.19417475728155,-4.328018223234624,Electric utilities,Utilities
ORA,"Ormat Technologies, Inc.",109.85,USD,-0.5968778696051475,0.8723599632690436,0,6683868164,USD,54.37849611405376,75954464.3,USD,503596999.09999996,USD,2026-05-13,29.896010274682023,10.535104333932654,Electric utilities,Utilities
MHK,"Mohawk Industries, Inc.",107.85,USD,,0.4470522492316194,0,6628499512.000001,USD,18.219752001892083,210731781.89999998,USD,917347941.5999999,USD,2026-04-23,-61.39705882352941,-2.113927263497589,Building products,Producer manufacturing
PSN,Parsons Corporation,62.55,USD,-1.0124252185918032,-4.049700874367235,-0.9470823341326904,6619729980.000001,USD,28.455099626967517,117875475,USD,360460888.2,USD,2026-05-06,-13.318154172449834,-1.1058438179051246,Information technology services,Technology services
HXL,Hexcel Corporation,86.91,USD,-2.0207721833370873,-1.8853014224429914,0,6593897949,USD,63.17511085265683,169758521.88,USD,741417911.6999999,USD,2026-04-27,125.24271844660196,8.563782337198928,Aerospace & defense,Electronic technology
MKTX,"MarketAxess Holdings, Inc.",185.12,USD,0.7468701305679363,-0.5319434742894036,0,6580694336,USD,27.78995406371033,136998796.48,USD,600925807.04,USD,2026-05-13,35.29247829148087,-1.5134246991670703,Investment banks/Brokers,Finance
UEC,Uranium Energy Corp.,13.56,USD,-2.8615622583139926,4.8723897911833,1.7699115044247802,6554597656,USD,,209708112,USD,848581735.44,USD,2026-03-10,61.773621174035185,,Other metals/Minerals,Non-energy minerals
OLLI,"Ollie's Bargain Outlet Holdings, Inc.",106.28,USD,,-2.423797282409108,0.018818216033116314,6518423340,USD,29.389967369061445,129227977.6,USD,804837184,USD,2026-03-12,-24.690915022019247,-9.702953104674227,Department stores,Retail trade
ESAB,ESAB Corporation,107.02,USD,,-0.7143519807032287,0,6499186523,USD,29.032608105908523,43378844.68,USD,241824853.45999998,USD,2026-05-06,-32.376270195189704,-0.9423709718415323,Industrial machinery,Producer manufacturing
VIRT,"Virtu Financial, Inc.",41.94,USD,,2.2677395757132404,0.11921793037673882,6486631835.999999,USD,8.175119878367314,51312751.199999996,USD,256297269.23999998,USD,2026-04-29,80.15868642900438,1.465542350124674,Investment banks/Brokers,Finance
LOAR,Loar Holdings Inc.,69.12,USD,,-0.4894903541606525,-1.4033564814814796,6471185547,USD,91.87824006380434,56682339.84,USD,535886668.8,USD,2026-05-19,-54.68014199811635,3.94395310490647,Aerospace & defense,Electronic technology
AGX,"Argan, Inc.",466.38,USD,-0.9995171414775439,12.597778850796718,-0.6175221922037814,6470281250,USD,54.96782405770455,363248924.21999997,USD,1262354943.42,USD,2026-04-15,-12.86463501063076,5.640544621713363,Engineering & construction,Industrial services
FSS,Federal Signal Corporation,106.19,USD,,-2.371977567343935,0,6465712891,USD,26.470075030535682,63938379.47,USD,320922533.26,USD,2026-05-05,-10.719530102790015,7.585585585585585,Motor vehicles,Consumer durables
FND,"Floor & Decor Holdings, Inc.",59.81,USD,-1.8466145400099807,-0.4990850108135038,0,6452022461,USD,31.07658734282448,257074684.09,USD,828758401.39,USD,2026-04-30,-31.31156129933636,-4.2267790393946045,Home improvement chains,Retail trade
OTEX,Open Text Corporation,25.61,USD,-0.4694835680751074,0.195618153364635,-0.027333073018343992,6417937434.001725,USD,14.783064161500098,62356508.5,USD,350768543.06,USD,2026-04-30,17.730721579473826,5.766916864768694,Packaged software,Technology services
TXNM,"TXNM Energy, Inc.",58.82,USD,0.20380434782608262,-0.10190217391304733,0,6406753906,USD,40.66367092983063,64889047.6,USD,491052358.62,USD,2026-04-30,-107.42498586080922,-17.604556509807438,Electric utilities,Utilities
PATH,"UiPath, Inc.",11.97,USD,-0.9274873524451891,0.9274873524452042,-0.011695906432750959,6400954041,USD,28.2311320754717,600493591.5300001,USD,2725941183.21,USD,2026-03-11,12452.967171717173,13.652523443029017,Packaged software,Technology services
PCTY,Paylocity Holding Corporation,117.95,USD,-0.08326394671106938,-1.7901748542880864,0,6354755859,USD,27.747718076597348,78023099.35000001,USD,576484871.2,USD,2026-04-30,4.5966952136859,1.950648256127319,Packaged software,Technology services
RYTM,"Rhythm Pharmaceuticals, Inc.",93,USD,-0.2566295979469578,-0.5560307955517494,-2.1505376344086025,6350508789.000001,USD,,57677019,USD,498603132,USD,2026-05-05,10.20527748374414,11.608639713049241,Pharmaceuticals: major,Health technology
GXO,"GXO Logistics, Inc.",55.35,USD,,-0.7352941176470528,-0.6504065040650396,6349396484.000001,USD,182.85431119920713,69250599,USD,478388610.90000004,USD,2026-05-12,-27.11864406779661,3.2989690721649487,Air freight/Couriers,Transportation
POWL,"Powell Industries, Inc.",520.09,USD,-3.029049932802642,7.534374030807414,0,6315080566,USD,33.78655787545312,141226798.87,USD,691695255.7700001,USD,2026-05-05,-19.506028782574873,-15.705258353664469,Electrical products,Producer manufacturing
VOYA,"Voya Financial, Inc.",68.05,USD,-0.162457539506719,0.5021414857480482,0,6312526855,USD,10.821512626423255,76460027.3,USD,520125884.5,USD,2026-05-05,-27.083333333333332,-0.7988721804511277,Life/Health insurance,Finance
AXTA,Axalta Coating Systems Ltd.,29.29,USD,-3.1070584262073564,-1.0807159743329966,0,6249723145,USD,16.835268421657663,131168733.33,USD,694324605.04,USD,2026-04-27,-45.45454545454545,-2.018633540372671,Industrial specialties,Process industries
KVYO,"Klaviyo, Inc. Series A",20.5,USD,-1.5252621544327944,-2.287893231649192,0.048780487804885676,6247869629,USD,,85488628.5,USD,637459943.5,USD,2026-05-13,,12.646358723623264,Packaged software,Technology services
VSAT,"ViaSat, Inc.",45.98,USD,-3.9735099337748387,5.0011418131993555,-1.3701609395389203,6245527832,USD,,59679970.9,USD,346192983.84,USD,2026-05-26,,1.4157331143236043,Telecommunications equipment,Electronic technology
DLB,Dolby Laboratories,65.23,USD,,-0.09189768724154124,0,6232062256,USD,26.311968052922435,38991232.5,USD,223055615.75,USD,2026-04-30,8.098191843022784,12.924722497264057,Packaged software,Technology services
DBX,"Dropbox, Inc.",26.74,USD,-0.26129152668906414,-0.18663680477790487,0,6227725098,USD,14.40112020680741,83913729.89999999,USD,682899463.26,USD,2026-04-30,-12.197092084006462,0.2837326607818411,Data processing services,Technology services
DSGX,The Descartes Systems Group Inc.,72.26,USD,,0.7248396989127548,0,6213408007.251782,USD,40.74236720280262,69604372.74000001,USD,319526494,USD,2026-03-11,15.246641564798495,4.178992949308514,Packaged software,Technology services
LAD,"Lithia Motors, Inc.",265.47,USD,-1.4057384941267004,2.2414789139226077,0,6205337402.000001,USD,8.253996878361825,128795159.73000002,USD,547062789.5100001,USD,2026-04-22,-36.987563334868724,-4.9401599867711194,Specialty stores,Retail trade
EXP,Eagle Materials Inc,196.49,USD,,-0.15244677066923268,0,6176101074,USD,14.88019508057676,95842320.28,USD,481831402.57,USD,2026-05-14,-25.097719514059236,-12.983130538764701,Construction materials,Non-energy minerals
PTGX,"Protagonist Therapeutics, Inc.",96.66,USD,-1.0750352915626116,4.962536648930387,-0.3724394785847294,6167750488,USD,,70292505.24,USD,409066763.21999997,USD,2026-05-06,-12.824423599989832,57.83106960950764,Pharmaceuticals: major,Health technology
GKOS,Glaukos Corporation,105.78,USD,,-1.8100807574491813,0,6143576660,USD,,100803897.24,USD,431080473.9,USD,2026-05-06,-723.4674388515804,7.177037075866615,Medical specialties,Health technology
YOU,"Clear Secure, Inc.",46.23,USD,-1.602425292334348,0.10827197921177384,-0.03396063162447628,6132885742.000001,USD,41.45073074509101,64792454.519999996,USD,498716341.83,USD,2026-05-13,8.78036705682662,5.042911432722639,Packaged software,Technology services
SSRM,SSR Mining Inc.,30.14,USD,-4.585653455617432,-1.277432034064856,0.8732581287325736,6128253911.387546,USD,16.23508594048668,136276804.4,USD,1043091991.9200001,USD,2026-05-06,184.74133123910542,38.85522809924579,Precious metals,Non-energy minerals
GTES,Gates Industrial Corporation plc,24.11,USD,-1.793160967472893,0.5421184320266847,0,6120460938,USD,24.930203701788855,81741314.39,USD,336952945.61,USD,2026-05-06,-37.086903304773564,0.0584316933504733,Industrial machinery,Producer manufacturing
ORLA,Orla Mining Ltd.,17.98,USD,-2.4295969077857413,-0.7178354500276035,0.7230255839821969,6111333813.342094,USD,150.31082070711292,35802153.58,USD,236200670.88,USD,2026-03-19,-0.570648243860507,1.4292639999670473,Precious metals,Non-energy minerals
LEA,Lear Corporation,120.28,USD,-1.8139457480446053,0.08320852055249983,0,6101498047.000001,USD,14.783314077825027,60389340.44,USD,336548732.32,USD,2026-05-05,-23.56746765249538,5.431529279199972,Auto parts: OEM,Producer manufacturing
BLCO,Bausch + Lomb Corporation,17.22,USD,,0.9378663540445497,0,6101359374.999999,USD,,7493300.22,USD,46982669.16,USD,2026-05-06,-107.1428571435084,9.67993754913484,Medical specialties,Health technology
VSEC,VSE Corporation,217.74,USD,0.5157839438368654,3.987774010220174,0,6094766602,USD,196.67600036130432,222263330.76000002,USD,703250990.76,USD,2026-04-29,261.30492676431425,6.4589673711334745,Engineering & construction,Industrial services
ALGM,"Allegro MicroSystems, Inc.",32.87,USD,-0.5010961478233641,2.943939868462254,-0.7301490721022054,6090510254,USD,,78614455.86,USD,399714977.59999996,USD,2026-05-07,27.304801349900277,6.960530859473433,Semiconductors,Electronic technology
KMX,CarMax Inc,42.5,USD,-3.0101919886228874,0.7347712728134683,-0.32941176470588374,6026357422.000001,USD,14.057021895878812,165838867.5,USD,721909547.5,USD,2026-04-14,-34.77007276311099,-11.892658389655647,Specialty stores,Retail trade
COGT,"Cogent Biosciences, Inc.",37.01,USD,-1.024811218985964,-0.18878101402373326,1.0537692515536359,6007049316.000001,USD,,73659633.63,USD,425648346.01,USD,2026-05-12,-26.642777709131348,,Biotechnology,Health technology
GPGI,"GPGI, Inc.",20.65,USD,-1.082144613871121,1.5740285292670946,0,5976428223,USD,,100177548.44999999,USD,486921238.65,USD,2026-03-12,-568.6928229665072,,Commercial printing/Forms,Commercial services
OS,"OneStream, Inc.",23.7,USD,-0.4643309413254663,0.042211903756851035,0.042194092827010816,5965384277,USD,,26741349.9,USD,360795267.3,USD,2026-05-07,,6.110704263688976,Packaged software,Technology services
ENS,EnerSys,161.6,USD,-2.6685574319968977,4.163980920458946,0,5955182617.000001,USD,20.004208806308256,90584395.2,USD,451576656,USD,2026-05-27,32.074065413731624,-3.380686775585891,Electrical products,Producer manufacturing
GLBE,Global-E Online Ltd.,35.09,USD,-1.8084204577564298,-0.8476970895733177,0.455970361926465,5945484863,USD,92.02727511146081,32258447.540000003,USD,242181460.07000002,USD,2026-05-19,373.7313206407897,52.48597013321286,Internet retail,Retail trade
ECG,"Everus Construction Group, Inc.",116.17,USD,-4.761904761904762,5.369614512471657,1.971249031591626,5925450195,USD,29.436209299379197,69218035.78,USD,478949974.29,USD,2026-05-19,-2.981904979202134,2.4981252913398593,Engineering & construction,Industrial services
BEPC,Brookfield Renewable Corporation,40.51,USD,-0.9975062344139616,1.0224438902743056,1.2095778820044483,5895029297,USD,,63501247.949999996,USD,290657832.15,USD,2026-05-01,-206.79569516848773,2.0125582499153802,Electric utilities,Utilities
WULF,TeraWulf Inc.,13.85,USD,-0.7999999999999958,0.7272727272727246,-0.6498194945848366,5873343750,USD,,386912893.65,USD,2383408204.75,USD,2026-05-18,72.18371607515658,-29.14705998655542,Data processing services,Technology services
SRAD,Sportradar Group AG,18.84,USD,-2.479784366576824,1.5633423180592945,-1.8046709129511669,5858329590.000001,USD,53.4923339011925,34166245.8,USD,366359248.8,USD,2026-05-20,-80.4908284449501,25.801435847651184,Packaged software,Technology services
RGTI,"Rigetti Computing, Inc.",17.6,USD,-2.4103468547913,3.4685479129923564,-0.9090909090909097,5845849608.999999,USD,,459418273.6,USD,2996315467.2000003,USD,2026-05-18,90.94034871223279,-4.057524396507447,Computer processing hardware,Electronic technology
NEU,NewMarket Corp,620.8,USD,-1.2973242686958226,-3.199650720389212,0,5833883301,USD,13.986140023610622,119348179.19999999,USD,655020358.4,USD,2026-04-29,-18.935912454069424,-7.954096052359009,Chemicals: specialty,Process industries
CIFR,Cipher Digital Inc.,14.31,USD,-0.7342143906020533,5.066079295154195,-1.0482180293501073,5797258789.000001,USD,,343623726.09000003,USD,2103486629.94,USD,2026-05-12,-22263.84404508072,-16.72918961886566,Data processing services,Technology services
SNEX,StoneX Group Inc.,109.04,USD,,0.9069035720895836,-0.26595744680851635,5720600097.999999,USD,16.257883672039245,52140420.080000006,USD,273798567.68,USD,2026-05-13,62.71186440677966,19.27023178787712,Investment banks/Brokers,Finance
BRKR,Bruker Corporation,37.2,USD,-0.7633587786259572,1.4176663031624948,-0.03494623655915384,5662556152.000001,USD,,101986627.2,USD,394738388.40000004,USD,2026-05-06,,13.561882626380012,Medical specialties,Health technology
PTCT,"PTC Therapeutics, Inc.",68.4,USD,-1.591849729385546,8.882521489971355,0,5661791503.999999,USD,8.841321544904607,170640558,USD,640595001.6,USD,2026-04-23,-949.0500754906896,-21.956617552972176,Pharmaceuticals: major,Health technology
CRSP,CRISPR Therapeutics AG,58.78,USD,-2.619469026548667,4.035398230088497,-0.45933991153454085,5642016602,USD,,74161785.52,USD,467261029.6,USD,2026-05-11,-22.70929435086104,-2.81214848143982,Biotechnology,Health technology
CE,Celanese Corporation,51.45,USD,-0.02027575020275347,4.318734793187353,0.09718172983478553,5637478027,USD,,167604909.15,USD,977590079.5500001,USD,2026-05-12,,-8.88797023563456,Chemicals: specialty,Process industries
RIOT,"Riot Platforms, Inc.",14.7,USD,-1.8708083303918024,3.7769149311683745,-1.0204081632652966,5573149902,USD,,253640003.39999998,USD,1830680111.3999999,USD,2026-05-13,-761.1294027565084,-15.20177108012584,Information technology services,Technology services
AVTR,"Avantor, Inc.",8.15,USD,-0.9791921664626693,-0.24479804161566185,0,5558755371,USD,,85540362.5,USD,550655133.0500001,USD,2026-04-24,,2.4510407685675575,Medical specialties,Health technology
CHE,Chemed Corp,403.47,USD,-0.7060900264783749,-1.0812003530450054,0,5553819335.999999,USD,21.967234536040376,111896352.45,USD,725351507.01,USD,2026-04-29,19.48098447934992,2.310289646343415,Hospital/Nursing management,Health services
ESTC,Elastic N.V.,53.25,USD,-1.3772566536385538,-0.8933556672250083,0.11154929577464143,5511428711,USD,,136362600,USD,845058915.75,USD,2026-05-28,,6.234045919415511,Packaged software,Technology services
LYFT,"Lyft, Inc.",13.76,USD,-0.452830188679249,3.849056603773583,-1.0021802325581406,5477960938,USD,,315885100.15999997,USD,1559510735.36,USD,2026-05-06,5879.728263228719,-5.488682318663419,Other transportation,Transportation
FBIN,"Fortune Brands Innovations, Inc.",45.6,USD,-2.7145359019264492,-0.17513134851137982,0,5471469727,USD,18.454067179279644,240050210.4,USD,855977892,USD,2026-04-23,7.909604519774012,-6.239122868082144,Building products,Producer manufacturing
VNT,Vontier Corporation,38.6,USD,,0.6518904823989569,0,5465760253.999999,USD,13.996664007542245,39863339.4,USD,236374820,USD,2026-04-30,20.136186770428015,7.441860465116279,Other transportation,Transportation
GVA,Granite Construction Incorporated,125.52,USD,-2.172327145983632,1.7427251357704394,0,5460581055,USD,34.955998663250526,130721674.32,USD,529274159.03999996,USD,2026-04-30,-49.45059215575785,-18.70445581368094,Engineering & construction,Industrial services
CLF,Cleveland-Cliffs Inc.,9.55,USD,-2.339776195320452,-2.8484231943031473,0,5447229492,USD,,219388139.00000003,USD,992009019.5000001,USD,2026-04-17,3.187250996015936,-8.893113645965357,Steel,Non-energy minerals
BLSH,Bullish,36.06,USD,-2.288329519450813,3.1464530892448552,0.19412090959512002,5433656250,USD,,40733303.88,USD,319605910.20000005,USD,2026-06-03,-3071.1257270196816,54.677501346296445,Packaged software,Technology services
HUT,Hut 8 Corp.,48.74,USD,-2.1882302953048676,3.5479073719991536,-1.5182601559294253,5404646271.52591,USD,,177764771.70000002,USD,1186951670.28,USD,2026-05-20,-670.0996647290426,8.8183293703604,Data processing services,Technology services
ACA,"Arcosa, Inc.",109.93,USD,,0.40186318385241754,-0.8005094150823339,5391409180,USD,25.940346406154138,71928188.37,USD,345420067.26000005,USD,2026-04-23,-28.669410150891633,-10.165455001253447,Construction materials,Non-energy minerals
CENX,Century Aluminum Company,54.45,USD,-2.1419258707394273,1.415533618923459,0,5389136719,USD,137.67383059418458,127290106.35000001,USD,842564200.5,USD,2026-05-06,-87.91946308724832,0.2372666877570389,Aluminum,Non-energy minerals
IMVT,"Immunovant, Inc.",26.41,USD,-0.9752438109527439,-0.9377344336084021,0,5375284668,USD,,32615161.55,USD,170126934.42,USD,2026-06-03,12.542884697475138,,Biotechnology,Health technology
CAI,"Caris Life Sciences, Inc.",19,USD,-1.8289402904787513,2.205486820871437,0.15789473684211125,5369018554.999999,USD,,51082203,USD,269570765,USD,2026-06-03,236.92497430626926,35.074458223609874,Biotechnology,Health technology
ETSY,"Etsy, Inc.",55.78,USD,-2.127659574468078,-1.0992907801418395,-0.017927572606665488,5368667480,USD,41.0993221338049,139598988.38,USD,1091436215.56,USD,2026-05-06,46.66304650146352,30.029821865238205,Internet retail,Retail trade
MIR,"Mirion Technologies, Inc.",21.42,USD,-2.629016553067182,4.284323271665056,-2.334267040149393,5366510048,USD,195.43795620437956,112143446.10000001,USD,385586689.32000005,USD,2026-05-06,496.55172413793105,24.33886149708651,Aerospace & defense,Electronic technology
MRCY,Mercury Systems Inc,89.36,USD,-0.02314279102059248,3.401990280027769,-0.5147717099373251,5362907715,USD,,37405827.92,USD,333107450.71999997,USD,2026-05-05,-20.615261685976826,3.402617124537652,Aerospace & defense,Electronic technology
PACS,"PACS Group, Inc.",34.09,USD,-0.6709451575262659,-0.5542590431738557,0,5357755859,USD,28.92905634758996,29469270.950000003,USD,184400037.08,USD,2026-05-18,13.92206999198565,0.9974958481057471,Hospital/Nursing management,Health services
MIRM,"Mirum Pharmaceuticals, Inc.",88.78,USD,-0.8574739281575838,2.873696407879495,0,5357128906,USD,,97594699.86,USD,473666247.18,USD,2026-04-30,-297.2461273666093,11.970528531689359,Pharmaceuticals: major,Health technology
ENPH,"Enphase Energy, Inc.",40.86,USD,-1.764354958985817,1.565995525727076,-0.5873715124816495,5356697754,USD,31.65478772854044,264304299.24,USD,1275271122.42,USD,2026-04-28,-41.90551937333054,-16.350288845519422,Semiconductors,Electronic technology
REZI,"Resideo Technologies, Inc.",35.41,USD,,4.423473901503982,0,5355659668,USD,,77630723.99,USD,319277699.77,USD,2026-05-06,-12.82051282051282,1.6630901287553648,Electronics distributors,Distribution services
NPO,Enpro Inc.,249.7,USD,,1.2365700385161091,0,5305625977,USD,131.53181626632954,105545942.69999999,USD,313017677.5,USD,2026-05-06,-248.14814814814815,3.070481507327285,Industrial machinery,Producer manufacturing
DOCN,"DigitalOcean Holdings, Inc.",57.53,USD,-2.6262626262626254,5.656565656565653,-0.9212584738397377,5292535156,USD,22.89660113030327,133557275.72,USD,753876226.62,USD,2026-05-12,-83.79753869079566,5.554926535269168,Packaged software,Technology services
VSNT,"Versant Media Group, Inc.",36.54,USD,-1.4168937329700357,-0.43596730245232607,1.2862616310892143,5254117676,USD,5.6819418743877215,88537735.44,USD,791382114.18,USD,2026-06-03,125,-3.1870114251352977,Cable/Satellite TV,Consumer services
NG,Novagold Resources Inc.,11.99,USD,-3.8939519469759785,-0.6628003314001663,0.07756463719766173,5251794180.190036,USD,,38278410.72,USD,302621137.39,USD,2026-04-07,0.23207095532078947,,Precious metals,Non-energy minerals
CELC,Celcuity Inc.,113.45,USD,-2.4347826086956497,-1.3478260869565193,0,5249474121,USD,,109263241.2,USD,488661142.90000004,USD,2026-03-19,3.2340726340903063,,Medical specialties,Health technology
INGM,Ingram Micro Holding Corporation,22.24,USD,-2.085222121486842,0.8159564823209416,-2.517985611510786,5228061034.999999,USD,15.95180031559317,48205088.8,USD,366553341.59999996,USD,2026-05-07,22.072855605940255,18.04187720246863,Information technology services,Technology services
XENE,Xenon Pharmaceuticals Inc.,62.76,USD,44.551740581783505,49.64234620886982,-0.4722753346080281,5221023926,USD,,722871374.52,USD,1096754095.68,USD,2026-05-12,-15.803775744131826,,Pharmaceuticals: major,Health technology
APGE,"Apogee Therapeutics, Inc.",74.94,USD,-0.5065023956194254,2.5872689938398366,-0.306912196423811,5207224608.999999,USD,,64204395.36,USD,451072927.74,USD,2026-05-18,-6.7147536949600894,,Biotechnology,Health technology
ALM,Almonty Industries Inc.,19.7,USD,-3.8995726495726526,5.235042735042738,-1.0152284263959355,5176691377.136448,USD,,95740522.5,USD,761924784.5,USD,2026-03-26,,18.18233102229896,Other metals/Minerals,Non-energy minerals
CGON,"CG Oncology, Inc.",61.29,USD,-0.7600193923723363,-0.9534583063994884,0,5175033691,USD,,76122915.48,USD,419673713.76,USD,2026-05-07,5.704437545653763,39.375750300120046,Biotechnology,Health technology
LNTH,"Lantheus Holdings, Inc.",80.01,USD,-1.5159867695700227,10.267364939360533,-1.7247844019497682,5169117675.999999,USD,23.763699545576053,201150180.63000003,USD,623358550.08,USD,2026-04-30,94.7643224946887,5.929992135703386,Medical specialties,Health technology
IPGP,IPG Photonics Corporation,121.89,USD,,0.9859154929577446,0,5142704102,USD,167.0641447368421,33830081.94,USD,343905443.49,USD,2026-05-05,77.81053195765779,9.441688730103033,Semiconductors,Electronic technology
PIPR,Piper Sandler Companies,288.36,USD,-1.8738075769964568,-1.7579721995093924,0,5139277344,USD,18.237589572014954,77857488.36,USD,359870973.12,USD,2026-04-24,89.10828659609066,37.919282289045455,Investment banks/Brokers,Finance
PLXS,Plexus Corp.,191.58,USD,-2.0979020979021006,3.055406132329213,2.3071301806033966,5131751465,USD,29.79007930337428,70626924.9,USD,428082827.88000005,USD,2026-04-29,-19.92455618425402,1.0852578408603564,Electronic production equipment,Electronic technology
SRRK,Scholar Rock Holding Corporation,44.23,USD,-1.7222344888496381,-2.3404725104879716,0.6104453990504254,5081279297,USD,,46679192.019999996,USD,522254836.37999994,USD,2026-05-12,11.010565447074937,,Biotechnology,Health technology
WIX,Wix.com Ltd.,92,USD,-2.5455320055383965,-2.012993929065929,-0.4347826086956583,5064365723,USD,117.39185912976905,246911072,USD,2075240412,USD,2026-05-19,-6730.899830220413,3.7757772261699816,Packaged software,Technology services
HIMS,"Hims & Hers Health, Inc.",22.16,USD,47.39517153748411,40.78780177890724,-0.48781588447653573,5051123215,USD,42.44397624976058,3877203547.44,USD,6555914829.12,USD,2026-05-11,30.600988969189807,3.145701998076718,Medical/Nursing services,Health services
FROG,JFrog Ltd.,42.18,USD,-2.399113082039922,3.917220990391713,0,5045948242,USD,,114960577.67999999,USD,917285929.2,USD,2026-05-07,7.431075406244305,6.134821448136326,Packaged software,Technology services
EXLS,"ExlService Holdings, Inc.",32.23,USD,,-0.8612734543217507,0,5040247070.000001,USD,20.873000453338513,65397925.23,USD,378236583.11999995,USD,2026-04-23,3.5848764636096355,2.4604171190649167,Data processing services,Technology services
AVT,"Avnet, Inc.",61.55,USD,,2.4979184013322233,0,5038665527,USD,25.20578238257095,83923363.45,USD,329261171.05,USD,2026-05-06,19.302348052951977,7.126860535058316,Electronics distributors,Distribution services
RAL,Ralliant Corporation,44.94,USD,,0.6720430107526818,-1.9136626613262115,5022407715,USD,,71729767.61999999,USD,471549308.15999997,USD,2026-06-03,-3543.358395989975,4.81950481950482,Electronic equipment/Instruments,Electronic technology
TFX,Teleflex Incorporated,113.61,USD,,0.2647603918453774,0,5021625976.999999,USD,,104432470.59,USD,589406180.58,USD,2026-04-30,-74.69869794468956,-37.68117053167452,Medical specialties,Health technology
KBR,"KBR, Inc.",39.38,USD,0,-1.5499999999999936,0,4980236815.999999,USD,11.678529062870702,83241680.28,USD,446381593.68,USD,2026-05-05,-4.3478260869565215,-2.3821853961677886,Information technology services,Technology services
WAY,Waystar Holding Corp.,25.88,USD,-1.5169194865810989,0.6612213146635478,-2.4343122102009236,4960719726.999999,USD,42.45406824146981,46756774.879999995,USD,327996624.12,USD,2026-05-06,-34.78204124249543,12.985992979739514,Packaged software,Technology services
BETA,"Beta Technologies, Inc.",21.57,USD,-1.6606123508043606,11.935651271406336,1.9012517385257297,4940180237,USD,,42200777.49,USD,159297771.78,USD,2026-06-03,-471.9552078700191,100.99166103222899,Aerospace & defense,Electronic technology
RUSHA,"Rush Enterprises, Inc.",65.1,USD,,-1.4084507042253624,0,4904160767,USD,19.908256880733944,27751088.4,USD,183569045.1,USD,2026-04-28,-3.541760383865647,-5.788708318157771,Specialty stores,Retail trade
RUSHB,"Rush Enterprises, Inc.",58.73,USD,,-2.23073081405028,0,4904160767,USD,17.960244648318042,2321831.82,USD,23238345.13,USD,2026-04-28,-3.541760383865647,-5.788708318157771,Specialty stores,Retail trade
ERAS,"Erasca, Inc.",15.76,USD,0.25856496444731186,1.8745959922430455,0.7677664974619317,4879087891,USD,,65523413.519999996,USD,419406144.4,USD,2026-03-19,9.63513992206872,,Pharmaceuticals: major,Health technology
S,"SentinelOne, Inc.",14.35,USD,-2.325581395348838,1.12755461592671,-0.673867595818817,4877120338,USD,,131010104.39999999,USD,751048276.65,USD,2026-03-12,16.284591566114496,6.907999322826128,Packaged software,Technology services
OPEN,Opendoor Technologies Inc,5.08,USD,-1.9999999999999927,1.6000000000000014,-0.9842519685039335,4868293457,USD,,260618757.4,USD,1279781677.16,USD,2026-04-30,-1117.7777777777778,-19.562841530054644,Real estate development,Finance
ACHR,Archer Aviation Inc.,6.52,USD,-1.1182108626197986,4.153354632587856,0,4854393066,USD,,197325609.28,USD,1365218516.36,USD,2026-05-07,-45.419553502694384,,Aerospace & defense,Electronic technology
RDNT,"RadNet, Inc.",62.33,USD,-1.862228081740281,2.7191825972313755,-0.9305310444408765,4837563477,USD,,84501217.31,USD,435704713.37,USD,2026-05-11,-111.02086025475356,4.7512856948872475,Medical/Nursing services,Health services
NTSK,"Netskope, Inc.",12.29,USD,-0.8857395925597844,8.857395925597874,-0.5720097640357982,4833151367,USD,,55524597.72,USD,219013699.2,USD,2026-04-01,-401.73862969402336,7.856147296173532,Packaged software,Technology services
ST,Sensata Technologies Holding plc,33.12,USD,,0.42449969678593263,-0.060386473429939684,4828880859,USD,166.1816357250376,80233630.55999999,USD,357999346.08,USD,2026-04-28,,-1.4742795594017064,Electronic equipment/Instruments,Electronic technology
UUUU,Energy Fuels Inc,19.87,USD,-2.627430373095113,4.414083026799789,-0.8344237544036277,4800711425.999999,USD,,185903958.44,USD,1507306467.6100001,USD,2026-05-07,-24.217256214539027,53.032185206578674,Other metals/Minerals,Non-energy minerals
M,Macy's Inc,17.98,USD,-1.313628899835788,-1.5873015873015828,-0.19076751946608328,4780578125,USD,10.570252792475015,221800488.88,USD,1080183507.06,USD,2026-03-18,-87.35632183908046,-1.7203440688137628,Department stores,Retail trade
CORZ,"Core Scientific, Inc.",15.16,USD,-2.086137281292051,2.0188425302826425,0.13192612137202883,4780442871,USD,13.192933600208859,191731385.24,USD,1376010665,USD,2026-05-13,,-1.6522200165222,Data processing services,Technology services
MMYT,MakeMyTrip Limited,50.31,USD,-3.760552570990025,-3.4727551803530226,-0.6161796859471322,4772768463,USD,102.6106465429329,69014402.73,USD,569051529.9300001,USD,2026-05-20,,28.929410790046354,Internet software/Services,Technology services
TDS,"Telephone and Data Systems, Inc.",44.86,USD,-0.3340013360053409,-0.11133377866844169,0,4764131836,USD,,29569334.419999998,USD,167575920.66,USD,2026-04-30,,7.192703251966641,Wireless telecommunications,Communications
BDC,Belden Inc,122.9,USD,,0.6552006552006645,0,4762251953,USD,20.79068901933585,57196676.800000004,USD,350467662.1,USD,2026-05-06,19.75480684424061,3.136399506746431,Electrical products,Producer manufacturing
AQN,Algonquin Power & Utilities Corp.,6.19,USD,0.3289473684210456,1.8092105263157947,0,4755442888.854762,USD,,28616233.82,USD,213226020.07000002,USD,2026-05-07,56.915503883648654,10.725532937814327,Electric utilities,Utilities
ATMU,Atmus Filtration Technologies Inc.,58.21,USD,-3.614047050801223,-0.7671326287078004,-1.4602302009963948,4744614746,USD,23.24587676211014,44588685.37,USD,300354693.87,USD,2026-05-01,-12.408759124087592,-0.2457002457002457,Auto parts: OEM,Producer manufacturing
ALKS,Alkermes plc,28.45,USD,0.3842123646524605,-0.6287111421585739,0,4741190918,USD,19.858997626692723,57673384.8,USD,362711212.2,USD,2026-04-29,-40.3813390365027,-2.445044839352081,Pharmaceuticals: major,Health technology
DUOL,"Duolingo, Inc.",100.42,USD,-0.9026687598116185,-1.4717425431711146,0.07966540529774775,4714748107.999999,USD,11.917166083189935,306175559,USD,2042696241.76,USD,2026-05-13,-85.64178031793837,4.105434778608311,Packaged software,Technology services
TERN,"Terns Pharmaceuticals, Inc.",44.29,USD,-0.4911256422232688,3.4329752452125146,0.8719801309550742,4709346190.999999,USD,,68453472.46,USD,479692057.32,USD,2026-03-31,-2.2496160710579836,,Biotechnology,Health technology
DOCS,"Doximity, Inc.",25.49,USD,-1.1440410418310947,0.5919494869771057,2.000784621420171,4708241577,USD,21.40398018305483,51342569.76,USD,417667465.58,USD,2026-05-19,-0.8072962825698126,9.807446966325472,Packaged software,Technology services
ZETA,Zeta Global Holdings Corp.,19.08,USD,-3.662420382165612,1.273885350318463,-0.41928721174003303,4692593933,USD,,145196949.23999998,USD,947640216.2399999,USD,2026-05-12,,17.044568154249056,Packaged software,Technology services
GNTX,Gentex Corporation,21.75,USD,-1.856884057970999,-1.4945652173912967,-0.2298850574712676,4685001465,USD,12.540359778597786,45283260.75,USD,248634472.5,USD,2026-04-24,-7.964110018161173,-1.653517830303157,Auto parts: OEM,Producer manufacturing
TGTX,"TG Therapeutics, Inc.",29.19,USD,-1.0249402118209796,-0.2733173898189214,0,4661300293,USD,10.511343176089305,48297336.15,USD,290497478.88,USD,2026-05-11,-94.10660151703144,19.086754602403083,Pharmaceuticals: major,Health technology
OSIS,"OSI Systems, Inc.",282.16,USD,,5.567195450463953,0,4647894531,USD,31.996734101424295,125386260.80000001,USD,485984765.68000007,USD,2026-04-23,88.26133489005643,20.652431081864577,Aerospace & defense,Electronic technology
OLED,Universal Display Corporation,98.63,USD,-1.4119344532618825,1.648974543955472,0,4645303710.999999,USD,19.440611818504355,92644342.56,USD,392519586.34,USD,2026-04-30,50.688542471481156,23.86167477240658,Electronic production equipment,Electronic technology
OPCH,"Option Care Health, Inc.",29.67,USD,-0.8042895442359197,-0.569705093833774,0.4381530165149949,4641811035,USD,23.32913980185564,46952804.67,USD,384250829.40000004,USD,2026-04-29,12.907210128145746,2.1205338477062274,Medical/Nursing services,Health services
TMDX,"TransMedics Group, Inc.",134.77,USD,-2.052310778489322,3.9811742921070876,-0.12614083252950647,4622941406,USD,27.747009532437055,156277674.76000002,USD,863626105.96,USD,2026-05-05,333.3360746741231,11.779061763417534,Medical specialties,Health technology
KNF,Knife Riv Holding Co.,81.5,USD,,1.6209476309226898,0,4618129395,USD,29.585798816568047,37887801.5,USD,236474206,USD,2026-05-12,-77.64598221458459,-37.26930831748659,Construction materials,Non-energy minerals
PSMT,"PriceSmart, Inc.",148.84,USD,,2.5351336456324103,0,4586566406,USD,30.391015824400206,36181962.12,USD,194428650.12,USD,2026-04-15,26.886730969760166,3.8884276564172877,Specialty stores,Retail trade
MTH,Meritage Homes Corporation,68.03,USD,,0.5022898507903729,0,4544449219.000001,USD,10.743840808591283,85326423.41,USD,363962676.96,USD,2026-04-29,-15.374079780859443,0.8352629431342762,Real estate development,Finance
NOVT,Novanta Inc.,127.26,USD,,-3.0178326474622725,-3.66179475090367,4541116699,USD,87.23010487353486,60057557.28,USD,421739003.7,USD,2026-05-12,64.00075096227873,4.241918042645937,Electronic equipment/Instruments,Electronic technology
FOLD,"Amicus Therapeutics, Inc.",14.37,USD,-0.06973500697349921,0.20920502092049764,0.06610995128741094,4512189941,USD,,37044523.589999996,USD,342622544.84999996,USD,2026-05-13,-90.2346007165145,9.553356480796872,Pharmaceuticals: major,Health technology
BGC,"BGC Group, Inc.",9.5,USD,,1.713062098501072,0.1052631578947346,4505489380,USD,30.874228144296396,19100377,USD,117955705,USD,2026-05-06,-48.45778638548167,2.615487608311007,Investment banks/Brokers,Finance
BBWI,"Bath & Body Works, Inc.",21.62,USD,-2.4038461538461537,3.9423076923076934,-0.7400555041628128,4426081055,USD,,137071491.84,USD,891643262.2800001,USD,2026-05-14,423.3766233766234,70.89084065244667,Specialty stores,Retail trade
BILL,"BILL Holdings, Inc.",44.47,USD,,-1.3093652907234874,0,4400770996,USD,,79569904.17999999,USD,463671435.64,USD,2026-04-30,12.62660364618501,4.783431587831435,Packaged software,Technology services
CSW,"CSW Industrials, Inc.",266.8,USD,-1.6092743011859918,1.7427449185829207,0,4394257324,USD,35.39776044154328,28184485.200000003,USD,160937228.4,USD,2026-05-21,-74.76141282959465,-15.872482857978486,Industrial specialties,Process industries
MWA,MUELLER WATER PRODUCTS,27.99,USD,-1.8976011457214508,0.2148227712137441,0.39299749910683457,4377225098,USD,22.072391767210785,24186746.79,USD,146785801.76999998,USD,2026-05-11,-17.870722433460077,-16.439075630252102,Industrial machinery,Producer manufacturing
NVST,Envista Holdings Corporation,26.7,USD,-1.7870439314966509,-0.5956813104988836,0,4375473145,USD,97.12622771917061,70929618,USD,375472594.8,USD,2026-05-06,,12.046574115539633,Medical specialties,Health technology
ONDS,Ondas Inc,9.72,USD,1.7222787385554403,-1.1190233977619475,-0.5133744855967175,4369756348,USD,,885788430.84,USD,7044296236.200001,USD,2026-03-18,30.5291833137212,60.97059515528132,Telecommunications equipment,Electronic technology
BMI,"Badger Meter, Inc.",149.54,USD,,0.4635539133355712,0,4363815918,USD,31.219858452159748,52893344.779999994,USD,353115232.21999997,USD,2026-04-16,-4.282008153490891,-6.342005762759335,Industrial machinery,Producer manufacturing
MC,Moelis & Company,54.52,USD,,-2.9029385574354327,-0.036683785766696855,4352578491,USD,18.53476117627061,110569504.08000001,USD,507020734.40000004,USD,2026-04-29,64.64602930704943,36.7178306042164,Investment banks/Brokers,Finance
ACIW,"ACI Worldwide, Inc.",42.63,USD,-0.6110458284371282,0.18801410105759203,0,4336322753.999999,USD,19.668727507612807,40437112.800000004,USD,225786128.82000002,USD,2026-04-30,-29.494794520547945,-0.15735168204594502,Packaged software,Technology services
KEN,Kenon Holdings Ltd.,83.14,USD,-4.595108050344342,-1.2823557349798127,0,4335770996.000001,USD,9.18602980984896,3445820.44,USD,11867902.44,USD,,400,35.204081632653065,Electric utilities,Utilities
ITRI,"Itron, Inc.",96.18,USD,-1.3589041095890355,5.402739726027405,0,4322445312,USD,14.78964202238898,117874553.16000001,USD,601156643.22,USD,2026-04-30,54.89003703534361,-1.7138190414786159,Electronic equipment/Instruments,Electronic technology
MMSI,"Merit Medical Systems, Inc.",71.88,USD,,-1.0734929810074334,0,4271966797,USD,33.811562161907894,85513551.47999999,USD,356670428.88,USD,2026-04-23,36.9338857863448,2.5818254684942343,Medical specialties,Health technology
AIR,AAR Corp.,107.87,USD,0.4423147806855916,-0.5989679321783925,0,4268686523.0000005,USD,41.9727626459144,74132147.32000001,USD,310268962.01,USD,2026-03-24,0.5813953488372093,7.531097890751758,Aerospace & defense,Electronic technology
NWE,"NorthWestern Energy Group, Inc.",69.3,USD,0.014345144168706237,-0.5881509109166498,-3.139249639249639,4258043456.9999995,USD,23.545800489263385,27956382.299999997,USD,174218259.6,USD,2026-04-23,16.891167316192817,7.058239781678348,Electric utilities,Utilities
SAIC,Science Applications International Corporation,94.31,USD,,-1.1425576519916179,0,4255966309.0000005,USD,12.034862947271707,51304640,USD,319362801.79,USD,2026-03-16,-38.582677165354326,5.483323911814584,Information technology services,Technology services
STVN,Stevanato Group S.p.A.,15.58,USD,-0.3893575600259604,1.1031797534068781,-1.476251604621312,4253397521.9999995,USD,26.72842683136044,9348965.96,USD,65558100.46,USD,2026-05-07,31.465653133029452,13.834312017886957,Medical specialties,Health technology
AD,"Array Digital Infrastructure, Inc.",49.06,USD,,0.061187028349992116,0,4239078612.999999,USD,14.707557634079803,7209661.36,USD,58294122.260000005,USD,2026-04-30,-79.89263055148854,28.035399732591948,Wireless telecommunications,Communications
LBTYB,Liberty Global Ltd.,13.13,USD,,-0.07610350076103338,,4220403835.224317,USD,,336810.76,USD,782810.6000000001,USD,2026-04-30,-3116.3175303197354,1.988236268743269,Major telecommunications,Communications
ALH,Alliance Laundry Holdings Inc.,21.37,USD,,2.938342967244698,0,4218442382.9999995,USD,,13444721.8,USD,61251570.17,USD,2026-03-12,,13.872415722296674,Industrial machinery,Producer manufacturing
FELE,"Franklin Electric Co., Inc.",95.29,USD,,-0.47002297890117883,0,4212022949.0000005,USD,29.66502708424133,35054713.46,USD,184617037.67000002,USD,2026-05-05,134.10265656929917,-12.868694925685132,Industrial machinery,Producer manufacturing
LBTYK,Liberty Global Ltd.,12.3,USD,,-0.4854368932038731,0,4177010497.9999995,USD,,8306030.100000001,USD,105911782.2,USD,2026-04-30,-3116.3175303197354,1.988236268743269,Major telecommunications,Communications
LBTYA,Liberty Global Ltd.,12.57,USD,-4.146730462519933,0.23923444976077465,0.23866348448686842,4177010497.999999,USD,,29381444.82,USD,225552547.83,USD,2026-04-30,-3116.3175303197354,1.988236268743269,Major telecommunications,Communications
AMRX,"Amneal Pharmaceuticals, Inc.",13.25,USD,1.4939577039274854,0.0755287009063428,0.5283018867924549,4168835449.0000005,USD,59.846431797651306,19794691.75,USD,169412141.5,USD,2026-05-01,1380.6247361756014,3.7992996929305187,Pharmaceuticals: major,Health technology
QS,QuantumScape Corporation,6.8,USD,-2.98953662182362,1.6442451420029809,-0.7352941176470562,4165557036.9999995,USD,,76433387.2,USD,504645945.2,USD,2026-04-29,5.40425612337466,,Electrical products,Producer manufacturing
CAAP,Corporacion America Airports SA,25.52,USD,-11.264752163650675,0.393391030684492,0,4161975586,USD,22.57807661682739,7017004.72,USD,44765244.48,USD,2026-03-25,11.574552603311647,10.582555425292528,Other transportation,Transportation
MYRG,"MYR Group, Inc.",267.31,USD,,2.456880030663099,0,4154017090,USD,35.45977926350419,93981384.42,USD,531114229.35,USD,2026-04-29,13.877983423692902,2.435185185185185,Engineering & construction,Industrial services
LGND,Ligand Pharmaceuticals Incorporated,208.16,USD,-0.5448241703813741,3.100544824170377,0,4150948242,USD,35.676213001525355,34762928.16,USD,242594868,USD,2026-05-06,-61.81218183213527,-48.32367639289457,Pharmaceuticals: major,Health technology
SHC,Sotera Health Company,14.57,USD,,-0.6139154160982255,-0.01029512697323306,4143592773,USD,53.74400590188122,160307459.47,USD,434639942.92,USD,2026-04-30,-28.00413223140496,-2.528331705812818,Medical specialties,Health technology
BRC,Brady Corporation,87.44,USD,,-2.3235031277926703,0,4129619781.0000005,USD,20.48878787168733,19868903.759999998,USD,132268302,USD,2026-05-21,-10.911079798279442,-5.218524156955442,Miscellaneous manufacturing,Producer manufacturing
MNDY,monday.com Ltd.,81.06,USD,-0.8894536213468905,2.9987293519695033,-0.2183567727609261,4115686523,USD,36.1778095153084,185486841.96,USD,918764761.74,USD,2026-05-18,487.58810910321165,5.372488993596184,Packaged software,Technology services
SMR,NuScale Power Corporation,12.16,USD,-2.143101970865465,4.198800342759214,-0.7401315789473673,4110278687,USD,,238463242.24,USD,1608926128.64,USD,2026-05-13,81.40304918428649,-78.06357680174715,Electrical products,Producer manufacturing
MEOH,Methanex Corporation,53.01,USD,2.16736905478627,6.381697772426249,0,4099768393.781485,USD,37.26817958462199,120430715.49,USD,528554440.44,USD,2026-04-29,-1188.804590782466,7.270879963840897,Chemicals: specialty,Process industries
GTLB,GitLab Inc.,24.58,USD,-1.4452027298273762,-1.3247691690084378,0.04719283970708457,4093356537,USD,,182479929.01999998,USD,1643943115.9799998,USD,2026-06-08,68.62010633156113,6.567957013009868,Packaged software,Technology services
USAR,"USA Rare Earth, Inc.",18.71,USD,-0.4584527220630275,7.220630372492846,-0.8017103153394021,4077669189.0000005,USD,,213166790.71,USD,1297846560.15,USD,2026-05-20,-9.94624787728236,,Metal fabrication,Producer manufacturing
INDV,"Indivior Pharmaceuticals, Inc.",32.6,USD,-0.8057018903006046,1.0226216299968958,0,4077126709.0000005,USD,19.63382317513852,90719117,USD,404410204.6,USD,2026-04-23,142.85714285525185,14.012738852615161,Pharmaceuticals: major,Health technology
SKE,Skeena Resources Limited,33.5,USD,-3.645524599881458,-0.7113218731476052,0.6865671641790951,4056626975.6258235,USD,,28424917.5,USD,193623099,USD,2026-03-19,0.1737780002246873,,Precious metals,Non-energy minerals
LAZ,"Lazard, Inc.",43.18,USD,-1.2544802867383564,-3.2706093189964176,0.04631773969431016,4054942383,USD,19.890368050117463,190899989.04,USD,485055189.4,USD,2026-04-24,-30.822763014406245,21.317755788891173,Investment banks/Brokers,Finance
HHH,Howard Hughes Holdings Inc.,67.46,USD,-0.6050129645635288,-2.823393834629801,-0.6818855618143993,4023067627,USD,31.91861840548852,67631146.02,USD,233806915.59999996,USD,2026-05-13,-94.9794156039763,60.018706676746056,Real estate development,Finance
JOE,St. Joe Company (The),69.86,USD,,1.3639001741149124,0,4020051270,USD,34.99649333734095,16708555.92,USD,99305920.14,USD,2026-04-29,-22.665151006277934,-19.981251086443674,Real estate development,Finance
VISN,"Vistance Networks, Inc.",17.75,USD,-1.220220801859389,3.1377106333526963,-0.33521126760563313,4001950683.9999995,USD,2.9723031581767643,115845339.5,USD,765869030.25,USD,2026-04-30,1151.8416206261509,-68.4297723507394,Telecommunications equipment,Electronic technology
CRNX,"Crinetics Pharmaceuticals, Inc.",38.22,USD,-0.6016217630133323,-0.02615746795709655,-0.05232862375718478,4001837891,USD,,48113934.96,USD,272654829.71999997,USD,2026-05-07,5.593007971343147,4208.391608391608,Pharmaceuticals: major,Health technology
IRTC,"iRhythm Holdings, Inc.",123.75,USD,-0.38838093696901366,0.12946031232300073,-0.33131313131312856,3999199219.0000005,USD,,64801687.5,USD,641166817.5,USD,2026-04-30,,8.298251799008732,Medical specialties,Health technology
PPTA,Perpetua Resources Corp.,32.81,USD,-4.630205096333121,1.9577377252952226,0.5790917403230652,3998642822,USD,,43353657.550000004,USD,299983240.83000004,USD,2026-03-13,-327.39319409951395,,Precious metals,Non-energy minerals
ARIS,Aris Mining Corporation,19.32,USD,-3.05225038799793,-0.05173305742368345,-0.23809523809523486,3974124149.750286,USD,76.77055062604558,30532439.28,USD,179809056.84,USD,2026-03-11,,23.332075130784162,Precious metals,Non-energy minerals
ASO,"Academy Sports and Outdoors, Inc.",59.26,USD,,-1.6431535269709578,0,3951533447,USD,10.828688899040657,118871767.36,USD,449158562.56,USD,2026-03-17,-42.948482867484095,-13.51024291209485,Specialty stores,Retail trade
KAI,Kadant Inc,334.17,USD,-2.7141389107175296,1.000423139696549,0,3939538086,USD,38.65203109095957,39122284.410000004,USD,298925090.1,USD,2026-05-05,-13.3359786451194,5.389830134000081,Industrial machinery,Producer manufacturing
ABG,Asbury Automotive Group Inc,204.17,USD,,-0.29788065240746836,0.8963118969486275,3931889404,USD,8.147311630579653,67726659.89,USD,281147398.41999996,USD,2026-04-28,-59.2114208021754,-2.591342748823064,Specialty stores,Retail trade
AAUC,Allied Gold Corporation,31.47,USD,-0.41440867070450293,0.31877590054191224,0,3903713461.0764914,USD,,52337536.71,USD,93712719.21,USD,2026-03-31,31.45213612177414,17.909250367197505,Precious metals,Non-energy minerals
VKTX,"Viking Therapeutics, Inc.",33.61,USD,-1.1522134627046559,1.9102486355366968,0.47604879500149866,3883780029.0000005,USD,,64989808.449999996,USD,456791426.18,USD,2026-04-29,-73.66142729685969,,Pharmaceuticals: major,Health technology
LEU,Centrus Energy Corp.,195.85,USD,-2.853512626396308,3.6846842077399593,-0.4340056165432701,3851305282.9999995,USD,46.976565685639585,132710897.75,USD,881202789.6,USD,2026-05-12,356.4102564102564,95.19359145527369,Other metals/Minerals,Non-energy minerals
ACAD,ACADIA Pharmaceuticals Inc.,22.58,USD,-1.6245487364620912,1.8953068592057678,0,3849768311,USD,9.867156091592378,39586397.95999999,USD,275828360.9,USD,2026-05-13,281.12539879351897,1.9222418019401868,Pharmaceuticals: major,Health technology
LIF,"Life360, Inc.",47.57,USD,0.8873114463176544,5.523513753327423,-0.18919487071684551,3815048095.9999995,USD,27.07301804109043,124036491.64,USD,576518573.61,USD,2026-05-18,1223.9558868579597,17.255034257853602,Packaged software,Technology services
TPC,Tutor Perini Corporation,72.04,USD,-1.8126888217522568,-1.0711343037626848,0.08328706274290403,3803096191,USD,47.787728026534,67071185.080000006,USD,388266135.64000005,USD,2026-05-06,694.188928669788,6.500466312457608,Engineering & construction,Industrial services
GPI,"Group 1 Automotive, Inc.",318.07,USD,,-0.24150043909170177,0,3793048096,USD,12.747274767553701,57097381.839999996,USD,296565923.44,USD,2026-04-29,226.9230769230769,-3.5070122952945857,Specialty stores,Retail trade
CGAU,Centerra Gold Inc.,18.93,USD,-4.150106837606826,1.1217948717948765,1.690438457474909,3787769837.101985,USD,6.590509482521133,22395874.77,USD,172399523.16,USD,2026-05-12,-32.25015760574898,0.9276157741499678,Precious metals,Non-energy minerals
CVLT,"Commvault Systems, Inc.",85.85,USD,-1.0684742647058902,-1.3671875000000135,0,3775201172,USD,44.48878063947764,84827955.75,USD,491081316.24999994,USD,2026-05-05,20.719619823489477,13.629846336553362,Packaged software,Technology services
MIAX,"Miami International Holdings, Inc.",41.19,USD,,0.5124450951683769,0,3775124512,USD,,56050116.3,USD,345490475.13,USD,2026-06-03,,8.728051845616843,Investment banks/Brokers,Finance
ADMA,ADMA Biologics Inc,15.81,USD,1.4944769330734156,2.7290448343079916,0.0632511068943693,3765296631,USD,26.39398998330551,48321067.410000004,USD,431675323.02000004,USD,2026-05-13,35.552322389370815,3.6796698056979373,Biotechnology,Health technology
TAC,TransAlta Corporation,12.65,USD,-1.4937106918239094,-0.5503144654088072,-0.1581027667984156,3754520138.3478765,USD,,31966777.7,USD,122963970.8,USD,2026-05-01,25.486896708544144,-1.2179722354326608,Electric utilities,Utilities
AZZ,AZZ Inc.,125.52,USD,,1.2013222607433645,0,3747482910.0000005,USD,11.796770737392153,32130735.119999997,USD,164248191.84,USD,2026-04-27,-54.027040941955995,2.030076088910191,Industrial specialties,Process industries
SIG,Signet Jewelers Limited,91.61,USD,-1.3881238294590625,0.9254158863060521,0,3727101562,USD,27.383870389191127,111117891.45,USD,550881710.96,USD,2026-03-19,,-9.334896749397434,Specialty stores,Retail trade
ALHC,"Alignment Healthcare, Inc.",18.22,USD,-0.9761388286334041,-1.193058568329731,0,3722281982,USD,,36847800.04,USD,487365395.28,USD,2026-04-30,-395.1461517833199,1.923024670547804,Managed health care,Health services
HYMC,Hycroft Mining Holding Corporation,40.6,USD,-2.552204176334112,4.666151069863373,-0.2955665024630654,3696062744,USD,,157908137.8,USD,1161881259,USD,2026-05-05,16.89419795221843,,Precious metals,Non-energy minerals
OTTR,Otter Tail Corporation,87.93,USD,,-2.343402932030208,0,3688973633.0000005,USD,13.422788056420591,22403157.12,USD,160275550.59,USD,2026-05-04,-33.87063812394625,-5.3642459370383,Electric utilities,Utilities
LUNR,"Intuitive Machines, Inc.",18.08,USD,-2.8927963698241523,2.552467385138964,-1.2721238938052926,3674037964.0000005,USD,,168212993.27999997,USD,1049907769.5999999,USD,2026-03-19,72.82872006671697,4.221572953312265,Aerospace & defense,Electronic technology
NIQ,NIQ Global Intelligence plc,12.44,USD,-2.4864024864024747,-3.341103341103339,0.08038585209003044,3671136963,USD,,15930153.959999999,USD,80830293.28,USD,2026-06-03,-1308.510638308941,1.1337432751990653,Packaged software,Technology services
OSCR,"Oscar Health, Inc.",13.96,USD,-0.7235890014471754,1.0130246020260534,0.14899713467048342,3659711914.0000005,USD,,85003263.64,USD,560188527.2800001,USD,2026-05-12,-156.5376500545653,-6.053247438700274,Managed health care,Health services
CBT,Cabot Corporation,69.78,USD,,-0.3427592116538059,0,3644023438,USD,12.24747696358052,31405326.36,USD,194333392.32,USD,2026-05-11,71.42857142857143,-5.561735261401557,Chemicals: specialty,Process industries
BOX,"Box, Inc.",25.44,USD,-0.9746588693957117,-0.8187134502923872,-0.9433962264151021,3643715576.0000005,USD,42.88604180714768,61341564,USD,574585321.44,USD,2026-06-02,503.42312474098634,1.583490254294985,Information technology services,Technology services
WK,Workiva Inc.,64.01,USD,,-1.3713405238828975,0.015622558975145922,3637985611,USD,,55651510.190000005,USD,374655586.79,USD,2026-05-05,324.1206030150754,6.588421080806188,Information technology services,Technology services
HNGE,"Hinge Health, Inc.",45.99,USD,-1.387082791504119,-0.32509752925877455,0,3637985228.9999995,USD,,69001740.36,USD,383803106.40000004,USD,2026-05-07,,10.709352769906168,Packaged software,Technology services
CORT,Corcept Therapeutics Incorporated,33.99,USD,-1.2695600826690279,0.3542958370239284,0,3615653320,USD,41.54748808214155,41085854.370000005,USD,250976313.72000003,USD,2026-05-06,23.477452347745235,-2.6551016673248635,Pharmaceuticals: major,Health technology
CCC,CCC Intelligent Solutions Holdings Inc.,5.94,USD,-3.993610223642172,-5.111821086261972,0.6986531986531852,3606328613,USD,,52394102.64,USD,451551606.66,USD,2026-05-05,,4.022536687631027,Packaged software,Technology services
KNSA,"Kiniksa Pharmaceuticals International, plc",46.74,USD,-1.9930675909878566,1.2564991334488853,0,3577263793.9999995,USD,62.70458814059566,22641136.44,USD,231563748.3,USD,2026-05-05,-22.978030919446706,11.761908711398634,Pharmaceuticals: major,Health technology
CLBT,Cellebrite DI Ltd.,14.93,USD,-2.3529411764705963,-2.4183006535947777,-0.2679169457468128,3575288086,USD,47.94476557482338,15752926.67,USD,148886842.10999998,USD,2026-05-07,2.7688345138441726,2.2153631307080115,Packaged software,Technology services
DAN,Dana Incorporated,32.82,USD,-3.4630707937480922,0.5822862396567506,-0.6703229737964621,3565661133.0000005,USD,59.989033083531346,59720453.52,USD,289197991.98,USD,2026-04-29,-160.24096385542168,-2.608242044861763,Auto parts: OEM,Producer manufacturing
GFF,Griffon Corporation,76.47,USD,-2.118042102544234,-1.239829523440537,-0.10461618935530051,3561909424,USD,83.58290523554486,27152814.66,USD,152371674.96,USD,2026-05-06,47.55477128976075,-1.977401983140587,Building products,Producer manufacturing
PRM,"Perimeter Solutions, SA",23.82,USD,3.697407564810869,1.2324691882702896,0,3559662354,USD,,28855381.26,USD,207808871.88,USD,2026-05-07,-54.67791749349718,-67.42676172883523,Chemicals: major diversified,Process industries
FSM,Fortuna Mining Corp.,11.63,USD,-1.3020833333333366,0.9548611111111216,0.3439380911435868,3550173535.413815,USD,12.281518854908779,67895160.79,USD,461544028.09000003,USD,2026-05-13,-43.447527105736725,9.900427272726915,Precious metals,Non-energy minerals
SA,"Seabridge Gold, Inc.",34,USD,-3.755588673621455,1.3412816691505303,0.1764705882353008,3547788462.7493496,USD,,24522636,USD,178610568,USD,2026-03-26,-355.8608020484006,,Precious metals,Non-energy minerals
EXPO,"Exponent, Inc.",71.88,USD,-1.6828929068150318,-0.027816411682907133,0,3540401611,USD,34.74310019817294,29232158.4,USD,201736035.95999998,USD,2026-04-23,-11.703038083012409,0.20731375747688963,Engineering & construction,Industrial services
HGV,Hilton Grand Vacations Inc.,43.22,USD,,-0.734956361966009,0,3519144775.0000005,USD,46.729376148772836,40429889.68,USD,210316169.94,USD,2026-05-13,92,2.5384615384615383,Real estate development,Finance
RNG,"RingCentral, Inc.",41.84,USD,-3.0699666825321423,-0.42836744407424965,-0.8604206500956179,3517615722.9999995,USD,86.82299232205852,105010826.96000001,USD,661452158.24,USD,2026-05-12,30.79902044535566,0.8420821883489521,Packaged software,Technology services
GTX,Garrett Motion Inc.,18.44,USD,,-0.10834236186348632,0,3503066406.0000005,USD,12.062536795970434,48213555.92,USD,252450717.84,USD,2026-04-23,9.090909090909092,-1.2195121951219512,Auto parts: OEM,Producer manufacturing
OII,"Oceaneering International, Inc.",34.99,USD,0,2.2800350774627334,-1.0288653901114588,3477787354,USD,9.997142857142858,50670138.68,USD,222725730.89000002,USD,2026-04-29,149.20113902565612,-10.004603592956233,Industrial machinery,Producer manufacturing
SOUN,"SoundHound AI, Inc.",8.22,USD,-1.734820322180924,1.8587360594795581,-0.6082725060827336,3475532623.0000005,USD,,200701081.8,USD,1214599102.5600002,USD,2026-05-07,,30.9400937002069,Packaged software,Technology services
BHF,"Brighthouse Financial, Inc.",60.38,USD,-0.32100016894745353,2.0104747423551355,0,3452775879,USD,10.399586634516018,58085801.52,USD,357519942.7,USD,2026-05-11,-71.39874739039665,-6.993392070484582,Life/Health insurance,Finance
QLYS,"Qualys, Inc.",96.36,USD,-2.6961281167646427,-2.331238597202511,0,3437732178,USD,17.696644689721033,67377513.72,USD,356985566.52,USD,2026-04-30,5.569459341357804,3.294206294076786,Packaged software,Technology services
BKD,Brookdale Senior Living Inc.,14.45,USD,-3.2907991940899946,-2.9550033579583697,0,3436100342,USD,,81271004.95,USD,377775106.7,USD,2026-05-12,65.16657078604675,-7.264454323538273,Hospital/Nursing management,Health services
KLIC,"Kulicke and Soffa Industries, Inc.",65.45,USD,-3.2698877501220074,6.474703107206774,1.1917494270435463,3424770264,USD,,70333093.60000001,USD,287841376.90000004,USD,2026-05-06,163.30145790876313,12.428051678888025,Industrial machinery,Producer manufacturing
DNTH,"Dianthus Therapeutics, Inc.",79.23,USD,22.69938650306748,21.518404907975462,-3.130127476965801,3424565674,USD,,365341572.96000004,USD,794335973.3100001,USD,2026-03-19,-16.238262354168643,105.18134715025906,Biotechnology,Health technology
DLO,DLocal Limited,11.6,USD,-1.5503875968992225,-0.08613264427217732,0.8620689655172384,3418839844,USD,19.751404733526304,7864869.6,USD,71788050,USD,2026-03-18,21.05816398037097,10.147860468374166,Packaged software,Technology services
DNN,Denison Mines Corp,3.81,USD,-2.9972752043596698,3.814713896457769,-0.2624671916010559,3418677020.092485,USD,,162879904.11,USD,1002574708.08,USD,2026-05-13,-1155.6337890849466,-19.943193821741275,Other metals/Minerals,Non-energy minerals
USLM,"United States Lime & Minerals, Inc.",118.97,USD,2.0945083014048476,1.2941677309493367,0,3410876465,USD,25.456840843925193,13461217.56,USD,79180840.41,USD,2026-05-06,-21.228920633283483,-13.797835633626098,Construction materials,Non-energy minerals
LCID,"Lucid Group, Inc.",10.4,USD,-2.149437052200605,6.448311156601851,-0.9615384615384581,3407916016,USD,,75914384,USD,367167101.6,USD,2026-05-11,16.803280364012476,55.306316477509064,Motor vehicles,Consumer durables
LASR,"nLIGHT, Inc.",61,USD,-2.796725784447477,4.024556616643928,1.5081967213114782,3403270508,USD,,104732974,USD,1070981392,USD,2026-04-30,28.585976141984286,21.640046747175678,Semiconductors,Electronic technology
CSTM,Constellium SE,25.19,USD,-2.868686868686872,1.777777777777783,-0.3572846367606187,3402407715,USD,13.020779489300114,54569625.99,USD,421459532.56,USD,2026-04-29,27.272727272797493,1.615881809843457,Aluminum,Non-energy minerals
PJT,PJT Partners Inc.,140.43,USD,,-2.424958310172305,0,3394824756,USD,33.83855421686747,60723757.59,USD,363619752.33000004,USD,2026-05-05,33.93910489721127,19.69836253307477,Investment banks/Brokers,Finance
LIVN,LivaNova PLC,62.06,USD,0.03132832080199878,-2.7882205513784477,-1.836932001289076,3394053711.0000005,USD,,108484665.66000001,USD,397112320.7,USD,2026-05-06,15.33004778972521,0.8796571936503678,Medical specialties,Health technology
SEI,"Solaris Energy Infrastructure, Inc.",49.45,USD,-0.3676470588235288,1.0008169934640563,0.6066734074822996,3387404114,USD,72.65647957684396,135709047.05,USD,658953837.5500001,USD,2026-05-04,-113.51022743527392,7.707245734013414,Information technology services,Technology services
DNLI,Denali Therapeutics Inc.,21.31,USD,3.6058913153885084,8.227526663280841,0,3379584717.0000005,USD,,55984374.70999999,USD,199647082.23999998,USD,2026-05-12,-1.2978518857070809,,Biotechnology,Health technology
AVNT,Avient Corporation,36.62,USD,-2.405028696365134,0.08198961464879483,0,3355297363,USD,40.99406694279637,27722621.7,USD,156740264.84,USD,2026-05-12,-48.15950920245399,-5.691258524488531,Chemicals: major diversified,Process industries
ALMS,Alumis Inc.,26.84,USD,-0.2230483271375417,-0.2230483271375417,0,3346704010,USD,,48637300.8,USD,195203213.48,USD,2026-03-25,-286.6994824766946,-22.50562640660166,Pharmaceuticals: major,Health technology
CALX,"Calix, Inc",50.95,USD,-1.5256588072121975,0.9510600356647593,0,3342710693.0000005,USD,202.82643312101914,28768611.8,USD,187382789.10000002,USD,2026-04-27,-53.94047771107421,2.6416814536029265,Telecommunications equipment,Electronic technology
EXK,Endeavour Silver Corporation,11.26,USD,-1.8783542039355912,0.7155635062611813,1.3321492007104827,3329958209.847059,USD,,84998834.92,USD,760919699.88,USD,2026-05-13,41.79222349790456,28.407703655403505,Precious metals,Non-energy minerals
NATL,NCR Atleos Corporation,45.09,USD,,-0.813902331720188,0.02217786648923932,3321672852,USD,19.97961715703651,103968567.09,USD,580957505.82,USD,2026-05-18,219.23076923076925,2.7653880463871543,Computer processing hardware,Electronic technology
WHR,Whirlpool Corporation,58.74,USD,-1.8720217835262107,-0.034036759700469744,0.017024174327541726,3319908447,USD,10.43116920017048,233515230.96,USD,1523264829.24,USD,2026-04-27,47.94520547945205,1.5869080089263576,Electronics/Appliances,Consumer durables
FSLY,"Fastly, Inc.",21.83,USD,-3.227408142999017,8.391261171797407,-0.41227668346312357,3313793944.9999995,USD,,240767326.85,USD,1752151943.04,USD,2026-05-06,47.410372078825084,9.094126644040374,Information technology services,Technology services
FLY,Firefly Aerospace Inc.,20.75,USD,-0.35478966041561216,5.169792194627468,-1.6867469879518142,3304460938,USD,,52571266.25,USD,255143514.75,USD,2026-06-03,-109.18184954059393,97.94198983857483,Aerospace & defense,Electronic technology
BLLN,"BillionToOne, Inc.",72.11,USD,,-1.9045027887362338,0,3300385345.0000005,USD,2078.0979827089336,29127103.86,USD,203912802.22,USD,2026-06-03,193.03251493032514,15.001855776253247,Medical/Nursing services,Health services
MARA,"MARA Holdings, Inc.",8.66,USD,0.8739076154806527,8.114856429463176,-1.5011547344110945,3292832031,USD,,367164047.36,USD,2696599434.56,USD,2026-05-07,-1488.509518549802,-19.84707420466701,Data processing services,Technology services
ICUI,"ICU Medical, Inc.",133.34,USD,-2.3106060606060694,1.0151515151515178,0,3292201172,USD,5420.325203252032,57516475.68,USD,226807206.46,USD,2026-05-11,-363.3097762073027,0.4740455857410658,Medical specialties,Health technology
QTWO,"Q2 Holdings, Inc.",52.75,USD,-0.09460737937559936,-0.1892147587511853,0,3291830566,USD,67.55891393442623,58489411,USD,510791332,USD,2026-05-05,35.85194045720361,3.23146789354698,Information technology services,Technology services
AVA,Avista Corporation,39.67,USD,-0.9329299041855711,0.025214321734758235,0,3262906738,USD,16.633821124575455,26517292.490000002,USD,178094537.67000002,USD,2026-05-06,144.82758620689654,32.25806451612903,Electric utilities,Utilities
DORM,"Dorman Products, Inc.",107.75,USD,,-1.445166011158875,-1.9211136890951213,3252246338.0000005,USD,16.23107629735633,29330843,USD,215777456.25,USD,2026-05-12,-84.87306987699556,-1.0674297821001368,Automotive aftermarket,Consumer durables
SYRE,"Spyre Therapeutics, Inc.",41.07,USD,-2.117061021170614,2.2914072229140765,-0.9009009009008947,3225644287,USD,,36565976.31,USD,184232463.12,USD,2026-05-07,-363.4802825717607,,Pharmaceuticals: major,Health technology
CARG,"CarGurus, Inc.",33.85,USD,,0.5644682115270494,0,3222152649,USD,21.730756885151184,41523219.550000004,USD,302455233.7,USD,2026-05-07,11.362569045329517,1.0046251298723063,Internet software/Services,Technology services
HWKN,"Hawkins, Inc.",152.97,USD,-1.2362268207471132,2.774791722655197,0,3197393311,USD,38.669801304413774,21743767.68,USD,135618306.96,USD,2026-05-20,-36.666961678024606,-12.963478037613127,Chemicals: specialty,Process industries
NNNN,Anbio Biotechnology,22.21,USD,-4.499781564001752,-2.970729576234162,0,3195823547,USD,351.42405063291136,839893.36,USD,6034479.21,USD,,,,Medical specialties,Health technology
FUL,H. B. Fuller Company,58.56,USD,,-0.3234042553191451,0,3180498047.0000005,USD,21.2713403559753,38757174.72,USD,186568763.52,USD,2026-04-01,-55.72960095294819,0.30772059194455875,Industrial specialties,Process industries
TARS,"Tarsus Pharmaceuticals, Inc.",74.49,USD,-3.685503685503689,1.6789516789516647,0,3170107422,USD,,35460294.089999996,USD,207167118.6,USD,2026-05-12,33.46841477949941,27.7774501461705,Pharmaceuticals: major,Health technology
LQDA,Liquidia Corporation,35.87,USD,-2.1926172633916154,-0.44407438245907216,-0.44605519933090776,3160664307,USD,,57521634.17999999,USD,407599418.79999995,USD,2026-05-07,,69.33679290419933,Pharmaceuticals: major,Health technology
BBUC,Brookfield Business Corporation,32.93,USD,-2.04326923076923,-1.0516826923076965,0,3159003020.7564445,USD,,4201802.14,USD,25256453.82,USD,,59.540274344304976,1.8328919052117298,Engineering & construction,Industrial services
SXI,Standex International Corporation,260.44,USD,,3.8064490414125762,0,3156202881,USD,58.29267200859483,50491242.36,USD,316581227.71999997,USD,2026-04-30,-85.9192348565356,1.7886133991933073,Electronic equipment/Instruments,Electronic technology
PBH,Prestige Consumer Healthcare Inc.,66.2,USD,,-1.4734335466587214,0,3132499756,USD,17.505354734643152,25882876,USD,165923680,USD,2026-04-30,10.62519248537111,3.4036933538600724,Pharmaceuticals: major,Health technology
SUPN,"Supernus Pharmaceuticals, Inc.",54.17,USD,-1.5221830332281425,0.5568962316688403,0.12922281705741237,3119201172,USD,,43435781.14,USD,224370514.9,USD,2026-05-12,90.90143404924973,10.134667339916607,Pharmaceuticals: major,Health technology
LCII,LCI Industries,128.77,USD,,-0.7093839154907762,0,3116371826.0000005,USD,17.039830620616648,30323017.14,USD,211727239.56,USD,2026-05-12,-70.10225145216265,-10.01247495120491,Miscellaneous manufacturing,Producer manufacturing
WDFC,WD-40 Company,230.2,USD,,-2.5897088693297245,0,3104546875,USD,34.971515381693884,36118380,USD,210951366.6,USD,2026-04-02,-17.847533632286996,-5.534926684243689,Industrial specialties,Process industries
WRBY,Warby Parker Inc.,25.28,USD,-3.3037872683319915,1.8533440773569734,0.03955696202530858,3095479828,USD,2089.256198347108,60378322.24,USD,465792620.48,USD,2026-05-07,-201.34490977187608,-4.381089859256586,Specialty stores,Retail trade
IDYA,"IDEAYA Biosciences, Inc.",35.08,USD,-0.3916842422416254,5.694486291051524,0,3080516113.0000005,USD,,32796081.52,USD,206500700.2,USD,2026-05-12,-169.8341216329543,-94.766977491652,Pharmaceuticals: major,Health technology
ARQT,"Arcutis Biotherapeutics, Inc.",24.82,USD,-1.0416666666666665,3.416666666666668,0,3078508300.9999995,USD,,25712527.2,USD,217083761.68,USD,2026-05-19,134.75033738191632,30.522379786129655,Pharmaceuticals: major,Health technology
EWTX,"Edgewise Therapeutics, Inc.",28.66,USD,-1.7972681524083391,3.0194104960460098,1.919050942079556,3074373290.9999995,USD,,32762363.74,USD,181822135.28,USD,2026-05-07,-23.483991540844933,,Biotechnology,Health technology
AAP,Advance Auto Parts Inc.,51.09,USD,-2.353665805682488,1.5100337770713395,-0.07829320806421267,3070509033,USD,70.12077957727148,76053442.53,USD,459255111.51000005,USD,2026-05-27,,-3.094302554027505,Specialty stores,Retail trade
OPLN,"OPENLANE, Inc.",28.84,USD,,1.8002117896223142,0,3065612061,USD,,26992567.28,USD,157972253.6,USD,2026-05-05,53.746770025839794,-0.8226324237560192,Packaged software,Technology services
YETI,"YETI Holdings, Inc.",40.39,USD,,-0.12363996043520564,0,3040089111,USD,19.8009608785175,59496610.67,USD,290913417.9,USD,2026-05-07,47.78426395939086,19.669677673310563,Miscellaneous manufacturing,Producer manufacturing
PLUG,"Plug Power, Inc.",2.18,USD,-2.3474178403755785,2.3474178403755994,-0.45871559633028575,3038822266,USD,,162951618.82000002,USD,1537245577.96,USD,2026-05-13,-133.77796937565805,27.20341136934851,Electronic production equipment,Electronic technology
VRDN,"Viridian Therapeutics, Inc.",29.65,USD,-0.17642907551164683,4.622441778405077,1.112984822934239,3030424805,USD,,37677945.05,USD,204042612.54999998,USD,2026-05-12,-194.74262261915086,-99.8129516791838,Pharmaceuticals: major,Health technology
ACMR,"ACM Research, Inc.",46.69,USD,-2.938557435440784,3.9403383793410423,0.12850717498394149,3029081389.9999995,USD,34.04798366513527,54822417.51,USD,469754953.42999995,USD,2026-05-01,-77.57251525537072,-9.187843661762521,Industrial machinery,Producer manufacturing
CPRX,"Catalyst Pharmaceuticals, Inc.",24.79,USD,-0.9488448844884361,2.268976897689772,-2.783380395320685,3027451171.9999995,USD,14.718280591343586,22686469.34,USD,205533914.79,USD,2026-05-13,-0.1610366974215183,2.8444929645803008,Pharmaceuticals: major,Health technology
MTRN,Materion Corporation,145.23,USD,,0.7212705458076094,0,3011520264,USD,40.526286415894624,28828881.15,USD,237881366.48999998,USD,2026-05-06,-74.13426727530302,10.102581511048363,Electronic equipment/Instruments,Electronic technology
PI,"Impinj, Inc.",98.81,USD,-1.1454024817053903,4.7937214975076845,-2.843841716425465,2987192871,USD,,157770618.67000002,USD,535798707.15000004,USD,2026-04-29,91.10850897736144,-3.337671125917443,Semiconductors,Electronic technology
HAE,Haemonetics Corporation,64.23,USD,-1.4501793232496376,0.15593326056449172,0,2984854980,USD,17.64802857535376,46065563.31,USD,278720946.6,USD,2026-05-07,15.65505118395202,3.559873516337473,Medical specialties,Health technology
PLBL,Polibeli Group Ltd,8.14,USD,,2.980618389757612,,2982393932.9073634,USD,,16711.420000000002,USD,26520.120000000003,USD,,,,Electronics/Appliance stores,Retail trade
ATS,ATS Corporation,30.36,USD,,0.43003638769434005,0,2977096431.272727,USD,227.94884035156977,6661682.28,USD,33834702,USD,2026-05-14,-9.820907054568364,5.90329875562655,Industrial machinery,Producer manufacturing
TWST,Twist Bioscience Corporation,48.33,USD,-2.0025564550489943,2.9612270984235205,0,2963194824.0000005,USD,,59967429.03,USD,285507203.49,USD,2026-04-30,-12.414326774264868,4.735933096991183,Biotechnology,Health technology
CWK,Cushman & Wakefield Ltd.,12.77,USD,,0.8688783570300113,0,2960363281,USD,33.97180101090716,24771373.7,USD,131870209.50999999,USD,2026-05-05,-143.57976653696497,11.815495606124564,Real estate development,Finance
AWR,American States Water Company,75.67,USD,,0.504715101607113,0,2957370360.9999995,USD,22.482693050479842,17509129.96,USD,111921907.93,USD,2026-05-13,-30.11243079774651,-10.091070294883863,Water utilities,Utilities
KD,"Kyndryl Holdings, Inc.",13.08,USD,-1.9863532979529845,-0.8339651250947645,-1.91131498470948,2948849121.0000005,USD,12.469018112488085,41371713,USD,288407316.12,USD,2026-05-13,-16.176470588235293,3.708680462241333,Data processing services,Technology services
TTAM,Titan America SA,15.99,USD,-1.618929016189278,-0.4358655043586458,0,2947955810.9999995,USD,16.279780085522297,4033045.77,USD,34468923.45,USD,2026-03-17,12.303449895415842,1.77290507246219,Construction materials,Non-energy minerals
ERO,Ero Copper Corp.,28.2,USD,-4.142651296829978,1.5850144092218938,-0.7092198581560258,2938222570.637076,USD,10.910470735432428,52842231.6,USD,267752598.6,USD,2026-05-11,119.69045125047606,85.64647242800933,Other metals/Minerals,Non-energy minerals
ITGR,Integer Holdings Corporation,85.38,USD,-1.1900511722004046,1.6065690824705394,0,2937699219,USD,29.75638657512285,55299089.16,USD,362355622.91999996,USD,2026-04-23,22.50617470638641,0.9263287845631873,Medical specialties,Health technology
RCUS,"Arcus Biosciences, Inc.",23.43,USD,-1.1759384893713163,5.9701492537313445,0,2936938232,USD,,33300098.37,USD,206039928.93,USD,2026-05-12,21.48148148148148,26.923076923076923,Biotechnology,Health technology
DYN,"Dyne Therapeutics, Inc.",17.69,USD,0.6056527590847904,19.04441453566623,-1.0740531373657505,2919329834.0000005,USD,,93407516.36,USD,279951732.87,USD,2026-04-30,-3.622698790274063,,Biotechnology,Health technology
KMT,Kennametal Inc.,38.22,USD,-4.007530930607859,2.797202797202795,0,2912317871.0000005,USD,26.747847994961155,37201475.22,USD,418732319.46,USD,2026-05-13,45.44166881277363,6.335872957222666,Industrial machinery,Producer manufacturing
CON,"Concentra Group Holdings Parent, Inc.",22.57,USD,-0.5258545135845792,-1.0955302366345312,0,2903286377,USD,17.535545023696685,16945014.32,USD,99061219.62,USD,2026-05-13,-28.12739592614849,-5.886871508379888,Medical/Nursing services,Health services
FLNC,"Fluence Energy, Inc.",15.7,USD,-0.2029769959404558,6.2246278755074425,-0.31847133757961105,2887783691,USD,,76634965.6,USD,451326565.5,USD,2026-05-13,-351.1423158363981,-54.38735913833598,Electrical products,Producer manufacturing
SYNA,Synaptics Incorporated,74.44,USD,-2.5694444444444366,3.3888888888888857,-0.01343363782911191,2883041992,USD,,66686180.72,USD,323251159.15999997,USD,2026-04-30,28.155339805825243,3.418803418803419,Semiconductors,Electronic technology
PRVA,"Privia Health Group, Inc.",23.3,USD,,0.1289213579716422,0,2881937012,USD,131.34160090191656,24152314,USD,132279598.8,USD,2026-05-07,33.37705873779333,-6.761667002630858,Life/Health insurance,Finance
BULL,Webull Corporation,5.49,USD,-1.467889908256882,0.733944954128441,0.18214936247722746,2873744324,USD,,66010793.760000005,USD,557313298.38,USD,2026-05-21,-91.76185297862554,5.265225049129803,Packaged software,Technology services
IAC,IAC Inc.,37.36,USD,,-1.346712437285445,0,2873281525,USD,,42863426.88,USD,257746116.96,USD,2026-05-11,-250.9941039352804,9.526393158277566,Internet software/Services,Technology services
VRNS,"Varonis Systems, Inc.",24.34,USD,-0.7380073800737996,-0.20500205002050312,0,2858677490,USD,,33717836.9,USD,307437834.14,USD,2026-05-04,7.237325495958853,7.298068413202374,Packaged software,Technology services
DIOD,Diodes Incorporated,62.31,USD,,0.6786233640329644,0,2858624267.9999995,USD,43.74166374166374,31859913.03,USD,212174647.26000002,USD,2026-05-07,-28.54741560442639,-0.15095494300940918,Semiconductors,Electronic technology
BWIN,"The Baldwin Insurance Group, Inc.",20.01,USD,-0.8083689966714299,-4.850213980028528,-0.7996001999000506,2858576721,USD,,40502501.13,USD,228038282.16000003,USD,2026-05-12,-38.09472953489614,-4.956361576292664,Insurance brokers/Services,Finance
MGEE,MGE Energy Inc.,78,USD,,-2.3168440826549714,0,2851984131,USD,20.987488228171667,15589938,USD,65991042,USD,2026-04-30,-47.6324246578421,7.897358249990038,Electric utilities,Utilities
STUB,"StubHub Holdings, Inc.",8.23,USD,-1.2567324955116748,-1.4961101137043686,0.12150668286755513,2843793808,USD,,78351920.86,USD,395826615.17,USD,2026-06-03,58.650604159248076,-4.046031620570247,Internet software/Services,Technology services
BEAM,Beam Therapeutics Inc.,27.62,USD,-2.1853805576488257,4.06932931424266,-0.7603186097031167,2813269530.9999995,USD,,34348314.86,USD,369872042.34000003,USD,2026-05-12,,1076.6240461950918,Biotechnology,Health technology
VERA,"Vera Therapeutics, Inc.",38.97,USD,-0.30714102892244033,-0.25595085743537604,1.4883243520656873,2780730469.0000005,USD,,49823651.61,USD,280706794.46999997,USD,2026-05-07,-13.455718431245565,,Biotechnology,Health technology
WGS,GeneDx Holdings Corp.,94.51,USD,-1.2597889002383378,7.263647713085922,0,2768078613,USD,,70759353.47,USD,555350400.02,USD,2026-05-13,-131.3817943680419,3.637048902289645,Medical/Nursing services,Health services
YSS,York Space Systems Inc.,21.65,USD,-2.897196261682231,1.1682242990654208,-0.04618937644340883,2748345947,USD,,12860901.049999999,USD,91226020.44999999,USD,2026-06-03,,,Aerospace & defense,Electronic technology
CRVL,CorVel Corp.,53.6,USD,,-2.4745269286753993,0,2741770508,USD,26.26034981137622,12548188.8,USD,64405438.4,USD,,-13.373468071382499,-1.6766606994571092,Insurance brokers/Services,Finance
NP,Neptune Insurance Holdings Inc.,19.83,USD,,-2.3633677991137394,0,2739584472.9999995,USD,,5278825.319999999,USD,40849958.63999999,USD,2026-06-03,16.869530228347248,43.31073484822676,Insurance brokers/Services,Finance
IHS,IHS Holding Limited,8.18,USD,-1.980198019801982,1.2376237623762332,-0.7334963325183435,2727547118.9999995,USD,5.8650605865060585,14435352.34,USD,191935430.01999998,USD,2026-03-17,326.5536723164314,5.0311562427994865,Engineering & construction,Industrial services
CWT,California Water Service Group,45.68,USD,,0.19741171309496885,0,2724485107,USD,21.24848823146339,17597306.4,USD,106699298.32,USD,2026-04-23,-81.24775436877347,-29.320931129211047,Water utilities,Utilities
OLN,Olin Corporation,23.8,USD,-1.198117244330343,1.8399657680787322,0,2704555907.9999995,USD,,99385587,USD,529775052.8,USD,2026-04-23,-300.23364485981307,-2.8076114872752744,Industrial specialties,Process industries
LFST,"LifeStance Health Group, Inc.",6.91,USD,-4.040404040404031,-0.2886002886002824,-1.4471780028943637,2693401855,USD,276.4,14198315.59,USD,137054695.14000002,USD,2026-05-13,983.3797585886723,5.053750731840059,Medical/Nursing services,Health services
EFXT,Enerflex Ltd,21.98,USD,-1.0613751730503018,1.430549146285181,0,2677203176.8983564,USD,42.286376268408524,7579781.0200000005,USD,96698680.12,USD,2026-05-07,-258.19758282160825,-17.13459947439564,Industrial machinery,Producer manufacturing
TVTX,"Travere Therapeutics, Inc.",28.98,USD,-0.8810572687224614,6.387665198237894,0,2673159912.0000005,USD,,36898929.9,USD,266286787.20000002,USD,2026-04-30,-185.5286703493348,-21.333381859649762,Pharmaceuticals: major,Health technology
NMRK,"Newmark Group, Inc.",14.49,USD,,1.4705882352941237,0,2672493378,USD,21.190406551623283,27116730.900000002,USD,175847046.48,USD,2026-05-01,47.28734237552541,12.277644827243954,Real estate development,Finance
TXG,"10x Genomics, Inc.",20.91,USD,-2.7390677558865946,0.48053820278712844,0.40363462458153376,2671299744,USD,,34657363.14,USD,263637085.62,USD,2026-05-06,40.84158415841585,11.428034523026536,Biotechnology,Health technology
RUN,Sunrun Inc.,11.33,USD,-2.204585537918871,-0.08818342151675297,-0.4413062665489913,2656798828,USD,6.596029574430925,133081760.79,USD,1008787975.03,USD,2026-05-06,508.56624956145475,59.936761359009715,Semiconductors,Electronic technology
ATRO,Astronics Corporation,74.34,USD,-1.8291880510593508,-2.1713383339913035,1.5659133709981041,2655804748.9999995,USD,102.7505183137526,61677221.760000005,USD,294378445.62,USD,2026-04-30,,13.535306719887252,Aerospace & defense,Electronic technology
RH,RH,141.36,USD,-3.102138435565558,-0.5627462014631281,-0.2900396151669673,2654415526.9999995,USD,25.483126622440153,261967503.84000003,USD,1060634399.2800001,USD,2026-04-01,-29.86578479152162,-1.706165037907982,Specialty stores,Retail trade
VCYT,"Veracyte, Inc.",33.37,USD,-3.4564254062038455,-1.418020679468254,1.947857356907419,2651527588,USD,40.63070741507366,46180542.779999994,USD,215781331.98999998,USD,2026-05-12,115.02325338349793,6.645838388740585,Medical specialties,Health technology
DBD,Diebold Nixdorf Incorporated,75.32,USD,-2.990461459138945,-2.913121938643987,0,2649233154,USD,29.17344488341467,21990803.799999997,USD,140676670.39999998,USD,2026-05-12,20.68126520681265,16.821836648328397,Electronic equipment/Instruments,Electronic technology
TDC,Teradata Corporation,28.54,USD,-1.4989293361884304,1.8558172733761584,-1.9621583742116284,2631387939.0000005,USD,21.16896602877911,58587254.48,USD,381385899.24,USD,2026-04-30,-7.5,1.201923076923077,Packaged software,Technology services
TGB,"Taseko Mines, Ltd.",7.19,USD,-5.000000000000004,-0.13888888888888593,0,2621166026.858462,USD,,61187360.160000004,USD,271213673.64,USD,2026-05-06,,43.83414375273208,Other metals/Minerals,Non-energy minerals
CXT,"Crane NXT, Co.",45.58,USD,,-1.1708586296617502,0,2618278076,USD,18.21961066474797,35888415.76,USD,221575045.72,USD,2026-05-13,-4.9504950495049505,7.144461918669961,Industrial machinery,Producer manufacturing
POWI,"Power Integrations, Inc.",47.15,USD,,2.366478506296127,-0.8907741251325593,2617013672,USD,120.12738853503184,38208379.699999996,USD,340533331,USD,2026-04-23,,-13.214877353492712,Semiconductors,Electronic technology
HE,"Hawaiian Electric Industries, Inc.",15.15,USD,-1.4745308310992,1.5415549597855258,0,2615200195,USD,21.27211457455771,41581432.35,USD,244073968.95000002,USD,2026-05-08,32.49087065154718,1.924336904415578,Electric utilities,Utilities
CC,Chemours Company (The),17.42,USD,-2.132845825716035,6.154783668494829,-1.2629161882893365,2614486084.0000005,USD,,82368797.68,USD,372909818.06000006,USD,2026-05-05,-201.66666666666666,-11.036789297658862,Chemicals: specialty,Process industries
NSIT,"Insight Enterprises, Inc.",83.68,USD,0.30591834333451595,-1.5413578068007863,-1.9956978967495238,2593787354,USD,16.848209072422332,33080628.640000004,USD,195569950.56,USD,2026-04-30,1.9765638801107033,2.2183352504809504,Information technology services,Technology services
TMC,TMC the metals company Inc.,6.27,USD,0.3490401396160484,9.424083769633492,-1.111642743221678,2592594971,USD,,40517429.699999996,USD,179257130.57999998,USD,2026-03-19,-148.20354851293365,,Other metals/Minerals,Non-energy minerals
ACLS,"Axcelis Technologies, Inc.",84.06,USD,-2.0549610894941606,2.213035019455262,0,2582223389,USD,22.143195827406355,56043642.6,USD,413011577.7,USD,2026-05-06,31.982606018625415,11.571969608306688,Industrial machinery,Producer manufacturing
MRX,Marex Group plc,36.03,USD,2.6647966339411018,1.0659186535764449,0.055509297807371696,2566478271,USD,8.99400898652022,49571262.99,USD,277062088.83,USD,2026-05-14,16.803278688020097,15.02850627088274,Internet software/Services,Technology services
XRAY,DENTSPLY SIRONA Inc.,12.8,USD,-1.4128728414442677,0.47095761381476053,0.234374999999995,2556791503.9999995,USD,,46003609.6,USD,417923891.20000005,USD,2026-05-13,65.807962529274,6.3053097345132745,Medical specialties,Health technology
APLS,"Apellis Pharmaceuticals, Inc.",19.99,USD,-0.3487792725460901,-0.3986048829098248,0,2555319824,USD,161.86234817813764,33204329.529999997,USD,242605916.35999998,USD,2026-04-30,-127.32818765500778,-56.4058895106176,Pharmaceuticals: major,Health technology
SVM,Silvercorp Metals Inc.,11.57,USD,-2.7895181741335593,-2.1978021978021958,-0.17286084701814672,2549001564.5335035,USD,,77092009.15,USD,335406791.07,USD,2026-05-21,-41.17598833594337,55.410995786684445,Precious metals,Non-energy minerals
IRDM,Iridium Communications Inc,24.24,USD,-1.7492711370262461,0.9579341940857845,-0.3638613861386013,2544151855,USD,22.792665726375176,39647865.12,USD,296167398.47999996,USD,2026-04-16,-33.027176987098336,-6.166964108665477,Specialty telecommunications,Communications
PHIN,PHINIA Inc.,67.06,USD,-2.469503124070212,-0.23802439750073875,0,2542590576.0000005,USD,20.633846153846154,30386562.5,USD,197914580.36,USD,2026-04-24,246.15384615384616,-2.092511013215859,Auto parts: OEM,Producer manufacturing
FPS,"Forgent Power Solutions, Inc.",34.48,USD,-1.7693522906793009,8.94154818325434,-1.1310904872389604,2537080078,USD,,63544743.599999994,USD,531898789.52,USD,,59.41729024040758,83.92862940141417,Electrical products,Producer manufacturing
INFQ,"Infleqtion, Inc.",11.66,USD,-2.6241799437675666,9.27835051546392,0.6861063464837056,2524062500,USD,,38004778.9,USD,189023140.02,USD,,-1791.8384359895117,,Computer processing hardware,Electronic technology
LMAT,"LeMaitre Vascular, Inc.",110.07,USD,,2.495576869354682,-0.0635958935222978,2507214355,USD,43.78455785830781,28907463.959999997,USD,154918571.85,USD,2026-04-30,-10.252275083515725,5.58103725059791,Medical specialties,Health technology
WVE,Wave Life Sciences Ltd.,13.29,USD,0.1524390243902542,1.2957317073170727,0.6772009029345496,2501908446.9999995,USD,,37117189.14,USD,178831874.67,USD,2026-05-07,1.249721458930289,126.66929547817436,Biotechnology,Health technology
NHC,National HealthCare Corporation,160.52,USD,,-4.389779021978662,0,2494691162,USD,20.923927212054853,37918355.440000005,USD,96288724.60000001,USD,,-36.67269808099085,1.0414286952206144,Hospital/Nursing management,Health services
WOR,"Worthington Enterprises, Inc.",50.24,USD,,-1.5481089555163612,-0.49761146496815284,2489220215,USD,23.665740260963776,6156309.12,USD,44503395.84,USD,2026-03-24,-22.248776601798113,7.818390751612574,Industrial machinery,Producer manufacturing
VC,Visteon Corporation,91.82,USD,,1.6495073618952674,-0.4574166848181088,2462565185.9999995,USD,12.63502635163958,45002083.839999996,USD,317805455.78,USD,2026-04-23,-75.43859649122807,3.380588876772083,Auto parts: OEM,Producer manufacturing
ALRM,"Alarm.com Holdings, Inc.",49.58,USD,,-0.6810897435897504,0,2462448242,USD,20.125837223462554,22209608.9,USD,139089104.26,USD,2026-05-07,-1.7092082177825572,2.0503120124804997,Packaged software,Technology services
VRRM,Verra Mobility Corporation,16.25,USD,-2.0643594414086213,-1.3357619914996894,0,2459631836,USD,19.210308547109587,29827460,USD,132679738.75,USD,2026-05-12,-59.69170989986977,-1.5560934266887472,Other transportation,Transportation
MWH,"SOLV Energy, Inc.",28.22,USD,-0.22189349112425563,4.3639053254437865,0,2459143310.9999995,USD,,35340809.04,USD,113209186.3,USD,,,,Engineering & construction,Industrial services
NAVN,"Navan, Inc.",9.89,USD,-4.19847328244276,-5.62977099236641,1.8200202224469129,2459090012,USD,,11666402.24,USD,73347563.04,USD,2026-04-01,-483.56160836807084,13.365357774262584,Packaged software,Technology services
CLSK,"CleanSpark, Inc.",9.61,USD,-0.1129207383279113,4.3431053203040015,-1.3527575442247557,2457785400,USD,,157083551.23,USD,1056538122.52,USD,2026-05-07,-40841.72972972973,-18.99021694418114,Data processing services,Technology services
IRON,"Disc Medicine, Inc.",64.23,USD,1.3566525008172579,4.985289310232109,0.12455238984897757,2451020996,USD,,61310553.81,USD,267050805.21,USD,2026-05-07,2.872226055422731,,Biotechnology,Health technology
HTO,H2O America,58.57,USD,,0.6270938922772992,0,2449682129,USD,20.10572929181971,36952340.13,USD,453251207.68,USD,2026-04-29,-64.06097669059648,-19.27416337559759,Water utilities,Utilities
SEZL,Sezzle Inc.,72.45,USD,-4.042466312780725,-1.3883217639852947,1.9875776397515497,2448931152.0000005,USD,19.406423271636356,45536998.5,USD,290104579.8,USD,2026-05-13,60.065239398597726,11.193020308914688,Packaged software,Technology services
ADEA,Adeia Inc.,22.31,USD,4.4287871162556565,12.27981882234523,0.8516360376512832,2432961426,USD,22.663551401869157,61222499.629999995,USD,173412350.42999998,USD,2026-05-11,734.9682827367468,109.11849231156756,Packaged software,Technology services
AMPX,"Amprius Technologies, Inc.",17.72,USD,-1.3472137170851126,8.51194121249235,-0.6772009029345228,2427976561.9999995,USD,,266157199.76,USD,1683152788.28,USD,2026-05-07,-526.6957862281603,17.772799402594977,Electrical products,Producer manufacturing
TENB,"Tenable Holdings, Inc.",21.02,USD,,-0.0950570342205303,-0.5708848715509087,2414937744,USD,,52750762.019999996,USD,325517191.4,USD,2026-04-28,-132.61061946902655,3.205910315322465,Packaged software,Technology services
IMNM,"Immunome, Inc.",21.33,USD,-2.5665399239543687,1.3783269961977147,0,2413131104,USD,,20813579.369999997,USD,182811239.27999997,USD,2026-05-07,-21.656195067615784,,Biotechnology,Health technology
UCTT,"Ultra Clean Holdings, Inc.",52.9,USD,-3.8568037974683596,4.628164556962018,0.1890359168241993,2406423096,USD,,66322634.4,USD,583318672.1999999,USD,2026-04-29,69.72477064220183,-0.6470588235294118,Industrial machinery,Producer manufacturing
VERX,"Vertex, Inc.",14.94,USD,-3.9999999999999964,-2.0327868852459052,0.4016064257028146,2389761353,USD,344.2396313364055,20130320.34,USD,139854520.26,USD,2026-05-13,-273.1273176761434,1.3528566669442825,Packaged software,Technology services
BELFA,Bel Fuse Inc.,172.9,USD,,-0.023129409043594333,0,2387607727,USD,36.64144785640113,11364717,USD,43863692.6,USD,2026-04-29,-124.48988764044944,-1.6996312437143815,Electronic components,Electronic technology
BELFB,Bel Fuse Inc.,191.81,USD,,-0.031271173190182036,0,2387607727,USD,40.64890753809312,32735253.650000002,USD,181313005.94,USD,2026-04-29,-124.48988764044944,-1.6996312437143815,Electronic components,Electronic technology
HUBG,"Hub Group, Inc.",38.99,USD,-1.6393442622950833,-0.128073770491796,0,2384375429,USD,22.43770501237268,32374605.69,USD,225964166.61,USD,2026-04-23,13.098585970610369,3.185343533028285,Air freight/Couriers,Transportation
FRSH,Freshworks Inc.,8.39,USD,-1.9304750869061498,-2.7809965237543475,-0.015494636471996698,2383894409,USD,12.95352786784005,54399333.7,USD,301543429.46000004,USD,2026-05-05,,3.543171654626763,Packaged software,Technology services
AVPT,"AvePoint, Inc.",11.02,USD,-1.9837691614066784,-0.6311992786293985,0,2374435547,USD,73.17397078353252,23049894.84,USD,152120267.34,USD,2026-05-07,20.181301375124836,4.5193569553805775,Packaged software,Technology services
BOBS,"Bob's Discount Furniture, Inc.",18.15,USD,-1.3283236994219703,4.913294797687849,0,2366162320.4999995,USD,,24799905.9,USD,108686864.55,USD,2026-06-03,,,Specialty stores,Retail trade
LGN,Legence Corp.,50.44,USD,-0.3173973417972557,0.059512001586988966,-0.8723235527359194,2354577637,USD,,59629714.04,USD,281754813.59999996,USD,2026-03-27,-103.07692307692307,29.147505996734857,Engineering & construction,Industrial services
TNGX,"Tango Therapeutics, Inc.",16.45,USD,-0.23598820058996547,-2.949852507374631,0.18237082066869995,2347231934,USD,,58157543.849999994,USD,597981467.65,USD,2026-05-13,-343.9498866784185,-100,Biotechnology,Health technology
NGVT,Ingevity Corporation,66.08,USD,,1.7397998460354047,-1.921912832929776,2332087891,USD,,32660172.16,USD,155184122.24,USD,2026-05-06,-294.48275862068965,-23.43937575030012,Chemicals: major diversified,Process industries
SPSC,"SPS Commerce, Inc.",62.17,USD,,-2.432517263025733,0,2324590576,USD,25.305275154672746,39392466.25,USD,299584422.98,USD,2026-04-23,1.0637881810004302,1.44704692897464,Packaged software,Technology services
RUM,Rumble Inc.,5.31,USD,-1.629327902240327,8.146639511201618,-1.5856873822975528,2311074463,USD,,17994634.2,USD,101214727.74,USD,2026-05-19,-101.045108150027,9.312525479612372,Internet software/Services,Technology services
ADPT,Adaptive Biotechnologies Corporation,14.95,USD,-2.4226110363391617,0.6056527590847904,0.33444816053512183,2302024414,USD,,52230396.4,USD,180362630.5,USD,2026-05-06,-242.24806201550388,-23.721707298905002,Biotechnology,Health technology
AMBA,"Ambarella, Inc.",53.26,USD,-3.579952267303103,1.6897374701670607,0.2065339842283129,2292868896,USD,,54768003.64,USD,308704972.88,USD,2026-06-02,-8.790626861719721,-6.993877475749641,Semiconductors,Electronic technology
CSGS,"CSG Systems International, Inc.",80.22,USD,,0.40050062578221923,0,2286425292.9999995,USD,40.42124357553159,34955945.22,USD,145849987.5,USD,2026-05-06,-65.820436459503,6.415361559870231,Data processing services,Technology services
VSH,"Vishay Intertechnology, Inc.",16.79,USD,,0.5991611743558889,1.8463371054199065,2279989777,USD,,41426873.66,USD,202455381.47,USD,2026-05-13,,1.3004654457148639,Electronic production equipment,Electronic technology
ACHC,"Acadia Healthcare Company, Inc.",24.71,USD,-1.6393442622950887,-3.5519125683060113,-2.3193039255362207,2278552979,USD,,86170244.02,USD,526784286.28000003,USD,2026-04-23,-3348.686751641561,-3.536279332482359,Medical/Nursing services,Health services
RXO,"RXO, Inc.",13.83,USD,,0.6550218340611343,-1.0845986984815643,2270802490,USD,,29047245.81,USD,169587816.45,USD,2026-04-30,-228.57142857142856,3.377902885292048,Packaged software,Technology services
DAWN,"Day One Biopharmaceuticals, Inc.",21.33,USD,0,0.6132075471698066,-0.32536333802155715,2254679932,USD,,261236764.70999998,USD,2325028529.52,USD,2026-05-13,-7.867788705262091,34.9868073878628,Pharmaceuticals: major,Health technology
BRZE,"Braze, Inc.",20.015,USD,-2.681231380337632,-0.6206554121151936,-0.2747939045715699,2245993042,USD,,42811364.46,USD,303263877.45,USD,2026-03-24,-29.029714326678373,5.957992571247731,Internet software/Services,Technology services
KWR,Quaker Houghton,129.55,USD,,0,0,2245759033,USD,,24060932.85,USD,128552335.45000002,USD,2026-04-30,-32.07069877459838,-5.1360556615273705,Chemicals: specialty,Process industries
XMTR,"Xometry, Inc.",43.82,USD,-3.4339709610509384,0.9910117538603358,-0.016430853491550504,2245672295,USD,,29182673.94,USD,227437850.5,USD,2026-05-13,25.54971113218936,6.464875632902636,Information technology services,Technology services
USAS,Americas Gold and Silver Corporation,8.17,USD,-4.141291108404394,-0.48721071863582116,-0.4895960832313237,2235554021.8972974,USD,,50460199.43,USD,328391556.85,USD,2026-03-18,-1.1855323380250309,11.831618028013892,Other metals/Minerals,Non-energy minerals
IOVA,"Iovance Biotherapeutics, Inc.",5.41,USD,-2.1442495126705716,5.458089668615989,0,2228712158,USD,,149051840.52,USD,797875888.8000001,USD,2026-05-07,21.203686454143973,28.546438366318288,Biotechnology,Health technology
NN,NextNav Inc.,16.5,USD,-1.9595835884874266,1.0410287813839665,-0.06060606060607008,2224679932,USD,,17316849,USD,140112340.5,USD,2026-03-17,,-26.206322795341098,Packaged software,Technology services
GRND,Grindr Inc.,11.98,USD,-2.5839793281653654,3.186907838070638,1.085141903171945,2218069579.9999995,USD,27.35159817351598,27970676.380000003,USD,113295806.42,USD,2026-05-07,-34.29331257710328,8.817787605903977,Internet software/Services,Technology services
BL,"BlackLine, Inc.",37.14,USD,-0.9900990099009833,-0.6154669521006071,0,2211402344,USD,96.11801242236024,30652050.54,USD,211438799.94,USD,2026-04-30,-7.549668874172186,2.743283414661507,Packaged software,Technology services
SLDE,"Slide Insurance Holdings, Inc.",17.7,USD,-0.2705627705627744,-4.220779220779227,0,2200453613,USD,1.536018328083101,52804233,USD,244054733.1,USD,2026-06-03,53.50595061127778,30.604494661131472,Packaged software,Technology services
GEL,"Genesis Energy, L.P.",17.95,USD,,-0.7739082365948069,0,2198234548,USD,,2814111.25,USD,26967164.55,USD,2026-05-06,115.82491582491583,6.4623032311516155,Chemicals: specialty,Process industries
NTCT,"NetScout Systems, Inc.",30.43,USD,-1.1744966442953066,2.1140939597315405,0,2197665282.9999995,USD,23.34484081319524,16217120.76,USD,101835851.23,USD,2026-05-07,113.49698002168189,14.458238401585266,Packaged software,Technology services
STOK,"Stoke Therapeutics, Inc.",38.31,USD,-0.648252536640352,7.9763246899661935,3.341164186896375,2188157959,USD,58.054250644036976,28744989.060000002,USD,209097857.19,USD,2026-03-11,-63.29685304262658,-23.051313599189406,Biotechnology,Health technology
RARE,Ultragenyx Pharmaceutical Inc.,22.61,USD,-0.6117647058823483,6.399999999999998,0,2184799561,USD,,51035178.949999996,USD,282631556.9,USD,2026-04-30,28.497392094804695,29.429198476862183,Pharmaceuticals: major,Health technology
GLOB,Globant S.A.,50.43,USD,-0.9881805851579113,-2.286378608796744,0,2177545166,USD,22.143672609115658,86199746.85,USD,481644826.8,USD,2026-05-14,25.563410065857063,-0.7573609357960797,Information technology services,Technology services
HLIO,"Helios Technologies, Inc.",65.58,USD,-1.0153846153846102,0.8923076923076897,0,2171164551,USD,44.991767288693744,22065374.7,USD,198928207.85999998,USD,2026-05-11,89.32038834951457,-4.357694053563323,Industrial machinery,Producer manufacturing
MAZE,"Maze Therapeutics, Inc.",45.06,USD,,0.5130492973455364,0,2168262207,USD,,22327635.540000003,USD,97774026.78,USD,2026-04-06,10.665399804032186,,Pharmaceuticals: major,Health technology
BLKB,"Blackbaud, Inc.",47.16,USD,,-2.0764119601328903,0,2166221680,USD,19.805972029734153,22495885.919999998,USD,143975943,USD,2026-05-05,-22.74698896656279,5.060916795096759,Packaged software,Technology services
OCUL,"Ocular Therapeutix, Inc.",9.94,USD,-2.33690360272639,-3.213242453748784,-1.5321931589537257,2163856201,USD,,57845064.62,USD,495381310.76,USD,2026-05-11,6.862773344089429,-8.897139713971397,Pharmaceuticals: major,Health technology
BCRX,"BioCryst Pharmaceuticals, Inc.",8.62,USD,-0.3537735849056738,1.6509433962264008,0,2161901367,USD,7.164228723404254,46787084.31999999,USD,281936805.32,USD,2026-04-30,1805.9229397627726,155.06132563756705,Biotechnology,Health technology
INTA,"Intapp, Inc.",26.86,USD,-2.9126213592232966,-3.4160373966199185,0,2159430907.9999995,USD,,25690757.34,USD,305073758.06,USD,2026-05-12,58.65672681669337,0.8494752817797981,Packaged software,Technology services
MLYS,"Mineralys Therapeutics, Inc.",27.24,USD,-0.7145543437382522,2.444528018051894,-4.5521292217327405,2155772217,USD,,23543041.68,USD,171230748.95999998,USD,2026-03-18,14.655451310255579,,Biotechnology,Health technology
EVCM,EverCommerce Inc.,11.98,USD,,-2.2838499184339263,0,2148821289,USD,,1725143.96,USD,10776585.040000001,USD,2026-03-12,36.34245063166931,-0.3709083538830524,Packaged software,Technology services
AGYS,"Agilysys, Inc.",75.99,USD,,-1.8977536793183567,0,2135945801,USD,70.88619402985074,21428952.029999997,USD,167438113.76999998,USD,2026-05-19,-15.482493595217765,1.3758054956556829,Packaged software,Technology services
KN,Knowles Corporation,25.13,USD,-0.724929520741038,1.2082158679017347,0,2133879639.0000005,USD,46.753488372093024,15459498.53,USD,103489310.53999999,USD,2026-04-23,27.586206896551722,6.0824068018312625,Electronic components,Electronic technology
IMAX,Imax Corporation,39.49,USD,,-3.210784313725479,0,2132184326,USD,62.74229424849063,43974958.28,USD,222354605.44,USD,2026-04-23,-96.91629955946168,17.395503216376056,Electronics/Appliances,Consumer durables
AXTI,AXT Inc,38.56,USD,3.4599938214396193,19.12264442384926,-0.44087136929461024,2131371582.0000002,USD,,333922504.96000004,USD,2433436073.92,USD,2026-04-23,-86.14900314795383,-17.57825076015024,Electronic production equipment,Electronic technology
EYE,"National Vision Holdings, Inc.",26.78,USD,-1.9713261648745417,-4.014336917562715,0,2127327881.0000005,USD,72.37837837837839,42913450.32,USD,312530098.40000004,USD,2026-05-07,-1.631079478054567,3.299817372211848,Specialty stores,Retail trade
DXC,DXC Technology Company,12.51,USD,-1.1583011583011473,-3.397683397683394,0,2123697266.0000002,USD,5.381802538180254,28889330.49,USD,188305811.73,USD,2026-05-14,197.22222222222223,1.0439734261309712,Data processing services,Technology services
NEOG,Neogen Corporation,9.7,USD,,0,-1.9587628865979332,2110001952.9999998,USD,,30752433.799999997,USD,203136284.5,USD,2026-04-01,-143.8218944355771,7.410523497889468,Medical specialties,Health technology
GT,The Goodyear Tire & Rubber Company,7.37,USD,-1.8666666666666623,-1.7333333333333318,-0.1356852103120731,2109640625,USD,,69632106.39,USD,341052970.28000003,USD,2026-05-01,,5.855758880516684,Automotive aftermarket,Consumer durables
HUN,Huntsman Corporation,12.11,USD,-3.8461538461538423,5.856643356643356,-1.0734929810074239,2107253174,USD,,117830433.21,USD,665795907.98,USD,2026-04-30,-266.66666666666663,-7.191780821917808,Chemicals: major diversified,Process industries
SNDX,"Syndax Pharmaceuticals, Inc.",23.88,USD,1.7217942908926098,8.201178069777972,3.4338358458961484,2106230224.9999998,USD,,60985412.64,USD,215124699.35999998,USD,2026-05-11,-12.02174092069505,49.82886791218853,Biotechnology,Health technology
HOG,"Harley-Davidson, Inc.",18.77,USD,-0.10411244143674948,-2.2904737116085436,0.15982951518381,2099435059,USD,7.203991556323162,77711854.32,USD,534867967.92,USD,2026-04-23,-174.0132921354865,-62.992891825972805,Motor vehicles,Consumer durables
EOSE,"Eos Energy Enterprises, Inc.",6.17,USD,-1.9575856443719433,0.652528548123981,-0.8103727714748756,2094309326.0000002,USD,,140764588.85999998,USD,1031033012.72,USD,2026-05-12,80.59035472766338,90.08259045621395,Electrical products,Producer manufacturing
MTX,Minerals Technologies Inc.,67.45,USD,,0.11874721686210225,0,2094227051,USD,,10684147.450000001,USD,77122127.65,USD,2026-04-23,-13.72093023255814,-2.4229902329075883,Chemicals: specialty,Process industries
IE,Ivanhoe Electric Inc.,13.28,USD,-4.188880426504194,1.1424219345011315,-0.301204819277102,2090572510,USD,,29928312.639999997,USD,161252785.12,USD,2026-05-18,-93.97865418640488,64.40366972477064,Other metals/Minerals,Non-energy minerals
SEDG,"SolarEdge Technologies, Inc.",34.59,USD,-1.3169709667764076,3.531876683627677,-0.6071118820468367,2088070068.0000002,USD,,112394220.93,USD,630746021.1600001,USD,2026-05-04,-163.92528965241712,-1.4166154678299827,Electrical products,Producer manufacturing
CNXC,Concentrix Corporation,33.94,USD,-1.8771331058020382,-3.4698521046643886,0,2082794678.0000002,USD,,33348459.74,USD,199504478.88,USD,2026-03-24,-1856.7712865504045,2.8056746533679813,Information technology services,Technology services
ATKR,Atkore Inc.,61.59,USD,,0.2931118710307879,0,2078701904,USD,,19933418.73,USD,111367961.85000001,USD,2026-05-12,,-12.827338961797102,Electrical products,Producer manufacturing
CENTA,Central Garden & Pet Company,32.28,USD,,-0.8599508599508634,0,2061979805,USD,13.177661659046374,7187658.48,USD,43302361.08,USD,2026-05-13,,-8.965935196954192,Consumer sundries,Consumer non-durables
CENT,Central Garden & Pet Company,36.9,USD,,-1.019313304721037,0,2061979805,USD,15.063683866753754,1958098.5,USD,11986079.4,USD,2026-05-13,,-8.965935196954192,Consumer sundries,Consumer non-durables
SAH,"Sonic Automotive, Inc.",61.22,USD,,-0.06529546196539202,1.9928128062724582,2055514771.0000002,USD,18.006411953292744,25927649.52,USD,130136578.39999999,USD,2026-04-23,0.2136752136752137,-2.5793950374955963,Specialty stores,Retail trade
BB,BlackBerry Limited,3.48,USD,-2.0261627906976774,1.1627906976744196,0.2873563218390871,2053713221.847458,USD,197.04991364910393,20190946.08,USD,127417788.36,USD,2026-04-09,2.9263509447909493,9.32736454718508,Packaged software,Technology services
SLNO,"Soleno Therapeutics, Inc.",39.77,USD,-3.9314516129032313,0.22681451612904086,-0.8549157656525104,2053101807,USD,178.42081650964562,50793289.52,USD,365804420.23,USD,2026-05-12,65.08284319378772,38.946953861068195,Pharmaceuticals: major,Health technology
PLUS,ePlus inc.,77.77,USD,,-0.29487179487179993,0.720072007200723,2052549316,USD,15.96821551033817,10751002.57,USD,56981145.76,USD,2026-05-27,0.5651986802467365,0.9769622190905118,Packaged software,Technology services
NYAX,Nayax Ltd.,56.03,USD,-1.8666666666666616,-0.3911111111111091,0,2051112992.610029,USD,81.66667817161604,1184194.05,USD,4303552.24,USD,2026-05-20,-70.90911998307811,4.547915812914797,Packaged software,Technology services
CLDX,"Celldex Therapeutics, Inc.",30.73,USD,-1.3251783893985747,4.417261297995245,-0.39049788480312725,2045583740.0000002,USD,,51557503.34,USD,194581376.64000002,USD,2026-04-30,-21.289004236024102,,Biotechnology,Health technology
FA,First Advantage Corporation,11.63,USD,,-3.565505804311772,0,2027331421.0000002,USD,,19936390.23,USD,111923956.64,USD,2026-05-13,33.78326263015812,2.6557432341604934,Packaged software,Technology services
ESTA,Establishment Labs Holdings Inc.,69.06,USD,,-1.9173412867490334,0,2024897582.9999998,USD,,37396473.42,USD,223498256.46,USD,2026-05-11,76.53866858065707,20.14614555055391,Medical specialties,Health technology
SEM,Select Medical Holdings Corporation,16.25,USD,,0,-0.18461538461539162,2015297363,USD,14.030391987566915,25578133.75,USD,423516242.5,USD,2026-04-30,-29.93435904560136,2.4342015996244806,Hospital/Nursing management,Health services
KALU,Kaiser Aluminum Corporation,123.56,USD,-1.4508109870405095,0.709104246474859,1.9747491097442518,2002962402.0000002,USD,18.20807544945476,21537867.16,USD,150544886.2,USD,2026-04-23,-28.607594936708864,10.13633669235329,Aluminum,Non-energy minerals
BBAI,"BigBear.ai, Inc.",4.2,USD,-2.8235294117647083,-1.17647058823529,-0.9523809523809532,1999437500,USD,,155836678.20000002,USD,1252532824.2,USD,2026-05-12,-331.2574375247917,-17.629665389373322,Packaged software,Technology services
GTM,ZoomInfo Technologies Inc.,6.5,USD,,-0.9146341463414575,0,1984415161,USD,16.795865633074936,42664843,USD,252388207.5,USD,2026-05-04,-10.335917312661499,0.3459119496855346,Packaged software,Technology services
BHC,Bausch Health Companies Inc.,5.35,USD,-0.5576208178438709,-0.5576208178438709,0.1869158878504799,1982509014.889655,USD,13.140552181230957,12871431.25,USD,126912020.55,USD,2026-04-30,-164.25274754608878,7.094474685807492,Pharmaceuticals: other,Health technology
PLAB,"Photronics, Inc.",34.21,USD,-0.8841463414634121,4.29878048780489,-0.5846243788366058,1981537964,USD,14.585376252398211,23417805.51,USD,220857160.04,USD,2026-05-27,-30.520541738806816,4.308291236038374,Electronic production equipment,Electronic technology
PAHC,Phibro Animal Health Corporation,48.78,USD,-0.04173622704508165,1.7946577629382292,1.9885198851988497,1979722412.0000002,USD,21.627133673243183,16308763.74,USD,76861133.82000001,USD,2026-05-13,3.5134014400422213,2.752732259208064,Pharmaceuticals: major,Health technology
HTFL,"Heartflow, Inc.",23.18,USD,-1.4795474325500428,0.8703220191470813,-1.9413287316652255,1973979248,USD,,37756789.36,USD,152306902.06,USD,2026-03-18,-453.0121792083515,6.567796610169492,Packaged software,Technology services
DCO,Ducommun Incorporated,131.48,USD,,1.993638972926843,0,1970483765,USD,,19200813.279999997,USD,181018771.44,USD,2026-04-30,,1.5242898408904864,Aerospace & defense,Electronic technology
APPN,Appian Corporation,26.57,USD,-1.164537941397454,-0.1878287002253971,-0.4892736168611178,1965126282,USD,1681.6455696202531,18878755.53,USD,127922832.63,USD,2026-04-30,-165.2140575079872,8.48270625227268,Packaged software,Technology services
EPAC,Enerpac Tool Group Corp.,37.03,USD,,0.5157437567860959,0,1954306519,USD,22.226890756302524,19794497.59,USD,80369393.58,USD,2026-03-25,-31.86965811965812,-13.913380891263468,Industrial machinery,Producer manufacturing
MGNI,"Magnite, Inc.",13.53,USD,-2.8514285714285745,-3.357142857142862,-2.586844050258682,1953249755.9999995,USD,14.427383237364044,19932558.36,USD,172915050.66,USD,2026-05-13,513.4709342905575,14.408281056748415,Packaged software,Technology services
ATEC,"Alphatec Holdings, Inc.",12.87,USD,-4.497138184791502,5.233033524121003,0,1947959595,USD,,58857431.489999995,USD,189497236.5,USD,2026-04-30,23.965987822800756,8.358651012961635,Medical specialties,Health technology
GRAL,"GRAIL, Inc.",49.82,USD,-1.1347800119450535,-0.8162452717499435,-1.0437575270975574,1942094360,USD,,79143105.42,USD,359292623.3,USD,2026-05-19,-11.462512784202659,20.45366635353926,Medical specialties,Health technology
ETOR,eToro Group Ltd.,31.58,USD,-1.6341923318667488,-0.7542426147077372,0,1939782074,USD,12.267412500485568,49050434.96,USD,244038239.6,USD,2026-06-16,20.988436559626393,6.003413714703959,Packaged software,Technology services
TE,T1 Energy Inc.,7.16,USD,-2.6785714285714244,6.547619047619054,-2.2346368715083815,1937301270,USD,,70109481.32000001,USD,509658072.2,USD,2026-05-13,-309.16042495847626,58.5650048581352,Electrical products,Producer manufacturing
NKTR,Nektar Therapeutics,69.15,USD,-2.758132956152762,-2.1923620933521883,0,1934783936,USD,,99271117.65,USD,439086664.65000004,USD,2026-03-12,14.596206092371315,5.503355704697987,Pharmaceuticals: major,Health technology
NVTS,Navitas Semiconductor Corporation,8.38,USD,-2.195121951219509,2.1951219512195306,-0.8353221957040605,1934043457,USD,,126995154.14000002,USD,751020653.1400001,USD,2026-05-07,-65.41021108453779,-27.848101265822784,Semiconductors,Electronic technology
BRBR,"BellRing Brands, Inc.",16.46,USD,-2.185163887291541,-5.347901092581942,0.6682867557715639,1930256226,USD,11.304168669734223,66724873.14,USD,297289113.22,USD,2026-05-11,-26.677852348993287,-17.10891700092564,Pharmaceuticals: other,Health technology
BHE,"Benchmark Electronics, Inc.",53.94,USD,-1.0398941198714258,1.9852524106636362,0,1923880371,USD,78.67561260210034,19048857.06,USD,99712782.78,USD,2026-05-06,-58.12241463927646,3.474917655631591,Electronic production equipment,Electronic technology
RNW,ReNew Energy Global plc,5.28,USD,,-0.7518796992481209,0,1922963500.9999998,USD,13.196700824793801,3438325.44,USD,18125088.96,USD,2026-06-10,-104.15007964814261,-32.073619612217904,Alternative power generation,Utilities
XIFR,"XPLR Infrastructure, LP",9.95,USD,-1.3104838709677498,0.30241935483870325,1.9095477386934803,1917844360,USD,,8102533.749999999,USD,44933841.8,USD,2026-04-16,,-19.808306709265175,Alternative power generation,Utilities
MANE,"Veradermics, Incorporated",51.32,USD,,5.6836902800658935,-1.6237334372564325,1916261189.8400004,USD,,23934621.6,USD,76237245.64,USD,,,,Pharmaceuticals: major,Health technology
AUPH,Aurinia Pharmaceuticals Inc,14.37,USD,-0.6284916201117309,0.3491620111731769,-0.06958942240779253,1910792969.0000002,USD,6.918299552260362,19565459.13,USD,117817445.75999999,USD,2026-04-30,568.1056067974473,4.9627048514214085,Biotechnology,Health technology
ADUS,Addus HomeCare Corporation,102.86,USD,-0.4941381649064925,-0.3391144268966131,0,1904789307,USD,19.73181914097719,22270630.04,USD,132130047.32,USD,2026-05-11,30.348389355742295,2.9745984692286247,Medical/Nursing services,Health services
TGLS,Tecnoglass Inc.,42.45,USD,,2.0432692307692344,-0.30624263839812144,1899116455,USD,12.441383352872217,46854951.6,USD,179597120.4,USD,2026-04-30,-44.6766126981436,-5.828492891941374,Building products,Producer manufacturing
HBNB,Hotel101 Global Holdings Corp.,8.09,USD,,2.4439660630619175,,1894292969,USD,85.15789473684211,19124.76,USD,191724.91,USD,,-3195.6920133586186,,Real estate development,Finance
EXTR,"Extreme Networks, Inc.",14.03,USD,,0.35765379113017837,0,1883801758.0000002,USD,210.02994011976048,20763123.27,USD,131828545.69999999,USD,2026-04-29,40.36713598289075,2.4754629405792197,Computer peripherals,Electronic technology
RAMP,"LiveRamp Holdings, Inc.",29.68,USD,,0.986730180333444,0,1873546875,USD,28.047628047628045,25004984.48,USD,163837399.04,USD,2026-05-27,45.415754923413566,6.18929184452707,Packaged software,Technology services
ASAN,"Asana, Inc.",7.9,USD,-1.2562814070351713,-0.7537688442211007,-1.7721518987341842,1873090027,USD,,33819797.300000004,USD,342912187.40000004,USD,2026-05-28,52.92768108953283,2.2568434038192735,Packaged software,Technology services
WS,"Worthington Steel, Inc.",36.85,USD,,-1.8118838262723147,0,1872187500,USD,14.92023645639323,9987676.6,USD,53420228.95,USD,2026-03-25,-48.209366391184574,-0.11456065986940084,Steel,Non-energy minerals
PVLA,"Palvella Therapeutics, Inc.",136.7,USD,,1.7188778927003519,0,1869576172.0000002,USD,,35351850.3,USD,228513051.29999998,USD,2026-04-06,-19.78671734769296,,Biotechnology,Health technology
ROG,Rogers Corporation,104.77,USD,,1.1488704383085515,0,1867805176.0000002,USD,,13201229.54,USD,111275378.83999999,USD,2026-04-23,-46.51162790697674,-6.712962962962964,Chemicals: specialty,Process industries
DGII,Digi International Inc.,49.66,USD,,1.6789516789516647,1.0269834877164823,1867770264,USD,44.29973238180196,10378294.42,USD,60497599.76,USD,2026-05-06,17.332932571886584,7.105249348423097,Telecommunications equipment,Electronic technology
NCNO,"nCino, Inc.",16.27,USD,-1.3079667063020146,-3.269916765755058,-1.6594960049170226,1865924437.9999998,USD,,27056359.2,USD,240523835.44,USD,2026-03-31,,2.2497732083459328,Packaged software,Technology services
VECO,Veeco Instruments Inc.,30.79,USD,-2.8712871287128747,1.6171617161716119,1.7252354660604157,1859471558,USD,52.062901589448764,20976426.46,USD,201203720.9,USD,2026-05-11,-89.48659871649679,-0.5208553119404874,Electronic production equipment,Electronic technology
ALKT,"Alkami Technology, Inc.",17.5,USD,-0.9964830011723222,2.5791324736225163,0,1857592529,USD,,45358967.5,USD,253386087.5,USD,2026-05-06,22.71683328830046,6.938222639304496,Packaged software,Technology services
RDW,Redwire Corporation,9.65,USD,1.5497076023391638,12.865497076023386,-2.4870466321243545,1852566406,USD,,200843404.20000002,USD,1032046241.0500001,USD,2026-05-13,-107.70071928460342,5.18408229561451,Aerospace & defense,Electronic technology
SRPT,"Sarepta Therapeutics, Inc.",17.64,USD,1.4422501496110094,5.565529622980249,-0.11337868480725381,1852019409,USD,,65724734.88,USD,280132725.6,USD,2026-05-06,-129.08189633614342,10.912068430172578,Pharmaceuticals: major,Health technology
DFTX,"Definium Therapeutics, Inc.",18.35,USD,-2.5498301245753034,3.907134767836927,0.05449591280652866,1829460692.9999998,USD,,29848128.35,USD,225256397.55,USD,2026-05-07,25.018954879716826,,Pharmaceuticals: major,Health technology
RXRX,"Recursion Pharmaceuticals, Inc.",3.51,USD,-4.046242774566478,1.445086705202307,-1.9943019943019897,1827102020.0000002,USD,,44924525.099999994,USD,287350246.16999996,USD,2026-05-11,33.36209499978429,586.7246376811594,Biotechnology,Health technology
TYRA,"Tyra Biosciences, Inc.",33.75,USD,-1.1130136986301387,-3.681506849315066,0,1818015137.0000002,USD,,43205197.5,USD,421299731.25,USD,2026-04-30,-13.27842507030936,,Biotechnology,Health technology
RLAY,"Relay Therapeutics, Inc.",10.14,USD,-2.4266936299292237,2.5278058645096055,-3.493096646942806,1812279785,USD,,24903799.44,USD,142692260.1,USD,2026-04-30,25.9733779282256,,Biotechnology,Health technology
OMCL,"Omnicell, Inc.",39.83,USD,-0.8232445520581024,-3.5593220338983023,0,1809712646.0000002,USD,921.9907407407406,17434706.24,USD,144221442.75,USD,2026-04-23,-137.0926400585866,1.0794157698362365,Information technology services,Technology services
SEMR,"SEMrush Holdings, Inc.",11.94,USD,-0.08382229673092864,0.08382229673092864,-0.16750418760468655,1802452820,USD,,12531770.28,USD,99515565.78,USD,2026-05-12,-418.3559084539935,4.982377871960741,Packaged software,Technology services
ZYME,Zymeworks Inc.,24.25,USD,-33.09800664451827,0.7059800664451898,-1.4432989690721707,1801786794.0000002,USD,,23372416.75,USD,143104488,USD,2026-05-06,-110.2285481081067,-90.89230100670233,Pharmaceuticals: major,Health technology
NWL,Newell Brands Inc.,4.27,USD,-0.9646226415094481,0.7075471698113057,0.46838407494146284,1789984009,USD,,26190245.689999998,USD,136013906.98,USD,2026-04-24,-1600,5.038759689922481,Industrial machinery,Producer manufacturing
CDRE,"Cadre Holdings, Inc.",44,USD,2.068490002298319,1.1261778901402022,0.34090909090908766,1789209229.0000002,USD,39.7183607149305,31096692,USD,89053360,USD,2026-03-11,-10.400458602899025,-0.7892609589520652,Aerospace & defense,Electronic technology
BTDR,Bitdeer Technologies Group,7.42,USD,-1.0989010989010999,1.9230769230769187,-0.539083557951483,1788628937,USD,,46488021.44,USD,357598025.68,USD,2026-05-18,,32.483442147744135,Data processing services,Technology services
ELVN,"Enliven Therapeutics, Inc.",29.73,USD,-1.4945652173913087,0.985054347826084,0,1777866089,USD,,17093798.64,USD,124160596.29,USD,2026-05-20,-47.24538415723645,,Biotechnology,Health technology
IOSP,Innospec Inc.,71.43,USD,,-0.9430037442795627,-1.9179616407671907,1769882446,USD,15.29091921051505,21062421.240000002,USD,88999994.25000001,USD,2026-05-06,267.4418604651163,3.100248925096176,Chemicals: major diversified,Process industries
INSP,"Inspire Medical Systems, Inc.",61.89,USD,-3.0481028734719824,-1.746308937926657,0,1769391235,USD,12.467014483411559,46824612.42,USD,373598861.22,USD,2026-05-05,1270.2174788562222,19.855590843693346,Medical specialties,Health technology
SPB,"Spectrum Brands Holdings, Inc.",76.23,USD,-0.692538873644324,-0.39200313602508446,0,1768443604,USD,17.849532863465008,28352376.360000003,USD,153651474.9,USD,2026-05-01,-44.73684210526316,-7.702794819359236,Electronics/Appliances,Consumer durables
GSHD,"Goosehead Insurance, Inc.",47.89,USD,,-4.487435181491823,0,1752218018,USD,45.74457923392875,11566823.81,USD,103611260.14,USD,2026-04-29,57.19524532119373,16.390777906783878,Insurance brokers/Services,Finance
DV,"DoubleVerify Holdings, Inc.",10.8,USD,-0.6357856494096302,-1.9073569482288746,-0.4629629629629695,1749470215,USD,35.305655442955214,28846065.6,USD,247347032.4,USD,2026-05-12,187.48284650068615,8.995286845049066,Packaged software,Technology services
CMPR,Cimpress plc,71.7,USD,,0.01394894685451962,0,1741248169,USD,79.71095052807115,7043521.2,USD,43282565.4,USD,2026-04-29,546.1175854374869,20.726255882765233,Commercial printing/Forms,Commercial services
VCEL,Vericel Corporation,34.12,USD,,1.216256303767418,-0.38100820633058463,1732044312,USD,110.85120207927224,19050867.88,USD,101671697.24,USD,2026-05-13,358.08040993299176,37.650178510584716,Pharmaceuticals: major,Health technology
GLTO,"Galecto, Inc.",28.69,USD,-0.38049117952265454,-0.7609823590453091,1.7776228651097874,1728287597.9999998,USD,,6647272.17,USD,32061046.310000002,USD,2026-03-30,8.844922897876055,,Pharmaceuticals: major,Health technology
AORT,"Artivion, Inc.",36.09,USD,,-2.564794816414675,0,1728129761,USD,180.72108162243367,15205655.340000002,USD,98766781.2,USD,2026-04-30,-62.67898383371825,2.29653931632977,Medical specialties,Health technology
SGRY,"Surgery Partners, Inc.",13.3,USD,,-0.44910179640717607,0,1721283813,USD,,19332547.5,USD,235374528.9,USD,2026-05-05,33.92070484581498,7.72976262933658,Hospital/Nursing management,Health services
NVAX,"Novavax, Inc.",10.55,USD,-0.8016032064128262,5.711422845691386,-1.112796208530805,1718974242.9999998,USD,4.431842049989498,58742684.85,USD,297726971.3,USD,2026-05-13,,108.8707502306764,Biotechnology,Health technology
SONO,"Sonos, Inc.",14.2,USD,-2.2424667133847254,-0.4905395935529102,0,1716391724.0000002,USD,,32195986.599999998,USD,145455669.4,USD,2026-05-13,,89.53178186870441,Electronics/Appliances,Consumer durables
ANAB,"AnaptysBio, Inc.",59.7,USD,-2.544667027612338,7.742284786139697,1.4740368509212654,1716270874,USD,,24267990.3,USD,213209296.5,USD,2026-05-07,228.28690531330645,41.835691823899374,Biotechnology,Health technology
QUBT,Quantum Computing Inc.,7.63,USD,-2.89473684210526,0.3947368421052665,-0.5229357798165173,1713226929,USD,,91706091.61,USD,599070914.96,USD,2026-05-07,-165.32325776658269,-48.4375,Information technology services,Technology services
RVLV,"Revolve Group, Inc.",23.96,USD,-5.350772889417366,-5.0336900515259595,1.4190317195325537,1711459473,USD,27.987384651325783,25175442.880000003,USD,176111486.84,USD,2026-05-06,-12.413239529722839,9.721578589525457,Internet retail,Retail trade
OGN,Organon & Co.,6.53,USD,-0.15243902439024065,-0.45731707317072195,1.5313935681470083,1699861205.9999998,USD,9.11247557912364,24580421.900000002,USD,116607555.18,USD,2026-04-30,-228.125,-5.930087390761548,Pharmaceuticals: major,Health technology
PHVS,Pharvaris N.V.,26.51,USD,0.27016595908915586,2.315708220764189,0,1698115112,USD,,4873943.03,USD,25300136.62,USD,2026-04-14,15.811508763010332,,Biotechnology,Health technology
BRAI,Braiin Limited,24.59,USD,-7.932011331444754,-12.92492917847025,0,1689236508.8399997,USD,,789683.26,USD,12450998.959999999,USD,,,,Packaged software,Technology services
SION,"Sionna Therapeutics, Inc.",37.53,USD,,4.45310325633176,0,1688777588,USD,,11942196.120000001,USD,72978285.96000001,USD,2026-05-18,-0.7988953545714568,,Biotechnology,Health technology
CECO,CECO Environmental Corp.,51.38,USD,,-2.189225204644962,-0.7395873880887555,1688673217.9999998,USD,37.63551128039848,37723093.24,USD,274415750.28000003,USD,2026-05-05,103.9359573048699,8.650853496222147,Industrial machinery,Producer manufacturing
RCAT,"Red Cat Holdings, Inc.",14.095,USD,4.817708333333346,-8.235677083333325,-1.7382050372472577,1682536255,USD,,462411958.76000005,USD,2918188685.63,USD,2026-03-18,-20.615228903468346,199.70984071532234,Packaged software,Technology services
ANIP,"ANI Pharmaceuticals, Inc.",74.81,USD,,1.0399783900594217,0,1677611808,USD,22.320016707939253,18068934.11,USD,190628373.27,USD,2026-05-08,5.191845529129029,8.448595997594518,Biotechnology,Health technology
BLBD,Blue Bird Corporation,53.06,USD,-1.2056996711728236,-3.069053708439897,0,1676266357,USD,13.38243083053797,16103338.58,USD,119322548.38000001,USD,2026-05-13,-15.73006000493191,-18.633981898794474,Motor vehicles,Consumer durables
AGIO,"Agios Pharmaceuticals, Inc.",28.53,USD,-0.9828904259191831,3.858755005460511,0,1671634644,USD,,22244641.29,USD,162582284.79,USD,2026-04-30,-4.453124244680131,55.023291925465834,Pharmaceuticals: major,Health technology
MD,"Pediatrix Medical Group, Inc.",20.1,USD,-0.05063291139241298,1.7721518987341847,0,1668321654.9999998,USD,10.369376805612879,22087809.6,USD,105882237.30000001,USD,2026-04-30,-53.02755620014503,0.18179051483641898,Medical/Nursing services,Health services
CAPR,"Capricor Therapeutics, Inc.",30.63,USD,10.50179211469534,9.784946236559142,1.0447273914462956,1666295898.0000002,USD,,81754318.59,USD,245050628.60999998,USD,2026-03-25,5.1721462305029595,,Pharmaceuticals: major,Health technology
ASGN,ASGN Incorporated,40.33,USD,,-5.968757286080677,0,1665629028,USD,15.485927120531429,39376921.44,USD,151885441.78,USD,2026-04-29,-33.85826771653544,-3.094720189835871,Information technology services,Technology services
KSS,Kohl's Corporation,14.8,USD,-3.4391534391534364,-2.1164021164021065,-2.7155405405405486,1660400145.9999998,USD,8.679842824467773,159845120.8,USD,539854405.2,USD,2026-03-10,-94.77124183006535,0.8178228990411731,Department stores,Retail trade
ADNT,Adient plc,21.18,USD,,-0.46992481203008185,0,1659264771,USD,,24649665.24,USD,104419369.74,USD,2026-04-30,-222.22222222222223,-1.193058568329718,Auto parts: OEM,Producer manufacturing
UFPT,"UFP Technologies, Inc.",215,USD,-0.44035994639095705,2.910204863105501,0,1658359497,USD,24.49807433741255,37197365,USD,261080735,USD,2026-05-05,7.220899713117255,-3.651056561290907,Industrial specialties,Process industries
INVA,"Innoviva, Inc.",22.32,USD,-3.6314117113027717,1.3163867453472498,0,1653323730,USD,7.305099168684951,13211252.64,USD,87700011.84,USD,2026-05-13,82.57885838857499,6.102142805781261,Pharmaceuticals: major,Health technology
HRMY,"Harmony Biosciences Holdings, Inc.",28.57,USD,,0.8471584892340347,0.17500875043752437,1652506348,USD,10.547884515986118,19893433.85,USD,144205503.65,USD,2026-05-05,-55.79278482256955,1.8045144181579,Pharmaceuticals: major,Health technology
NUVB,Nuvation Bio Inc.,4.73,USD,-1.960784313725487,3.050108932461886,2.704016913319227,1644135151,USD,,31526310.860000003,USD,252696669.39000002,USD,2026-05-19,34.41353599082306,219.09298780487805,Biotechnology,Health technology
NTLA,"Intellia Therapeutics, Inc.",13.89,USD,-1.6369047619047536,3.348214285714294,-0.28797696184305915,1640875000,USD,,55916570.190000005,USD,559665908.58,USD,2026-04-30,5.465634992696695,67.00769119140908,Biotechnology,Health technology
PRGS,Progress Software Corporation,38.85,USD,-2.000506457330968,-1.6206634591035718,0.12870012870012137,1636115112,USD,23.29136690647482,20062178.85,USD,172915056.3,USD,2026-03-31,32.617318291866276,1.1493424608178708,Packaged software,Technology services
ORKA,"Oruka Therapeutics, Inc.",33.65,USD,-1.0919017288444024,2.0624810433727623,0,1628970825,USD,,13381999.299999999,USD,70458456.3,USD,2026-05-20,-23.207455033775535,,Pharmaceuticals: major,Health technology
GRC,Gorman-Rupp Company (The),61.68,USD,,1.1977030352748104,0,1622976074,USD,30.593720549575917,6179349.12,USD,46915720.08,USD,2026-04-23,21.191819464033852,-3.618689425719659,Industrial machinery,Producer manufacturing
PBI,Pitney Bowes Inc.,10.67,USD,-2.268431001890361,0.8506616257088833,0,1599888672,USD,12.819896671873122,27004233.52,USD,174376801.06,USD,2026-04-24,-47.39141312087447,3.9049328329798225,Packaged software,Technology services
TILE,"Interface, Inc.",27.59,USD,-1.208244491826581,-1.9545131485430018,-0.6524102935846311,1599212645.9999998,USD,14.056449969431423,11773480.7,USD,70833048.55,USD,2026-05-01,-47.14818185758246,-4.1514185545064,Building products,Producer manufacturing
NRIX,"Nurix Therapeutics, Inc.",15.5,USD,-2.6490066225165587,2.6490066225165587,-2.000000000000003,1594066650.0000002,USD,,11097953.5,USD,74606770,USD,2026-04-14,9.488434524016153,71.99138586268052,Biotechnology,Health technology
VOYG,"Voyager Technologies, Inc.",26.64,USD,-1.1976047904191627,-0.29940119760478406,-0.8667417417417488,1586352889.9999998,USD,,43526936.160000004,USD,181727210.88,USD,2026-06-03,48.145433688101456,-13.32705696895389,Information technology services,Technology services
AMLX,"Amylyx Pharmaceuticals, Inc.",14.31,USD,0.43321299638989536,3.321299638989176,-1.9566736547868704,1581783691,USD,,11445696.09,USD,113126789.16000001,USD,2026-05-07,4.033618333042507,,Pharmaceuticals: major,Health technology
LILA,Liberty Latin America Ltd.,7.83,USD,,-1.8796992481203052,0,1580686020.0000002,USD,,1776399.93,USD,11588157.27,USD,2026-05-12,-1760.6060606060566,4.224719101122657,Major telecommunications,Communications
LILAK,Liberty Latin America Ltd.,7.9,USD,,-1.7412935323382936,0,1580686020.0000002,USD,,9895824.4,USD,36135050.300000004,USD,2026-05-12,-1760.6060606060566,4.224719101122657,Major telecommunications,Communications
KDK,"Kodiak AI, Inc.",8.67,USD,-2.690582959641258,-2.8026905829596416,2.076124567474045,1571068115,USD,,2484085.05,USD,17063522.37,USD,2026-03-10,-82739.15038742602,,Auto parts: OEM,Producer manufacturing
KOD,Kodiak Sciences Inc,25.72,USD,-1.0860820595333853,3.4593724859211563,-0.8164852255054329,1570165527.0000002,USD,,14244147.52,USD,76986930.11999999,USD,2026-03-26,-13.153388691473497,,Biotechnology,Health technology
VIR,"Vir Biotechnology, Inc.",9.8,USD,-1.6753926701570694,2.6178010471204183,-0.10204081632654656,1566151732.9999998,USD,,32423074.6,USD,288513107.40000004,USD,2026-04-30,73.68963044237806,26595.833333333332,Biotechnology,Health technology
GENB,"Generate Biomedicines, Inc.",12.17,USD,9.36663693131132,8.563782337198921,1.2325390304026325,1551068934,USD,,9868494.79,USD,77802676.13,USD,,,,Biotechnology,Health technology
CYD,China Yuchai International Limited,41.33,USD,-3.1476997578692427,0.07263922518160082,0.5323009920154824,1550632323.9999998,USD,20.811722644644746,6113822.91,USD,65167284.15,USD,2026-08-12,,,Auto parts: OEM,Producer manufacturing
SLSR,Solaris Resources Inc.,9.23,USD,-2.997858672376867,-1.17773019271948,0.32502708559045895,1540458788.5601592,USD,,1170696.28,USD,9378224.57,USD,2026-03-20,-209.42639007146627,,Other metals/Minerals,Non-energy minerals
VIA,"Via Transportation, Inc.",19,USD,,-0.2100840336134409,0,1538825644.9999998,USD,,13091190,USD,116270728,USD,2026-06-03,40.53189470545179,8.44117352010433,Packaged software,Technology services
BHVN,Biohaven Ltd.,10.21,USD,22.379032258064523,2.923387096774203,-1.0607247796278316,1535758422.9999998,USD,,61136234.38,USD,173180427.24,USD,2026-05-08,16.07905767312604,,Pharmaceuticals: major,Health technology
AVAH,Aveanna Healthcare Holdings Inc.,7.3,USD,-2.0746887966805025,0.9681881051175573,0,1525053101,USD,20.27777777777778,6089090.6,USD,47199748.699999996,USD,2026-03-19,-47.95929694727105,5.49382328645601,Medical/Nursing services,Health services
CNXN,"PC Connection, Inc.",60.47,USD,,-0.3624979403526098,0,1523751587,USD,18.470325910993004,4098838.01,USD,24445239.38,USD,2026-04-30,-16.28132578819725,-0.8643740797779621,Information technology services,Technology services
AXGN,"Axogen, Inc.",29.28,USD,-0.525394045534158,2.5569176882662012,0,1519564209,USD,,22508677.92,USD,133652805.60000001,USD,2026-05-06,-1958.1920903954804,-0.29626177557338307,Medical specialties,Health technology
ZD,"Ziff Davis, Inc.",40.24,USD,-1.913988657844996,-4.914933837429108,-0.14910536779324618,1515214478,USD,36.360350591849645,51782200.160000004,USD,815494222.64,USD,2026-05-12,,11.822848360374033,Internet software/Services,Technology services
ARDX,"Ardelyx, Inc.",6.17,USD,-0.4911147011308595,-0.32310177705978127,0.3241491085899589,1513176635.9999998,USD,,20279815.14,USD,115426089.44,USD,2026-04-30,57.997936016511865,13.492372812225254,Pharmaceuticals: major,Health technology
ARLO,"Arlo Technologies, Inc.",14.07,USD,-3.6690647482014374,1.2230215827338125,-2.872068230277183,1503455688,USD,103.68459837877673,15632417.22,USD,171960247.62,USD,2026-05-07,-16.13560308453368,1.2671200968974192,Telecommunications equipment,Electronic technology
KW,Kennedy-Wilson Holdings Inc.,10.85,USD,-0.7837713231904181,0.04610419548177967,0.1843317972350191,1502339966.0000002,USD,,17324520.5,USD,123688198.89999999,USD,2026-05-13,,3.608247422680412,Real estate development,Finance
TRVI,"Trevi Therapeutics, Inc.",11.7,USD,-1.8796992481203008,-12.030075187969935,0.4264957264957346,1500292480.0000002,USD,,21797345.7,USD,109904745.6,USD,2026-03-25,4.056580765791399,,Biotechnology,Health technology
BW,"Babcock & Wilcox Enterprises, Inc.",13.49,USD,-3.4351145038167887,2.9770992366412257,1.4084507042253482,1498740234.0000002,USD,,70883488.29,USD,673134002.6,USD,2026-05-07,,8.045714745891242,Electronic equipment/Instruments,Electronic technology
GLIBK,"GCI Liberty, Inc. - Series C GCI Group",37.28,USD,,-0.9827357237715736,0,1485224014,USD,,17875387.2,USD,112815393.92,USD,,,1.9455252918287937,Data processing services,Technology services
GLIBA,"GCI Liberty, Inc. - Series A GCI Group",37.54,USD,,-1.236516706129963,0,1485224014,USD,,1505579.24,USD,8136532.22,USD,2026-06-03,,1.9455252918287937,Data processing services,Technology services
INOD,Innodata Inc.,45.5,USD,-2.547065337763009,0.7751937984496156,-0.2417582417582405,1483409058.0000002,USD,49.84116551648592,34420477,USD,247419718,USD,2026-05-07,5.885878686166375,15.709032773780976,Data processing services,Technology services
NEXA,Nexa Resources S.A.,11.2,USD,-3.4038638454461747,3.0358785648574065,2.9464285714285725,1483312500,USD,11.184341921310164,10608561.6,USD,67473940.8,USD,2026-04-23,-27.381021055798644,19.2115998177729,Other metals/Minerals,Non-energy minerals
CNL,Collective Mining Ltd.,17.18,USD,,-0.40579710144927705,0,1481730268.974536,USD,,1329611.74,USD,7467871.12,USD,2026-03-26,-23.744302752369308,,Other metals/Minerals,Non-energy minerals
ELE,Elemental Royalty Corporation,23.13,USD,-3.5604395604395553,1.670329670329666,1.3804582792909725,1475002251.8513904,USD,109.27572822138988,4341593.52,USD,34781853.15,USD,2026-04-22,734.2262504269303,-26.634421559911925,Precious metals,Non-energy minerals
NVCR,NovoCure Limited,12.91,USD,-4.064417177914105,-0.9969325153374158,1.4717273431448452,1469085571,USD,,17368726.7,USD,138585687.05,USD,2026-04-23,34.266165817011,4.27382120044975,Medical specialties,Health technology
ATEN,"A10 Networks, Inc.",20.45,USD,,-0.09770395701025683,0,1466776000.9999998,USD,35.63338560724865,12449203.35,USD,81469159.89999999,USD,2026-05-05,-19.079648921335412,7.59620792158753,Information technology services,Technology services
ATRC,"AtriCure, Inc.",29.39,USD,,-2.0986009327115225,0,1463912964.0000002,USD,,16824158.55,USD,99843120.2,USD,2026-05-05,,4.6406840000297915,Medical specialties,Health technology
THR,"Thermon Group Holdings, Inc.",44.5,USD,-2.208968411751712,-1.7009056770488251,0,1462552612,USD,25.312855517633675,41695699,USD,239814060,USD,2026-05-21,22.315099638892605,11.83316505090226,Electrical products,Producer manufacturing
MUX,McEwen Inc.,24.5,USD,-4.008264462809913,1.2396694214876063,2.0408163265306123,1456119385.0000002,USD,,26140446.5,USD,150443303.5,USD,2026-03-24,-115.19736842105263,8.209850107066382,Precious metals,Non-energy minerals
RAPP,"Rapport Therapeutics, Inc.",30.54,USD,5.390211640211649,0.9920634920634944,0.5566470203012499,1455571167.0000002,USD,,27118603.8,USD,74558554.14,USD,2026-03-17,-0.72198114619183,,Biotechnology,Health technology
CXM,"Sprinklr, Inc.",5.88,USD,-0.6722689075630258,-1.1764705882352988,0.3401360544217766,1450514464.9999998,USD,13.900709219858156,10582077.24,USD,70290942.96,USD,2026-03-11,-76.97978596908442,3.3144689681192228,Packaged software,Technology services
ICHR,Ichor Holdings,41.73,USD,-0.5004997501249517,4.272863568215876,0.6230529595015699,1445708008,USD,,28078113.959999997,USD,187828023.63,USD,2026-05-12,30.15796613136131,-6.556733083712222,Industrial machinery,Producer manufacturing
YELP,Yelp Inc.,24.22,USD,-0.9783938035059192,-1.2637586628618112,-0.9083402146985916,1441502075,USD,10.739147785217044,33475479.24,USD,232042713.28,USD,2026-04-30,-3.8856677855762385,-4.267919731516496,Internet software/Services,Technology services
KARO,Karooooo Ltd.,46.66,USD,,0.344086021505369,0,1441168823,USD,25.355939571785672,1335782.48,USD,11288593.78,USD,2026-05-20,11.25711096330728,7.64176356775597,Packaged software,Technology services
TNDM,"Tandem Diabetes Care, Inc.",20.88,USD,,-1.2298959318826943,0,1426645263.9999998,USD,,43797867.12,USD,227771776.79999998,USD,2026-05-06,97.21710370895346,16.50130590203528,Medical specialties,Health technology
PRCT,PROCEPT BioRobotics Corporation,25.26,USD,,4.293971924029739,3.127474267616782,1424416382.0000002,USD,,55890301.260000005,USD,379822267.86,USD,2026-04-30,-39.39096725981972,-8.333433340933912,Medical specialties,Health technology
PRGO,Perrigo Company plc,10.29,USD,-2.7052238805970235,-4.01119402985076,0.19436345966959526,1416411865,USD,,58614762.35999999,USD,293762305.40999997,USD,2026-05-12,-19008,6.403988112357409,Pharmaceuticals: major,Health technology
SBH,"Sally Beauty Holdings, Inc. (Name to be changed from Sally Holdings, Inc.)",14.59,USD,,-1.3522650439486092,0,1415358521.0000002,USD,8.284594855488047,29150323.94,USD,120806338.02,USD,2026-04-30,-8.760088922713344,-0.4125333262941161,Specialty stores,Retail trade
ATAI,AtaiBeckley Inc.,3.89,USD,1.4749262536873105,14.749262536873156,-1.5424164524421609,1412904784.9999998,USD,,35630563.92,USD,138471003.51,USD,2026-05-20,-120.25316455897162,4.172461753384427,Pharmaceuticals: major,Health technology
ENOV,Enovis Corporation,24.66,USD,-1.2647898816809557,0.6119951040391618,1.013787510137875,1411664917,USD,,34131363.48,USD,167501841.66,USD,2026-05-13,9.140920185031497,4.8907657329408,Medical specialties,Health technology
ZBIO,"Zenas BioPharma, Inc.",26.14,USD,-3.085443037974688,3.4018987341772124,0,1403173340,USD,,13917850.9,USD,56667416.02,USD,2026-05-14,1.386362330773797,,Biotechnology,Health technology
SKYT,"SkyWater Technology, Inc.",28.82,USD,-1.6251728907330647,-0.3457814661134212,-0.13879250520471598,1401392334,USD,11.851790928157255,17218364.9,USD,145278622.72,USD,2026-05-13,-105.39881816224923,13.466143915722995,Industrial machinery,Producer manufacturing
LMRI,"Lumexa Imaging Holdings, Inc.",14.73,USD,0.6756756756756733,-0.4729729729729749,0,1392952026,USD,,7362834.69,USD,53718704.43,USD,2026-06-03,,,Medical/Nursing services,Health services
GENI,Genius Sports Limited,5.39,USD,-0.9276437847866387,0,0.9276437847866551,1386405670,USD,,40416904.22,USD,264489957.26999998,USD,2026-05-12,28.434094537377664,44.630539501933455,Internet software/Services,Technology services
AMRC,"Ameresco, Inc.",26.24,USD,,2.101167315175094,-1.257621951219506,1385405212,USD,31.809916353497393,10546669.44,USD,93039036.8,USD,2026-05-12,-0.8646311807619562,10.463946827583204,Engineering & construction,Industrial services
AMSC,American Superconductor Corporation,29.04,USD,-2.743682310469307,4.83754512635379,-0.8264462809917302,1382660767,USD,9.913292824469176,37522351.68,USD,159111553.92,USD,2026-06-03,2380.1263157894737,13.159333151134204,Electrical products,Producer manufacturing
XZO,"Exzeo Group, Inc.",15.2,USD,,-1.6181229773462786,0,1381885864.0000002,USD,,3098368,USD,15203891.2,USD,2026-06-03,5.207712184456371,-3.3535148461008593,Packaged software,Technology services
FIVN,"Five9, Inc.",18.04,USD,-2.7639579878385847,-0.27639579878386245,0,1379982178,USD,39.920336357601236,43971561.919999994,USD,363724121.64,USD,2026-04-30,9.681188449340677,5.0554171681267315,Packaged software,Technology services
MXL,"MaxLinear, Inc",15.94,USD,-1.3994910941475867,1.3994910941475753,0,1378031250,USD,,16712006.08,USD,111723603.46,USD,2026-04-29,67.24854347587117,7.889513597292402,Semiconductors,Electronic technology
VZLA,Vizsla Silver Corp.,3.99,USD,-3.500000000000003,-0.24999999999999467,-0.5012531328320806,1372935848.3766236,USD,,31420384.17,USD,209982719.52,USD,2026-07-16,-502.39764960741854,,Precious metals,Non-energy minerals
SGML,Sigma Lithium Corporation,12.31,USD,-2.512155591572127,-0.24311183144245835,-0.7311129163281873,1371136832.7731838,USD,,37728266.57,USD,193073548.35,USD,2026-03-30,40.28779759792832,64.46497787583445,Other metals/Minerals,Non-energy minerals
PRLB,"Proto Labs, Inc.",57.59,USD,,0.4359958144401813,0.48619552005555483,1369211426,USD,65.62962962962963,11997033.620000001,USD,57184393.63,USD,2026-05-01,-16.865299334811528,0.832557658496225,Chemicals: specialty,Process industries
KMTS,"Kestra Medical Technologies, Ltd.",23.44,USD,,1.7361111111111205,0.2559726962457283,1367701782,USD,,10635689.040000001,USD,50756202.480000004,USD,2026-03-17,-26.94571362193137,16.488565381239997,Medical specialties,Health technology
DCH,Dauch Corporation,5.79,USD,,3.9497307001795288,0,1366352660.9999998,USD,,42983663.04,USD,185881928.4,USD,2026-05-01,-929.5454545454545,-8.064837573905534,Auto parts: OEM,Producer manufacturing
CTS,CTS Corporation,47.48,USD,,-0.8768267223382081,0,1362472289.9999998,USD,21.629008746355687,18435154.56,USD,78219406.64,USD,2026-04-23,44.20252794622635,-3.9631400746971974,Electronic production equipment,Electronic technology
QDEL,QuidelOrtho Corporation,19.86,USD,-3.3125300048007573,-4.656745079212668,-0.30211480362537124,1352103882.0000002,USD,,31881277.86,USD,125135079.6,USD,2026-05-13,82.16916780354707,3.2548179871520344,Medical specialties,Health technology
GLUE,"Monte Rosa Therapeutics, Inc.",17.66,USD,-2.2471910112359668,-0.7865168539325874,0,1346447144,USD,57.82580222658808,12116490.68,USD,96004687.14,USD,2026-03-12,-120.26026840178933,-44.95128050357851,Biotechnology,Health technology
UAMY,United States Antimony Corporation,9.6,USD,-2.089864158829687,0.3134796238244447,-0.7291666666666696,1344341797.0000002,USD,,111224947.2,USD,825128131.1999999,USD,2026-04-06,-2733.196552009033,-17.322096853404943,Other metals/Minerals,Non-energy minerals
IMTX,Immatics N.V.,10,USD,,1.4198782961460505,0,1340638306.0000002,USD,,4937260,USD,22410370,USD,2026-05-19,29.65753896098116,279.44125191891874,Pharmaceuticals: major,Health technology
CRVS,"Corvus Pharmaceuticals, Inc.",15.89,USD,-0.6014561570117166,0.6014561570117166,0.06293266205160344,1331067993,USD,,20351482.970000003,USD,103606963.18,USD,2026-03-12,-26.994248562140534,,Pharmaceuticals: major,Health technology
LSPD,Lightspeed Commerce Inc. Subordinate Voting Shares,9.59,USD,-0.7314524555903896,0.20898641588296316,0,1316716009.166156,USD,,7433391.21,USD,47554364.55,USD,2026-05-14,-5.446892071199967,0.5593258080081124,Packaged software,Technology services
SVV,"Savers Value Village, Inc.",8.48,USD,-4.238258877434147,-2.86368843069874,0,1314880859.0000002,USD,62.44477172312224,11520088.48,USD,53505229.92,USD,2026-05-07,,8.83764507477719,Specialty stores,Retail trade
AHCO,AdaptHealth Corp.,9.67,USD,,1.8967334035827157,0.7962771458117887,1314296265,USD,,23149196.73,USD,92200877.78,USD,2026-05-12,-545.7707897198343,3.166470400358887,Medical/Nursing services,Health services
ARDT,"Ardent Health, Inc.",9.17,USD,,3.0337078651685343,0,1313031006,USD,9.555069292487236,6810999.16,USD,28596388.24,USD,2026-05-12,,1.7969286112030727,Hospital/Nursing management,Health services
COHU,"Cohu, Inc.",28,USD,-3.579175704989148,1.2292118582791027,1.000000000000004,1312873047,USD,,17242680,USD,94660608,USD,2026-04-30,-448.3540599853694,-3.1833915516162508,Semiconductors,Electronic technology
HROW,"Harrow, Inc.",35.15,USD,-2.063273727647868,-3.3012379642365968,0,1308624268,USD,,62726229.5,USD,425999124.45,USD,2026-05-07,549.6078431372549,24.364164270359307,Pharmaceuticals: major,Health technology
EYPT,"EyePoint, Inc.",15.67,USD,-0.5079365079365084,-0.5079365079365084,0,1307378662,USD,,23297920.95,USD,178473700.05,USD,2026-05-06,-13.187236322239334,-35.81780538302277,Pharmaceuticals: major,Health technology
LAC,Lithium Americas Corp.,4.64,USD,-2.19780219780219,1.9780219780219748,-1.2909482758620656,1303280282.6920633,USD,,45658091.839999996,USD,223905506.07999998,USD,2026-03-13,-1445.1390952894537,,Other metals/Minerals,Non-energy minerals
FOR,Forestar Group Inc,25.57,USD,,-1.5023112480739622,0,1301310425,USD,7.825554705432288,4493288.25,USD,20343492,USD,2026-04-21,-82.29885057471265,-59.28411633109619,Real estate development,Finance
SEPN,"Septerna, Inc.",29.06,USD,,0.9728978457261903,1.995870612525815,1301138062,USD,,16175667.799999999,USD,66607786.68,USD,2026-05-14,,17963.025210084033,Biotechnology,Health technology
PDFS,"PDF Solutions, Inc.",32.55,USD,-3.99616368286445,4.060102301790269,0,1298442505.0000002,USD,,9724182.299999999,USD,60506478.89999999,USD,2026-05-07,-103.70942812983,9.258513525343606,Information technology services,Technology services
MLTX,MoonLake Immunotherapeutics,18.32,USD,-1.2672176308539773,0.9366391184573098,0,1297924438,USD,,16950799.84,USD,92168323.04,USD,2026-05-07,10.47197005550058,,Pharmaceuticals: major,Health technology
WLTH,Wealthfront Corporation,8.62,USD,-5.182567726737332,1.5312131919905654,0,1294037598,USD,,11911719.399999999,USD,44928922.63999999,USD,2026-04-01,-11.053222417316714,2.3012850762156645,Packaged software,Technology services
REAL,"The RealReal, Inc.",10.87,USD,-3.8903625110521776,-3.8903625110521776,0.2759889604415928,1293343018,USD,,34368363.809999995,USD,233438000.19,USD,2026-05-12,28.249246082403655,11.797917878932783,Internet retail,Retail trade
WBTN,WEBTOON Entertainment Inc.,9.67,USD,-2.162718846549957,-0.4119464469619044,0,1290778809,USD,,4924901.99,USD,34385843.1,USD,2026-05-19,-2532.0441516214596,-12.526419092109057,Internet software/Services,Technology services
OUST,"Ouster, Inc.",20.55,USD,-3.058707449432664,1.3813517513566904,1.2652068126520584,1290621948,USD,,35961328.65,USD,387044700.6,USD,2026-05-07,,57.313092979127134,Semiconductors,Electronic technology
GILT,Gilat Satellite Networks Ltd.,17.56,USD,-1.6109045848822785,8.79801734820321,-0.455580865603635,1284406982,USD,52.955367913148365,14594432.079999998,USD,95361950.6,USD,2026-05-25,8.557668560352575,16.37168517581648,Telecommunications equipment,Electronic technology
IRMD,iRadimed Corporation,100.18,USD,,1.4789303079416611,0,1280557494.9999998,USD,57.26862173440805,5532240.140000001,USD,41945466.18,USD,2026-04-24,15.517339077281495,7.027315831137949,Medical specialties,Health technology
AI,"C3.ai, Inc.",9.27,USD,-2.1762785636561404,0.8705114254624601,-0.5674217907227613,1272338135,USD,,40590233.82,USD,409200520.77,USD,2026-06-03,-27.415255856613292,-29.12558052883016,Packaged software,Technology services
IDT,IDT Corporation,50.74,USD,,-1.3608087091757304,0,1272205093,USD,15.77147830411538,7778695.7,USD,44929255.2,USD,2026-03-10,32.43707432632514,1.9450779231444688,Major telecommunications,Communications
GOLD,"Gold.com, Inc.",50.1,USD,-2.6135062953071433,-4.425791682563907,-1.1181636726546942,1267379272,USD,105.42929292929293,45881379.6,USD,207336996.3,USD,2026-05-13,,75.96608966720514,Investment banks/Brokers,Finance
OLMA,"Olema Pharmaceuticals, Inc.",16,USD,-37.26218097447796,-25.75406032482599,1.5625,1258558716,USD,,223679504,USD,321404688,USD,2026-05-12,3.5789329435410195,,Pharmaceuticals: major,Health technology
TSHA,"Taysha Gene Therapies, Inc.",4.59,USD,-1.7505470459518613,0.4376367614879556,1.0893246187363796,1257289917,USD,,13654846.08,USD,78171486.75,USD,2026-05-20,-21.765493638866143,-100,Biotechnology,Health technology
MBX,"MBX Biosciences, Inc.",27.94,USD,-0.4909983633387958,-8.543371522094924,-0.07158196134573934,1254570312.0000002,USD,,23029768.52,USD,98987508.4,USD,2026-03-23,-11.369841842254392,,Biotechnology,Health technology
DLX,Deluxe Corporation,27.79,USD,-0.4344677769732114,0.6154960173787044,1.3314141777617885,1252814819,USD,15.425177619893427,11454648.94,USD,52038636.93,USD,2026-04-30,-64.42230721337722,-0.9156922666854346,Commercial printing/Forms,Commercial services
AEHR,Aehr Test Systems,40.88,USD,-1.7972479640550425,14.799213704015735,-1.9814090019569526,1252045776,USD,,67060655.760000005,USD,564652179.2800001,USD,2026-04-02,-54.99040307101728,-9.891512444160817,Electronic production equipment,Electronic technology
BCAX,Bicara Therapeutics Inc.,19.7,USD,-1.732539252842449,6.6594477531131595,0,1248255127,USD,,19707407.2,USD,82662125.89999999,USD,2026-03-26,-32.649335475390686,,Pharmaceuticals: major,Health technology
PGEN,"Precigen, Inc.",3.51,USD,0.3012048192771154,5.7228915662650595,-1.139601139601128,1241923950,USD,,8986052.79,USD,100173083.39999999,USD,2026-05-13,-449.29810074318743,241.3551401869159,Biotechnology,Health technology
ECVT,Ecovyst Inc.,11.23,USD,1.7225747960108913,1.8132366273798828,0,1241881836.0000002,USD,,27675964.41,USD,139936738.02,USD,2026-04-30,,-2.687560698267995,Chemicals: specialty,Process industries
PLSE,"Pulse Biosciences, Inc",18.255,USD,-0.3858875413450953,0.6339581036383596,0,1241140503,USD,,2646555.135,USD,23993769.584999997,USD,2026-05-07,10.069641475367552,206.97674418604652,Medical specialties,Health technology
ASTH,Astrana Health Inc.,24.72,USD,-2.0072260136491367,-0.7627458851866772,0,1239846680.0000002,USD,54.198640648980486,12190544.399999999,USD,131765238.47999999,USD,2026-05-13,1508.3109919571045,-0.5775860626244707,Services to the health industry,Health services
NNE,Nano Nuclear Energy Inc.,23.68,USD,-2.3364485981308443,0.5947323704333074,-0.126689189189194,1233330078,USD,,43529381.12,USD,207292659.84,USD,2026-05-15,19.056557367885603,,Electrical products,Producer manufacturing
REX,REX American Resources Corporation,37.35,USD,-7.704654895666138,-0.08025682182985858,0.13386880856759614,1230223755,USD,24.969915764139593,6639448.05,USD,34039034.550000004,USD,2026-03-26,229.25045703839123,11.108094113486821,Chemicals: specialty,Process industries
RYZ,Ryerson Holding Corporation,23.75,USD,,-5.037984806077575,0,1222714478.0000002,USD,,10624016.25,USD,64084815,USD,2026-05-06,-156.08108108108107,-4.881618596642273,Steel,Non-energy minerals
ASM,Avino Silver & Gold Mines Ltd.,7.78,USD,-6.130268199233722,-0.6385696040868432,0.6426735218508974,1220280630.7568588,USD,53.2726381322531,34201992.54,USD,193041561.20000002,USD,2026-03-10,161.63223506296745,-4.9996590787133695,Precious metals,Non-energy minerals
USPH,"U.S. Physical Therapy, Inc.",80.57,USD,,-0.641262794425959,0,1218424805,USD,56.923837784371905,11947805.87,USD,79414303.91999999,USD,2026-04-30,-191.7299461549082,2.837692510602033,Medical/Nursing services,Health services
CNMD,CONMED Corporation,39.41,USD,-3.007518796992471,-1.2280701754386014,0,1215149658.0000002,USD,26.011484390469274,17437466.83,USD,104644190.69999999,USD,2026-05-06,485.48443511717386,10.306309605734555,Medical specialties,Health technology
GIC,Global Industrial Company,31.72,USD,,-0.6887914840325686,0,1211600707.9999998,USD,17.08039416294222,4073577.56,USD,24221804.36,USD,2026-05-05,-22.043010752688172,-2.262443438914027,Internet retail,Retail trade
DFIN,"Donnelley Financial Solutions, Inc.",47.22,USD,,-4.798387096774199,0,1209775635,USD,44.21762337297499,18148157.04,USD,86542030.02,USD,2026-05-06,,-1.5972618368511124,Packaged software,Technology services
PSIX,"Power Solutions International, Inc.",52.34,USD,-2.205177372962605,0.3643336529242662,-0.2674818494459315,1206460571.0000002,USD,10.591282528633293,38305866.440000005,USD,328284121.64000005,USD,2026-05-07,-41.7837485515643,-6.184595911278572,Industrial machinery,Producer manufacturing
ALVO,Alvotech,4.02,USD,-1.496259351620938,0.24937655860348598,-0.4975124378109347,1201669189.0000002,USD,17.455492835432043,1492831.0199999998,USD,16225885.799999999,USD,2026-03-18,-116.39303327298833,-34.34272883126779,Biotechnology,Health technology
PNTG,"The Pennant Group, Inc.",34.44,USD,,2.317290552584674,2.351916376306627,1193797729.0000002,USD,41.13221067717664,10417996.68,USD,60201739.919999994,USD,2026-05-11,42.03256043413912,26.320408314741154,Medical/Nursing services,Health services
BITF,Bitfarms Ltd.,2.11,USD,-0.4901960784313838,3.4313725490195996,0.47393364928911047,1193469650.8076923,USD,,64485904.4,USD,397219769.65,USD,2026-03-25,-172.22155849229236,-13.474898064115532,Data processing services,Technology services
PLPC,Preformed Line Products Company,243.27,USD,,3.2029526556932004,0,1191257935,USD,34.075723830734965,40067298.81,USD,216823145.22,USD,2026-04-30,221.2109672505712,-2.795262989437747,Building products,Producer manufacturing
INNV,InnovAge Holding Corp.,8.76,USD,-2.0044543429844066,-2.449888641425397,1.8264840182648419,1188727417,USD,188.38709677419354,3015997.92,USD,25497495.48,USD,2026-05-12,32.4105250031176,1.5260159674720992,Packaged software,Technology services
COLL,"Collegium Pharmaceutical, Inc.",37.27,USD,,-0.05363368195225535,0,1183442139,USD,21.70646476412347,18227415.28,USD,155631022.44000003,USD,2026-05-07,-46.16117053353223,-1.8685428518205396,Pharmaceuticals: major,Health technology
NPKI,NPK International Inc.,13.88,USD,-3.2448377581121033,2.359882005899707,0.10518731988472423,1173247681.0000002,USD,33.96965247185511,8174126.32,USD,79912670.36,USD,2026-05-05,89.65334276618323,9.234725006537087,Building products,Producer manufacturing
ORIC,"Oric Pharmaceuticals, Inc.",11.65,USD,-11.962071480671046,-15.025528811086799,1.2875536480686725,1169173462,USD,,47447048.2,USD,127476129.05,USD,2026-05-11,6.389050848497877,,Pharmaceuticals: major,Health technology
NEO,"NeoGenomics, Inc.",8.92,USD,-1.785714285714287,-0.4464285714285817,-1.345291479820619,1157924927,USD,,16667992.28,USD,110331399.72,USD,2026-05-05,63.57772125769472,1.2635984600392978,Medical/Nursing services,Health services
ROCK,"Gibraltar Industries, Inc.",39.18,USD,,-2.609992542878442,0.07656967840735358,1157654053,USD,,15568212.18,USD,87545124.12,USD,2026-05-06,97.25023017673081,-13.588195755437562,Metal fabrication,Producer manufacturing
GLDD,Great Lakes Dredge & Dock Corporation,16.95,USD,-0.05903187721370462,0.05903187721368365,0,1131934570,USD,15.619240692959822,38432328.3,USD,212313666,USD,2026-05-05,-28.718122320018054,31.37573320355524,Engineering & construction,Industrial services
CCOI,"Cogent Communications Holdings, Inc.",22.5,USD,-2.557433896835717,-2.470741222366711,-2.488888888888883,1126398560,USD,,22550152.5,USD,178644555,USD,2026-04-23,25.907471596379743,-0.5914469578299558,Major telecommunications,Communications
TWFG,"TWFG, Inc.",20,USD,-0.5046863734679184,-3.869262196587357,0,1124002808,USD,52.36973029588897,8486480,USD,33443720,USD,2026-05-19,54.181184668989545,7.411164344012872,Insurance brokers/Services,Finance
CSIQ,Canadian Solar Inc.,16.75,USD,-1.4375000000000027,4.6875,-0.2985074626865714,1121785034,USD,85.94150846587995,35958916.75,USD,205280998.5,USD,2026-03-19,24.857579547166868,-12.189180876136037,Semiconductors,Electronic technology
CERT,"Certara, Inc.",7.04,USD,-4.532577903682712,-0.283286118980164,0,1120342529,USD,,20079248.64,USD,152201723.52,USD,2026-05-11,-486.55737704918033,-0.9252886747725014,Packaged software,Technology services
TTI,"Tetra Technologies, Inc.",8.33,USD,-0.980392156862746,2.0833333333333326,-1.9207683073229307,1117869995,USD,370.22222222222223,12393490.62,USD,95648242.06,USD,2026-05-05,-497.4945796193689,-4.279589399565385,Chemicals: specialty,Process industries
LZ,"LegalZoom.com, Inc.",6.46,USD,,-3.1484257871064467,-0.1547987616099038,1117078612.9999998,USD,76.63107947805457,14018535.92,USD,104705081.82,USD,2026-05-12,34.3313373253493,0.05679487584009087,Internet software/Services,Technology services
LAR,Lithium Argentina AG,6.87,USD,-3.0075187969924837,3.3082706766917256,-0.5094614264919962,1115001045.7508056,USD,,10499091.24,USD,115858434.87,USD,2026-03-23,-1431.284900410986,,Other metals/Minerals,Non-energy minerals
QURE,uniQure N.V.,17.99,USD,24.38682550805887,26.068675543097402,0.0555864369094028,1108251831,USD,,277057549.58,USD,1311303818.9299998,USD,2026-05-12,53.94702529536515,50.44582545215653,Biotechnology,Health technology
PLTK,Playtika Holding Corp.,2.92,USD,-1.079136690647475,5.035971223021588,-2.3972602739725972,1107656250,USD,,9323016.879999999,USD,67762626.67999999,USD,2026-05-12,-891.0485933519453,0.6225911653333489,Packaged software,Technology services
ENVX,Enovix Corporation,5.09,USD,-1.6494845360824757,4.948453608247427,-0.003929273084470214,1105672485,USD,,36865027.42,USD,204619791.68,USD,2026-05-06,34.857483290823446,40.988735919899874,Electrical products,Producer manufacturing
SVRA,"Savara, Inc.",5.43,USD,-3.0360531309297776,3.036053130929794,0,1104830444,USD,,6849353.13,USD,37386646.86,USD,2026-03-26,2.763067004374856,,Pharmaceuticals: major,Health technology
TNC,Tennant Company,61.84,USD,,0.6346623270952002,0,1103638794,USD,26.540772532188843,21922218.16,USD,115671658.16000001,USD,2026-04-30,-129.53020134228188,-3.857566765578635,Industrial machinery,Producer manufacturing
XPEL,"XPEL, Inc.",39.87,USD,-1.38476755687437,-1.4094955489614251,0,1100578735,USD,21.580514208389715,12661874.729999999,USD,59748623.81999999,USD,2026-05-12,3.6321483771251932,-2.51006657895786,Automotive aftermarket,Consumer durables
AVBP,"ArriVent BioPharma, Inc.",24.81,USD,-1.0670081092616304,5.889884763124196,0,1096642212,USD,,35710075.019999996,USD,141201078.57,USD,2026-05-13,-1.6181599862770883,,Pharmaceuticals: other,Health technology
CRML,Critical Metals Corp.,8.94,USD,-3.2954545454545556,1.5909090909090773,-0.3355704697986506,1091348755,USD,,65957326.379999995,USD,380818449.47999996,USD,2026-09-02,,,Precious metals,Non-energy minerals
TROX,Tronox Holdings plc,6.86,USD,-3.058103975535171,4.892966360856273,-1.0204081632653101,1087706909,USD,,21577601.78,USD,147635898.48000002,USD,2026-04-29,-77.77777777777779,3.719599427753934,Chemicals: specialty,Process industries
SCL,Stepan Company,47.98,USD,,-0.04166666666667318,0,1086040527.0000002,USD,24.275233999494056,5636066.659999999,USD,40804591,USD,2026-04-28,-4.426417423507627,-0.7407233024320276,Chemicals: specialty,Process industries
ODV,Osisko Development Corp.,4.25,USD,-4.186046511627901,-1.1627906976744147,0.23529411764705382,1083927292.1440973,USD,,14493936.5,USD,75801155.5,USD,2026-03-27,-209.90217253383125,-37.16350675787729,Precious metals,Non-energy minerals
RDWR,Radware Ltd.,24.85,USD,,0.5258899676375508,0,1079343871.9999998,USD,54.892865032030045,3792433.0500000003,USD,36796339.300000004,USD,2026-05-06,6.920353982511915,6.551499781118669,Computer communications,Electronic technology
RZLV,Rezolve AI PLC,2.69,USD,-1.4652014652014667,-1.4652014652014667,0,1072846191,USD,,19623116.91,USD,213600039.10999998,USD,2026-04-23,,,Packaged software,Technology services
ABCL,AbCellera Biologics Inc.,3.52,USD,-3.188405797101458,2.028985507246372,1.1363636363636374,1067124878.0000001,USD,,6962222.08,USD,75721307.2,USD,2026-05-07,84.33971182963968,400.871021777118,Biotechnology,Health technology
AZTA,"Azenta, Inc.",23.13,USD,-2.551440329218111,-4.814814814814822,1.9887591872027706,1065403076,USD,,38628904.14,USD,135589031.46,USD,2026-05-11,-130.3319771212925,-6.627217448112971,Medical/Nursing services,Health services
SLI,Standard Lithium Ltd.,4.45,USD,1.6279069767441927,3.4883720930232642,0.6719101123595415,1060332765.6705298,USD,,7177872.25,USD,50235538.25,USD,2026-11-06,-19.440593656188874,,Other metals/Minerals,Non-energy minerals
EQPT,EquipmentShare.com Inc,28,USD,-2.0129403306973352,0.6470165348670012,-2.142857142857148,1051930419.9999999,USD,,44543576,USD,129032372,USD,2026-06-03,-87.29838709677419,-39.22477625394373,Internet software/Services,Technology services
HLIT,Harmonic Inc.,9.51,USD,-1.2793176972281555,1.3859275053304798,0,1048404785,USD,,14019185.52,USD,79399475.01,USD,2026-05-04,-2134.7067557535265,-31.006026042617744,Telecommunications equipment,Electronic technology
EVEX,"Eve Holding, Inc.",3.01,USD,-0.34246575342465024,3.0821917808219133,-0.3322259136212554,1048396851,USD,,3553235.7699999996,USD,18217176.18,USD,2026-03-18,27.54734482492077,,Aerospace & defense,Electronic technology
PXED,"Phoenix Education Partners, Inc.",29.28,USD,,-3.3982184097657457,0,1047044922.0000001,USD,10.135345633286025,1747723.2,USD,8475740.16,USD,2026-04-29,-11.671239140374944,1.801150778387733,Internet software/Services,Technology services
INBX,"Inhibrx Biosciences, Inc.",71.86,USD,,3.8739520092512176,-1.8786529362649518,1045113037.0000001,USD,,19075811.88,USD,83774028.7,USD,2026-03-23,-23.040413205835137,-100,Biotechnology,Health technology
AEBI,Aebi Schmidt Holding AG,13.5,USD,-1.9475655430711596,1.1235955056179803,0,1044114014.0000001,USD,,3335175,USD,17921965.5,USD,2026-03-19,,69.69824622114827,Motor vehicles,Consumer durables
GPRE,"Green Plains, Inc.",14.94,USD,3.9166140240050487,-5.622236260265322,0,1043392334,USD,,32104834.919999998,USD,166812599.88,USD,2026-05-04,0.11739057521381856,-15.738913880882471,Chemicals: specialty,Process industries
AMPL,"Amplitude, Inc.",7.8,USD,-2.802547770700634,-0.6369426751592334,-0.12820512820512547,1043068207,USD,,11869759.2,USD,97838395.2,USD,2026-05-13,26.390394396731427,3.232690483717989,Packaged software,Technology services
CLOV,"Clover Health Investments, Corp.",2,USD,-1.5000000000000013,0,-1.0000000000000009,1042652832,USD,,13509638,USD,71960752,USD,2026-05-12,-102.32186077039833,-1.800865800865801,Life/Health insurance,Finance
COUR,"Coursera, Inc.",6.15,USD,-2.272727272727282,-0.16233766233765887,1.7886178861788524,1034430054.0000001,USD,,25039921.8,USD,196351665,USD,2026-04-23,-211.6279069767442,1.3903192584963955,Internet software/Services,Technology services
ALNT,Allient Inc.,60.95,USD,,-6.590038314176241,0,1032495971.9999999,USD,46.321629426964584,19324075.6,USD,105405589.10000001,USD,2026-05-06,-1.451289177088158,3.323410910820726,Electrical products,Producer manufacturing
EXPI,"eXp World Holdings, Inc.",6.36,USD,-1.2326656394453015,-2.0030816640986115,0,1029640137.0000001,USD,,6084084.12,USD,38220102,USD,2026-05-06,-468.7732342007435,-9.481249473107802,Real estate development,Finance
ARRY,"Array Technologies, Inc.",6.73,USD,-3.230543318649042,-1.1747430249632773,-0.44725111441307597,1028673706.0000001,USD,,38623846.88,USD,328340238.42,USD,2026-05-12,-535.023729218279,-42.55421343817267,Electrical products,Producer manufacturing
GEMI,"Gemini Space Station, Inc.",8.71,USD,-2.3489932885905938,-2.5727069351230276,-0.9184845005740535,1024763916.0000001,USD,,8605558.39,USD,110798080.9,USD,2026-03-19,-19.744467465393523,90.4750922509225,Investment banks/Brokers,Finance
MMI,"Marcus & Millichap, Inc.",26.78,USD,,0.48780487804879014,0,1023919067.0000001,USD,,7895011.800000001,USD,47408339.42,USD,2026-05-01,5445,25.817465393105437,Real estate development,Finance
VYX,NCR Voyix Corporation,7.35,USD,-1.2738853503184668,-6.369426751592357,0,1021733520.9999999,USD,,17074491,USD,113055127.5,USD,2026-04-28,,2.7027027027027026,Packaged software,Technology services
POET,POET Technologies Inc.,6.69,USD,-3.3439490445859867,6.528662420382167,0.14947683109117765,1021637817.0000001,USD,,46549280.910000004,USD,433793133.87,USD,2026-03-26,45.72490025857993,11.161437633221665,Electrical products,Producer manufacturing
DAKT,"Daktronics, Inc.",20.98,USD,-2.050113895216398,-4.419134396355348,0,1013294372.9999999,USD,37.74739114789493,21749630.32,USD,108770684.12,USD,2026-06-10,-82.78130541731022,-20.667995620558948,Miscellaneous manufacturing,Producer manufacturing
NPK,"National Presto Industries, Inc.",141.48,USD,,2.9244871235268306,0,1011856445,USD,,21195543.24,USD,95817612.96,USD,,182.2080120368629,42.013458856949846,Aerospace & defense,Electronic technology
LQDT,"Liquidity Services, Inc.",32.57,USD,,1.8767594619956256,0,1010122130.9999999,USD,35.448410970831524,11906549.76,USD,36343429.92,USD,2026-05-07,-4.2572232165686525,2.650543234340201,Internet retail,Retail trade
AKTS,"Aktis Oncology, Inc.",19.06,USD,,1.3290802764486975,0,1001074618.68,USD,,4849740.76,USD,22183571.86,USD,2026-06-03,,,Pharmaceuticals: major,Health technology
MSEX,Middlesex Water Company,54.04,USD,,-0.12936610608020752,0,1000925232,USD,22.916755014630425,4428415.88,USD,34873471.08,USD,2026-05-06,-38.350766585470694,-13.148213196280341,Water utilities,Utilities
CMP,Compass Minerals Intl Inc,23.89,USD,,1.5299617509562236,0,1000113586.0000001,USD,,10574048.46,USD,62304403.300000004,USD,2026-05-12,,74.1098901098901,Chemicals: specialty,Process industries
GHRS,GH Research PLC,15.98,USD,2.259887005649714,0.3138731952291319,0,991229736,USD,,5344159.44,USD,26923327.720000003,USD,2026-05-07,-0.8345221109857583,,Pharmaceuticals: major,Health technology
ITRN,Ituran Location and Control Ltd.,49.66,USD,-2.887139107611548,0.26246719160104065,0,987915161,USD,17.029594321182397,5500540.239999999,USD,38826671,USD,2026-05-26,4.3154660295668705,1.3210082578561,Specialty telecommunications,Communications
LMB,"Limbach Holdings, Inc.",84.36,USD,-2.8014616321559043,2.7527405602923327,0,985273438,USD,26.098255166439795,11979626.16,USD,130514958.84,USD,2026-05-11,39.96358670914884,1.2400925328984793,Miscellaneous,Miscellaneous
CMPX,"Compass Therapeutics, Inc.",5.42,USD,-4.174228675136108,-1.6333938294010864,0,976076538.0000001,USD,,10283431.04,USD,76431214,USD,2026-05-13,-10.21810786170138,,Pharmaceuticals: major,Health technology
PENG,"Penguin Solutions, Inc.",18.45,USD,-1.9715224534501803,1.0405257393209075,-0.10840108401083781,969734924,USD,92249.99999999999,13093946.549999999,USD,83626211.7,USD,2026-04-07,-42.509982886415095,1.5237244098899116,Semiconductors,Electronic technology
URGN,UroGen Pharma Ltd.,19.91,USD,-2.737047898338232,-2.688172043010756,-0.552486187845301,969264221,USD,,17497465.48,USD,176647453.18,USD,2026-05-07,20.940414429927685,37.67920820928117,Biotechnology,Health technology
XERS,"Xeris Biopharma Holdings, Inc.",5.6,USD,0.8605851979346077,-3.614457831325301,-0.35714285714284955,965615234,USD,,13128679.2,USD,95888867.19999999,USD,2026-05-07,1684.3800322061193,15.36300080666846,Biotechnology,Health technology
SHLS,"Shoals Technologies Group, Inc.",5.75,USD,-2.626970227670759,0.7005253940455347,0.8591304347826145,962839355,USD,28.8509784244857,28165092.75,USD,192116849.5,USD,2026-05-12,-31.62724135028201,9.219905157432772,Semiconductors,Electronic technology
BLFS,"BioLife Solutions, Inc.",19.9,USD,,0.2014098690835808,0,961169983,USD,,12293304.6,USD,84043331.69999999,USD,2026-05-07,20.128824476650564,-33.07086614173229,Medical specialties,Health technology
UTL,UNITIL Corporation,53.29,USD,,0.41454682494817946,0,958367004.0000001,USD,17.845422275802022,4351501.53,USD,37340143.13,USD,2026-05-05,,59.74282888229476,Electric utilities,Utilities
GROY,Gold Royalty Corp.,4.22,USD,-4.883720930232557,-1.8604651162790715,-0.9478672985782,957716492.0000001,USD,,11995366.879999999,USD,78876952.61999999,USD,2026-03-18,-36.67068757517817,8.501177085888592,Other metals/Minerals,Non-energy minerals
TDAY,"USA TODAY Co., Inc.",6.51,USD,-0.47169811320755106,2.3584905660377276,0,957669556,USD,,15196885.41,USD,82237985.13,USD,2026-04-30,23.412061453795,4.315294688264538,Publishing: newspapers,Consumer services
BFLY,"Butterfly Network, Inc.",3.76,USD,-3.835616438356168,3.013698630136983,-1.5957446808510536,957419601,USD,,26588182,USD,132176332.8,USD,2026-04-30,54.98513437932354,46.65177532691144,Medical specialties,Health technology
SDGR,"Schrodinger, Inc.",12.95,USD,-2.511773940345371,1.6483516483516412,0,956035064.9999999,USD,,14322803.6,USD,98682690.75,USD,2026-05-06,,60.582799499300485,Packaged software,Technology services
PGY,Pagaya Technologies Ltd.,11.58,USD,-2.7980852915578796,0.7832898172323747,-0.7279792746114051,955656173.9999999,USD,13.625132368513944,30886801.32,USD,208624747.32,USD,2026-05-07,52.12242182302062,-5.546255078893868,Packaged software,Technology services
CRON,Cronos Group Inc. Common Share,2.52,USD,-2.3346303501945544,-1.9455252918287869,0.00396825396824472,955208855.020408,USD,,4161548.16,USD,18199601.28,USD,2026-05-12,-107.18408277943556,25.839269270545785,Pharmaceuticals: other,Health technology
TBLA,Taboola.com Ltd.,3.29,USD,1.81818181818182,-0.30303030303029654,1.7933130699088196,948254867.9999999,USD,22.53424657534247,20580367.99,USD,72806752.48,USD,2026-05-13,856.0450038157686,5.1422808418143955,Internet software/Services,Technology services
GHM,Graham Corporation,85.46,USD,,4.704729233031106,0,946279723.9999999,USD,63.56739065754239,10004203.979999999,USD,59095162.699999996,USD,2026-06-04,-7.9288025889967635,-14.124524815605739,Industrial machinery,Producer manufacturing
TDOC,"Teladoc Health, Inc.",5.3,USD,-0.590551181102367,4.330708661417318,-0.943396226415091,945501160.0000001,USD,,31732446.2,USD,159857179.6,USD,2026-04-29,49.21324257175753,2.5269818769265644,Medical/Nursing services,Health services
MRVI,"Maravai LifeSciences Holdings, Inc.",3.63,USD,-1.1267605633802829,2.2535211267605657,-3.305785123966945,933153838.9999999,USD,,11002580.82,USD,32491313.25,USD,2026-05-11,-39.6188761934575,19.783809752582275,Biotechnology,Health technology
NABL,"N-able, Inc.",4.92,USD,,-1.2048192771084436,0,926811462.0000001,USD,,5866002.84,USD,64646467.92,USD,2026-05-07,,0.3512407713582693,Packaged software,Technology services
SCZM,Santacruz Silver Mining Ltd.,10.1,USD,-4.985044865403789,0.6979062811565333,3.168316831683171,924121538.9831747,USD,11.983007383668134,8921097.7,USD,30535673.4,USD,2026-05-06,-24.255993691432927,6.093607071205315,Precious metals,Non-energy minerals
CDNA,"CareDx, Inc.",17.74,USD,-3.1302403577417675,-0.8384572386808392,0,908577942,USD,,7412286.459999999,USD,65900995.49999999,USD,2026-04-30,-345.25373134328356,8.326420468742192,Medical specialties,Health technology
EVLV,"Evolv Technologies Holdings, Inc.",5.2,USD,-1.344488188976374,2.362204724409451,0,908011413.9999999,USD,,17855780.8,USD,93294146.4,USD,2026-03-10,95.56926113235475,31.667895771878086,Electronic equipment/Instruments,Electronic technology
ABUS,Arbutus Biopharma Corporation,4.72,USD,-0.22075055187639456,4.194260485651203,-1.0593220338983014,907769348,USD,,17890947.599999998,USD,145971069.28,USD,2026-04-30,-406.8569163689226,-95.07402923922925,Pharmaceuticals: major,Health technology
STAA,STAAR Surgical Company,18.32,USD,-1.679306608884086,-0.7583965330444234,0,907073547,USD,,17245202.240000002,USD,131449993.76,USD,2026-05-06,-306.08959927960376,-38.98471477431069,Medical specialties,Health technology
SSII,SS Innovations International Inc.,4.68,USD,5.488738738738729,5.40540540540539,0,906146972.9999999,USD,,204296.03999999998,USD,1287336.96,USD,,-1348.4200848490987,28.27011447445545,Medical specialties,Health technology
CGEM,"Cullinan Therapeutics, Inc.",15.31,USD,-1.842439644218557,-2.7318932655654367,1.1103853690398429,904457581,USD,,13256592.18,USD,76966569.79,USD,2026-05-07,27.756762543715652,,Pharmaceuticals: major,Health technology
SGP,"SpyGlass Pharma, Inc.",27.12,USD,1.986506746626691,1.649175412293858,0,903568240.56,USD,,5072524.8,USD,16454843.040000001,USD,,,,Biotechnology,Health technology
PCRX,"Pacira BioSciences, Inc.",22.24,USD,0,1.090909090909084,3.417266187050367,900495239,USD,141.56588160407384,13069980.959999999,USD,125788394.71999998,USD,2026-05-06,-69.86377025036819,9.66877604224693,Pharmaceuticals: major,Health technology
MPLT,"MapLight Therapeutics, Inc.",19.79,USD,,6.915180983252283,0,897932312,USD,,3996709.2399999998,USD,18269633.25,USD,2026-06-03,1.434028010453662,,Pharmaceuticals: major,Health technology
BKSY,BlackSky Technology Inc.,24.94,USD,-2.781289506953224,5.099030762747581,-0.4009623095429087,897655333.9999999,USD,,26578408.360000003,USD,241233222.42000002,USD,2026-05-13,94.34159061277705,79.49841981853399,Packaged software,Technology services
ACVA,ACV Auctions Inc.,5.15,USD,-2.343750000000002,0.5859375000000049,-1.9417475728155442,896468627.9999999,USD,,11364556.5,USD,100353250.2,USD,2026-05-13,20.044962190884938,-7.975506236188433,Internet software/Services,Technology services
SPRY,"ARS Pharmaceuticals, Inc.",9.05,USD,1.6556291390728517,-0.11037527593818748,1.1049723756906038,894579956,USD,,15417833.4,USD,65152588.050000004,USD,2026-03-19,-13.965198404741216,106.78882738436086,Pharmaceuticals: major,Health technology
ALOY,REalloys Inc.,15.58,USD,-0.857142857142849,-10.971428571428572,3.979460847240046,889791992,USD,,28748698.98,USD,196317457.06,USD,2026-05-19,-123.02128622119963,-9.844833894073846,Other metals/Minerals,Non-energy minerals
SANA,"Sana Biotechnology, Inc.",3.33,USD,-1.5873015873015817,5.71428571428572,0.30030030030029387,888666687.0000001,USD,,9687462.84,USD,58517184.24,USD,2026-05-13,-39.55446953881192,,Biotechnology,Health technology
THRM,Gentherm Inc,29.06,USD,,-1.3242784380305623,0,887099060,USD,48.914324187847164,7531393.02,USD,34028388.199999996,USD,2026-04-23,-80.01873034985618,-1.0551347998035516,Auto parts: OEM,Producer manufacturing
AEVA,"Aeva Technologies, Inc.",14.76,USD,-2.7522935779816553,4.163726182074805,-1.8631436314363168,886779418.9999999,USD,,23178366,USD,177915460.68,USD,2026-05-13,-123.54900227917578,57.05504330818665,Semiconductors,Electronic technology
EVMN,"Evommune, Inc.",24.61,USD,-4.264150943396223,-7.132075471698116,0,886412169.9999999,USD,,5496422.01,USD,40389661.29,USD,2026-06-03,-126.6372745490982,-100,Pharmaceuticals: major,Health technology
OPY,"Oppenheimer Holdings, Inc.",83.25,USD,,-2.7112305714619533,-2.090090090090084,883081848,USD,6.396465616596235,11527627.5,USD,29911725,USD,,242.49263080324246,11.26454276007332,Investment banks/Brokers,Finance
PHAT,"Phathom Pharmaceuticals, Inc.",11.11,USD,0.280224929709462,4.123711340206181,-0.0900090009000881,875453674,USD,,7571187.25,USD,69511637.03,USD,2026-05-12,29.44316551563074,16.32191338073691,Pharmaceuticals: major,Health technology
KALV,"KalVista Pharmaceuticals, Inc.",17.3,USD,-0.3080714725816433,6.592729513247075,0.07861271676300738,874450805.9999999,USD,,34896798.800000004,USD,106388374.10000001,USD,2026-09-03,17.661741214057507,860.1683029453015,Pharmaceuticals: major,Health technology
AMPH,"Amphastar Pharmaceuticals, Inc.",19.21,USD,-1.9648397104446693,-0.6721820062047518,2.811035918792291,871560913,USD,9.447231238320056,13211927.23,USD,91535688.42,USD,2026-05-13,40.80115273775216,-4.553273561301084,Pharmaceuticals: major,Health technology
XNCR,"Xencor, Inc.",11.87,USD,-0.7950530035335677,4.858657243816245,0,870529602.0000001,USD,,9922334.79,USD,67734659.38,USD,2026-05-13,-10.386593661854986,34.468308014667365,Biotechnology,Health technology
GSM,Ferroglobe PLC,4.59,USD,,-1.290322580645172,-1.7429193899782152,856612793.0000001,USD,,5773269.87,USD,32236671.599999998,USD,2026-05-12,-531.8529503590385,5.673440317230139,Other metals/Minerals,Non-energy minerals
ARVN,"Arvinas, Inc.",13.37,USD,-2.2794117647058862,-1.6911764705882384,4.7120418848167605,855158569.0000001,USD,,7902298.39,USD,62065705.94,USD,2026-04-30,-92.02279202279202,-77.32696897374701,Biotechnology,Health technology
PSNL,"Personalis, Inc.",8.16,USD,-2.423469387755096,4.081632653061228,-1.3480392156862675,853795715,USD,,11381192.64,USD,82360422.24,USD,2026-05-06,-9.975983742841308,19.661952397378407,Medical/Nursing services,Health services
CTMX,"CytomX Therapeutics, Inc.",5.03,USD,-1.4957264957264829,7.478632478632491,-0.5964214711729672,852260071,USD,12.027737924438068,11661330.68,USD,77635233.2,USD,2026-03-16,-9139.610389610389,-68.04051881230572,Pharmaceuticals: major,Health technology
JANX,"Janux Therapeutics, Inc.",13.98,USD,-1.2283236994219648,1.0115606936416226,-1.5736766809728229,850426514,USD,,13588112.64,USD,73738250.94,USD,2026-05-12,-31.394727100728005,-100,Biotechnology,Health technology
NFGC,New Found Gold Corp,2.52,USD,-1.9531250000000104,-1.5625000000000013,0,850199961.4956521,USD,,3617646.48,USD,25150086.36,USD,2026-03-20,-19.79331215272587,,Precious metals,Non-energy minerals
NEWP,New Pacific Metals Corp.,4.62,USD,-4.329004329004333,0,3.0303030303030236,850184799.7234727,USD,,7300547.100000001,USD,31562495.580000002,USD,2026-05-13,-118.21020596476335,,Precious metals,Non-energy minerals
SLS,"SELLAS Life Sciences Group, Inc.",5.96,USD,-0.7233273056057872,7.775768535262201,2.1812080536912735,848955811,USD,,58362018.6,USD,277765353,USD,2026-03-13,-2.8783517648841084,,Pharmaceuticals: major,Health technology
TALK,"Talkspace, Inc.",5.12,USD,8.193277310924381,7.5630252100840405,-0.3886718749999962,848159363,USD,113.02428256070641,279422049.28000003,USD,311189012.48,USD,2026-05-05,46.5702860658259,6.091173944527711,Medical/Nursing services,Health services
OMDA,"Omada Health, Inc.",14.39,USD,-2.1352313167259838,2.4199288256227747,0.7644197359277236,847937073.0000001,USD,,51127756.34,USD,234889380.22,USD,2026-05-14,,11.48904894899309,Internet software/Services,Technology services
INMD,InMode Ltd.,13.29,USD,-0.9826152683295598,0.45351473922901525,-0.07524454477050255,842037781,USD,9.1883296460177,19433182.89,USD,61247430.15,USD,2026-05-04,23.610666422966943,11.47319272280932,Medical specialties,Health technology
KURA,"Kura Oncology, Inc.",9.39,USD,0.7812499999999832,4.799107142857139,-0.4259850905218416,829416442.9999999,USD,,20528483.73,USD,112811563.29,USD,2026-04-30,-9.286793674780075,-16.45301204819277,Biotechnology,Health technology
MNKD,MannKind Corporation,2.68,USD,0.7662835249042153,2.681992337164762,0.373134328358201,825709167,USD,158.57988165680476,17742964.12,USD,120938711.80000001,USD,2026-05-13,-299.724483406387,36.31437964203093,Pharmaceuticals: major,Health technology
BBOT,"BridgeBio Oncology Therapeutics, Inc.",10.31,USD,,-1.0556621880998027,0,825138428,USD,,1560088.58,USD,13142919.940000001,USD,2026-06-03,13.316352749290614,,Biotechnology,Health technology
BIOA,"BioAge Labs, Inc.",19.73,USD,-1.330704780680136,-2.759980285855095,0,823776244.9999999,USD,,7968138.07,USD,46566213.29,USD,2026-03-19,6.455502481101888,-14.842454394693211,Biotechnology,Health technology
NEGG,"Newegg Commerce, Inc.",42.45,USD,-5.919821302609917,-0.18810251587114576,0,823377196.9999999,USD,,1355640.75,USD,12061827.9,USD,2026-06-03,,,Internet retail,Retail trade
SMP,"Standard Motor Products, Inc.",36.88,USD,,-1.4430785676109008,0,816742249,USD,10.494266283470393,4727610.32,USD,31258012.8,USD,2026-05-06,-69.19596474176359,-22.802283716491996,Automotive aftermarket,Consumer durables
GAU,Galiano Gold Inc.,3.14,USD,-4.746835443037986,-0.6329113924050638,-1.1210191082802585,815741985.2941177,USD,,9227065.84,USD,78652958.82000001,USD,2026-04-30,,43.58585597181223,Precious metals,Non-energy minerals
MATW,Matthews International Corporation,26.02,USD,,1.442495126705657,0,809900635,USD,37.256586483390606,5123181.88,USD,21947661.84,USD,2026-04-23,,-10.688085911159481,Miscellaneous manufacturing,Producer manufacturing
MYE,"Myers Industries, Inc.",21.65,USD,,0.41743970315398826,0,809779907,USD,23.259561667382897,5509448.699999999,USD,42874555.849999994,USD,2026-04-30,59.847629796839726,-0.711173850609682,Miscellaneous manufacturing,Producer manufacturing
ANNX,"Annexon, Inc.",5.59,USD,-2.9069767441860535,8.333333333333327,0.3577817531305986,809034912,USD,,11779639.299999999,USD,109318135.03,USD,2026-05-18,-11.730002441207583,,Pharmaceuticals: major,Health technology
EIKN,"Eikon Therapeutics, Inc.",14.91,USD,,3.685674547983306,0,806633132.13,USD,,4072427.94,USD,25057388.16,USD,2026-06-03,,,Pharmaceuticals: major,Health technology
GDRX,"GoodRx Holdings, Inc.",2.35,USD,-1.3157894736842022,3.070175438596504,-1.2765957446808616,805050018.0000001,USD,27.90973871733967,8956056.8,USD,75148029.75,USD,2026-05-07,384.80786416443254,-0.6340930887424245,Medical/Nursing services,Health services
ODD,ODDITY Tech Ltd.,13.99,USD,-2.0436927413671544,-1.4094432699083812,-0.6433166547533943,803569809,USD,7.78476434255189,59209513.26,USD,349965543.93,USD,2026-05-12,-66.84136376444069,3.2616191802680152,Packaged software,Technology services
CSTL,"Castle Biosciences, Inc.",27.02,USD,,-0.36873156342183416,0,803336975.0000001,USD,,9071505.66,USD,81650549.12,USD,2026-05-11,-365.4690618762475,4.77704321857351,Medical specialties,Health technology
SHEN,Shenandoah Telecommunications Co,14.51,USD,,-5.039267015706804,0,802426941.0000001,USD,,3891494.94,USD,32013021.23,USD,2026-04-23,32.83240172271603,2.0000890908280993,Major telecommunications,Communications
WOLF,"Wolfspeed, Inc.",17.76,USD,-1.9312009656004845,7.181653590826803,-2.5900900900900945,800774901.9999999,USD,,26539176.480000004,USD,207827857.44000003,USD,2026-05-06,76.60037290242386,-14.380081300813007,Semiconductors,Electronic technology
OMER,Omeros Corporation,11.29,USD,-2.3396880415944508,-2.166377816291161,-0.17714791851195372,800466187.0000001,USD,,11507366.37,USD,56619214.519999996,USD,2026-05-20,-21.605569540591567,,Pharmaceuticals: major,Health technology
NX,Quanex Building Products Corporation,17.17,USD,,-1.0374639769452432,0,788683594.0000001,USD,,18292591.770000003,USD,74310386.4,USD,2026-06-04,-120.80118542741812,-16.486201785867394,Building products,Producer manufacturing
DRUG,Bright Minds Biosciences Inc.,80.46,USD,-2.4326785481982625,4.6702224534928956,0,787474979.6659995,USD,,6462225.359999999,USD,44658437.94,USD,2026-05-14,-87.8007206495644,,Biotechnology,Health technology
ADTN,"ADTRAN Holdings, Inc.",9.62,USD,-2.5026068821689282,0.3128258602711091,0,775945862,USD,,8421511.54,USD,65876422.81999999,USD,2026-05-05,84.38879195319716,4.339112852720668,Computer peripherals,Electronic technology
SCSC,"ScanSource, Inc.",36.08,USD,,-0.30395136778115345,-0.055432372505532214,775012329.0000001,USD,11.099830795262266,7618472.399999999,USD,41989362.8,USD,2026-05-12,-17.028876144481345,3.6317177043196107,Electronics distributors,Distribution services
LAES,SEALSQ Corp,4.17,USD,-2.253132832080203,4.511278195488715,-1.199040767386087,771033037,USD,,20137693.11,USD,179682702.09,USD,2026-03-31,,,Semiconductors,Electronic technology
CWH,"Camping World Holdings, Inc.",7.47,USD,-1.630434782608697,1.4945652173912967,-0.6693440428380164,769303772,USD,,36297798.21,USD,194127551.28,USD,2026-05-05,-66.42019882288936,-35.023126949623446,Specialty stores,Retail trade
DC,Dakota Gold Corp.,5.96,USD,-1.6393442622950762,-2.2950819672131098,0,765832336,USD,,7678422.96,USD,46478916.96,USD,2026-06-03,-62.276894800989915,,Precious metals,Non-energy minerals
WLKP,Westlake Chemical Partners LP,21.7,USD,-1.3574660633484195,-1.8099547511312313,0,764835632.0000001,USD,15.704154002026343,1067726.8,USD,5612965.399999999,USD,2026-05-05,-0.7779976796560432,4.581123866130567,Chemicals: specialty,Process industries
TATT,TAT Technologies Ltd.,58.93,USD,0.537075537075541,2.096327096327098,0,763181029.9999999,USD,44.23842053899857,11908986.91,USD,60551635.74,USD,2026-04-01,40.64497385241778,7.263827023018756,Aerospace & defense,Electronic technology
KOP,Koppers Holdings Inc.,38.53,USD,0.2663115845539319,2.609853528628506,0,756704407,USD,48.018444666002,16137019.01,USD,72603389.02,USD,2026-05-01,45.12195121951221,-3.862916006339144,Chemicals: specialty,Process industries
PAR,PAR Technology Corporation,18.28,USD,-1.9771071800208069,-4.89073881373568,0.1094091903719889,752270141.9999999,USD,,30699578.240000002,USD,183834136.16000003,USD,2026-05-13,-14.947461077185453,0.7702440784340048,Electronic equipment/Instruments,Electronic technology
MNTN,"MNTN, Inc.",10.18,USD,-1.4191106906338729,-3.689687795648066,-1.0943025540275022,752024200,USD,,7301431.9399999995,USD,37867655.62,USD,2026-06-03,435.6898694841516,24.384844979506735,Packaged software,Technology services
THM,"International Tower Hill Mines, Ltd.",2.88,USD,-4.26229508196721,-5.573770491803277,2.0833333333333353,751903172.7468029,USD,,4899006.72,USD,31533249.599999998,USD,2026-03-11,63.01939817325963,,Precious metals,Non-energy minerals
JBI,"Janus International Group, Inc.",5.39,USD,-2.268431001890361,1.8903591682419594,0,748445496.0000001,USD,14.007276507276508,26584622.68,USD,80624956.72,USD,2026-05-07,-53.289473684210535,3.191974464204286,Building products,Producer manufacturing
IART,Integra LifeSciences Holdings Corporation,9.57,USD,-2.363823227132584,-1.6443987667009263,0,745859069.9999999,USD,,10660166.55,USD,53566074.870000005,USD,2026-04-29,68.46780162842339,8.173615014599738,Medical specialties,Health technology
APOG,"Apogee Enterprises, Inc.",34.55,USD,-0.7092198581560284,-1.9858156028368874,0,743174500,USD,18.676685226228443,5394360.6,USD,29184903.249999996,USD,2026-04-02,-30.02241109560658,-2.688766422664813,Building products,Producer manufacturing
PRME,"Prime Medicine, Inc.",4.11,USD,-3.738154613466327,2.493765586034926,0.9732360097323608,742069519,USD,,12113135.850000001,USD,73405915.2,USD,2026-05-07,8.902376339409276,-31.591836734693878,Biotechnology,Health technology
GYRE,"Gyre Therapeutics, Inc.",8.16,USD,3.7613488975356684,5.836575875486384,0,741665466,USD,214.17322834645668,1276787.04,USD,9128355.36,USD,2026-03-31,716.7420814479639,14.16831646184304,Pharmaceuticals: major,Health technology
SWIM,"Latham Group, Inc.",6.31,USD,,0.15873015873015534,0,736799316,USD,70.11111111111111,6363647.619999999,USD,66450445.94,USD,2026-05-12,-186.37427621042255,-38.265504654021235,Miscellaneous manufacturing,Producer manufacturing
SSYS,"Stratasys, Ltd.",8.59,USD,-2.9680365296803632,-1.9406392694063919,0.6984866123399359,730470276.0000001,USD,,22142838.14,USD,92799582.49,USD,2026-05-19,66.11424668368264,2.212163247426444,Computer peripherals,Electronic technology
QNC,Quantum eMotion Corp.,3.32,USD,-3.2835820895522354,-0.8955223880597089,-0.301204819277102,727473979.699115,USD,,818439.76,USD,8758684.559999999,USD,,-8.709286100134625,,Semiconductors,Electronic technology
PHR,"Phreesia, Inc.",12.06,USD,-3.2365145228215813,0.08298755186721815,-0.08291873963515577,727061279,USD,,16556040.360000001,USD,105394402.26,USD,2026-03-30,553.0581039755351,2.6250479723679163,Packaged software,Technology services
ASPI,ASP Isotopes Inc.,5.81,USD,-2.7027027027026933,4.684684684684681,3.27022375215147,726889831.9999999,USD,,33719171.64,USD,151997821.14999998,USD,2026-06-03,82.84903144573887,308.0232320408563,Pharmaceuticals: major,Health technology
ESPR,"Esperion Therapeutics, Inc.",3.04,USD,-2.5735294117647163,11.764705882352935,-0.3289473684210602,726752808,USD,,22521344.48,USD,113001937.6,USD,2026-03-10,-146.23182711198427,5.976816167991746,Pharmaceuticals: major,Health technology
ATEX,Anterix Inc.,38.62,USD,0,-2.4747474747474847,0,723464172,USD,8.884083641968207,10358308.819999998,USD,76278362,USD,2026-06-17,-112.33002092050208,1.3530927835051547,Wireless telecommunications,Communications
DJCO,Daily Journal Corp. (S.C.),525.08,USD,-0.07040050062578489,2.683041301627039,0,723414307,USD,7.7547337282475945,56297502.36000001,USD,337754034.44,USD,,-118.92481791653815,-31.238122052509325,Publishing: newspapers,Consumer services
PD,"PagerDuty, Inc.",7.88,USD,-1.0025062656641612,-1.253132832080207,-0.7614213197969494,723201233,USD,4.922231244924729,23366918.6,USD,157012033.8,USD,2026-03-12,1531.9423135931268,0.9188808128935022,Packaged software,Technology services
NRDS,"NerdWallet, Inc.",10.81,USD,-1.9713261648745577,-3.136200716845875,-0.9250693802035119,721954529,USD,16.87480487043397,11698927.92,USD,71092548.74000001,USD,2026-05-05,-46.7680608365019,4.788470478847048,Packaged software,Technology services
PROK,ProKidney Corp.,2.39,USD,1.260869565217407,3.913043478260883,-1.255230125523023,718994171.0000001,USD,,1268389.73,USD,9089138.93,USD,2026-03-16,0.5014499758337249,-1.809954751131222,Biotechnology,Health technology
IIIV,"i3 Verticals, Inc.",23.54,USD,,0.12760527435132957,0,717401581,USD,229.88281249999997,4995188,USD,49235016.379999995,USD,2026-05-07,-80.10873041253598,-4.061856796779658,Packaged software,Technology services
NWPX,"NWPX Infrastructure, Inc.",74.64,USD,,-0.9159697331740312,0,714620178,USD,20.827055081198726,10695165.6,USD,47075671.92,USD,2026-05-06,-34.253980007404664,-16.832266477788004,Construction materials,Non-energy minerals
REPL,"Replimune Group, Inc.",8.63,USD,3.097893432465923,6.939281288723674,-0.017381228273465315,712601685,USD,,26264869.94,USD,90588126.18,USD,2026-05-14,14.645006016847173,,Biotechnology,Health technology
BVS,Bioventus Inc.,8.61,USD,-1.426872770511308,2.378121284185485,0,712591278,USD,26.274031126029904,5463518.55,USD,26803937.369999997,USD,2026-05-12,367.6703645007924,13.883058903289555,Medical specialties,Health technology
JBIO,"Jade Biosciences, Inc.",14.43,USD,,2.7046263345195656,0,711634033,USD,,7229040.39,USD,25775428.77,USD,2026-05-18,-26.713008937437934,,Biotechnology,Health technology
TBPH,"Theravance Biopharma, Inc.",14,USD,-2.358142962417099,3.168754605747971,0,709414062,USD,24.88888888888889,16874620,USD,148290492,USD,2026-05-13,-93.40749521291146,-23.68772666539416,Pharmaceuticals: major,Health technology
SERV,Serve Robotics Inc.,9.49,USD,-2.0127118644067745,0.52966101694916,0.10537407797681546,706848206,USD,,32292799.76,USD,165918984.4,USD,2026-03-11,-58.369304556354926,7.009345794392523,Industrial machinery,Producer manufacturing
UDMY,"Udemy, Inc.",4.86,USD,-1.6427104722792623,-0.20533880903490323,-1.1481481481481588,706748534.9999999,USD,198.3673469387755,6275479.86,USD,44994560.400000006,USD,2026-05-06,-241.8392204628502,-0.866210139002453,Packaged software,Technology services
SLDP,"Solid Power, Inc.",3.2,USD,-3.2051282051282075,2.5641025641025665,-0.6250000000000006,705850647,USD,,15726976,USD,89792832,USD,2026-05-12,-4.592724320562879,-20.37280701754386,Electrical products,Producer manufacturing
ROOT,"Root, Inc.",45.21,USD,-0.20842017507293523,-5.7732388495206255,-0.0221190002211856,702943550,USD,20.68634179821551,21789095.13,USD,123188027.16,USD,2026-05-06,,2.372356884992264,Insurance brokers/Services,Finance
YEXT,"Yext, Inc.",5.64,USD,0.35842293906809275,1.0752688172042941,-4.078014184397155,693342285,USD,,17184081.72,USD,121443040.55999999,USD,2026-06-09,-77.06253971814138,-0.9691053459953667,Data processing services,Technology services
EHAB,"Enhabit, Inc.",13.66,USD,-0.1469507714915472,0.36737692872888106,-0.07320644216690914,692879517,USD,,17116840.580000002,USD,139447782.16,USD,2026-05-13,-448.6486486486487,2.5796661608497606,Medical/Nursing services,Health services
VTEX,VTEX,4,USD,-0.2551020408163211,2.040816326530614,1.4999999999999902,691973938,USD,851.063829787234,8370428,USD,41540708,USD,2026-05-12,54.41662730268192,14.001476311826796,Information technology services,Technology services
TMQ,Trilogy Metals Inc.,4.01,USD,-3.2275000000000054,0.24999999999999467,0.24937655860348598,691908001.6844037,USD,,9969509.62,USD,70814005.53,USD,2026-04-08,-1884.3538538111898,,Other metals/Minerals,Non-energy minerals
SNDA,"Sonida Senior Living, Inc.",36.83,USD,,0.5185589519650593,0,691284546,USD,,3221630.59,USD,23138300.18,USD,2026-04-01,-1621.7530390275112,4.825447741245656,Medical/Nursing services,Health services
MVST,"Microvast Holdings, Inc.",2.1,USD,-2.4038461538461666,0.9615384615384623,-0.47619047619048716,689183899,USD,,8032791.9,USD,29402790.900000002,USD,2026-04-06,98.59605121725849,34.977391913640396,Electrical products,Producer manufacturing
RYAM,Rayonier Advanced Materials Inc.,10.27,USD,-1.501501501501505,2.802802802802796,0,688147461,USD,,13608242.959999999,USD,95161060.02,USD,2026-05-12,-371.48630444544233,18.184884238331016,Chemicals: specialty,Process industries
SKYH,Sky Harbour Group Corporation,9.04,USD,-2.108768035516088,0.33296337402884973,0,688104340,USD,,1353911.7599999998,USD,8817932.399999999,USD,2026-04-01,-110.76032773735174,10.837887067395265,Real estate development,Finance
CBLL,"CeriBell, Inc.",18.28,USD,-1.289960740325277,2.5238362310712446,0,688081665.0000001,USD,,4562450.36,USD,35100031.24,USD,2026-05-07,-0.4604530263646491,9.717118951702156,Medical specialties,Health technology
NUTX,Nutex Health Inc.,98.61,USD,-2.5254762959681005,9.22684980062029,0.010140959334758256,687148987.0000001,USD,10.147358455617526,26211129.66,USD,201414573.57,USD,2026-05-19,-78.65247587264363,-43.36193634150348,Medical/Nursing services,Health services
EVGO,EVgo Inc.,2.23,USD,-1.8144796380090409,0.9049773755656116,-0.44843049327353307,686801514,USD,,11266000.14,USD,92117727.54,USD,2026-05-12,60.8003896420164,28.354586723583136,Specialty stores,Retail trade
MTUS,Metallus Inc.,16.42,USD,,-2.7251184834123063,0,685213501,USD,,5623800.74,USD,42235064.24,USD,2026-04-30,-276.5432098765432,-12.618502778685844,Steel,Non-energy minerals
FOXF,Fox Factory Holding Corp.,16.37,USD,,0.3678724708767767,0,684303345,USD,,16375041.96,USD,94004021.09,USD,2026-04-30,-45167.35015772871,-4.060793665555128,Auto parts: OEM,Producer manufacturing
ANRO,"Alto Neuroscience, Inc.",21.99,USD,0.04816955684006748,5.924855491329464,-6.957708049113223,683148743,USD,,7204297.829999999,USD,27785134.65,USD,2026-03-20,19.908505591324975,,Biotechnology,Health technology
RSKD,Riskified Ltd.,4.46,USD,,-0.4464285714285817,0,680130828.9999999,USD,,4043980.12,USD,30947948.919999998,USD,2026-05-20,,21.33712833817402,Packaged software,Technology services
AXG,Solowin Holdings,3.61,USD,-0.5524861878453043,-0.2762430939226583,0,679415779.0000001,USD,,2966788.25,USD,6467842.06,USD,2026-06-03,,,Investment banks/Brokers,Finance
NB,NioCorp Developments Ltd.,4.75,USD,-4.612159329140456,-0.41928721174003303,-0.037894736842110435,677955811,USD,,25640922.75,USD,148293000.25,USD,2026-06-02,98.76107523651746,,Other metals/Minerals,Non-energy minerals
ADSE,ADS-TEC ENERGY PLC,11.25,USD,,-2.428447528187332,,676378540.0000001,USD,,71662.5,USD,246701.25,USD,2026-04-23,,,Electrical products,Producer manufacturing
MITK,"Mitek Systems, Inc.",14.88,USD,-1.0238907849829375,1.56996587030717,0.40322580645160433,674306396,USD,43.05555555555556,16006103.520000001,USD,86165333.28,USD,2026-04-23,49.03225806451613,-1.1947564706670537,Information technology services,Technology services
TRNS,"Transcat, Inc.",71.88,USD,,1.7121833875760488,0,670797607,USD,85.06508875739645,10019209.44,USD,43510329.72,USD,2026-05-25,-186.7612293144208,1.9253208868144693,Electronic equipment/Instruments,Electronic technology
MDXG,"MiMedx Group, Inc",4.51,USD,-2.4444444444444513,0.2222222222222175,0,670035339,USD,13.906876349059512,5565335.489999999,USD,24016327.279999997,USD,2026-05-05,-9.29663243372344,3.8426027698395253,Medical specialties,Health technology
GOGO,Gogo Inc.,4.94,USD,-2.4856596558317547,-5.544933078393881,-3.0364372469635694,665328613.0000001,USD,52.497343251859725,13722628.4,USD,74978094.88000001,USD,2026-04-30,-417.92746113989637,3.120066194064897,Wireless telecommunications,Communications
AIP,"Arteris, Inc.",14.54,USD,-2.203856749311297,0.137741046831953,-1.4442916093535012,661093993.9999999,USD,,6356233.699999999,USD,46512791.16,USD,2026-04-30,5.41652763874986,15.67670036764706,Semiconductors,Electronic technology
HSTM,"HealthStream, Inc.",22.46,USD,,0.943820224719105,1.9145146927871761,659343567,USD,36.94078947368421,12816304.88,USD,53594635.96,USD,2026-04-27,-58.34702596122248,4.228888249601172,Packaged software,Technology services
KODK,Eastman Kodak Company,6.83,USD,,2.0926756352765272,0,658411987,USD,,5219294.76,USD,28917830.69,USD,2026-03-12,,2.2813688212927756,Industrial machinery,Producer manufacturing
WOOF,"Petco Health and Wellness Company, Inc.",2.33,USD,-2.35294117647059,-2.1008403361344463,0,655299301,USD,,4758472.79,USD,30994724.810000002,USD,2026-03-11,-33.22359003721729,-1.6202573144359296,Internet retail,Retail trade
ISOU,IsoEnergy Ltd.,10.8,USD,-1.6715830875122901,6.1946902654867335,0,654006596.5945946,USD,,2066385.6,USD,9876988.8,USD,2026-05-06,-1732.102569618434,,Other metals/Minerals,Non-energy minerals
KRNT,Kornit Digital Ltd.,14.59,USD,,0.3438789546079829,0,653554993,USD,,3077279.03,USD,22743329.7,USD,2026-05-13,,10.767117100295405,Chemicals: specialty,Process industries
TCMD,"Tactile Systems Technology, Inc.",28.96,USD,-0.34710170079832653,0.5206525511975083,0,649831299,USD,34.513168871409846,11388751.68,USD,46446424.480000004,USD,2026-05-11,29.540747959556583,20.802285581015685,Medical specialties,Health technology
CGNT,Cognyte Software Ltd.,8.89,USD,6.098964326812442,2.3014959723820607,2.3622047244094384,649308655.0000001,USD,,5169686.13,USD,22757315.42,USD,2026-04-08,-432.53914227349276,3.3072513407969093,Packaged software,Technology services
CINT,CI&T Inc,5,USD,,-1.3806706114398477,0,649082321,USD,,281155,USD,1902990,USD,2026-03-11,-9.02278792854377,8.641891027024258,Information technology services,Technology services
BWMX,"Betterware de Mexico, S.A.P.I. de C.V.",17.34,USD,-1.3127853881278564,-1.027397260273971,0,647068909,USD,11.814403488451319,2785983.12,USD,16213402.86,USD,2026-04-23,-19.048860394583237,15.312951726056742,Specialty stores,Retail trade
IIIN,"Insteel Industries, Inc.",33.25,USD,,-2.3494860499265706,0,644929626,USD,13.683690686859542,3545846.5,USD,17963512,USD,2026-04-16,-47.81443298969072,-9.873537566781634,Metal fabrication,Producer manufacturing
MAX,"MediaAlpha, Inc.",9.98,USD,,-1.3833992094861542,0,643666794,USD,25.214754926730674,8159168.96,USD,62051338.620000005,USD,2026-04-30,110.6795465217683,-5.0108641040865995,Information technology services,Technology services
VOR,Vor Biopharma Inc.,15.46,USD,-1.124338624338624,2.2486772486772595,0,641896729,USD,,8886655.360000001,USD,57843914.660000004,USD,2026-03-19,48.3573737552179,,Biotechnology,Health technology
LPTH,"LightPath Technologies, Inc.",11.09,USD,-2.1680216802168037,0.18066847335139632,-2.164111812443645,639988402.9999999,USD,,19299538.85,USD,160483301.28,USD,2026-05-07,-225.10896985207754,8.589101239377866,Electronic components,Electronic technology
UMAC,"Unusual Machines, Inc.",17.28,USD,12.46200607902736,5.045592705167184,-0.4629629629629736,637209533.9999999,USD,,127812746.88000001,USD,541665774.72,USD,2026-05-20,,0.4999128989580832,Electronic equipment/Instruments,Electronic technology
SWBI,"Smith & Wesson Brands, Inc.",14.24,USD,-1.0007147962830634,1.7869907076483202,-1.9662921348314562,633590881,USD,53.154162000746545,20626269.76,USD,93196670.4,USD,2026-06-18,95.77464788732394,8.854576080853453,Aerospace & defense,Electronic technology
DSP,Viant Technology Inc.,10.12,USD,-1.2560386473429856,-2.2222222222222263,0,631828094,USD,383.3333333333333,1024498.2,USD,11265614.36,USD,2026-03-11,243.44827586206898,9.92768422539915,Packaged software,Technology services
RDVT,"Red Violet, Inc.",44.69,USD,,-0.6447309915517989,0,630572021,USD,49.457724656927844,3676065.3299999996,USD,31198580.59,USD,2026-05-12,-33.18300498457156,1.3386474894944331,Packaged software,Technology services
LWLG,"Lightwave Logic, Inc.",4.31,USD,-6.823809523809523,2.6190476190476053,1.856148491879352,626805969,USD,,12665516.85,USD,102939802.94999999,USD,,-2.6965149226850462,13.907439953134155,Chemicals: specialty,Process industries
SLDB,Solid Biosciences Inc.,8.02,USD,6.074074074074076,18.81481481481481,0.37406483790525114,624840149,USD,,39562724.16,USD,101233893.6,USD,2026-03-18,-15.947315096251266,,Biotechnology,Health technology
KRO,Kronos Worldwide Inc,5.42,USD,2.268431001890361,2.457466918714554,-5.904059040590411,623587891,USD,,2445086.66,USD,11351176.459999999,USD,2026-05-06,-302.17391304347825,-7.584951456310679,Chemicals: specialty,Process industries
SIBN,"SI-BONE, Inc.",14.03,USD,-0.9399855386840258,1.4461315979754106,-3.0648610121168907,619638976.9999999,USD,,7340608.239999999,USD,47840686.55,USD,2026-05-11,63.90713972842751,15.813054916146005,Medical specialties,Health technology
AMBQ,"Ambiq Micro, Inc.",29.04,USD,,2.2895385699189803,0.20661157024794174,617468567,USD,,8238328.56,USD,81423019.92,USD,2026-05-07,-18.629193512552767,14.197632810349573,Semiconductors,Electronic technology
CABO,"Cable One, Inc.",108.79,USD,,-2.2815054342944325,0,617076721,USD,,13684367.73,USD,101107902.94000001,USD,2026-04-30,-108.80830213100356,-3.263991574736976,Cable/Satellite TV,Consumer services
LBRX,LB Pharmaceuticals Inc,24.34,USD,,2.354920100925142,0,615780151,USD,,4105914.6,USD,27608083.12,USD,2026-06-03,74.92419434454551,,Pharmaceuticals: major,Health technology
AMWD,American Woodmark Corporation,42.25,USD,-0.18190086402910027,-3.93360618462937,0,615565430,USD,36.353467561521256,16554310.5,USD,79739396.75,USD,2026-05-21,-570.9693291782844,-17.82321475178455,Building products,Producer manufacturing
AVNS,"Avanos Medical, Inc.",13.12,USD,-1.8811136192626037,-1.27915726109857,0,610125366,USD,,9506305.92,USD,44221222.4,USD,2026-05-06,7.142857142857142,1.7435320584926886,Medical specialties,Health technology
ITRG,Integra Resources Corp.,3.59,USD,-3.8043478260869596,-2.4456521739130515,-0.27855153203342026,607805688.0268595,USD,43.17789291882556,9510107.45,USD,38332483.48,USD,2026-03-24,-174.8159068062623,12.505927935846763,Precious metals,Non-energy minerals
LYTS,LSI Industries Inc.,19.5,USD,,-1.6641452344931837,0,607097290,USD,23.806617018679038,6267592.5,USD,31129215,USD,2026-04-23,-12.610132158590309,-6.516416638579578,Building products,Producer manufacturing
ZURA,Zura Bio Limited,7.04,USD,,1.0043041606886698,0.8522727272727216,607012084.9999999,USD,,3889578.88,USD,20312385.28,USD,2026-04-01,-25.286062652409846,,Biotechnology,Health technology
WYFI,"WhiteFiber, Inc.",15.81,USD,-2.1935483870967736,2.000000000000003,0.7590132827324428,604890442,USD,,10510851.63,USD,61984259.13,USD,2026-06-03,-78.34277025178768,8.131479758949725,Data processing services,Technology services
CRSR,"Corsair Gaming, Inc.",5.67,USD,-3.3613445378151288,-4.70588235294118,1.9400352733686126,604775452,USD,,9548240.31,USD,70794837.54,USD,2026-05-12,,26.3452133397732,Packaged software,Technology services
HZO,"MarineMax, Inc. (FL)",27.34,USD,,1.7870439314966509,0,602229492.0000001,USD,,15654337.2,USD,94556620.3,USD,2026-04-23,-828.1030444964872,-8.507605681758498,Specialty stores,Retail trade
MFI,mF International Limited,11.96,USD,,-1.1578416707299821,0,600110436.0000001,USD,,168887.16,USD,796225.04,USD,,,,Packaged software,Technology services
SSTK,"Shutterstock, Inc.",16.77,USD,-1.8835616438356066,-4.280821917808219,0.05963029218844104,596119141,USD,13.28632546347647,7721897.43,USD,39955346.73,USD,2026-04-28,-219.66086501830137,-15.330226764169877,Internet software/Services,Technology services
IRWD,"Ironwood Pharmaceuticals, Inc.",3.65,USD,-3.714285714285711,4.285714285714283,-0.8219178082191728,595162903,USD,30.29045643153527,9312953.1,USD,49349908.949999996,USD,2026-04-30,-105.67864271457086,-60.913485171227265,Pharmaceuticals: major,Health technology
MGTX,MeiraGTx Holdings plc,7.37,USD,,5.285714285714287,-0.4070556309362313,593217834,USD,,3407541.61,USD,20269666.78,USD,2026-03-12,-30.20492331486016,-88.89189921430507,Biotechnology,Health technology
CATX,"Perspective Therapeutics, Inc.",5.2,USD,-0.2012072434607603,4.627766599597594,-0.7865384615384731,592353210,USD,,7254878.8,USD,37948502.800000004,USD,2026-03-26,-20.87037468000931,-27.93103448275862,Medical specialties,Health technology
AOSL,Alpha and Omega Semiconductor Limited,19.85,USD,-1.812688821752263,-0.050352467270886256,-1.91435768261966,590752380,USD,,8721514.350000001,USD,37390333.400000006,USD,2026-05-12,-526.4373232801883,-11.08925430541898,Semiconductors,Electronic technology
DSGN,"Design Therapeutics, Inc.",10.37,USD,,3.184079601990035,0.5785920925747396,590714172,USD,,1692912.8699999999,USD,12279645.87,USD,2026-03-17,10.93119530472148,,Biotechnology,Health technology
HY,"Hyster-Yale, Inc.",32.89,USD,,-1.6153155848040657,0,588733871,USD,,4830784.53,USD,30103000.07,USD,2026-05-05,-2182.608695652174,-5.70932489020529,Industrial machinery,Producer manufacturing
IDR,"Idaho Strategic Resources, Inc.",37.68,USD,-2.116402116402109,-0.3174603174603107,0.23885350318472243,587520630,USD,54.16127641224666,8964938.64,USD,54769048.08,USD,2026-03-30,7.483401735455425,16.931277731717632,Precious metals,Non-energy minerals
ERII,"Energy Recovery, Inc.",11.12,USD,-0.0942507068802996,4.80678605089538,1.978417266187056,587454773,USD,25.58674643350207,19606161.279999997,USD,79070350.16,USD,2026-05-06,594.7341249354672,108.97187499999998,Industrial machinery,Producer manufacturing
EVER,"EverQuote, Inc.",16.24,USD,,-3.6201780415430442,0,583924160.0000001,USD,6.16365568544102,11992119.44,USD,89002491.75999999,USD,2026-05-11,206.14895308772861,12.291594802805566,Internet software/Services,Technology services
NTGR,"NETGEAR, Inc.",20.69,USD,-1.332017760236801,2.0720276270350357,0,581661133,USD,,9082247.92,USD,40997710.870000005,USD,2026-04-29,85.6813899937199,-1.1396073121191606,Information technology services,Technology services
VPG,"Vishay Precision Group, Inc.",43.57,USD,,0.2531063046479508,0.543263713564377,579368087.9999999,USD,110.16434892541086,5983598.81,USD,44548407.92,USD,2026-05-12,-123.81012980402137,1.059853501906482,Electronic components,Electronic technology
INDI,"indie Semiconductor, Inc.",2.59,USD,-1.5444015444015458,0,0.7722007722007729,579281189.0000001,USD,,9645092.66,USD,184906046.64,USD,2026-05-07,16.16652302227795,8.068783068783068,Semiconductors,Electronic technology
AVR,Anteris Technologies Global Corp.,5.93,USD,-3.8709677419354875,-4.354838709677427,1.1804384485666153,576586060,USD,,6827499.569999999,USD,33505093,USD,2026-05-19,-31.28034526164359,-27.73892773892774,Medical specialties,Health technology
CCSI,"Consensus Cloud Solutions, Inc.",30.48,USD,-1.6366612111292964,-0.2291325695581024,0,575125122.0000001,USD,7.012861514391551,4053504.72,USD,26875587.6,USD,2026-05-13,-7.188447784165497,-0.7941481422402497,Packaged software,Technology services
WRN,Western Copper and Gold Corporation,2.84,USD,-2.4911032028469693,1.0676156583629823,3.1514084507042304,573840253.7881137,USD,,5513505,USD,30628286.72,USD,2026-03-25,-38.582671484265106,,Other metals/Minerals,Non-energy minerals
DRTS,Alpha Tau Medical Ltd.,6.71,USD,-2.3400936037441555,4.680187207488297,-2.464977645305514,572122437.0000001,USD,,2380117.52,USD,13103502.72,USD,2026-05-25,-15.54281194384022,,Medical specialties,Health technology
IBTA,"Ibotta, Inc.",23.42,USD,,0.042716787697571826,0,570281204,USD,208.17777777777778,5939686.720000001,USD,52855099.120000005,USD,2026-05-28,-165.4272667971298,6.324765793898631,Packaged software,Technology services
BBW,"Build-A-Bear Workshop, Inc.",44.04,USD,,3.990554899645803,0,570133850.0000001,USD,10.119252774522645,32809051.32,USD,119362624.92,USD,2026-03-12,-34.32522034446511,-1.2620023018664435,Specialty stores,Retail trade
FPH,"Five Point Holdings, LLC",5.23,USD,-4.595588235294117,-3.8602941176470575,0,569361618,USD,5.4627115103405055,1328022.52,USD,5812370.960000001,USD,2026-05-13,10.635569067072012,462.73724792408063,Real estate development,Finance
CWCO,Consolidated Water Co. Ltd.,35.555,USD,-0.5383961462170522,0.7509209407764256,0,566438660,USD,33.81038417649296,4357443.025,USD,20268909.96,USD,2026-03-17,8.558113341201866,4.547716374338612,Water utilities,Utilities
IPI,"Intrepid Potash, Inc",42.17,USD,4.632024453327061,-0.8464613214201727,-1.9445103153900885,565369507,USD,49.55929016335645,33530210.400000002,USD,130200085.85000001,USD,2026-05-04,-111.45527369826436,42.57314117138616,Other metals/Minerals,Non-energy minerals
CPS,Cooper-Standard Holdings Inc.,31.88,USD,,-0.3750000000000031,0,562267822,USD,,10479944.28,USD,38759002.64,USD,2026-04-30,,-3.32579920690379,Auto parts: OEM,Producer manufacturing
ALLO,"Allogene Therapeutics, Inc.",2.5,USD,-4.347826086956506,8.695652173913052,0,561825378,USD,,14011645,USD,59352760,USD,2026-03-12,18.73270125434309,,Biotechnology,Health technology
CTKB,"Cytek Biosciences, Inc.",4.36,USD,-1.4218009478672893,3.31753554502371,0,560478638,USD,,4792921.840000001,USD,22634878.96,USD,2026-05-13,-704.6002190580504,18.832348497886905,Medical specialties,Health technology
YDES,YD Bio Limited,7.9,USD,,-3.0662952919667754,,557118774,USD,,125957.6,USD,522829.9,USD,,34.2338591613873,,Medical specialties,Health technology
GDYN,"Grid Dynamics Holdings, Inc.",6.51,USD,-0.6772009029345362,-2.0316027088036086,2.150537634408611,555653015,USD,58.438061041292634,13742310.54,USD,71555901.89999999,USD,2026-04-30,-74.00169923534409,1.9114272822403349,Information technology services,Technology services
RCKT,"Rocket Pharmaceuticals, Inc.",5.11,USD,1.360544217687066,15.873015873015877,-0.9784735812133211,554788330,USD,,19927564.09,USD,118398700,USD,2026-05-11,15.48517841532226,,Biotechnology,Health technology
VSTM,"Verastem, Inc.",6.3,USD,-1.8808777429467103,-1.2539184952978069,0,553361206,USD,,10686412.799999999,USD,70246203.3,USD,2026-05-12,66.58884670821575,55.97758405977584,Biotechnology,Health technology
KE,"Kimball Electronics, Inc.",22.79,USD,,0.7070260715863904,0,551840149,USD,23.638626698475264,4221141.01,USD,21228360.83,USD,2026-05-12,-63.926940639269404,-6.652844752368006,Electronic production equipment,Electronic technology
IMSR,Terrestrial Energy Inc.,6.72,USD,-3.5439137134052454,3.543913713405231,-0.7693452380952294,549503967,USD,34.44387493593029,8496983.04,USD,53558379.839999996,USD,2026-06-03,220.75747013029363,,Electric utilities,Utilities
EMBC,Embecta Corp.,9.23,USD,-0.44101433296583153,1.764057331863287,0,546599182,USD,3.892051444233607,8725755.870000001,USD,52433202.510000005,USD,2026-05-08,67.04545454545455,-1.0606060606060608,Medical specialties,Health technology
CEVA,"CEVA, Inc.",19.69,USD,-3.1887088342916856,2.9273392577104143,0,546478942.9999999,USD,,8980687.76,USD,48052342.36,USD,2026-05-13,32.26241900647948,10.538203909961835,Semiconductors,Electronic technology
DCBO,Docebo Inc.,18.95,USD,-2.314814814814829,-2.520576131687253,0,545086663.9471639,USD,14.72142930644573,3594644.4499999997,USD,30747568.849999998,USD,2026-05-07,351.38736516390867,5.047678360500054,Packaged software,Technology services
PKE,Park Aerospace Corp.,27.34,USD,-0.7063197026022221,1.6356877323420123,1.1338697878566157,544771301.0000001,USD,63.06805074971165,11548060.58,USD,58299733.98,USD,2026-05-07,22.71214642262895,5.811611012758684,Aerospace & defense,Electronic technology
GEVO,"Gevo, Inc.",2.24,USD,0.9345794392523372,4.672897196261686,-0.8973214285714386,543918152,USD,,18298291.200000003,USD,83464198.72000001,USD,2026-05-13,20.81971335177269,6.176539452118942,Chemicals: specialty,Process industries
OWLS,OBOOK Holdings Inc.,6.15,USD,,3.709949409780787,0,543522690,USD,,107932.5,USD,689255.1000000001,USD,,,,Packaged software,Technology services
LXEO,"Lexeo Therapeutics, Inc.",7.44,USD,2.1897810218978155,8.613138686131398,-0.26881720430108147,543025696,USD,,15129351.600000001,USD,42305432.160000004,USD,2026-03-16,22.296287783013447,,Biotechnology,Health technology
LYEL,"Lyell Immunopharma, Inc.",25.5,USD,6.812110418521805,13.535173642030271,2.7450980392156836,541720825,USD,,6069102,USD,15713635.5,USD,2026-05-12,8.991659638271953,87.5,Biotechnology,Health technology
RR,Richtech Robotics Inc.,2.42,USD,-3.813559322033892,2.5423728813559343,0,541102295,USD,,20278924.82,USD,127399849.72,USD,2026-06-03,-133.77851975514747,-20.56786703601108,Electronics/Appliances,Consumer durables
TWI,"Titan International, Inc. (DE)",8.44,USD,-2.886836027713626,-2.540415704387998,0.11848341232227236,540362976,USD,,12871675.2,USD,46909072.68,USD,2026-05-06,-2377.3651635720603,-12.010950422967591,Auto parts: OEM,Producer manufacturing
NMRA,"Neumora Therapeutics, Inc.",3.22,USD,-3.6423841059602604,6.622516556291397,-3.7142857142857184,538026917,USD,,3549174.16,USD,19654487.16,USD,2026-03-11,-7.631184692116593,,Pharmaceuticals: major,Health technology
IMMX,"Immix Biopharma, Inc.",10.13,USD,-1.5069967707211929,9.041980624327252,0.19743336623889016,536435485.99999994,USD,,10153319.260000002,USD,38949637.27,USD,2026-06-03,-14.54314590891774,,Pharmaceuticals: major,Health technology
RGNX,REGENXBIO Inc.,10.38,USD,12.716763005780344,20.000000000000004,-1.5414258188824674,535742798,USD,,20047890.48,USD,81722560.02000001,USD,2026-05-06,-8.408001162396474,2.03141290821646,Pharmaceuticals: major,Health technology
PANL,Pangaea Logistics Solutions Ltd.,8.24,USD,-1.7930622009569237,-1.435406698564584,0.12135922330096828,535383179.0000001,USD,27.85665990534145,5693568.08,USD,30244367.92,USD,2026-03-10,,7.645945921487167,Miscellaneous,Miscellaneous
EBF,"Ennis, Inc.",21.16,USD,,-0.7038948850304955,0,535197020.9999999,USD,12.774692103356676,3724752.48,USD,19912533.36,USD,2026-04-27,-17.696693272519955,1.511005715675544,Commercial printing/Forms,Commercial services
MNRO,"Monro, Inc.",17.62,USD,-1.7954298150163128,-4.13492927094667,0,528946472,USD,,16846728.68,USD,69701055.04,USD,2026-05-14,96.62842012356575,1.5482115785320198,Specialty stores,Retail trade
FULC,"Fulcrum Therapeutics, Inc.",7.94,USD,-6.854345165238673,-2.8151774785801655,0,528805664.00000006,USD,,8212810.46,USD,68591944.96000001,USD,2026-04-30,-3.7713702475121202,,Pharmaceuticals: major,Health technology
NRGV,"Energy Vault Holdings, Inc.",3.15,USD,-3.486754966887423,4.304635761589401,1.269841269841271,528538512.99999994,USD,,8497282.5,USD,60664782.15,USD,2026-03-17,23.219858562143898,291.43562030075196,Electrical products,Producer manufacturing
IPSC,"Century Therapeutics, Inc.",2.94,USD,2.343750000000002,14.843749999999995,-0.3401360544217614,528164612,USD,,6854033.76,USD,23737912.8,USD,2026-03-12,-5.780400110629679,,Biotechnology,Health technology
PRTA,Prothena Corporation plc,9.81,USD,-3.8581856100104193,2.2940563086548553,1.0193679918450524,528101561.99999994,USD,,6145543.17,USD,36256828.050000004,USD,2026-05-13,40.918420404643705,-99.13043478261116,Biotechnology,Health technology
RLMD,"Relmada Therapeutics, Inc.",7.17,USD,44.71910112359551,61.12359550561797,-4.602510460251047,525802124,USD,,308345147.34,USD,324229579.68,USD,2026-03-24,-2.281004641794884,,Pharmaceuticals: major,Health technology
HIVE,HIVE Digital Technologies Ltd,2.07,USD,-1.463414634146332,0.9756097560975618,-0.4830917874396033,525767493.0747331,USD,,23622902.099999998,USD,124121464.19999999,USD,2026-06-25,-493.6784509549499,9.58404686870526,Information technology services,Technology services
CTNM,"Contineum Therapeutics, Inc.",13.54,USD,,-2.4495677233429514,1.5509601181683965,524768050.99999994,USD,,2979883.1999999997,USD,21721247.119999997,USD,2026-05-14,-18.48030018761726,,Biotechnology,Health technology
ADCT,ADC Therapeutics SA,4.23,USD,-2.1897810218978284,2.9197080291970825,0,524000182.99999994,USD,,2976325.2900000005,USD,26775506.610000003,USD,2026-03-10,27.680683543102525,-12.80322734715348,Pharmaceuticals: major,Health technology
FEIM,"Frequency Electronics, Inc.",53.56,USD,-3.490366088631976,3.198458574181125,2.528566094100065,523690796,USD,24.44099662316328,6555744,USD,39512390.32,USD,2026-03-12,184.06940063091483,24.00086880973067,Telecommunications equipment,Electronic technology
AQST,"Aquestive Therapeutics, Inc.",4.29,USD,-1.4218009478672893,1.658767772511855,-1.8508158508158437,523573242.00000006,USD,,8463290.55,USD,70384232.49,USD,2026-05-05,-106.26699469118219,1.6241118138517998,Pharmaceuticals: major,Health technology
CRMD,CorMedix Inc.,6.56,USD,-3.250773993808049,1.5479876160990658,-0.9146341463414575,518570557.00000006,USD,3.3072851020922607,17848533.279999997,USD,89497122.24,USD,2026-05-07,-87.0858371794879,23.341782346918276,Biotechnology,Health technology
RIGL,"Rigel Pharmaceuticals, Inc.",28.07,USD,-2.93730516106686,-2.771042604780051,1.888493053081585,518540710,USD,1.4842820506041297,15756982.22,USD,102148610.69,USD,2026-05-05,860.8064516129032,0.4894762604013705,Pharmaceuticals: major,Health technology
KMDA,Kamada Ltd.,8.98,USD,-1.4672686230248195,1.3544018058690857,0,517980690.43189365,USD,23.578756575899906,511339.16000000003,USD,3077868.06,USD,2026-03-11,-31.190350818876706,0.6655032263067164,Biotechnology,Health technology
BAND,Bandwidth Inc.,16.49,USD,-2.839879154078564,-0.36253776435046686,0,517570350.99999994,USD,,7288217.22,USD,60014926.26,USD,2026-05-06,-141.74053182917,8.219599260011986,Packaged software,Technology services
BWMN,Bowman Consulting Group Ltd.,30.04,USD,,2.6306798770071733,0,514390198.00000006,USD,41.583610188261346,7083341.88,USD,33788241,USD,2026-05-11,-70.26128266033254,2.3255813953488373,Engineering & construction,Industrial services
ZVRA,"Zevra Therapeutics, Inc.",9.12,USD,0.11135857461024262,1.5590200445434164,17.214912280701757,513433533.00000006,USD,14.457831325301203,17928652.32,USD,51693874.559999995,USD,2026-05-07,-100.72817808237515,0.7032185773347243,Pharmaceuticals: major,Health technology
VNDA,Vanda Pharmaceuticals Inc.,8.68,USD,-2.9150823827629853,10.012674271229404,-0.2304147465437739,513057678,USD,,19288895.64,USD,85720676.72,USD,2026-05-06,-525.1084742761003,1.7028689253084004,Pharmaceuticals: major,Health technology
ISSC,"Innovative Solutions and Support, Inc.",28.82,USD,-2.2145857197403656,10.042000763650243,4.892435808466343,512371826.00000006,USD,27.30976973372501,32209693.12,USD,142150586.38,USD,2026-05-20,-42.92103904314703,-1.9779239680256955,Aerospace & defense,Electronic technology
MLR,"Miller Industries, Inc.",44.98,USD,-2.9590948651000857,-2.132288946910365,0,511500397,USD,22.671370967741932,5477619.42,USD,24019364.979999997,USD,2026-05-13,10.609993510707334,-3.7790339732467677,Motor vehicles,Consumer durables
UROY,Uranium Royalty Corp.,3.69,USD,-3.9325842696629247,3.651685393258424,-0.542005420054201,510521499.9,USD,1521.2981744421909,7982661.87,USD,65087957.97,USD,2026-03-18,33.191423542807044,-99.8779822238054,Other metals/Minerals,Non-energy minerals
CMCL,Caledonia Mining Corporation Plc,26.32,USD,0.07698229407236172,1.3086989992301765,0,508318909.00000006,USD,10.061162079510703,8883394.8,USD,44547784.4,USD,2026-03-25,-26.197100600495844,9.952752337940312,Precious metals,Non-energy minerals
MATV,"Mativ Holdings, Inc.",9.26,USD,0,-1.2793176972281555,0,507235413,USD,,3972354.8,USD,19102731.8,USD,2026-05-13,,-9.850107066381167,Industrial specialties,Process industries
ASIX,AdvanSix Inc.,18.82,USD,-0.8669046404895366,-4.028556858745533,-1.7003188097768347,505748199,USD,10.419665596279481,11987455.46,USD,75530324.82000001,USD,2026-05-01,-5.799848369977256,-3.8790513601781704,Chemicals: specialty,Process industries
ALT,"Altimmune, Inc.",3.88,USD,2.25988700564972,9.604519774011296,-2.061855670103095,504671539,USD,,20707497.919999998,USD,100693783.28,USD,2026-05-07,-43.88345429683391,420,Biotechnology,Health technology
OFIX,Orthofix Medical Inc.,12.46,USD,,-1.267828843106168,0,500199187.99999994,USD,,3813993.54,USD,25624164.44,USD,2026-05-12,90.25224830009331,6.9429179996399455,Medical specialties,Health technology
SXC,"SunCoke Energy, Inc.",5.84,USD,-2.8716216216216206,-1.3513513513513526,-2.868150684931499,494446594,USD,,18023092.64,USD,75738907.44,USD,2026-05-06,-485.58558558558553,-1.3963039014373715,Steel,Non-energy minerals
RXT,"Rackspace Technology, Inc.",2,USD,-3.864734299516901,-3.3816425120772875,-0.9850000000000025,493828796,USD,,16964726,USD,277909650,USD,2026-05-12,51.26676602086436,1.7282479141835518,Data processing services,Technology services
GRPN,"Groupon, Inc.",12.07,USD,-1.6393442622950762,-1.0655737704917951,0.24855012427505685,491910461,USD,,19287980.7,USD,72834713.13,USD,2026-03-10,-682.0573339233908,-2.288746400216385,Internet retail,Retail trade
AVIR,"Atea Pharmaceuticals, Inc.",6.15,USD,1.6977928692699582,4.414261460101879,0.8130081300812979,489983307,USD,,5990598.15,USD,33424733.400000002,USD,2026-05-13,-6.701705153511379,,Pharmaceuticals: major,Health technology
CRD.A,Crawford & Company,10.05,USD,,-4.558404558404546,0,487835724.00000006,USD,25.74282786885246,817266,USD,3743755.6500000004,USD,2026-05-06,-158.34945196647325,-3.794873024627707,Insurance brokers/Services,Finance
CRD.B,Crawford & Company,9.98,USD,,-5.223171889838547,0,487835724,USD,25.563524590163933,126995.5,USD,485057.94,USD,2026-05-06,-158.34945196647325,-3.794873024627707,Insurance brokers/Services,Finance
LRMR,"Larimar Therapeutics, Inc.",5.69,USD,-0.7662835249042153,9.003831417624534,5.44815465729349,487009338.00000006,USD,,20213030.82,USD,94792179.46000001,USD,2026-03-18,-82.23206783286227,,Biotechnology,Health technology
CYH,"Community Health Systems, Inc.",3.51,USD,-1.7910447761194044,4.776119402985065,0.2849002849002915,486576416.00000006,USD,0.9341565976473092,7648339.14,USD,28199059.2,USD,2026-04-29,-15.384615384615385,0.6154842889536767,Hospital/Nursing management,Health services
TRDA,"Entrada Therapeutics, Inc.",12.7,USD,3.2591414944356134,0.9538950715421243,0,486210785,USD,,2594775.0999999996,USD,23813376.299999997,USD,2026-05-07,11.261159196990981,-19.516728624535315,Biotechnology,Health technology
TSAT,Telesat Corporation,32.81,USD,,6.387808041504547,0,485856105.3999117,USD,,3089783.3200000003,USD,30724563.590000004,USD,2026-03-26,-264.2060771794712,-6.8952163471602965,Specialty telecommunications,Communications
MLAB,"Mesa Laboratories, Inc.",87.69,USD,,0.7120707476742903,0,484470885.99999994,USD,135.8271375464684,9669576.299999999,USD,71691924.09,USD,2026-06-02,46.607431340872374,7.226237713420168,Medical specialties,Health technology
NGS,"Natural Gas Services Group, Inc.",38.47,USD,1.8518518518518594,1.7724867724867772,0,483526276,USD,26.003785318372312,6836772.99,USD,33032419.38,USD,2026-03-16,11.48804934464148,4.878932869363491,Industrial machinery,Producer manufacturing
BBNX,"Beta Bionics, Inc.",10.87,USD,-5.749293119698392,2.4505183788878395,0,482433899.00000006,USD,,17459057.029999997,USD,88685721.19999999,USD,2026-05-12,5.229080160461679,17.862253696840728,Medical specialties,Health technology
TRC,Tejon Ranch Co,17.88,USD,,-0.22321428571430074,0,480863892.00000006,USD,161.2263300270514,2292609.36,USD,9780628.2,USD,2026-03-19,,44.083303238232816,Real estate development,Finance
KYTX,"Kyverna Therapeutics, Inc.",8.4,USD,-1.4814814814814719,3.7037037037037126,0,479887787,USD,,7315014,USD,36102099.6,USD,2026-04-01,12.580499512844275,,Biotechnology,Health technology
APPS,"Digital Turbine, Inc.",3.99,USD,-2.195121951219509,-2.682926829268279,-0.5012531328320806,478400726,USD,,6973733.970000001,USD,43846293.54,USD,2026-06-02,,7.851713599806236,Packaged software,Technology services
VREX,Varex Imaging Corporation,11.4,USD,,-1.1274934952298266,0,477660004.00000006,USD,,4184335.8000000003,USD,21652441.8,USD,2026-05-05,-81.14754098360656,-8.431629532546964,Medical specialties,Health technology
KIDS,OrthoPediatrics Corp.,18.78,USD,,4.044321329639891,0,474735657,USD,,2888157.4200000004,USD,18792131.880000003,USD,2026-05-06,14.184999575299415,0.5795918367346939,Medical specialties,Health technology
TDUP,ThredUp Inc.,3.73,USD,-3.7260273972602773,2.1917808219178103,1.8766756032171539,473848541,USD,,12047381.53,USD,100266096.42999999,USD,2026-05-11,-31.23822975517891,-2.990469930989155,Internet retail,Retail trade
NPCE,"Neuropace, Inc.",14.05,USD,,0.14255167498219068,0,473020598.99999994,USD,,2729732.35,USD,28597327.85,USD,2026-05-07,21.939359267734552,-2.8003217079768956,Medical specialties,Health technology
ORN,"Orion Group Holdings, Inc.",11.78,USD,-3.6878216123499117,1.0291595197255508,1.3582342954159605,472181274,USD,190.30694668820678,5648992.9799999995,USD,36092046.98,USD,2026-04-29,-107.27052408361102,3.6099992447700324,Engineering & construction,Industrial services
NEXN,Nexxen International Ltd.,7.38,USD,,-1.0723860589812342,0,470990123.99999994,USD,17.332080789102864,2691877.14,USD,19038555,USD,2026-05-20,150.380228137377,6.245318648604334,Packaged software,Technology services
NOA,North American Construction Group Ltd.,16.46,USD,,-0.4836759371221179,0,470360824.06463194,USD,18.952373583292804,2203171,USD,8346800.16,USD,2026-03-11,64.95081107107875,-3.2787358799632704,Other metals/Minerals,Non-energy minerals
YORW,The York Water Company,32.49,USD,,-0.6422018348623879,0,469433350.00000006,USD,23.335488041370393,2846936.25,USD,17389557.720000003,USD,2026-05-05,-16.674729882277052,-4.3661902657040415,Water utilities,Utilities
CARS,Cars.com Inc.,7.98,USD,,-1.7241379310344682,0.25062656641603476,467921387,USD,24.953095684803007,16409258.040000001,USD,93513893.34,USD,2026-04-30,-3.3951423348132668,1.283230436243274,Internet software/Services,Technology services
FLGT,"Fulgent Genetics, Inc.",14.88,USD,-0.956937799043066,1.7088174982911823,0,464711822.99999994,USD,,12907075.680000002,USD,97654716.96000001,USD,2026-05-01,-254.38861985472155,-0.8719028417133545,Medical/Nursing services,Health services
ASMB,"Assembly Biosciences, Inc.",29.13,USD,,3.042094092677748,0,460753265,USD,,3008895.96,USD,15901979.61,USD,2026-05-07,9.825455971759169,12.081861624766258,Pharmaceuticals: major,Health technology
ASTL,Algoma Steel Group Inc.,4.34,USD,-1.8181818181818195,-1.3636363636363749,8.294930875576044,455412716.9256757,USD,,6464725.12,USD,29279297.88,USD,2026-03-11,-328.7545992719299,-13.153981100148076,Metal fabrication,Producer manufacturing
GLOO,"Gloo Holdings, Inc.",5.7,USD,,-4.201680672268907,0,454283054.00000006,USD,,265967.7,USD,3171126.6,USD,2026-04-01,12.228373702422145,101.27372781796824,Packaged software,Technology services
AIOT,"PowerFleet, Inc.",3.38,USD,-1.7699115044247802,-0.29498525073746995,3.550295857988169,453417816,USD,,3987612.46,USD,32304758.98,USD,2026-06-22,21.548507462686565,1.6189256708960504,Telecommunications equipment,Electronic technology
EB,"Eventbrite, Inc.",4.51,USD,1.3513513513513424,1.576576576576563,0,452958160,USD,,88360785.92,USD,117928508.28,USD,2026-04-30,,-1.395035597460073,Packaged software,Technology services
SATL,Satellogic Inc.,3.17,USD,-0.9708737864077607,2.588996763754048,-1.6025236593059853,452887549.99999994,USD,,9309773.29,USD,74084795.66,USD,2026-03-19,,-18.175675675675677,Aerospace & defense,Electronic technology
NKLR,Terra Innovatum Global N.V.,4.09,USD,-1.745635910224435,1.9950124688279323,-0.24449877750610727,451948721.8999999,USD,41.27144298688194,2519832.64,USD,9576146.04,USD,2026-06-03,-256.97671363180103,,Electrical products,Producer manufacturing
MYGN,"Myriad Genetics, Inc.",4.81,USD,-2.5242718446602095,-6.60194174757283,4.989604989604994,449774261,USD,,16010397.649999999,USD,56378019.62,USD,2026-04-30,71.16788321167883,1.9931939718035974,Medical specialties,Health technology
ETON,"Eton Pharmaceuticals, Inc.",16.7,USD,,-0.5952380952381037,1.4970059880239521,447852875,USD,,4455727,USD,27439135.4,USD,2026-03-19,25.454545454545453,18.654902789518175,Pharmaceuticals: major,Health technology
MG,Mistras Group Inc,14.17,USD,,-4.385964912280704,0,447037323,USD,27.04714640198511,3995869.15,USD,20548838.05,USD,2026-05-06,-70.26243515410437,-7.20740070263719,Engineering & construction,Industrial services
CTGO,"Contango ORE, Inc.",26.53,USD,,-0.6367041198501804,-0.11307953260460285,446269684,USD,,8528174.620000001,USD,43030253.910000004,USD,2026-09-01,-135.18709267839776,,Precious metals,Non-energy minerals
FDMT,"4D Molecular Therapeutics, Inc.",8.73,USD,-6.72169811320755,2.9481132075471694,-0.8018327605956505,445298705.99999994,USD,,4826982.87,USD,49018967.46,USD,2026-05-07,-4.057960408357422,500,Biotechnology,Health technology
ANGO,"AngioDynamics, Inc.",10.78,USD,0.5540166204986195,-0.46168051708218566,0,444323395,USD,,2777908.98,USD,18864622.7,USD,2026-04-02,41.75914885811245,4.916062395160544,Medical specialties,Health technology
AVXL,Anavex Life Sciences Corp.,4.79,USD,-1.935483870967758,3.010752688172036,-1.2526096033402843,443897736,USD,,4313941.06,USD,32732948.79,USD,2026-05-07,42.17811704834605,,Biotechnology,Health technology
FUFU,BitFuFu Inc.,2.65,USD,-3.703703703703707,-1.8518518518518614,0,441178101,USD,6.959033613445378,43780.65,USD,737102.7999999999,USD,2026-04-09,-75.50557029177719,56.567442263529614,Data processing services,Technology services
PRTH,"Priority Technology Holdings, Inc.",5.38,USD,,-4.270462633451961,0,440469024.99999994,USD,10.118487869099116,2717825.36,USD,8017388.9799999995,USD,2026-03-10,153.58948432760366,0.6784481176921922,Packaged software,Technology services
ABAT,American Battery Technology Company,3.34,USD,-4.1543026706231485,-0.8902077151335385,0,439908875.00000006,USD,,10948049.059999999,USD,58825275.72,USD,2026-05-14,9.88968855582218,407.6671121354159,Other metals/Minerals,Non-energy minerals
NATR,"Nature's Sunshine Products, Inc.",25.13,USD,,0.27932960893854863,0,439663482.99999994,USD,30.967344423906344,4939301.5,USD,17453790.2,USD,2026-03-10,0.018751171948246766,11.842265795206972,Pharmaceuticals: other,Health technology
FRPH,"FRP Holdings, Inc.",22.89,USD,,-1.8439108061749558,0,437554291,USD,94.08138101109742,2020797.87,USD,7651852.32,USD,,14.53287197231834,-0.6912442396313364,Real estate development,Finance
RPD,"Rapid7, Inc.",6.64,USD,-2.97029702970297,-6.08203677510609,0.45180722891566644,437530243.00000006,USD,18.46496106785317,12989168,USD,73835657.92,USD,2026-04-30,-68.10072382505862,-0.26243347403193246,Information technology services,Technology services
UPB,"Upstream Bio, Inc.",8.06,USD,-0.26109660574413135,5.221932114882511,-0.7444168734491377,435551056.00000006,USD,,9628596.9,USD,53844024,USD,2026-03-18,15.558224490817194,-27.10779082177161,Biotechnology,Health technology
CDZI,"Cadiz, Inc.",5.24,USD,-2.2556390977443628,-1.5037593984962419,0,435496796,USD,,3231916.72,USD,20148921.36,USD,2026-03-16,8.51228978007762,0.5574406204556358,Real estate development,Finance
EBS,Emergent BioSolutions Inc.,8.35,USD,-1.0856453558504207,0.7237635705669542,-1.1976047904191574,432286681.99999994,USD,10.065091610414656,9882408.7,USD,77017193.6,USD,2026-05-13,-206.640625,-35.65556036347901,Pharmaceuticals: major,Health technology
BNTC,Benitec Biopharma Inc.,12.55,USD,6.08465608465608,10.670194003527344,-0.4780876494023944,431146912,USD,,5234379.100000001,USD,22830608.6,USD,2026-05-18,-32.0356943666562,,Biotechnology,Health technology
STTK,"Shattuck Labs, Inc.",6.02,USD,3.50584307178631,0.5008347245408908,-2.4916943521594597,430816589.00000006,USD,,5037927.3,USD,47322624.019999996,USD,2026-05-13,-25.22871917263325,-100,Biotechnology,Health technology
WEAV,"Weave Communications, Inc.",5.41,USD,-0.7194244604316554,-2.6978417266186954,-0.18669131238448136,425488983,USD,,8584014.540000001,USD,55900117.99,USD,2026-05-06,78.68020304568529,3.3598513253561992,Packaged software,Technology services
LIFE,Ethos Technologies Inc.,13.24,USD,-6.914893617021278,0.6079027355623106,0.0755287009063428,424729462,USD,11.640583787585722,6691641.64,USD,27733788.28,USD,2026-06-03,54.72470706816177,17.360385525726592,Packaged software,Technology services
ARMP,"Armata Pharmaceuticals, Inc.",11.61,USD,,9.52830188679245,0,422684173.99999994,USD,,287498.43,USD,2598677.9099999997,USD,2026-03-19,-63.70052163240256,-46.56523743660673,Biotechnology,Health technology
PUBM,"PubMatic, Inc.",8.8,USD,-4.82603815937149,-1.2345679012345616,0,417165634,USD,,7667853.600000001,USD,62897551.2,USD,2026-05-07,,17.7839905826957,Internet software/Services,Technology services
FVRR,Fiverr International Ltd.,11.26,USD,-0.7943512797881717,-0.6178287731685814,-1.776198934280633,415093535.99999994,USD,19.925676871350202,10575909.959999999,USD,73246694.1,USD,2026-05-07,106.97128408926461,-0.6756067947962205,Data processing services,Technology services
VOXR,Vox Royalty Corp.,6.01,USD,-1.62601626016261,-2.2764227642276516,1.9966722129783712,410296248.4339853,USD,,2915763.52,USD,19547729.34,USD,2026-04-28,,34.14756068311051,Precious metals,Non-energy minerals
STRO,"Sutro Biopharma, Inc.",24.98,USD,,-1.2257809410834273,0,409366607.99999994,USD,,7563144.64,USD,28996359.34,USD,2026-03-12,-394.4516914514306,-84.79410149815672,Pharmaceuticals: major,Health technology
NAGE,"Niagen Bioscience, Inc.",5.11,USD,-2.9644268774703457,0.9881422924901326,1.174168297455961,409211304,USD,24.987775061124697,14281795.920000002,USD,99239480.62,USD,2026-05-13,-9.742245522062046,-0.4325310421938445,Pharmaceuticals: other,Health technology
ACRS,"Aclaris Therapeutics, Inc.",3.39,USD,-0.3267973856209226,10.784313725490199,-2.359882005899707,408817719.00000006,USD,,46472404.86,USD,80155875.39,USD,2026-05-12,-35.452306007937594,-60.745680509245226,Pharmaceuticals: major,Health technology
CLFD,"Clearfield, Inc.",29.77,USD,,-0.799733422192609,0,407414703,USD,,2242246.63,USD,15846541.23,USD,2026-04-23,96.94866710729235,95.26354693807926,Telecommunications equipment,Electronic technology
DVS,Dolly Varden Silver Corporation,4.43,USD,-3.6295454545454535,0.6818181818181672,-0.9029345372460504,406969829.6023489,USD,,3086792.9899999998,USD,26252995.119999997,USD,2026-05-22,-47.02755440816457,,Precious metals,Non-energy minerals
OSPN,OneSpan Inc.,10.86,USD,-2.295684113865932,-0.2754820936639223,0,406891022.00000006,USD,5.759745425616547,6488307,USD,57325769.76,USD,2026-04-30,568.4525637089347,10.26885866517106,Information technology services,Technology services
DMAC,DiaMedica Therapeutics Inc.,7.79,USD,-1.686121919584953,1.0376134889753577,0,405683227.99999994,USD,,917467.25,USD,7952382.55,USD,2026-03-31,-11.96259254431135,,Biotechnology,Health technology
DNA,"Ginkgo Bioworks Holdings, Inc.",6.61,USD,-2.153846153846149,1.6923076923076972,-1.3086232980332833,405577003,USD,,5416690.09,USD,51536524.11,USD,2026-05-13,0.0049532536685034986,-14.009835981151994,Medical/Nursing services,Health services
CYRX,"CryoPort, Inc.",8.09,USD,-2.5957972805933247,0,0,403336150.99999994,USD,,3478788.9899999998,USD,28024560.91,USD,2026-04-30,-28.78445549028468,2.7513394976601178,Air freight/Couriers,Transportation
ENTA,"Enanta Pharmaceuticals, Inc.",13.89,USD,,2.5849335302806606,0,403078705,USD,,1813853.4300000002,USD,16374351.51,USD,2026-05-11,36.160427807486634,23.074380165289256,Pharmaceuticals: major,Health technology
SIGA,SIGA Technologies Inc.,5.6,USD,-1.8965517241379213,-3.448275862068969,-5.535714285714279,401023315.00000006,USD,5.380476556495004,6140792,USD,24003604.799999997,USD,2026-03-10,-117.94042364333244,-96.77021712178416,Pharmaceuticals: major,Health technology
EVTL,Vertical Aerospace Ltd.,4.07,USD,-1.496259351620938,1.4962593516209601,0.4914004914004809,401007811.99999994,USD,,4151448.8400000003,USD,19297078.790000003,USD,2026-03-24,,,Aerospace & defense,Electronic technology
LTBR,Lightbridge Corporation,11.68,USD,-2.9694323144104793,2.0087336244541523,-2.1515410958904155,398896087.99999994,USD,,19039427.84,USD,74336554.08,USD,,-75.38961442899851,,Chemicals: specialty,Process industries
HLLY,Holley Inc.,3.31,USD,-1.1904761904761916,-1.4880952380952328,-1.8126888217522674,398887756.00000006,USD,20.778405524168235,3374074.98,USD,26990733,USD,2026-05-07,,12.331162871369415,Auto parts: OEM,Producer manufacturing
OOMA,"Ooma, Inc.",14.44,USD,-1.7361111111111112,0.27777777777777185,0,398544006.00000006,USD,63.00174520069808,6227134.4799999995,USD,35101445.12,USD,2026-06-02,183.70423546302942,10.290573012939001,Major telecommunications,Communications
KOPN,Kopin Corporation,2.18,USD,0,0.46082949308756826,-1.8348623853211024,397938965.00000006,USD,,3346764.3400000003,USD,24150362.64,USD,2026-03-17,,41.48539962055063,Semiconductors,Electronic technology
SRTA,"Strata Critical Medical, Inc.",4.57,USD,-0.8810572687224677,0.6607929515418557,0.2188183807439778,397540405,USD,,4102333.62,USD,37899339.04,USD,2026-05-12,-78.66843325604505,35.476084222483685,Medical/Nursing services,Health services
EPRX,Eupraxia Pharmaceuticals Inc.,7.82,USD,0,-2.127659574468084,3.0690537084399003,396069947.57558686,USD,,1055418.48,USD,11807457.1,USD,2026-03-31,29.249941723830332,,Biotechnology,Health technology
MNPR,Monopar Therapeutics Inc.,58.07,USD,,0.7984724874153807,0,388057647.99999994,USD,,9233013.86,USD,50397791.6,USD,2026-03-19,-40.10860288417567,,Biotechnology,Health technology
CDNL,Cardinal Infrastructure Group Inc.,29.32,USD,,-1.676727028839705,-1.0231923601637132,387573760.99999994,USD,,15462048.6,USD,45708560.6,USD,,,,Engineering & construction,Industrial services
CLMB,"Climb Global Solutions, Inc.",84.06,USD,,-3.5123966942148783,0,387154448.99999994,USD,18.12692730683803,4371876.54,USD,43551738.18,USD,2026-05-06,48.43311000648368,20.14466075379781,Electronics distributors,Distribution services
LSAK,"Lesaka Technologies, Inc.",4.6,USD,,-1.28755364806868,0,386035095,USD,,354885.39999999997,USD,1797049.7999999998,USD,2026-05-12,,4.249685035693992,Packaged software,Technology services
PEPG,PepGen Inc.,5.57,USD,-5.013192612137191,-2.0228671943711403,-0.7181328545780976,384972198,USD,,2761032.29,USD,36893970.010000005,USD,2026-05-07,-1.7419283257516922,,Biotechnology,Health technology
LENZ,"LENZ Therapeutics, Inc.",12.3,USD,-3.1705227077977653,5.3984575835475646,0,384866608,USD,,9937883.4,USD,59924935.800000004,USD,2026-03-25,-11.990343347639485,150,Pharmaceuticals: major,Health technology
RBBN,Ribbon Communications Inc.,2.19,USD,,1.8604651162790715,0.6438356164383563,384573913.99999994,USD,10.055096418732782,1493643.51,USD,10016291.31,USD,2026-04-29,,5.549493664420929,Packaged software,Technology services
MEC,"Mayville Engineering Company, Inc.",18.84,USD,,-1.772679874869655,0,382798095.99999994,USD,,2686470.96,USD,36695289.72,USD,2026-05-05,-62.915887850467286,-6.957244820178782,Industrial machinery,Producer manufacturing
GNE,Genie Energy Ltd.,14.33,USD,-0.14015416958654223,0.4204625087596391,0,379667999.00000006,USD,73.78990731204944,985474.1,USD,5243060.4,USD,2026-03-16,138.94401133947557,31.422979354115398,Electric utilities,Utilities
HVT.A,"Haverty Furniture Companies, Inc.",24.59,USD,,-3.4550451511582216,,377529629.06284267,USD,20.68472409152086,12663.85,USD,348833.74,USD,2026-05-06,80.46098540917743,3.822936591184879,Specialty stores,Retail trade
ABSI,Absci Corporation,2.51,USD,-2.1008403361344463,5.4621848739495755,-0.39840637450198363,377432555.99999994,USD,,13511693.95,USD,55850378.97,USD,2026-03-24,6.094409368968563,-36.25632377740304,Biotechnology,Health technology
VHI,"Valhi, Inc.",13.28,USD,-2.895322939866374,-1.4105419450631125,0,375854462,USD,20.57001239157373,178549.6,USD,1455740.3199999998,USD,2026-03-10,-2566.666666666667,-6.828275351591413,Chemicals: specialty,Process industries
SPT,"Sprout Social, Inc",6.25,USD,-2.790697674418614,-3.1007751937984525,0,372751873,USD,,13710737.5,USD,75616975,USD,2026-05-05,-14.497388338130262,4.579862102376441,Packaged software,Technology services
BMM,Blue Moon Metals Inc.,5.81,USD,5.9021922428330615,-2.023608768971334,0,371110598.2432432,USD,,633626.98,USD,6918780.399999999,USD,2026-04-24,-48.636676281450214,,Other metals/Minerals,Non-energy minerals
WSHP,WeShop Holdings Limited,15.8157,USD,,-3.8559270516717308,,370778244,USD,,880902.8586,USD,6925457.7945,USD,,,,Internet software/Services,Technology services
ELVA,Electrovaya Inc.,7.76,USD,-2.952503209242624,-0.38510911424904043,0,368708019.34795046,USD,66.7695054720019,3552349.52,USD,21444783.28,USD,2026-05-14,-47.95319039673556,-22.108897080469344,Electrical products,Producer manufacturing
OPAL,OPAL Fuels Inc.,2.12,USD,0,0,0,367597839,USD,100.95238095238095,335742.28,USD,2218353.16,USD,2026-03-16,19.022534386889085,7.27691673961176,Industrial specialties,Process industries
ADUR,Aduro Clean Technologies Inc.,10.99,USD,-4.216315307057753,0.7332722273143911,0.09099181073703173,365735897.3725622,USD,,1716627.01,USD,15463380.59,USD,,-0.4100904619187681,171.00595389783388,Chemicals: specialty,Process industries
NGNE,Neurogene Inc.,23.6,USD,-1.3080739738385325,6.450157870996841,-0.423728813559328,365559296,USD,,2424262.8000000003,USD,35174336.800000004,USD,2026-03-23,4.828306686195086,,Biotechnology,Health technology
HVT,"Haverty Furniture Companies, Inc.",22.27,USD,,-2.7510917030567645,3.127525819488102,364019011.99999994,USD,18.733176312247643,2724021.86,USD,12932144.459999999,USD,2026-05-06,80.46098540917743,3.822936591184879,Specialty stores,Retail trade
ELLO,Ellomay Capital Ltd,26.41,USD,,-1.7485119047619007,,363918836.80884856,USD,,81369.21,USD,132947.94,USD,,,11.540863105336545,Electric utilities,Utilities
PDYN,Palladyne AI Corp.,7.82,USD,-4.9237983587338805,-8.32356389214536,-0.5115089514066501,363589844,USD,34.268185801928134,28478915.1,USD,438796614.18,USD,2026-05-13,60.08021390374332,93.13953488372093,Industrial machinery,Producer manufacturing
IMRX,Immuneering Corporation,5.62,USD,-3.564727954971865,5.440900562851783,-0.26334519572953996,362883209,USD,,5829783.36,USD,30722303.240000002,USD,2026-05-12,22.61873219789674,,Pharmaceuticals: major,Health technology
XFOR,"X4 Pharmaceuticals, Inc.",4.15,USD,0,10.372340425531931,0,362862274,USD,,2450653.85,USD,13250788.15,USD,2026-03-12,-15.826890952177461,-10.542321338063863,Biotechnology,Health technology
CD,Chaince Digital Holdings Inc. - American,5.19,USD,-2.1352313167259807,-7.651245551601418,0,362650177,USD,,1038975.7200000001,USD,7164929.94,USD,,,,Information technology services,Technology services
PKOH,Park-Ohio Holdings Corp.,25.04,USD,,-2.1492770613520933,0,360554230,USD,14.100687014303412,765472.7999999999,USD,6014182.319999999,USD,2026-05-05,-72.72727272727273,-0.9031610637230305,Metal fabrication,Producer manufacturing
AURA,"Aura Biosciences, Inc.",5.67,USD,-11.428571428571423,1.250000000000005,0,360063538,USD,,974650.32,USD,9674119.98,USD,2026-03-31,3.2902772123320627,,Biotechnology,Health technology
ATNI,"ATN International, Inc.",23.57,USD,,-2.5227460711331657,0,359616699,USD,,3389813.83,USD,19064948.05,USD,2026-04-29,-175.89224038682937,0.5737995796140092,Major telecommunications,Communications
VMD,"Viemed Healthcare, Inc.",9.29,USD,6.833712984054687,5.808656036446467,0.10764262648010295,358618439,USD,24.77333333333333,6306089.159999999,USD,20777233.639999997,USD,2026-05-11,60.518075718758894,5.933476096448536,Hospital/Nursing management,Health services
SPIR,"Spire Global, Inc.",10.35,USD,-1.1518324607329968,8.376963350785328,-1.4492753623188441,358188540,USD,22.354211663066952,7063481.7,USD,33352699.049999997,USD,2026-03-18,-116.51225243370259,-33.94849337920968,Packaged software,Technology services
GLSI,"Greenwich LifeSciences, Inc.",25.76,USD,-2.555218709398007,11.563447379818111,-3.920807453416155,356892914,USD,,4495042.720000001,USD,24821717.76,USD,2026-05-25,-3.14430456728703,,Biotechnology,Health technology
ORGO,Organogenesis Holdings Inc.,2.76,USD,0.7168458781362014,-1.0752688172043101,1.449275362318842,355048248,USD,25.205479452054792,2001298.0799999998,USD,17534721.599999998,USD,2026-05-07,102.62437983956971,49.54329727436632,Medical specialties,Health technology
ANGI,Angi Inc.,8.84,USD,-1.7006802721088474,0.22675736961450763,0,354525969.99999994,USD,9.476843910806176,16212109.16,USD,68389068.8,USD,2026-05-12,-31.88118811881188,-9.360659255438884,Internet software/Services,Technology services
LZM,Lifezone Metals Limited,4.23,USD,-2.2988505747126355,-2.758620689655155,0,354407593,USD,,1008901.5300000001,USD,5420025.9,USD,2026-09-23,,,Other metals/Minerals,Non-energy minerals
AUNA,Auna SA,4.77,USD,,-1.2422360248447308,0,353041855,USD,6.906037353409584,1439304.5699999998,USD,8953681.139999999,USD,2026-03-10,-39.31216756866317,5.626652516427984,Medical/Nursing services,Health services
PERI,Perion Network Ltd,8.72,USD,-1.3407821229050192,-2.569832402234622,0,352530089.99999994,USD,,8383163.840000001,USD,19325473.28,USD,2026-05-06,,24.15513167567811,Internet software/Services,Technology services
FCEL,"FuelCell Energy, Inc.",7.38,USD,-7.894736842105258,-2.89473684210526,-1.084010840108402,352297089,USD,,21312126.36,USD,67923350.28,USD,2026-06-05,67.41293532338308,17.698906788182185,Electronic equipment/Instruments,Electronic technology
BBBY,"Bed Bath & Beyond, Inc.",5.09,USD,-2.1956087824351185,1.5968063872255505,-0.5893909626719106,351257050,USD,,9317774.36,USD,46564648.49,USD,2026-04-23,-361.7341296173413,6.315638037692419,Internet retail,Retail trade
FBRX,"Forte Biosciences, Inc.",27.98,USD,,-2.7121001390820623,0,350503632,USD,,2517500.5,USD,33234392.18,USD,2026-03-24,-57.187305538270074,,Biotechnology,Health technology
CCCC,"C4 Therapeutics, Inc.",3.59,USD,-2.6315789473684235,18.09210526315789,-0.6016713091921961,350305663.99999994,USD,,23624971.48,USD,92769301.28999999,USD,2026-05-13,36.31163340172853,-1.9056099732858416,Biotechnology,Health technology
ARTNA,Artesian Resources Corporation,33.8,USD,,0.2075303883782991,0,349866821,USD,15.464153360479477,754652.6,USD,5053302.8,USD,2026-03-11,10.68362480127186,6.802339836771866,Water utilities,Utilities
EOLS,"Evolus, Inc. Common Stock",5.35,USD,-3.2549728752260503,-3.2549728752260503,0.23551401869158778,348070953,USD,,7077686.199999999,USD,111131778.25,USD,2026-05-12,,30.932184958023402,Pharmaceuticals: major,Health technology
AENT,Alliance Entertainment Holding Corporation,6.81,USD,,-3.267045454545461,0,347019684,USD,15.87042647401538,357586.29,USD,2533381.29,USD,2026-05-25,92.37704918032786,45.17706536889603,Electronics distributors,Distribution services
CLYM,"Climb Bio, Inc.",7.25,USD,-4.178272980501391,0.9749303621169957,0,346317841,USD,,3895468.5,USD,26162161.5,USD,2026-05-19,-35.909373060211045,,Biotechnology,Health technology
NERV,"Minerva Neurosciences, Inc",8,USD,,33.11148086522463,-5.249999999999999,346195190,USD,,4709080,USD,13811832,USD,2026-03-10,15.793159491166112,,Pharmaceuticals: major,Health technology
QUAD,"Quad Graphics, Inc",6.61,USD,0.14577259475218346,-3.6443148688046643,0,345463531,USD,12.24074074074074,1589354.6700000002,USD,10518248.43,USD,2026-05-05,8.823529411764707,7.244897959183673,Commercial printing/Forms,Commercial services
PHOE,Phoenix Asia Holdings Limited,15.95,USD,-4.084049079754608,-2.14723926380369,,344519988.99999994,USD,,367679.39999999997,USD,1894828.0999999999,USD,,,,Engineering & construction,Industrial services
FBYD,"Falcon's Beyond Global, Inc.",6.26,USD,,-11.079545454545459,0,344034538,USD,,351480.22,USD,4333591.42,USD,,-139.0510311080042,59.042761867398994,Engineering & construction,Industrial services
AMCX,AMC Networks Inc.,8.05,USD,-1.8072289156626546,-3.012048192771084,0,343848366,USD,5.885793668202092,3584302.7500000005,USD,20003243.75,USD,2026-05-08,-172.47840687843822,5.885630566399818,Cable/Satellite TV,Consumer services
ONTF,"ON24, Inc.",8.06,USD,,0.37359900373600424,0,343787964,USD,,4620048.42,USD,36445756.36,USD,2026-05-12,-1.9294117647058822,0.12138026703658747,Packaged software,Technology services
CLPT,ClearPoint Neuro Inc.,11.54,USD,8.200000000000003,15.399999999999991,2.512998266897755,343295471.00000006,USD,,22814453.06,USD,144553178.88,USD,2026-05-12,-0.9251327736851122,-3.841562669560499,Medical specialties,Health technology
ALLT,Allot Ltd.,7.05,USD,-1.9117647058823513,3.6764705882352944,0,341590973.00000006,USD,96.57534246575342,4654910.55,USD,27252515.25,USD,2026-05-19,2.762039660259086,7.506154137686079,Computer communications,Electronic technology
NRC,National Research Corporation,14.97,USD,0.9595613433858846,2.60452364633311,1.870407481629922,340513580,USD,29.874276591498706,3966496.1100000003,USD,15128113.14,USD,2026-05-05,-57.911867801702556,1.690360610263523,Services to the health industry,Health services
BBCP,"Concrete Pumping Holdings, Inc.",6.73,USD,,-0.14836795252225204,4.7548291233283715,340264557.00000006,USD,73.8748627881449,1194083.71,USD,4125543.8400000003,USD,2026-03-10,43.74155177074885,4.929781241560245,Engineering & construction,Industrial services
XOMA,XOMA Royalty Corporation,27.45,USD,,5.658198614318702,0,339916198.99999994,USD,36.82092555331992,7636617.45,USD,24707003.849999998,USD,2026-05-12,50.20319303338171,-28.775992078604617,Pharmaceuticals: major,Health technology
ALTO,"Alto Ingredients, Inc.",4.37,USD,0,-0.455580865603635,-0.7299771167048115,337991034.00000006,USD,28.80685563612393,11952697.27,USD,176642706.64000002,USD,2026-05-11,53.47691441441441,-3.743370984206552,Chemicals: specialty,Process industries
ELA,Envela Corporation,12.98,USD,-5.634920634920628,3.015873015873022,0,337005920,USD,33.06164034640856,1809191.34,USD,7470950.5200000005,USD,2026-04-01,21.96342172773642,4.578576901476803,Specialty stores,Retail trade
VGZ,Vista Gold Corp,2.36,USD,-1.244813278008309,-2.0746887966805088,0.8474576271186449,336553711.00000006,USD,,4510432,USD,20746118.08,USD,,,,Precious metals,Non-energy minerals
RLGT,"Radiant Logistics, Inc.",7.17,USD,,1.8465909090909074,0,335746338,USD,24.852686308492203,1158048.21,USD,5298658.68,USD,2026-05-13,310.2861562258314,2.415565507048157,Air freight/Couriers,Transportation
BMBL,Bumble Inc.,2.96,USD,-1.960784313725492,-3.2679738562091534,1.689189189189183,333707426,USD,,6830765.36,USD,43923881.04,USD,2026-03-11,,-0.8322959847560115,Packaged software,Technology services
CBIO,"Crescent Biopharma, Inc.",12.02,USD,,-0.41425020712510946,0,331232361,USD,,820857.82,USD,8078966.54,USD,2026-04-30,-275.4907140244646,,Biotechnology,Health technology
NGEN,NervGen Pharma Corp.,4.15,USD,-0.24875621890546734,3.2338308457711644,0,330314105.77540106,USD,,420942.80000000005,USD,2740925.6,USD,2026-04-02,55.375400822570064,,Biotechnology,Health technology
AIRO,"AIRO Group Holdings, Inc.",10.55,USD,2.182539682539689,4.662698412698419,2.243601895734588,330255463,USD,,7867862.95,USD,38700617.75,USD,2026-06-03,-235.62920188626762,-74.40471445580896,Aerospace & defense,Electronic technology
STRT,STRATTEC SECURITY CORPORATION,78.71,USD,,-2.162834058421391,0,328990326,USD,11.927564782542808,3296453.51,USD,19530863.27,USD,2026-04-23,-41.99788955328878,-9.754001010505318,Auto parts: OEM,Producer manufacturing
IRD,"Opus Genetics, Inc.",4.77,USD,0.6134969325153425,-2.4539877300613524,3.144654088050322,328959289.99999994,USD,,5820110.7299999995,USD,35762965.29,USD,2026-05-08,-135.22911051212938,6.835530881332408,Pharmaceuticals: major,Health technology
CUB,Lionheart Holdings,10.71,USD,,-0.09328358208955025,0,328440002,USD,38.580691642651296,3727.0800000000004,USD,33757.920000000006,USD,,3.7596075646836686,,Publishing: newspapers,Consumer services
RMNI,"Rimini Street, Inc.",3.58,USD,-1.657458563535913,-1.1049723756906087,0,328157104,USD,9.083988835320985,1129686.9,USD,7160952.28,USD,2026-05-06,-73.82501807664498,6.151138956568821,Information technology services,Technology services
NMG,Nouveau Monde Graphite Inc.,2.15,USD,-2.3364485981308536,0.46728971962615823,0.8325581395348849,327661524.67796606,USD,,1093915.7,USD,9919405.549999999,USD,2026-04-07,-256.8033354210595,,Other metals/Minerals,Non-energy minerals
NVEC,NVE Corporation,67.695,USD,,1.067482830695714,0,327451935,USD,23.128566059653558,2586964.425,USD,11318807.084999999,USD,,2.229163734377822,-1.9255735630358446,Semiconductors,Electronic technology
AVNW,"Aviat Networks, Inc.",25.37,USD,,1.6833667334669407,0,327331635,USD,22.433460076045627,2769592.16,USD,16218279.9,USD,2026-05-06,3429.6296296296296,3.8688035780842336,Telecommunications equipment,Electronic technology
CNCK,Coincheck Group N.V.,2.4,USD,,1.6949152542372898,0,326225098.00000006,USD,,80371.2,USD,745720.7999999999,USD,2026-05-19,,15.253781963272658,Investment banks/Brokers,Finance
CAMP,CAMP4 Therapeutics Corporation,6.275,USD,,49.404761904761905,5.179282868525885,325793732,USD,,37144354.225,USD,38834550.575,USD,2026-05-19,-166.79912576991853,-56.22641509433962,Biotechnology,Health technology
TII,Titan Mining Corporation,3.54,USD,-1.9337016574585715,-2.2099447513812174,0.8474576271186385,323873785.2148761,USD,25.86758718253748,1308925.62,USD,6531993.84,USD,2026-03-19,-85.56017358633163,-11.030663694633072,Other metals/Minerals,Non-energy minerals
EXOD,"Exodus Movement, Inc.",10.83,USD,-0.2752293577981756,-0.6422018348623879,0,323593735,USD,2.8823122371852876,377490.48,USD,3487704.03,USD,2026-03-11,-54.75880744418191,17.485577109226778,Packaged software,Technology services
EGHT,8x8 Inc,2.32,USD,0,-7.936507936507943,-4.310344827586192,323218535.99999994,USD,,2883708.96,USD,17649481.2,USD,2026-05-13,563.6245110821382,0.518753904234227,Packaged software,Technology services
DDD,3D Systems Corporation,2.51,USD,9.948979591836727,28.06122448979591,-2.3904382470119367,323132385,USD,,25831331.169999998,USD,52627496.3,USD,2026-05-11,-117.28618484047647,-3.7843480461418415,Information technology services,Technology services
BKTI,BK Technologies Corporation,86.49,USD,,1.6811662355983925,0,322801514.00000006,USD,26.15756842582791,3095736.57,USD,19311919.65,USD,2026-03-12,-8.152900294039027,15.336640680368532,Telecommunications equipment,Electronic technology
CRNC,Cerence Inc.,7.17,USD,-1.7735334242837637,-2.1828103683492515,-0.2831241283124095,322779663,USD,,5262206.4,USD,26708128.11,USD,2026-05-07,60.78886310904872,89.77225877735451,Packaged software,Technology services
USNA,"USANA Health Sciences, Inc.",17.65,USD,,-1.0095344924284897,0,322657135,USD,31.51785714285714,2491579.9,USD,18385440.2,USD,2026-04-28,72.78442195645508,5.8641830860673,Pharmaceuticals: other,Health technology
TLS,Telos Corporation,4.36,USD,-1.1627906976744147,1.395348837209314,0,321568877.99999994,USD,,2458621.4400000004,USD,22448532.560000002,USD,2026-03-16,77.7871177892193,43.02713523131673,Information technology services,Technology services
LXFR,Luxfer Holdings PLC,12.06,USD,-1.0851419031719596,0.6677796327212026,0.7462686567164167,321283661,USD,42.7811280595956,2778479.2800000003,USD,12844599.48,USD,2026-04-27,-214.81481481458184,-2.368137782760324,Other metals/Minerals,Non-energy minerals
FHTX,Foghorn Therapeutics Inc.,5.48,USD,-1.0380622837370328,-5.190311418685118,-0.5474452554744571,321027191,USD,,1045342.8800000001,USD,5003585.24,USD,2026-05-11,11.635816235504013,7.886727537382572,Biotechnology,Health technology
AVTX,"Avalo Therapeutics, Inc.",17.31,USD,,0,0,320455810.99999994,USD,,9208400.7,USD,70795493.91,USD,2026-03-26,-47.48374668914038,,Pharmaceuticals: major,Health technology
CARL,"Carlsmed, Inc.",11.94,USD,,-0.5000000000000042,-1.926298157453925,319179993,USD,,1384240.02,USD,13364239.02,USD,2026-04-30,-1.0204081632653061,15.993575034419457,Information technology services,Technology services
MLP,"Maui Land & Pineapple Company, Inc.",16.16,USD,,-1.762917933130694,0,319026001,USD,,320388.16,USD,1539660.16,USD,,,-1.673185571490656,Real estate development,Finance
TCI,"Transcontinental Realty Investors, Inc.",36.83,USD,,0.9594298245614076,0,318186005,USD,56.626691266912665,211256.88,USD,927158.4199999999,USD,,328.40236686390534,5.550986842105264,Real estate development,Finance
NAUT,"Nautilus Biotechnology, Inc.",2.51,USD,-1.214574898785435,1.61943319838055,0,317676819,USD,,623970.94,USD,3006093.9699999997,USD,2026-05-05,-1.5249742154118167,,Biotechnology,Health technology
DCTH,"Delcath Systems, Inc.",9.12,USD,-0.11013215859030602,0.4405286343612241,-1.7543859649122628,316885193.00000006,USD,145.45454545454544,3935799.84,USD,28376423.999999996,USD,2026-05-12,-328.433734939759,0.8024120994018382,Medical specialties,Health technology
BGIN,Bgin Blockchain Limited,2.8,USD,,2.579132473622501,-8.928571428571429,316780636.00000006,USD,,19527.199999999997,USD,95412.79999999999,USD,,,,Computer processing hardware,Electronic technology
ALDX,"Aldeyra Therapeutics, Inc.",5.26,USD,0.8333333333333341,9.583333333333332,0.3802281368821381,316561432.00000006,USD,,7240800.279999999,USD,40607242.08,USD,2026-04-30,15.957070582587324,,Biotechnology,Health technology
PBYI,Puma Biotechnology Inc,6.22,USD,-3.140495867768587,2.8099173553718995,-1.9292604501607735,316451752,USD,10.183366077275704,2346320.84,USD,21828020.16,USD,2026-04-30,51.944821347806425,38.50940798531436,Pharmaceuticals: major,Health technology
HNST,"The Honest Company, Inc.",2.81,USD,-2.0375426621160515,-4.095563139931744,-1.7793594306049918,316052551,USD,,6640358.7700000005,USD,41917520.27,USD,2026-05-13,-3209.3667546174147,-4.897862181460717,Specialty stores,Retail trade
CABA,"Cabaletta Bio, Inc.",3.27,USD,-1.89274447949527,3.154574132492116,-2.3455657492354804,314787231.00000006,USD,,5272420.47,USD,34349195.07,USD,2026-03-12,0.580570820776458,,Biotechnology,Health technology
GSIT,"GSI Technology, Inc.",8.69,USD,-2.392947103274564,9.445843828715354,-0.5799769850402736,314458099,USD,,4461585.04,USD,35058188.66,USD,2026-04-30,5.180533751962323,-5.710738671632527,Semiconductors,Electronic technology
RXST,"RxSight, Inc.",7.57,USD,-6.2418725617685356,-1.5604681404421339,-2.7741083223249663,312386169.00000006,USD,,9694096.58,USD,35107812.92,USD,2026-05-12,6.764466177669112,7.475280158206974,Electronic components,Electronic technology
RZLT,"Rezolute, Inc.",3.26,USD,-0.6430868167202578,4.823151125401927,-0.9202453987730002,311974456.99999994,USD,,6466480.579999999,USD,31447446.56,USD,2026-05-13,-25.47658402203857,,Pharmaceuticals: major,Health technology
MTRX,Matrix Service Company,11.05,USD,0,0.8211678832116774,0,310818878,USD,,2429828.7,USD,13340388.75,USD,2026-05-13,75.59377559377559,-0.6494119423835684,Engineering & construction,Industrial services
SHMD,SCHMID Group N.V.,6.38,USD,-3.6850921273031787,6.867671691792297,-1.700626959247653,310625782.00000006,USD,,14683818.82,USD,66552491.5,USD,,,,Electronic components,Electronic technology
SOPH,SOPHiA GENETICS SA,4.46,USD,,2.5287356321839156,0,302597900,USD,,372673.14,USD,3365435.72,USD,2026-05-12,4.205584137044781,11.535299557660995,Packaged software,Technology services
VELO,"Velo3D, Inc.",12.21,USD,-2.3947151114781104,0.8257638315441901,-0.7371007371007504,300581268,USD,,8866328.13,USD,99344125.32000001,USD,2026-05-20,14.037510904332654,0.5010315355142941,Industrial machinery,Producer manufacturing