Symbol,Description,Price,Price - Currency,Pre-market Change %,Price Change % 1 day,Post-market Change %,Market capitalization,Market capitalization - Currency,Price to earnings ratio,Price * Volume (Turnover) 1 day,Price * Volume (Turnover) 1 day - Currency,Price * Volume (Turnover) 1 month,Price * Volume (Turnover) 1 month - Currency,Upcoming earnings date,"Net income growth %, Quarterly QoQ","Revenue growth %, Quarterly QoQ",Industry,Sector
TXN,Texas Instruments Incorporated,219.73,USD,-0.6603989910570959,0.7704654895666032,0.0682655986893031,199416115875,USD,40.35148933044404,1199255577.8,USD,26573405490.17,USD,2026-04-28,-14.749262536873156,-6.727119358920287,Semiconductors,Electronic technology
KLAC,KLA Corporation,1496,USD,-1.0129940812300224,1.7756309953057967,0.002005347593581064,196090615112,USD,43.4599462560825,1023708312,USD,24447235560,USD,2026-04-23,2.1981374438021835,2.662949768280653,Semiconductors,Electronic technology
T,AT&T Inc.,27.98,USD,0.32281205164992777,0.3586800573888143,0.10721944245890329,195876145408.99997,USD,9.175876430656215,710234415.08,USD,17551762813.18,USD,2026-04-29,-59.33004079879751,8.977824090657462,Wireless telecommunications,Communications
ABT,Abbott Laboratories,112.21,USD,0.008824315892683659,0.017826900793293538,0,195118819720,USD,30.187511769928168,796581707.4599999,USD,15932606000.009998,USD,2026-04-22,12.5,0.7916263523616853,Medical specialties,Health technology
NEE,"NextEra Energy, Inc.",92.18,USD,0.3928415539065904,0.5892623308598933,0.10848340203948179,192059056075.00003,USD,27.93079417022695,661443858.24,USD,11434199026.58,USD,2026-04-28,-37.038556193601316,-6.1187845303867405,Electric utilities,Utilities
TMO,Thermo Fisher Scientific Inc,510.93,USD,-0.1960708184500681,-0.8134027022829627,0,191960520865,USD,28.802313520339137,696156941.97,USD,19394263626.57,USD,2026-04-29,22.215346534653467,9.827369178205359,Medical specialties,Health technology
GILD,"Gilead Sciences, Inc.",151.4,USD,-0.17866596082584055,0.18528321863419875,0.006605019815053437,187838878634,USD,22.330383480825958,1057828469.2,USD,16751731273.800001,USD,2026-04-23,-28.473132372214945,1.8114080164439876,Biotechnology,Health technology
APH,Amphenol Corporation,151.04,USD,0.05952380952381178,-0.10582010582010357,-0.02648305084745236,185660601747,USD,45.231036444763866,1127876247.04,USD,22561936970.239998,USD,2026-04-29,-4.029862727783576,3.9487278832493864,Electronic components,Electronic technology
BA,Boeing Company (The),232.03,USD,-0.30379530186984205,-0.7188395875230015,-0.03447830021980455,182224088263.00003,USD,122.38514689593333,1267082649.71,USD,19830980171.33,USD,2026-04-29,,2.9093253115599484,Aerospace & defense,Electronic technology
ISRG,"Intuitive Surgical, Inc.",504.05,USD,-0.33231237363120697,0.9048505595259622,0.05951790496974732,179003397685,USD,63.99740988560328,783157606.5,USD,15983859991.1,USD,2026-04-21,12.833617262918795,14.414594227775337,Medical specialties,Health technology
CRM,"Salesforce, Inc.",185.16,USD,0.005396945328954249,-0.07016028927626718,0.27543745949448634,173494923431,USD,24.704469646430955,2002730184.24,USD,37813061724.12,USD,2026-02-25,10.545839957604663,0.2246971473231731,Packaged software,Technology services
ADI,"Analog Devices, Inc.",355.03,USD,-0.008688097306698395,2.8178395598030583,0.11829986198349884,173327123251,USD,64.8527692532515,1896443869.32,USD,24642918099.149998,USD,2026-05-27,5.469705067287515,2.73546162255857,Semiconductors,Electronic technology
SCHW,Charles Schwab Corporation (The),94.03,USD,-0.5113454777884351,0.17044849259613995,0.1063490375412042,167085362086,USD,20.1863420708014,798475773.39,USD,20120024491.72,USD,2026-04-20,4.283290924512299,1.8037210623490982,Investment banks/Brokers,Finance
ANET,"Arista Networks, Inc.",132.79,USD,-1.4355461633753543,-3.2354441448662814,-0.2635740643120674,166855651576,USD,48.22589431632468,1103347196.77,USD,18343481926.489998,USD,2026-05-04,12.05158264947245,7.776285578131093,Computer peripherals,Electronic technology
SCCO,Southern Copper Corporation,201.01,USD,-1.5200700778069711,3.5760292677899717,0.049748768717985545,166046794050,USD,43.589799193303556,201835548.07,USD,6003942102.677286,USD,2026-04-23,13.775038520801234,10.69485414618158,Other metals/Minerals,Non-energy minerals
LOW,"Lowe's Companies, Inc.",280.36,USD,-0.24444604213099677,0.7836652527140725,0.000035668426300077735,157268330776.99997,USD,23.242279792746114,787816926.84,USD,10416008735.04,USD,2026-02-25,-32.58051024675868,-13.130765056972326,Home improvement chains,Retail trade
HON,Honeywell International Inc.,243.97,USD,-0.2035137267932089,1.3290692362005185,0.012296593843505815,155085791346.00003,USD,30.526776776776778,654161640.4,USD,14280005929.67,USD,2026-04-23,-83.83561643835617,-6.245196003074558,Aerospace & defense,Electronic technology
QCOM,QUALCOMM Incorporated,142.88,USD,-0.6087633609400535,1.1396616408296065,-0.1959686450167981,152452965210,USD,29.518221634575657,1466683203.2,USD,25775110072.16,USD,2026-05-06,,8.713398402839397,Semiconductors,Electronic technology
UBER,"Uber Technologies, Inc.",73.86,USD,-0.6032355360570301,1.2613106663010718,-0.0812347684809129,152012446564.00003,USD,15.640352363205148,1495074415.44,USD,27198548519.52,USD,2026-05-06,-95.53274977361907,6.675577337194624,Other transportation,Transportation
PFE,"Pfizer, Inc.",26.65,USD,-0.8190618019359601,-0.7818317200297872,-0.11257035647278643,151524103227.00003,USD,19.666445280791084,1193571124.85,USD,19268106062.399998,USD,2026-05-05,-146.54052527534594,5.42212081181698,Pharmaceuticals: major,Health technology
LMT,Lockheed Martin Corporation,658.26,USD,0.5638024935859889,-1.2377908808570015,0,151452614915.99997,USD,30.637264028000146,952963002,USD,14550102681.84,USD,2026-04-21,-16.9857936998147,9.199849535171154,Aerospace & defense,Electronic technology
DHR,Danaher Corporation,209.5,USD,-1.4816568047337255,-0.8284023668639053,0.023866348448692776,147980230377.00003,USD,41.504873603296616,936693145.5,USD,14025927792,USD,2026-04-28,31.828193832599116,12.968775813646124,Medical specialties,Health technology
SYK,Stryker Corporation,380.23,USD,0.22808994794181447,2.031342242258357,0,145509724874,USD,45.274638915018514,686968385.14,USD,12278834690.710001,USD,2026-05-06,-1.1641443538998837,18.391943206207696,Medical specialties,Health technology
ETN,"Eaton Corporation, PLC",373.38,USD,-0.6148627159970299,-1.0442065090639239,-0.10177299266163037,145020791618,USD,35.70554259266343,970975436.76,USD,17273600530.2,USD,2026-05-05,12.07920792079208,0.9587864911276475,Electrical products,Producer manufacturing
APP,Applovin Corporation,418.68,USD,0.7669902912621419,1.6213592233009726,-0.6401070029616907,141274355635,USD,44.31460959578319,3629075534.64,USD,52168090705.92,USD,2026-05-13,31.921076726970238,17.999352333911016,Packaged software,Technology services
NEM,Newmont Corporation,122.13,USD,-1.8299043062201001,-2.6076555023923524,0.18013592074019397,132862081311,USD,19.12464766677106,1529721484.02,USD,16575406047.449999,USD,2026-04-23,-28.98471615720524,22.137546468401485,Precious metals,Non-energy minerals
ACN,Accenture plc,215.35,USD,-0.8792742498255346,0.18608978832286843,-0.023218017181324796,132506315101.99998,USD,17.80428923392364,1277559783.35,USD,19720416322.55,USD,2026-03-19,56.40868961917674,6.511980386741273,Information technology services,Technology services
PH,Parker-Hannifin Corporation,1022.23,USD,-0.7348583619770114,0.9669708822251158,0,129022320840.00002,USD,37.28398754075879,705454211.99,USD,9959644134.880001,USD,2026-04-30,4.579207920792079,1.770259638080252,Industrial machinery,Producer manufacturing
IBKR,"Interactive Brokers Group, Inc.",74.395,USD,-0.6622516556291322,0.5473712663873512,0,126179025728.84999,USD,33.64614897562299,205851113.79,USD,5497452300.33,USD,2026-04-21,7.984790874524715,-0.43087971274685816,Investment banks/Brokers,Finance
MDT,Medtronic plc.,96.86,USD,-0.5943840951014535,-0.7378561180569777,0.16456741689036247,124175904159,USD,27.013609995537706,696296900.84,USD,13552279160.74,USD,2026-05-20,-16.8,0.6249302533199419,Medical specialties,Health technology
BMY,Bristol-Myers Squibb Company,60.66,USD,0.34825870646766316,0.5970149253731334,0.14836795252226082,123532497660,USD,17.538381472807703,582268667.4,USD,11609525896.38,USD,2026-04-30,-50.613357564743296,2.290950744558992,Pharmaceuticals: major,Health technology
PANW,"Palo Alto Networks, Inc.",148.7,USD,-0.43711504073117197,-1.5166567322339362,0.20134498991258906,121339197509.99998,USD,82.28198317839752,3845061402.7999997,USD,38331127630,USD,2026-05-26,29.34131736526946,4.8504446240905414,Packaged software,Technology services
VRTX,Vertex Pharmaceuticals Incorporated,476.9,USD,-0.4198009674600913,1.6259296353911386,-0.39840637450198724,121148906019,USD,31.09919920703237,480061847,USD,10744975241.3,USD,2026-05-06,9.991688983285622,3.585414393015343,Pharmaceuticals: major,Health technology
GLW,Corning Incorporated,139.51,USD,-0.2307869836141329,7.323640280021526,0.7064009748405146,119692337525,USD,75.86600685192234,1530586531.6,USD,22356176716.44,USD,2026-05-05,25.581395348837212,2.804878048780488,Electronic components,Electronic technology
HCA,"HCA Healthcare, Inc.",532.3,USD,,0.6885332728029332,0,119034098397.99998,USD,18.75339097103318,465699688.59999996,USD,8095038482.599999,USD,2026-04-24,14.30310407790627,1.8370648713532698,Hospital/Nursing management,Health services
MCK,McKesson Corporation,947.48,USD,,1.1033570224299498,-0.050660699962006395,116054406398,USD,27.2534552933224,778791608.28,USD,13267570967.32,USD,2026-05-13,6.846846846846846,2.916141541444498,Medical distributors,Distribution services
AEM,Agnico Eagle Mines Limited,228.26,USD,0.23611172985254203,1.6884216153606235,-0.21760273372470174,114365016068.14072,USD,25.30579659414887,545517204.4399999,USD,8908653855.619999,USD,2026-04-30,48.254826034473794,19.620756051962477,Precious metals,Non-energy minerals
CMCSA,Comcast Corporation,31.34,USD,-0.06373486297004326,-0.12746972594008651,0.4786215698787447,112756493761,USD,5.829829978793854,791089294.4,USD,13070651969.539999,USD,2026-04-23,-34.9639855942377,3.5643310468619784,Cable/Satellite TV,Consumer services
CME,CME Group Inc.,308.09,USD,,1.3754071929189398,0,111097187108.99998,USD,27.612321535800387,848592312.8499999,USD,10708122998.929998,USD,2026-04-29,29.446968857364514,7.225546305931322,Investment banks/Brokers,Finance
BSX,Boston Scientific Corporation,74.58,USD,-0.19809825673534823,-1.5055467511885903,-0.0938589434164564,110668183161,USD,38.459158415841586,939158867.4599999,USD,24390464804.64,USD,2026-04-29,-10.993377483443709,4.3632773938795655,Medical specialties,Health technology
NOW,"ServiceNow, Inc.",104.27,USD,-0.8195957902579953,-2.887212442954278,0.3016207921741724,109066416489,USD,62.45582509733453,1637065901.6599998,USD,37193795305.14,USD,2026-04-29,-20.119521912350596,4.725565013208101,Packaged software,Technology services
CEG,Constellation Energy Corporation,294.84,USD,-0.0068572995954325755,1.0903106356716552,0.1899335232668574,106836885079,USD,33.76391370070083,924024432.2399999,USD,18527194544.039997,USD,2026-02-24,10.846245530393325,20.234309623430963,Electric utilities,Utilities
ADBE,Adobe Inc.,258.61,USD,-1.7514756375139817,-0.23147255121328883,-0.09806271992575917,106159398986.99998,USD,15.480530364251294,1704433857.5,USD,23204582647.95,USD,2026-03-12,4.740406320541761,3.440213760855043,Packaged software,Technology services
INTU,Intuit Inc.,380.55,USD,-0.1703622162813949,-0.259474760182421,0.2522401786887412,105897185513.00002,USD,26.060427595085805,1568915556.9,USD,25719832511.4,USD,2026-02-26,17.060367454068242,1.4095536413469067,Packaged software,Technology services
SO,Southern Company (The),94.3,USD,1.4097843240399826,-0.7890583903208838,0.053022269353125304,105558596910,USD,24.088076019209154,1010268527.8,USD,10916164793.8,USD,2026-04-23,-75.68673290473407,-10.763134347437045,Electric utilities,Utilities
HWM,Howmet Aerospace Inc.,258.1,USD,-0.5173099880620817,2.7059291683247158,1.4082913599380025,103482632830,USD,69.49006515534974,809485224.4000001,USD,11733293364.1,USD,2026-04-30,-3.3766233766233764,3.7817137386309243,Aerospace & defense,Electronic technology
TT,Trane Technologies plc,467.12,USD,-0.14880631456360882,0.7397183463089578,0,103388560335,USD,35.98850512723715,356534478.32,USD,9133993477.76,USD,2026-05-06,-30.238319962443015,-10.4135829345147,Industrial machinery,Producer manufacturing
NOC,Northrop Grumman Corporation,723.56,USD,0.15742261185826106,-1.8062887619254495,0.04698988335452925,102688814878.00002,USD,24.79023410867055,538432832.64,USD,9389576617.4,USD,2026-04-23,29.72727272727273,12.366880936390674,Aerospace & defense,Electronic technology
MELI,"MercadoLibre, Inc.",1996.87,USD,-0.6851819388445101,0.016027647692265976,0.15674530640452855,101235680977,USD,48.741475178551376,721095716.31,USD,14060686533.81,USD,2026-02-24,-19.50286806883365,9.116347569955817,Internet retail,Retail trade
SPOT,Spotify Technology S.A.,490.6,USD,0.04327309443837283,1.0941911022275346,0.05136567468405069,100981442824,USD,50.845174061291964,1042160974.8000001,USD,33874350268,USD,2026-04-29,30.064950368589617,5.636667595410163,Internet software/Services,Technology services
UPS,"United Parcel Service, Inc.",116.73,USD,-0.6318158213605712,1.0299463389302386,0.5165767154972967,99115646388,USD,17.802620140615232,577518406.5600001,USD,10779458814.630001,USD,2026-04-28,36.61327231121281,14.301045166106757,Air freight/Couriers,Transportation
DUK,Duke Energy Corporation (Holding Company),126.78,USD,0.24531138719633006,0.32444409274352815,0.17352894778356118,98591892945,USD,20.084596739698686,638916938.16,USD,9025260534.36,USD,2026-05-12,-16.678395496129486,-7.070943572933739,Electric utilities,Utilities
CRWD,"CrowdStrike Holdings, Inc.",388.6,USD,-0.8646420618752019,-7.945231439806691,-0.10293360782296296,97965453165,USD,,3248959470.8,USD,21232041179,USD,2026-03-03,56.231734792404254,5.585515915110287,Packaged software,Technology services
WDC,Western Digital Corporation,285.52,USD,-2.0514982260160997,0.298591351389316,-0.2696833847015907,96802107004.99998,USD,28.664652082684952,3000958816.56,USD,45369151127.119995,USD,2026-04-23,55.834053586862574,7.061745919091554,Computer peripherals,Electronic technology
SNDK,Sandisk Corporation,649.97,USD,-0.8517284129514364,4.6498897100259216,-0.533870794036652,95936196461,USD,,11128434706.23,USD,206451607074.49002,USD,2026-05-13,616.9642857142857,31.06585788561525,Computer peripherals,Electronic technology
GD,General Dynamics Corporation,351.42,USD,0.6378054975447446,-0.8240672800135348,0.022764782880878742,95020366057.99998,USD,22.73444777973295,314362761,USD,6756653590.9800005,USD,2026-04-29,7.932011331444759,11.404664135740296,Aerospace & defense,Electronic technology
VRT,"Vertiv Holdings, LLC",243.75,USD,-1.0532378836501286,0.2838805233275725,0.06153846153846387,93258379555,USD,71.472554539057,945548906.25,USD,25142092950,USD,2026-04-29,11.819322459222082,7.631362583152702,Electronic production equipment,Electronic technology
FCX,"Freeport-McMoRan, Inc.",64.34,USD,-1.070800703212405,2.8288317084865002,0.17096673919800967,92469549551,USD,42.49669749009247,944511907.74,USD,16983687930.300001,USD,2026-04-16,-39.130434782608695,-23.144617189791727,Other metals/Minerals,Non-energy minerals
FDX,FedEx Corporation,388.48,USD,-0.29754136869029246,1.3937464112335,0.03088962108731583,91340514917,USD,21.429359458087863,587686716.8000001,USD,11419796928,USD,2026-03-19,16.038882138517618,5.507103039021759,Air freight/Couriers,Transportation
STX,Seagate Technology Holdings PLC,411.11,USD,-0.8044599848399687,0.5232657652150491,-0.4189876188854625,89652012125,USD,46.49145622943219,1217940508.26,USD,24397658415.760002,USD,2026-04-29,8.014571948998178,7.455306200076074,Computer peripherals,Electronic technology
SHW,Sherwin-Williams Company (The),360.63,USD,-0.2237073907329245,0.8444954000167729,0,89355014717,USD,35.145697300458046,596082802.59,USD,9560377032.3,USD,2026-04-28,-42.76797503300924,-11.98924223836935,Industrial specialties,Process industries
JCI,Johnson Controls International plc,143.79,USD,-0.49053959355290033,0.7638402242466737,0,88008989340,USD,27.049550396929902,664786751.43,USD,11664600105.09,USD,2026-05-01,-69.04902539870054,-10.01241850357032,Industrial machinery,Producer manufacturing
ICE,Intercontinental Exchange Inc.,154.01,USD,,-0.06488871585232803,0.05843776378157484,87461734439,USD,26.688732540810314,519099945.59999996,USD,11965930466.019999,USD,2026-04-30,4.28921568627451,4.489524442966411,Investment banks/Brokers,Finance
MRSH,Marsh,179.32,USD,,0.25157935931122527,0,86813161735.99998,USD,21.286799620132953,693710537.8399999,USD,9022035348.16,USD,2026-04-16,9.906291834002676,3.707194470625196,Insurance brokers/Services,Finance
RACE,Ferrari N.V.,366.95,USD,-1.6371077762619373,0.12278308321964218,0,86755802612.55434,USD,34.89296971500594,222865981.65,USD,5133807369.9,USD,2026-05-05,-0.3387627660174111,2.1225277811773657,Motor vehicles,Consumer durables
ADP,"Automatic Data Processing, Inc.",214.47,USD,-0.32411909061443195,-0.6945409084595082,-0.12589173310953056,86355140383,USD,20.605472502978362,538674862.32,USD,11836977839.55,USD,2026-05-06,4.8371174728529125,3.5573504405626837,Packaged software,Technology services
ECL,Ecolab Inc.,304.16,USD,-0.18604651162790772,1.0498338870431976,0,86148958391,USD,41.795720940458686,405472958.56000006,USD,6221218683.200001,USD,2026-05-05,-3.606837606837607,0.744297719087635,Chemicals: specialty,Process industries
ITW,Illinois Tool Works Inc.,294.98,USD,,0.39479953713158566,0,85013242767,USD,28.116361972663324,434604653.28000003,USD,7720543102.860001,USD,2026-05-05,-3.7758830694275276,0.8376447400837644,Auto parts: OEM,Producer manufacturing
SNPS,"Synopsys, Inc.",439.94,USD,-0.43621734020432307,-0.5650483681403128,0.0022730372323477984,84168532361.00002,USD,54.832116060522964,746754595.9399999,USD,16422951401.2,USD,2026-02-25,85.02241153936555,29.58334507595125,Packaged software,Technology services
EMR,Emerson Electric Company,148.62,USD,0,-1.77131526768011,0.10092854259184879,83569329856,USD,36.29747221883014,466711088.76,USD,10518510351.36,USD,2026-05-06,-5.023547880690738,-10.50463439752832,Electronic equipment/Instruments,Electronic technology
CRH,CRH PLC,124.04,USD,-0.9403139692405711,-1.1554705554227338,0.00806191551111811,82889829031.99998,USD,22.46613055132942,579421974.0400001,USD,8353991170.84,USD,2026-05-13,-31.68449197880171,-14.933598337939852,Construction materials,Non-energy minerals
PWR,"Quanta Services, Inc.",552.66,USD,0.15162454873646783,-0.24187725631769524,-0.1194224297036095,82688662032,USD,81.34530468060053,586748621.4599999,USD,9424208674.98,USD,2026-04-30,-7.0620470213894295,2.7588617985042867,Engineering & construction,Industrial services
REGN,"Regeneron Pharmaceuticals, Inc.",779.67,USD,,-0.34637899741813905,0.042325599292013405,82413188430,USD,18.758932309335794,479727052.65,USD,8496799998.48,USD,2026-04-30,-42.15068493150685,3.4626961084622967,Pharmaceuticals: major,Health technology
CMI,Cummins Inc.,593.28,USD,0,-0.6081318791777648,0.04550970873786102,81970811898.99998,USD,28.923697950945545,555021745.92,USD,10654819344,USD,2026-05-05,10.634328358208956,2.6331609955512807,Auto parts: OEM,Producer manufacturing
BK,The Bank of New York Mellon Corporation,118.19,USD,-1.8280297901150953,0.02538930264048844,0.04230476351636954,81342617233,USD,15.950282729861401,408128034.88,USD,6575827681.73,USD,2026-04-16,1.107266435986159,-2.6587034004431174,Investment banks/Brokers,Finance
DELL,Dell Technologies Inc.,122.27,USD,-1.3102637325718143,2.696119603561224,0.10632207409831493,81027056899,USD,16.307232691820378,949238009.66,USD,13411463358.789999,USD,2026-02-26,32.98969072164948,-9.654250876899951,Computer processing hardware,Electronic technology
CDNS,"Cadence Design Systems, Inc.",296.28,USD,-0.9103476179237293,-0.104521393169022,-0.22880383421087,80781038237,USD,73.02933201873304,750923437.68,USD,14612831509.319998,USD,2026-04-27,35.1815604516547,7.564470085253033,Packaged software,Technology services
B,Barrick Mining Corporation,47.96,USD,-0.4119464469618862,-1.2152420185375827,0.1342785654712242,80350280591.8866,USD,16.04800857464238,1083371029.84,USD,12178864177.92,USD,2026-05-06,89.76291828971067,46.724209779987355,Precious metals,Non-energy minerals
ORLY,"O'Reilly Automotive, Inc.",93.5,USD,,-0.7114792396729337,1.5508021390374362,78923730072,USD,31.553725701943844,526846694,USD,8819565711,USD,2026-04-29,-16.622629136956256,-6.192112707663224,Specialty stores,Retail trade
MSI,"Motorola Solutions, Inc.",462.76,USD,,2.0014106859460377,0.05402368398305817,76660316509,USD,36.27299591619179,668577600.36,USD,8551591004.88,USD,2026-04-30,15.480427046263346,12.329677633765371,Telecommunications equipment,Electronic technology
DASH,"DoorDash, Inc.",176.29,USD,-0.8286508882456485,0.056756910153808,0.17800215553917678,76608025563,USD,82.90148130731248,1368247157.47,USD,19340354743.19,USD,2026-04-30,-12.704918032786885,14.770748694138131,Air freight/Couriers,Transportation
ELV,"Elevance Health, Inc.",342.93,USD,,-1.5078407720144753,0,75686249542.00002,USD,13.657761422290195,387645328.56,USD,7365101094.33,USD,2026-04-22,-53.994953742640874,-1.900968231744592,Managed health care,Health services
TDG,Transdigm Group Inc.,1338.98,USD,,0.6653484997706922,0,75616971820,USD,43.04377736487138,292597926.54,USD,8983194057.34,USD,2026-05-12,-14.412416851441243,-6.2371768567911365,Aerospace & defense,Electronic technology
CI,The Cigna Group,280.31,USD,0.027979854504751003,-1.9620872971460595,0,74878039066,USD,12.634031793535824,544830698.32,USD,7685762987.07,USD,2026-05-01,-33.940042826552464,-79.70734084329406,Managed health care,Health services
GM,General Motors Company,81.51,USD,-0.4541549036455193,0.04909782742114429,-0.012268433321071175,73682425094,USD,27.074337341393743,701175266.22,USD,9043986472.95,USD,2026-04-28,-349.2469879518072,-6.8016710913543665,Motor vehicles,Consumer durables
CVNA,Carvana Co.,336.62,USD,-1.3552089906547815,1.1508759277622476,0.11882835244488658,73667672194,USD,34.38828048381824,2475066210.62,USD,25709889408.9,USD,2026-04-30,467.5496688741722,-0.779174783070657,Specialty stores,Retail trade
WBD,"Warner Bros. Discovery, Inc. - Series A",28.75,USD,0.42060988433227287,0.7711181212758459,0.038608695652170434,71296757202,USD,153.25159914712154,571523118.75,USD,9671267728.75,USD,2026-02-26,-109.36708860759494,-7.7416726087399415,Cable/Satellite TV,Consumer services
COR,"Cencora, Inc.",361.08,USD,0,0.5485784300075103,0,70241137281,USD,43.43035843156122,379613514.24,USD,7349360575.32,USD,2026-05-06,,2.6316732998876344,Medical distributors,Distribution services
AEP,"American Electric Power Company, Inc.",129.37,USD,0.358199657374247,0.7397601619685541,0,69971251067,USD,19.425216594843764,390876318.71000004,USD,6778943626.09,USD,2026-05-06,-40.123456790123456,-11.91477291687523,Electric utilities,Utilities
AON,Aon plc,325.07,USD,,0.23743447425222997,0,69647712321,USD,19.09200364138255,411212574.78999996,USD,9048232755.47,USD,2026-04-24,269.65065502183404,7.555666750062547,Insurance brokers/Services,Finance
MRVL,"Marvell Technology, Inc.",79.48,USD,-1.8213792237156172,-0.16329606833311827,0.6290890790135883,69241927212,USD,27.830106096151827,699053941.12,USD,14933009828.640001,USD,2026-03-05,876.0266940451745,3.4096007178106778,Semiconductors,Electronic technology
TEL,TE Connectivity plc,234.73,USD,-0.3872633390705704,1.0025817555937968,0,68877830965,USD,33.85008075680664,302618375.87,USD,8060098883.849999,USD,2026-04-29,13.122171945701359,-1.6845651716150771,Semiconductors,Electronic technology
DB,Deutsche Bank AG,36.72,USD,1.508379888268174,2.569832402234642,0.3540305010893316,68786805125.9826,USD,9.569081055753754,125169446.88,USD,1798650619.2,USD,2026-04-29,-3.7510870805498224,-4.081765043667318,Investment banks/Brokers,Finance
HOOD,"Robinhood Markets, Inc.",76.11,USD,-0.5816259087904982,0.6080634500991324,-0.21574037577190108,68579019747,USD,36.96275071633238,2304842554.95,USD,48052852297.71,USD,2026-05-13,8.81294964028777,0.858034321372855,Investment banks/Brokers,Finance
WPM,Wheaton Precious Metals Corp,150.38,USD,0.7843676895555155,3.467730838034947,0.3923394068360177,68275207264.64089,USD,68.10265231707523,306910090.86,USD,5271978129.04,USD,2026-03-12,22.143582288793155,-7.993501796317299,Precious metals,Non-energy minerals
LHX,"L3Harris Technologies, Inc.",356.14,USD,1.15505993866742,-0.7136883189294682,-0.039310383557024306,66518500106,USD,41.7504865067642,372302701.62,USD,5984980066.62,USD,2026-04-23,-35.064935064935064,-0.19438063262060434,Aerospace & defense,Electronic technology
MDLN,Medline Inc.,49.8,USD,0.1890756302520931,4.62184873949579,-1.6064257028112392,65423118341,USD,31.46124202413292,198739399.79999998,USD,1763907036,USD,2026-02-25,-3.303303303303303,3.3255881498693,Medical specialties,Health technology
APD,"Air Products and Chemicals, Inc.",281.18,USD,0.3163294385864836,0.16386434881731957,0,62606418387,USD,,520462492.92,USD,5853886982.360001,USD,2026-04-30,13740.816326530612,-2.0837279787838607,Chemicals: specialty,Process industries
AZO,"AutoZone, Inc.",3748.52,USD,,0.08089729247709113,0,62104803433,USD,26.139213143104193,496622672.2,USD,6969330851.44,USD,2026-03-03,-36.576573777915314,-25.8556278138749,Specialty stores,Retail trade
NET,"Cloudflare, Inc.",177.14,USD,-0.851328903654478,-8.04609634551495,0.7338828045613703,61966798148,USD,,1170214650.98,USD,16974742877.98,USD,2026-04-30,-836.201550387597,9.337629686829992,Information technology services,Technology services
FTNT,"Fortinet, Inc.",80,USD,-0.648953103954942,-2.0448144973674567,-0.2999999999999936,59491850586,USD,32.96929734185041,536302800,USD,9203016400,USD,2026-04-30,6.773580924245621,10.441184996231666,Information technology services,Technology services
SNOW,Snowflake Inc.,172.5,USD,-0.6584821428571308,-3.7388392857142794,0.26086956521738475,59029502106,USD,,1010437897.5,USD,19144906117.5,USD,2026-02-25,1.3623383900918404,5.933785106845687,Packaged software,Technology services
NXPI,NXP Semiconductors N.V.,232.27,USD,-1.098617035026501,0.06893283357028848,-0.466870452490643,58692967160,USD,29.22922041150192,492460015.35,USD,11825514197.84,USD,2026-04-27,-27.89223454852454,5.105578316775169,Semiconductors,Electronic technology
VST,Vistra Corp.,171.4,USD,0,-0.6376811594202866,0.2374562427071075,58074688716,USD,61.22740587268701,664998234.2,USD,14561606146.800001,USD,2026-02-26,99.38837920489296,31.87944131340358,Electric utilities,Utilities
MPWR,"Monolithic Power Systems, Inc.",1204.1,USD,1.019383604771874,2.457412229199629,0.07640561415165459,57684819331,USD,94.4940592971607,452630822.79999995,USD,12116593398,USD,2026-04-30,-4.564883269573802,1.8962907094099646,Semiconductors,Electronic technology
D,"Dominion Energy, Inc.",65.96,USD,0.19859456156432886,0.7638252367858235,-0.09096422073982424,56324118443.99999,USD,22.444535184429014,612061242.8399999,USD,5501523807.16,USD,2026-02-23,32.36842105263158,20.359123316609455,Electric utilities,Utilities
F,Ford Motor Company,14.01,USD,0,1.6690856313497853,-0.004282655246255375,55892550805,USD,,948394369.02,USD,15065858186.1,USD,2026-04-29,-552.1454842664486,-9.189852376617722,Motor vehicles,Consumer durables
AJG,Arthur J. Gallagher & Co.,216.51,USD,0.293080551357781,-0.8517653523835754,0,55664720909,USD,37.66898063573255,446890929.65999997,USD,10025770084.68,USD,2026-04-23,-44.62779611294463,7.796529593534585,Insurance brokers/Services,Finance
ZTS,Zoetis Inc.,128.78,USD,-0.7071024512885022,1.1785040854808297,0,54361606759,USD,21.385632202995783,746804620.94,USD,8987024596.16,USD,2026-04-30,-16.36615811373093,-0.5416666666666667,Pharmaceuticals: major,Health technology
CARR,Carrier Global Corporation,64.14,USD,,1.9389701207883008,0,53611025444,USD,37.561489810260014,279424049.94,USD,7819282257.12,USD,2026-04-23,-86.97788697788698,-13.29987452948557,Industrial machinery,Producer manufacturing
AME,"AMETEK, Inc.",233.51,USD,,0.32653061224489405,0,53468465501,USD,36.48023746289642,342442882.02,USD,5041744532.79,USD,2026-05-05,7.3192861912249345,5.590442138789131,Electrical products,Producer manufacturing
TGT,Target Corporation,116.69,USD,-0.5706380771225977,0.8905412415701204,-0.11997600479904068,52837979511,USD,14.158314931204348,733500970.86,USD,10815040292.21,USD,2026-03-10,-26.31016042780749,0.23402483043116099,Specialty stores,Retail trade
CCJ,Cameco Corporation,121.35,USD,0.05880870368814012,1.949088465092828,0.428512566955097,52836659731.09248,USD,123.09335144153017,580611452.6999999,USD,7861987516.349999,USD,2026-05-01,,98.19065266080497,Other metals/Minerals,Non-energy minerals
CAH,"Cardinal Health, Inc.",224.44,USD,-0.6060333991739963,0.7541748967498685,0,52814325752,USD,32.29956682544937,240741301.64,USD,5620475632.36,USD,2026-04-30,3.7777777777777777,2.527769532409505,Medical distributors,Distribution services
BDX,"Becton, Dickinson and Company",185.39,USD,0.0931659998903861,1.60026305694086,-0.21036733372888852,52788286075,USD,30.281103506852,507999745.52,USD,9830419317.908365,USD,2026-04-30,-22.515212981744423,-10.831918505942276,Medical specialties,Health technology
FER,Ferrovial SE,72.76,USD,0.8524315259921736,1.6769144773616584,0,52258632017.83603,USD,13.270788070248118,82602463.48,USD,1170203227.3200002,USD,2026-02-25,,,Engineering & construction,Industrial services
FIX,"Comfort Systems USA, Inc.",1462.23,USD,2.7127380744364835,6.458588153066576,-0.015729399615656784,51433893823.99999,USD,50.607050647543765,1350572654.97,USD,9488762867.43,USD,2026-04-29,13.439294960821632,7.96003539824453,Engineering & construction,Industrial services
TER,"Teradyne, Inc.",324.85,USD,1.0193099081988057,2.8331750553972923,0.18470063106047896,50857202606,USD,93.267298306058,845755096.25,USD,20658720753.100002,USD,2026-04-28,115.14244132554914,40.67536823494235,Electronic production equipment,Electronic technology
IDXX,"IDEXX Laboratories, Inc.",635.66,USD,-1.204952990978711,0.7816339796743377,0,50758291733.99999,USD,48.598602425113526,191781800.29999998,USD,4779388330.46,USD,2026-05-06,-9.621645242343687,-1.3264099439125836,Medical specialties,Health technology
FNV,Franco-Nevada Corporation,260.4,USD,0.1255098839033547,2.1336680263570633,0,50199155706.87315,USD,54.4662013167016,221554569.6,USD,3007208567.9999995,USD,2026-03-10,13.109322384787331,28.435419174221437,Precious metals,Non-energy minerals
EA,Electronic Arts Inc.,200.4,USD,,0.26015609365619885,-0.029940119760480173,50150844590.99999,USD,75.23934672423503,451930256.40000004,USD,10717046109.6,USD,2026-05-05,-35.76642335766424,3.6235803136830715,Packaged software,Technology services
EXC,Exelon Corporation,47.79,USD,-0.08445945945945767,0.9079391891891886,0,48884037245,USD,17.474130681194925,500179076.73,USD,6814746281.34,USD,2026-05-06,-32.114285714285714,-19.284116331096197,Electric utilities,Utilities
XEL,Xcel Energy Inc.,81.55,USD,0.5691660480079287,0.9032417718386587,-0.07357449417535533,48240067104,USD,23.82482690116568,360650145.09999996,USD,6136399537.099999,USD,2026-04-23,8.206106870229007,-8.995655507283415,Electric utilities,Utilities
ADSK,"Autodesk, Inc.",226.98,USD,,-0.9253601047577498,-0.20266102740328645,48119759094,USD,44.06351917999689,395649972.9,USD,8152267474.259999,USD,2026-02-26,9.584664536741213,5.460750853242321,Packaged software,Technology services
GRMN,Garmin Ltd.,248.9,USD,0.4170141784820684,3.7948290241868197,-0.36159100040177006,47908478647,USD,28.96341463414634,377138009.1,USD,4621166008.400001,USD,2026-05-06,31.63875851250577,19.992873684073814,Telecommunications equipment,Electronic technology
LITE,Lumentum Holdings Inc.,667.77,USD,0.05663583160279618,5.054747970549367,0.2875241475358391,47678780413,USD,204.18603228962817,2864378714.13,USD,55330920704.729996,USD,2026-05-12,1761.904761904762,24.672161858373936,Electrical products,Producer manufacturing
CIEN,Ciena Corporation,334.95,USD,-0.8196978738105001,5.1945604723469625,0.3134796238244548,47383186046,USD,394.33717918530726,846642396.6,USD,24609524108.399998,USD,2026-03-05,-61.26063449153216,10.874252184502843,Telecommunications equipment,Electronic technology
ETR,Entergy Corporation,104.02,USD,,0.6677634762411668,0,47120001391,USD,26.587261016256008,283103328.47999996,USD,4525352860.84,USD,2026-04-29,-65.56132091680699,-22.3785610722297,Electric utilities,Utilities
NDAQ,"Nasdaq, Inc.",81.87,USD,0.4176391106743686,0.5650411497359145,-0.08550140466594282,46538499369,USD,26.47287072366294,282450599.43,USD,8329153828.320001,USD,2026-04-22,22.69503546099291,6.230847803881511,Investment banks/Brokers,Finance
COHR,Coherent Corp.,248.18,USD,-0.206469373709562,6.753269098417075,0.6114916592795501,46529245972,USD,245.62549485352338,1560026223.88,USD,23089245873.14,USD,2026-05-13,-35.181069940666845,6.5924149697289325,Semiconductors,Electronic technology
CRWV,"CoreWeave, Inc.",89.25,USD,-3.26333127444925,-8.122297714638666,-1.5126050420168002,46521855784,USD,,4138084461,USD,29249881704.75,USD,2026-02-26,62.09274067240602,12.523870618772614,Packaged software,Technology services
EW,Edwards Lifesciences Corporation,79.78,USD,-0.6969082615306603,1.0897110998479465,0,46296332317.99999,USD,43.06147784314784,377835766.38,USD,6331250648.6,USD,2026-04-29,-68.88433981576254,1.0623913463395789,Medical specialties,Health technology
UI,Ubiquiti Inc.,750.32,USD,-0.5551381584439449,4.393800261568862,-4.0409425311867,45409962532.99999,USD,51.12913117546849,107052656.32000001,USD,1391401661.52,USD,2026-05-08,12.379495468452346,11.051646762690915,Telecommunications equipment,Electronic technology
COIN,"Coinbase Global, Inc. - 3",171.35,USD,-0.5664698083644677,3.26021453537423,-0.1517362124306921,45249232572.850006,USD,39.0345581702622,2346153843.5499997,USD,39229491343.2,USD,2026-05-07,-254.13938670957478,-51.92656439507696,Investment banks/Brokers,Finance
ROK,"Rockwell Automation, Inc.",398.79,USD,-0.22509990388992523,0.8624614295108567,0,44807208909.00001,USD,45.62866852023478,343275241.68,USD,8100839009.34,USD,2026-05-05,118.70503597122301,-9.071274298056156,Electrical products,Producer manufacturing
ALNY,"Alnylam Pharmaceuticals, Inc.",336.19,USD,-1.2788402039072493,-0.9370303798214359,0,44586573232.00001,USD,148.9477648309778,462357064.15,USD,8186626229.91,USD,2026-04-30,-25.754329228465373,-12.168922024041134,Pharmaceuticals: major,Health technology
RBLX,Roblox Corporation,62,USD,-1.3035381750465491,-3.786468032278085,-0.32241935483870887,43939744662.99999,USD,,1099852348,USD,13343277982,USD,2026-05-13,-23.61809831550781,4.07275128967393,Packaged software,Technology services
CBRE,CBRE Group Inc,147.01,USD,-1.1063744218781402,-1.4612239426235047,0,43391259657,USD,38.1745001298364,310826183.2,USD,7420316078.07,USD,2026-04-23,14.600550964187327,13.365178397348412,Real estate development,Finance
AMP,"Ameriprise Financial, Inc.",471.69,USD,,-0.15663696208962366,0,43008223136,USD,12.975912762164661,253847048.85,USD,5553392215.86,USD,2026-04-27,10.526315789473683,3.5699630693475584,Investment banks/Brokers,Finance
PEG,Public Service Enterprise Group Incorporated,85.57,USD,,-0.12838468720823254,0,42712604306,USD,20.562297248588248,227897126.30999997,USD,3115123224.45,USD,2026-02-26,6.3247863247863245,24.10575427682737,Electric utilities,Utilities
MCHP,Microchip Technology Incorporated,77.73,USD,-1.0756868843960579,0.7387247278382678,0.14833397658560482,42062459334.99999,USD,,547442518.2900001,USD,11515668563.460001,USD,2026-05-11,50.35971223021583,3.998596983514556,Semiconductors,Electronic technology
KEYS,Keysight Technologies Inc.,243.54,USD,,1.6698672455539785,0,41771434419,USD,49.85873971256603,403008530.76,USD,4001099420.3399997,USD,2026-02-23,19.895287958115183,4.955621301775148,Electronic equipment/Instruments,Electronic technology
HEI.A,Heico Corporation,261.61,USD,2.2867025365103726,0.5418908531898636,0,41436530716.00001,USD,53.347335793959914,94401968.5,USD,933394133.24,USD,2026-02-25,6.177364512436492,5.386936635090376,Aerospace & defense,Electronic technology
HEI,Heico Corporation,351.66,USD,0.28902569438423076,1.6387756871585928,0,41436530716,USD,71.71027141662759,256066503.9,USD,2367035064.78,USD,2026-02-25,6.177364512436492,5.386936635090376,Aerospace & defense,Electronic technology
BE,Bloom Energy Corporation,147.55,USD,-2.012578616352194,-7.201257861635213,0.2678414096916221,41394890389,USD,,1501949517.9,USD,24846453399.95,USD,2026-05-06,,49.828724896348696,Electronic production equipment,Electronic technology
MLM,"Martin Marietta Materials, Inc.",685.94,USD,,1.5605567071365232,0.05394057789309427,41370445015,USD,36.490052133205666,559386813.76,USD,5824153972.22,USD,2026-05-05,-32.608695652173914,-16.901408450704224,Construction materials,Non-energy minerals
ALC,Alcon Inc.,82.63,USD,-0.360490266762794,-0.7089641913001723,0.036306426237445406,41290211224.957214,USD,36.42595559392557,213700267.53,USD,2443835959.5,USD,2026-03-03,29.811695324845793,-2.931339031925038,Medical specialties,Health technology
NUE,Nucor Corporation,180.01,USD,0.5609864474561317,-0.016662963785826004,-1.8110104994166942,41196845739.99999,USD,23.881606877520696,373258295.41999996,USD,4757970497.01,USD,2026-04-16,-37.52066115702479,-9.787583616946367,Steel,Non-energy minerals
DDOG,"Datadog, Inc.",115.66,USD,-1.326699834162516,-4.096185737976781,0.1779353276845897,40791299515,USD,390.4794058068872,526147286.76,USD,11977141691.039999,USD,2026-04-30,37.426589936550094,7.626367496903407,Packaged software,Technology services
PCG,Pacific Gas & Electric Co.,18.36,USD,0.49723756906077266,1.436464088397779,0.09640522875817746,40354694144.00001,USD,15.75559941645928,314864581.32,USD,5941020067.559999,USD,2026-04-23,-21.176470588235293,8.863999999999999,Electric utilities,Utilities
KGC,Kinross Gold Corporation,33.45,USD,0.4783258594917686,0,-0.07772795216742406,40133311633.38361,USD,16.819913087561805,621296921.5500001,USD,6195356251.8,USD,2026-04-29,59.15229253798003,15.277276625058159,Precious metals,Non-energy minerals
VMC,Vulcan Materials Company (Holding Company),305.29,USD,,0.8056793792306415,0,39864886334,USD,37.632977084180816,498082466.74,USD,5910073696.360001,USD,2026-05-06,-32.78207522005868,-16.535020728780275,Construction materials,Non-energy minerals
ED,"Consolidated Edison, Inc.",109.81,USD,1.34024303073624,-1.8852751965689771,0,39668580123,USD,19.425771299179168,382729687.61,USD,3378771013.07,USD,2026-04-30,-56.83139534883721,-11.810154525386315,Electric utilities,Utilities
EBAY,eBay Inc.,88.07,USD,-0.17699115044248456,3.9174041297935025,0,39455359863,USD,20.27814234072437,763151209.5999999,USD,9042290013.75,USD,2026-05-06,-16.455696202531644,4.044630404463041,Internet retail,Retail trade
GEHC,GE HealthCare Technologies Inc.,84.23,USD,-0.6625707746054829,1.469702445488494,0.695120503383588,38387806036,USD,18.492985267964958,441270020.1,USD,4724461458.070001,USD,2026-05-06,32.062780269058294,10.79136690647482,Medical specialties,Health technology
RKLB,Rocket Lab Corporation,70.86,USD,-1.3972316531731432,-7.469313136589187,-0.014112334180080606,37850316526,USD,,1293395817.24,USD,17759580222.66,USD,2026-02-26,72.51031409040263,7.323284751346039,Aerospace & defense,Electronic technology
RMD,ResMed Inc.,259.12,USD,-0.09364391899801361,1.1042178781848624,0,37748187790,USD,25.61309517925806,188598419.04,USD,4857517416.96,USD,2026-04-23,12.640588059770009,6.530935577149139,Medical specialties,Health technology
MSTR,Strategy Inc,131.05,USD,0.981073773657791,1.235998455001949,-0.038153376573835454,37657677180,USD,,2309689545.55,USD,51758748696.3,USD,2026-05-04,-546.5545718816068,-4.430768274393702,Internet software/Services,Technology services
IR,Ingersoll Rand Inc.,95.6,USD,-1.2474012474012501,-0.6237006237006326,0.167364016736413,37438681299.00001,USD,65.69995189334065,353372972,USD,8192940936.4,USD,2026-05-06,9.012699713232294,6.966751918158555,Industrial machinery,Producer manufacturing
WEC,"WEC Energy Group, Inc.",114.34,USD,,0.10506040973560195,0,37194143409.99999,USD,23.658183322987792,230485885.96,USD,4537103015.02,USD,2026-05-04,16.678939617083945,20.584600760456272,Electric utilities,Utilities
TRI,Thomson Reuters Corp,83.2,USD,-0.6458431188351306,-2.301550023485197,-1.1057692307692328,37010895205.15133,USD,24.491291876849,193595916.8,USD,4662351616,USD,2026-05-05,-19.401969749050625,15.77077720557073,Internet software/Services,Technology services
TTWO,"Take-Two Interactive Software, Inc.",199.72,USD,-0.9087748919898756,-0.8193871976957867,0.19026637292208864,36983240213,USD,,373997469.48,USD,10112564760.92,USD,2026-05-14,30.61986557132188,-4.216935392941707,Packaged software,Technology services
EME,"EMCOR Group, Inc.",812.79,USD,0.6222388152572957,1.1498973305954836,-0.16645135889958992,36385243594,USD,32.68758998447642,299331862.83,USD,4345197285.33,USD,2026-02-26,-2.246160974318242,-0.06669919152495121,Engineering & construction,Industrial services
WDAY,"Workday, Inc.",137.81,USD,-0.6927581774032273,-1.5783459505784945,-0.2612292286481487,36244029358,USD,57.862031322164846,554127946.36,USD,10378375735.48,USD,2026-02-24,10.526315789473683,3.8034188034188032,Information technology services,Technology services
ROP,"Roper Technologies, Inc.",335.79,USD,,1.1415662650602472,-0.10125375979035463,36143572963,USD,23.65367953170237,833672213.0100001,USD,10757936260.890001,USD,2026-04-28,7.503136762860728,2.037174721189591,Packaged software,Technology services
OTIS,Otis Worldwide Corporation,92.67,USD,-0.08598452278591197,-0.39767841788478564,0,36022755331,USD,26.412997007268064,397775688.63,USD,5696978973.93,USD,2026-04-29,0,2.872628726287263,Engineering & construction,Industrial services
AMRZ,Amrize Ltd,65.13,USD,0.813516896120144,1.892991239048801,0.568094580070635,35999691680.99999,USD,30.400485436893202,238948553.21999997,USD,4039548155.37,USD,2026-05-07,-45.321100917431195,-22.74829931972789,Construction materials,Non-energy minerals
PRU,"Prudential Financial, Inc.",103.44,USD,,0.7107389738097596,0.22235112142305102,35997120850,USD,10.339657343915555,338265764.15999997,USD,4249068392.16,USD,2026-05-05,-36.75751222921034,-12.287567084078713,Life/Health insurance,Finance
STT,State Street Corporation,127.94,USD,,0.054743098459367465,0,35660487925,USD,13.600365681240765,150120829.85999998,USD,3307498483,USD,2026-04-10,-13.13953488372093,-2.4230278739296773,Investment banks/Brokers,Finance
INSM,Insmed Incorporated,164.91,USD,-1.6832298136646013,2.4285714285714266,0,35546663817,USD,,682434354.93,USD,5778844822.559999,USD,2026-04-30,11.225308833822945,85.35850276095603,Pharmaceuticals: major,Health technology
CPRT,"Copart, Inc.",36.48,USD,-8.632138114209829,-3.1075697211155426,0.41118421052633136,35313285260,USD,22.881515398607537,931157070.7199999,USD,5699423579.5199995,USD,2026-05-20,-13.123646938179007,-2.887890357826204,Specialty stores,Retail trade
A,"Agilent Technologies, Inc.",122.9,USD,-2.5553268956783346,-2.7228114611366134,0,34760990974,USD,26.895721632563742,521463716.8,USD,3727184121.4,USD,2026-02-25,29.166666666666668,7.077100115074798,Medical specialties,Health technology
NRG,"NRG Energy, Inc.",179.18,USD,0.5656819610308035,2.3827209873721595,0.4576403616475015,34337947057.999992,USD,26.185187350207517,391534639.46000004,USD,5495290592.26,USD,2026-02-24,,12.615156017830609,Electric utilities,Utilities
CPNG,"Coupang, Inc.",18.75,USD,0.05420054200542853,1.6260162601626056,0,34249640107.999996,USD,88.73639375295788,360318543.75,USD,7333071468.75,USD,2026-02-26,196.8750000000022,8.716564992961745,Internet retail,Retail trade
AXON,"Axon Enterprise, Inc.",433.91,USD,-1.6118063112078376,-1.6344758795792482,0.0023046253831418735,34240041917.000004,USD,137.35675846786958,281259594.18,USD,7374588566.240001,USD,2026-02-24,-106.05255143007449,6.297772153564943,Aerospace & defense,Electronic technology
CLS,"Celestica, Inc.",292.69,USD,-0.8032128514056139,0.4668245632101101,0.10591410707574646,33670067521.738712,USD,40.266107116952234,537345473.34,USD,12136604221.01,USD,2026-04-29,2.5746220652273952,17.50796329644266,Electronic components,Electronic technology
ESLT,Elbit Systems Ltd.,724.73,USD,1.189905656502041,-0.7640590981911691,0.310460447339009,33669874167.77327,USD,68.72143840186256,154747248.52,USD,1338922730.94,USD,2026-03-17,1.7647931896209814,-6.588014011618464,Aerospace & defense,Electronic technology
PAYX,"Paychex, Inc.",91.24,USD,0.054147714966425335,-1.1912497292614344,-0.3288031565102994,32752188253,USD,20.677620396600567,484715237.2,USD,5669347307.32,USD,2026-04-01,3.0224075039082856,1.1428571428571428,Data processing services,Technology services
CHTR,"Charter Communications, Inc.",230.16,USD,-0.5763582966226101,-0.5960093288416669,-0.060827250608266575,32712997383,USD,6.3461602091122655,362807882.64,USD,7113773541.84,USD,2026-04-24,17.150395778364118,-0.5193095377413692,Cable/Satellite TV,Consumer services
WAT,Waters Corporation,333.33,USD,,1.4209213168623984,0,32696182033,USD,30.95963442498096,451849481.46,USD,8693049068.64,USD,2026-05-12,51.22848720479711,16.56171434215083,Medical specialties,Health technology
SYM,Symbotic Inc.,53.795,USD,-1.3721289151157592,-2.324103495233774,-0.10223998512872892,32393830419,USD,,84575638.28,USD,1876048067.285,USD,2026-05-12,,1.8639937780637943,Industrial machinery,Producer manufacturing
SATS,EchoStar Corporation,110.36,USD,-0.7314524555903896,-3.901079763148732,0.1268575570859012,31770030441,USD,,261307428.28,USD,6324905748.08,USD,2026-02-23,-4075.0604314478724,-2.971871636707948,Specialty telecommunications,Communications
DOV,Dover Corporation,233.31,USD,,0.3397557199380664,-0.13287042990013384,31465731465.000008,USD,29.378580872631115,331696593.69,USD,5065950787.59,USD,2026-04-23,-6.596444986026305,1.0221186317913755,Industrial machinery,Producer manufacturing
TDY,Teledyne Technologies Incorporated,668.72,USD,-3.4051174307796286,0.35566894274780586,0,31397063834,USD,35.380325804591315,254733503.44,USD,3553259769.28,USD,2026-04-29,24.875396465790665,4.756644356358438,Aerospace & defense,Electronic technology
XYL,Xylem Inc.,128.67,USD,0.08513272966487517,-0.41792430926400465,0.06994637444626053,31327162884,USD,32.80891427405783,241516292.06999996,USD,4161728085.3299994,USD,2026-05-05,47.57709251101321,5.827814569536424,Industrial machinery,Producer manufacturing
FWONK,Liberty Media Corporation - Series C Liberty Formula One,90.24,USD,,0.14426811674619405,0,31277540551.000004,USD,144.33781190019192,123109559.03999999,USD,2527647486.72,USD,2026-02-26,-96.59685863874346,-19.09023117076808,Internet software/Services,Technology services
FWONA,Liberty Media Corporation - Series A Liberty Formula One,81.99,USD,,0.18940551108938858,0,31277540551,USD,131.14203454894434,18313368.39,USD,199267266.14999998,USD,2026-02-26,-96.59685863874346,-19.09023117076808,Internet software/Services,Technology services
CTSH,Cognizant Technology Solutions Corporation,65.03,USD,-0.20003077396521843,0.06154793045084822,0.568968168537605,31100396476,USD,14.26910080308948,629359299.52,USD,8298276576.940001,USD,2026-05-06,136.4963503649635,-1.5143120960295475,Information technology services,Technology services
AEE,Ameren Corporation,110.05,USD,,0.22768670309653918,0,30420517015.000004,USD,20.572785224234945,227944694.15,USD,3330571028.1,USD,2026-04-30,-60.62499999999999,-33.975546498703224,Electric utilities,Utilities
ULTA,"Ulta Beauty, Inc.",682.89,USD,-1.4940602491375399,-1.4290044602260392,0.1449721038527448,30294483722.000004,USD,26.17399503265569,288183677.34,USD,4770201760.35,USD,2026-03-12,-11.499760421657882,2.479998881106442,Specialty stores,Retail trade
DTE,DTE Energy Company,145,USD,,-0.020685375439565012,0,30131546935.999996,USD,20.59103366989023,189605770,USD,3397820960,USD,2026-04-23,-11.722488038277511,23.076923076923077,Electric utilities,Utilities
FTAI,FTAI Aviation Ltd.,289.74,USD,-0.733614783029969,0.26299397882206066,-0.08283288465521126,29719477347,USD,66.25960482985731,281529927.36,USD,5222550751.440001,USD,2026-02-25,-28.827434430887923,-1.3881375722372487,Aerospace & defense,Electronic technology
VEEV,Veeva Systems Inc.,180.31,USD,0,-1.2378813605740213,0.00005546004104227145,29639693939.000004,USD,35.036822571556264,301468583.26,USD,6761415119.16,USD,2026-03-04,17.919314658852073,2.807696548263106,Packaged software,Technology services
ASTS,"AST SpaceMobile, Inc.",80.2,USD,-1.0416666666666732,-7.175925925925928,0.09975062344139438,29465582761,USD,,818760035.6,USD,15898939829,USD,2026-03-02,-23.623156327343704,1175,Specialty telecommunications,Communications
NTRA,"Natera, Inc.",212.12,USD,0.5084119060824525,-1.959696801626922,0,29340678794.000004,USD,,250386235.88,USD,3513622497.8,USD,2026-02-26,13.269531791792982,8.339370654957921,Biotechnology,Health technology
FE,FirstEnergy Corp.,50.2,USD,0.2824288884405902,1.2709299979826558,0.7768924302788855,29012230080,USD,28.446761489204967,264441351.20000002,USD,4203489419.8,USD,2026-04-23,-111.11111111111111,-8.461909353905495,Electric utilities,Utilities
TECK,Teck Resources Ltd,59.4,USD,-2.276943835385396,0.18552875695732743,0,29000667370.041813,USD,28.81349239804026,150999552,USD,3573598208.4,USD,2026-04-23,96.34453156752149,-8.376888040387914,Other metals/Minerals,Non-energy minerals
STLA,Stellantis N.V.,7.73,USD,2.263648468708388,2.9294274300932175,0.1293661060802042,28963559646.115692,USD,,129685769.39,USD,2478058061.06,USD,2026-02-26,,,Motor vehicles,Consumer durables
WTW,Willis Towers Watson Public Limited Company,301.81,USD,,0.26577190126574246,0,28897888188.000004,USD,18.449397266303155,249938518.92000002,USD,6304185549.68,USD,2026-04-23,141.7763157894737,28.26561817387506,Insurance brokers/Services,Finance
RDDT,"Reddit, Inc.",150.17,USD,-1.4165469102853578,2.7646616026825375,-0.331357794499552,28687845267,USD,56.42306969753897,1148940308.27,USD,18115288368.41,USD,2026-05-12,54.677461991971136,24.05425782725919,Internet software/Services,Technology services
JBL,Jabil Inc.,271.09,USD,-0.46867855509831513,3.295991464715736,0,28625820883,USD,42.168712181311925,451062042.46999997,USD,4093838797.0899997,USD,2026-03-13,-33.02752293577982,0.6422685409597674,Industrial machinery,Producer manufacturing
FTS,Fortis Inc.,56.3,USD,0.49566294919454973,-0.3363427155248802,-0.5328596802841868,28566618863.61605,USD,22.71533809670611,35868898.9,USD,782012911.5,USD,2026-05-06,4.479703223054502,6.287973741445775,Electric utilities,Utilities
HPE,Hewlett Packard Enterprise Company,21.37,USD,-0.046750818139324746,-0.09350163627863288,-0.09358914365933352,28396638155,USD,,269316771.31,USD,5351446529.13,USD,2026-03-09,-42.62295081967213,5.727015866116061,Computer processing hardware,Electronic technology
EIX,Edison International,73.74,USD,0.46793283787503914,1.4863748967795187,0.013561160835374448,28374481919.000004,USD,6.377954799034743,245043919.2,USD,3805643825.5199995,USD,2026-05-05,107.65765765765767,-9.339130434782609,Electric utilities,Utilities
PPG,"PPG Industries, Inc.",126.53,USD,-0.16434607645875263,1.835010060362174,0,28278786707,USD,18.278606821432184,232639070.24,USD,4006837024.23,USD,2026-04-16,-31.98198198198198,-4.1156295933366,Industrial specialties,Process industries
STLD,"Steel Dynamics, Inc.",193.39,USD,-0.09444852555357687,1.4744464266974362,0,28241682711.000004,USD,24.17284351836806,255034029.45,USD,3939907975.5699997,USD,2026-04-22,-34.098864213433735,-8.578056279598153,Steel,Non-energy minerals
BIIB,Biogen Inc.,192.03,USD,-0.4581424406497417,-0.026030820491467807,0,28182040271.999996,USD,21.807465618860512,153475176.75,USD,4354199789.43,USD,2026-05-06,-110.48231511254019,-11.161805442398567,Pharmaceuticals: major,Health technology
TW,Tradeweb Markets Inc.,119.47,USD,,0.4371584699453518,0,28152854532,USD,31.607492459918515,119974282.87,USD,3229535978.24,USD,2026-04-29,75.06118664352176,2.4744493686565816,Investment banks/Brokers,Finance
DXCM,"DexCom, Inc.",73.08,USD,0.055348000553488666,1.1207970112079735,-0.7177066228790412,28125923040,USD,34.918056285536814,243024909.12,USD,5665591091.16,USD,2026-04-23,-5.813953488372093,4.159431075828992,Medical specialties,Health technology
IQV,"IQVIA Holdings, Inc.",165.62,USD,,-2.2083136513934867,0,28105712666,USD,21.078487521158667,427605665.76,USD,8206680178.06,USD,2026-04-23,55.2870090634441,6.343010490363503,Biotechnology,Health technology
CNP,"CenterPoint Energy, Inc (Holding Co)",43,USD,0.773921200750465,0.8442776735459648,-0.22744186046511497,28073478027,USD,26.736305415656282,479659410,USD,4086469396,USD,2026-05-05,-9.897610921501707,26.006036217303823,Electric utilities,Utilities
MDB,"MongoDB, Inc.",344.56,USD,-1.6550057602068018,-3.1835679563910153,-0.060947295100992435,28044342611,USD,,476690146,USD,7791229655.28,USD,2026-03-02,95.73414385308621,6.24059438419214,Packaged software,Technology services
HUBB,Hubbell Inc,526.73,USD,0.7368580978426218,0.032285019750849436,0,28001809593.999996,USD,31.6050642025681,269300720.37,USD,5216485303.440001,USD,2026-04-28,-12.26969815758526,-0.6456336528221512,Electrical products,Producer manufacturing
MTD,"Mettler-Toledo International, Inc.",1377.55,USD,,0.07409936579660319,0,27999049991.999996,USD,32.70715162508874,216240911.25,USD,3004207876.7,USD,2026-04-30,31.390435554247727,9.715072074460581,Medical specialties,Health technology
TSCO,Tractor Supply Company,52.96,USD,0.962278675904542,1.924557351809084,0.040785498489424844,27875565338,USD,25.709985921646684,246478805.76,USD,4369098634.56,USD,2026-04-23,-12.288828548066084,4.8204861249288795,Specialty stores,Retail trade
PPL,PPL Corporation,37.44,USD,1.433594806599949,1.271301054909383,-0.2403846153846055,27695834510.999996,USD,23.58128109844429,543556615.68,USD,6038394448.32,USD,2026-04-30,-16.352201257861633,1.563197856185797,Electric utilities,Utilities
ES,Eversource Energy (D/B/A),73.56,USD,0,-0.14931451065562568,1.2173735725937989,27621529902,USD,16.126627789713684,350118897.72,USD,3219435787.2000003,USD,2026-05-06,14.625804994708188,4.644160683097224,Electric utilities,Utilities
PAAS,Pan American Silver Corp.,64.7,USD,0.1338016663943758,5.70168273157981,0.40185471406490086,27295893845.457726,USD,25.414535826089473,701277477,USD,8210916996.900001,USD,2026-05-13,174.99632888247643,41.705961722039305,Precious metals,Non-energy minerals
ON,ON Semiconductor Corporation,69.11,USD,-0.6755764429431752,1.4980173300044,-0.1591665460859491,27230759644,USD,207.04014379868184,364383857.2,USD,10591970614.789999,USD,2026-05-04,-28.705882352941174,-1.341156747694887,Semiconductors,Electronic technology
ZM,"Zoom Communications, Inc.",90.29,USD,-0.8355321020228573,-0.7365875109938297,1.7390630191604826,26734958267.000004,USD,17.54328016010259,276414347.74,USD,5036391639.59,USD,2026-02-25,70.91095172229163,1.035796938451086,Packaged software,Technology services
CW,Curtiss-Wright Corporation,707.45,USD,,0.6974592555690117,0,26083349252.999996,USD,54.96379513953633,172326330.60000002,USD,2775641165.25,USD,2026-05-06,9.74589848756729,8.95233383572834,Aerospace & defense,Electronic technology
RPRX,Royalty Pharma plc,45.12,USD,,0.022168033695406805,0,26030026987,USD,25.339773110187576,156350455.67999998,USD,2538529212.48,USD,2026-05-07,-25.75038946349452,2.085867015925067,Pharmaceuticals: major,Health technology
FSLR,"First Solar, Inc.",241.88,USD,-1.1487355336476668,3.6776682383197525,-0.05787994046634131,25955694302,USD,18.572152520769666,678303116.48,USD,8187321379.08,USD,2026-02-24,33.36814208992945,45.3608829989883,Semiconductors,Electronic technology
GFS,GlobalFoundries Inc.,46.19,USD,-0.5721830985915449,1.6505281690140847,0.4546438623078607,25666937037,USD,29.13460325469913,115662069.5,USD,2669020881.18,USD,2026-05-12,-19.758064516129032,8.412322274881516,Semiconductors,Electronic technology
WSM,"Williams-Sonoma, Inc.",214.86,USD,,1.9163267242197233,0,25650140372,USD,23.62189142241474,259125027.48000002,USD,3077100086.34,USD,2026-03-18,-2.4115171149045493,2.507349898734729,Specialty stores,Retail trade
LPLA,LPL Financial Holdings Inc.,319.22,USD,-0.8111734569407247,-2.6530861185655,0,25549611763.000004,USD,28.987849839269177,292922975.62,USD,6309241566.320001,USD,2026-04-23,,8.358851549557478,Investment banks/Brokers,Finance
ZS,"Zscaler, Inc.",159.75,USD,-1.1775844724539968,-5.467779158530096,0.08137715179968416,25475525265,USD,,522080253,USD,6159221156.25,USD,2026-02-26,33.923085675275914,9.577796130840653,Packaged software,Technology services
FIS,"Fidelity National Information Services, Inc.",49.13,USD,-0.20408163265306412,0.2653061224489848,-1.0608589456543869,25442008836,USD,154.74015748031496,164811203.22,USD,4220071953.9,USD,2026-02-24,,3.8608562691131496,Packaged software,Technology services
AWK,"American Water Works Company, Inc.",129.37,USD,0.03045066991473206,-1.5149208282582285,0.17778464868206675,25254145875,USD,22.706848738020852,301827972.2,USD,3898810106.15,USD,2026-05-06,-37.203166226912934,-12.405237767057201,Water utilities,Utilities
VRSK,"Verisk Analytics, Inc.",182.5,USD,,-0.7558866713796217,0,25174395751.999996,USD,28.154456117616206,289104090,USD,7856531012.5,USD,2026-05-05,-12.549889135254988,1.3666536509176102,Data processing services,Technology services
CASY,"Caseys General Stores, Inc.",667.22,USD,0.004524136266980247,0.6198066685768596,0,24731797736,USD,41.034692710287274,158526134.24,USD,3249641632.4,USD,2026-03-09,-4.187968702839497,-1.3361196346220123,Specialty stores,Retail trade
NBIS,Nebius Group N.V.,97.92,USD,-1.0315026484527454,-9.00473933649289,-0.728247549019605,24647485538,USD,,1693226079.3600001,USD,20933849819.52,USD,2026-04-29,-108.69565217391468,55.852156057495996,Packaged software,Technology services
STE,STERIS plc (Ireland),250.65,USD,0,-0.2110040608328693,0,24582503122.999996,USD,34.678122276179806,272287862.55,USD,3934295641.8,USD,2026-05-20,0.5211047420531527,2.4583989591179893,Medical specialties,Health technology
PSTG,"Pure Storage, Inc.",73.93,USD,-0.6658513384970908,0.4620192961000182,0.013526308670351555,24409591026,USD,195.168954593453,183742590.87,USD,3421048131.2900004,USD,2026-02-25,16.316482023855002,12.015186956592435,Computer peripherals,Electronic technology
RGLD,"Royal Gold, Inc.",285.54,USD,0.44889248657002995,5.062918537052045,0.3392519436856327,24216677927,USD,41.85146642824688,305843892.78000003,USD,3891494453.76,USD,2026-05-06,-26.188260896991107,48.89751971690179,Precious metals,Non-energy minerals
FLEX,Flex Ltd.,65.68,USD,-0.7679311933650744,0.8754415604361963,-0.2436053593179214,24148825161,USD,29.400179051029546,270970918.64000005,USD,4455692580.160001,USD,2026-05-13,20.100502512562816,3.7330981775426224,Electronic production equipment,Electronic technology
BCE,"BCE, Inc.",25.8,USD,0.5475166210402838,0.8994915917090358,0.6976744186046501,24059166724.93058,USD,,60074242.2,USD,1442580916.2,USD,2026-04-30,-86.7304308345502,7.372723500880231,Major telecommunications,Communications
Q,"Qnity Electronics, Inc.",113.46,USD,-0.9037745879851109,0.531632110579474,0.03525471531817932,23765692273,USD,,250685785.44,USD,3951255505.62,USD,2026-02-26,12.23404255319149,9.05982905982906,Electronic equipment/Instruments,Electronic technology
BRO,"Brown & Brown, Inc.",69.59,USD,0.5473926822241363,0.24488619994238214,0,23689829611.000004,USD,21.793185519228363,168041339.06,USD,4150897917.7200003,USD,2026-04-27,16,0.062266500622665005,Insurance brokers/Services,Finance
WWD,"Woodward, Inc.",394.03,USD,,0.7955591936969091,0.23094688221709644,23490440243,USD,49.6215698867858,108952841.27,USD,4962040673.589999,USD,2026-05-04,-2.8367351387486104,0.11956626583499454,Industrial machinery,Producer manufacturing
LH,Labcorp Holdings Inc.,282.67,USD,0,0.06726139903709917,0,23433344544,USD,27.025709177478415,313877898.68,USD,3246792281.86,USD,2026-05-05,-36.92072003063961,-1.3385716290164165,Medical/Nursing services,Health services
CMS,CMS Energy Corporation,75.86,USD,,0.01318391562294676,0.013182177695762083,23245089542.000004,USD,21.536452418805357,329975524.56,USD,3851701454.18,USD,2026-04-23,4.332129963898916,10.489856506679862,Electric utilities,Utilities
VLTO,Veralto Corp,93.08,USD,,-0.9576505639497825,-0.6231198968629118,23111517609,USD,24.783662166839736,254137999.44,USD,3830333404.56,USD,2026-04-28,6.2761506276150625,-0.5698005698005698,Industrial machinery,Producer manufacturing
HUM,Humana Inc.,189.83,USD,-0.020997375328079812,-0.3517060367454003,0.0368750987725824,22892733235.000004,USD,19.35421382108848,300403507.21000004,USD,7132282699.01,USD,2026-04-29,-508.2051282051282,-0.4104260467395632,Managed health care,Health services
CHRW,"C.H. Robinson Worldwide, Inc.",190.06,USD,-0.6371834332307397,2.629731626977701,0.021045985478265833,22545075486.999996,USD,39.32465705240943,442254035.08,USD,10051930531.76,USD,2026-04-29,-16.360814052654508,-5.4198778489699535,Air freight/Couriers,Transportation
DGX,Quest Diagnostics Incorporated,202.41,USD,,-0.014819205690575548,0,22516567097,USD,23.118832236842103,129965639.31,USD,3618275897.34,USD,2026-04-28,0.823045267489712,-0.35511363636363635,Services to the health industry,Health services
CRDO,Credo Technology Group Holding Ltd,124.06,USD,-2.0205112505739984,-5.051278126435018,0.3466064807351222,22409169981,USD,108.29259776536314,645294368.2,USD,13516157857.36,USD,2026-03-02,30.34274988564488,20.15160888315088,Information technology services,Technology services
MTZ,"MasTec, Inc.",283.86,USD,0.6131852980661071,2.9933601828670944,0,22396817490.000004,USD,67.49251034285986,310951882.26,USD,3662186862.2400002,USD,2026-02-26,87.32364806566704,11.911936254215796,Engineering & construction,Industrial services
LDOS,"Leidos Holdings, Inc.",173.5,USD,,-1.5714528847790379,0,21929130836,USD,15.579261174864861,162523696,USD,2927939502,USD,2026-05-05,-10.899182561307901,-5.8626090848064445,Packaged software,Technology services
ALAB,"Astera Labs, Inc.",129.68,USD,-1.6890363444427756,-2.2168602020811323,0.0385564466378647,21903418937,USD,106.39100828615965,472606570.08000004,USD,12370584599.76,USD,2026-05-12,-50.631077551199596,17.351404098449528,Semiconductors,Electronic technology
DOW,Dow Inc.,30.52,USD,-1.592863969417012,-2.7715833067856037,0.3276539973787727,21899139767,USD,,547073533.16,USD,6105754075.96,USD,2026-04-23,-2675,-5.143888498947157,Chemicals: specialty,Process industries
ATI,ATI Inc.,158.87,USD,-0.032713949227958235,3.945302276890867,0.00623151003964725,21584659433.000004,USD,55.6989096518599,517880930.86,USD,5930693357.6,USD,2026-04-30,-12.181818181818182,4.584629053753887,Other metals/Minerals,Non-energy minerals
CNC,Centene Corporation,43.24,USD,-0.5952380952380907,-1.0073260073260022,-1.6882516188714245,21264178697,USD,,217484746.88,USD,4198148769.28,USD,2026-04-28,83.39616950686171,0.07043670758703964,Managed health care,Health services
TU,Telus Corporation,13.59,USD,,0.5177514792899429,0.07358351729212499,21213990695.930683,USD,25.712944846244156,49323464.46,USD,1254318417.99,USD,2026-05-01,-39.92937334380491,4.683206041825059,Wireless telecommunications,Communications
CSGP,"CoStar Group, Inc.",49.87,USD,2.2009374363154643,1.6303240269003407,0,21136041807,USD,970.2334630350193,394063115.09,USD,5524543244.3,USD,2026-02-24,-598.3870967741935,6.693971585818508,Internet software/Services,Technology services
EXPD,"Expeditors International of Washington, Inc.",156.3,USD,,3.7159920371599355,0,20947472559,USD,25.441523561487752,398119388.70000005,USD,4449534333,USD,2026-02-24,21.071611448244305,9.15824027059997,Air freight/Couriers,Transportation
RCI,"Rogers Communication, Inc.",38.41,USD,,0.4971219256933483,0,20819123434.05082,USD,4.122140546173084,25041629.959999997,USD,569456250.89,USD,2026-04-29,-86.90380338541289,17.04712458566241,Wireless telecommunications,Communications
BR,"Broadridge Financial Solutions, Inc.",177.02,USD,,0.45967879235003817,0,20666858605.000004,USD,19.59421316538083,195408837.60000002,USD,4718284707.280001,USD,2026-05-05,72.0677146311971,7.833144582861457,Information technology services,Technology services
DD,"DuPont de Nemours, Inc.",50.41,USD,-1.015127388535042,0.3383757961783332,-0.019837333862324957,20613851652,USD,,245259520.95,USD,4095265652.3199997,USD,2026-05-05,-2.4390243902439024,-44.88932291666667,Chemicals: major diversified,Process industries
ENTG,"Entegris, Inc.",134.49,USD,-0.505012436873436,1.3718248285219128,-0.014870994125964926,20442480835,USD,86.86301104437125,312789983.01000005,USD,6942260559.42,USD,2026-04-28,-29.929078014184395,2.0815264527320037,Industrial machinery,Producer manufacturing
UTHR,United Therapeutics Corporation,473.42,USD,,-1.477565970198944,-0.29994508047822566,20383855517,USD,17.942770513549366,129832121.06,USD,1943289208.38,USD,2026-02-25,9.434571890145396,0.11269722013523666,Biotechnology,Health technology
NTAP,"NetApp, Inc.",102.48,USD,0.3641732283464612,0.8661417322834741,0.4293520686963288,20297225180.000004,USD,17.835946882016117,186441249.12,USD,3261505934.4,USD,2026-02-26,30.90128755364807,9.441233140655106,Computer peripherals,Electronic technology
INCY,Incyte Corporation,101.32,USD,,-0.40302762213703996,-0.8093170153967562,20164147113,USD,15.8228441140644,152928861.79999998,USD,2859843729.9199996,USD,2026-05-05,-29.44345296332358,10.3116443871799,Pharmaceuticals: major,Health technology
TEAM,Atlassian Corporation,75.98,USD,-0.9344629952653875,-5.332668826314479,-0.039484074756516364,20110326913,USD,,726750067.64,USD,8628052426.220001,USD,2026-04-30,17.784846732855744,10.733424870678187,Packaged software,Technology services
AGI,Alamos Gold Inc.,47.84,USD,-0.1308329699084219,4.317488006977767,-0.18812709030101046,20087098328.08421,USD,22.577578286289697,216317553.92000002,USD,3453708718.7200003,USD,2026-04-29,61.634935612660435,27.79009482332968,Precious metals,Non-energy minerals
SNA,Snap-On Incorporated,385.88,USD,,0.5236147654153726,0,20032235103,USD,20.10692289254562,113869715.08,USD,2399801611.68,USD,2026-04-16,-1.7709118311981804,3.7154578527749824,Tools & hardware,Consumer durables
THC,Tenet Healthcare Corporation,229.9,USD,,0.7979656260961036,0,19992792580.000004,USD,14.84192925712884,233272173.20000002,USD,4527270345.400001,USD,2026-05-05,8.47953216374269,4.499905464170921,Hospital/Nursing management,Health services
ALB,Albemarle Corporation,168.42,USD,-1.7279258951368663,0.005937889674004456,0.0029093931837196026,19847828807.999996,USD,,313427093.7,USD,6350554329.839999,USD,2026-05-06,-157.74391078696155,9.19095692173824,Chemicals: specialty,Process industries
VRSN,"VeriSign, Inc.",215.91,USD,-0.1661896408457269,-0.3277629027790638,0,19798946677,USD,24.510160063571348,108850378.77,USD,3047756196.24,USD,2026-04-23,-3.101503759398496,1.4793605344786447,Internet software/Services,Technology services
EXAS,Exact Sciences Corporation,103.43,USD,,0.13554071062058337,0,19743568043.999996,USD,,280144499.06,USD,3317598028.8300004,USD,2026-05-13,-338.6802082270083,3.2491751289173294,Medical specialties,Health technology
RVMD,"Revolution Medicines, Inc.",101.83,USD,-0.7202647459606725,-0.8857309713840731,-0.07856230973190445,19685756500,USD,,172561525.32,USD,2708083109.14,USD,2026-02-25,-23.17272496135794,,Pharmaceuticals: other,Health technology
ZBH,"Zimmer Biomet Holdings, Inc.",98.75,USD,-0.7455919395465943,-0.5037783375314862,0,19570429478,USD,27.843568488129474,176401173.75,USD,3647535761.25,USD,2026-05-05,-39.62754439151148,12.111521934645749,Medical specialties,Health technology
FN,Fabrinet,546.13,USD,-0.6578051106397159,6.2861257614385995,0.5126984417629419,19565718255,USD,52.36999319160362,422404794.63,USD,6224944840.92,USD,2026-05-11,17.411337906303217,15.822060098473468,Semiconductors,Electronic technology
LII,"Lennox International, Inc.",561.01,USD,,1.942506178223568,0.08734247161369835,19524780795.000004,USD,25.234119880173804,205502451.07999998,USD,4335706317.94,USD,2026-04-27,-42.0260374288039,-16.24614522007289,Industrial machinery,Producer manufacturing
MRNA,"Moderna, Inc.",49.87,USD,-1.0261569416499094,0.34205231388328894,0.10026067776219022,19485884816.000004,USD,,450125273.51,USD,7741006716.92,USD,2026-04-30,-313,-33.267716535433074,Biotechnology,Health technology
ROIV,Roivant Sciences Ltd.,27.15,USD,-2.0857558139534813,-1.3444767441860501,-0.5524861878452987,19431284886.000004,USD,,127058416.19999999,USD,3158524246.2,USD,2026-07-01,-134.22598860102715,27.243793761935077,Pharmaceuticals: major,Health technology
APG,APi Group Corporation,44.64,USD,1.328529610448105,0.5179013735645215,1.0304659498207904,19424117327,USD,122.87365813377374,81349614.72,USD,1445116524.48,USD,2026-02-25,20.77922077922078,4.773869346733668,Engineering & construction,Industrial services
SMCI,"Super Micro Computer, Inc.",32.42,USD,-2.332089552238795,0.808457711442802,-0.4318322023442337,19419236578,USD,24.07544927966731,844824221.12,USD,17144318204.640001,USD,2026-05-05,138.02715631220846,152.75053360144605,Computer processing hardware,Electronic technology
CRS,Carpenter Technology Corporation,389.73,USD,-0.7760820876087343,1.4974738267618104,0,19412342366,USD,45.26901454258236,410424273.27000004,USD,5106338723.31,USD,2026-04-23,-14.122448979591837,-0.7768842851301622,Other metals/Minerals,Non-energy minerals
RBA,"RB Global, Inc.",103.37,USD,,-0.30861220947053064,0,19194981599.42812,USD,49.57316578687126,175731584.25,USD,2938879494.9700003,USD,2026-05-07,17.313526697159425,13.093013334078371,Internet software/Services,Technology services
RIVN,"Rivian Automotive, Inc.",15.27,USD,-1.4868505452212943,-2.052597819114819,-0.3274394237066073,18949914364,USD,,318517174.32,USD,8051728851.57,USD,2026-05-12,30.861040068201195,-17.458279845956355,Motor vehicles,Consumer durables
NVT,nVent Electric plc,116.87,USD,0.10266940451745768,-0.008555783709780036,0.008556515786763844,18901322630,USD,27.359771514186722,227576042.46,USD,4707680556.41,USD,2026-04-24,-4.376548307184145,1.2049335863377608,Electronic components,Electronic technology
BWXT,"BWX Technologies, Inc.",206.44,USD,-0.27263595924809547,-1.257951882144734,0,18874136956,USD,61.74183514774494,170115230.48,USD,2517791785.6,USD,2026-02-23,4.743072919324386,13.422845150926822,Aerospace & defense,Electronic technology
DKS,Dick's Sporting Goods Inc,206.23,USD,,1.7214165926802705,-0.1115259661542888,18554362096,USD,16.58197314464903,223593122.39,USD,3048634571.16,USD,2026-03-12,-80.28012438319672,14.291523977298404,Specialty stores,Retail trade
FTV,Fortive Corporation,58.28,USD,,0.7258900795022498,0.49759780370624423,18510405601,USD,33.66062146240037,171746497.6,USD,4746257285.32,USD,2026-04-23,237.63636363636365,9.28828741115764,Electronic equipment/Instruments,Electronic technology
EVRG,"Evergy, Inc.",80.26,USD,,0.9178926191374374,-1.183653127336161,18482401784,USD,21.870401656766038,197184132.42000002,USD,2623008281.1400003,USD,2026-05-01,-82.25263157894737,-26.04265270894816,Electric utilities,Utilities
PTC,PTC Inc.,155.16,USD,,0.49548236665694245,0,18463437892.999996,USD,22.660357518401682,139761456.12,USD,3391608459.96,USD,2026-04-29,-53.07078359092292,-23.2681990836825,Packaged software,Technology services
SN,"SharkNinja, Inc.",130.64,USD,0.29846057178762936,2.6076028903550057,-0.4898958971218512,18439390586,USD,26.441597344505837,195043429.76,USD,3162000892.64,USD,2026-05-07,35.22670071902039,28.903351653744245,Electronics/Appliances,Consumer durables
VTRS,Viatris Inc.,15.92,USD,-0.5006257822277852,-0.37546933667084165,-0.43969849246231335,18336176855.000004,USD,,149224910.08,USD,2419345222.32,USD,2026-02-26,-2686.95652173913,5.04272072373932,Pharmaceuticals: major,Health technology
MGA,"Magna International, Inc.",64.92,USD,,-2.624868756562172,0,18295380554.022957,USD,21.78993304287876,198686621.28,USD,2760491884.8,USD,2026-05-01,-100.33668740663806,6.4784382621800525,Auto parts: OEM,Producer manufacturing
MTSI,"MACOM Technology Solutions Holdings, Inc.",243.59,USD,-0.6431398416886552,0.42463720316622733,0,18272165624.000004,USD,114.5228020686413,194095678.67000002,USD,5212130794.14,USD,2026-04-30,8.082890070921986,3.998162116629004,Semiconductors,Electronic technology
LNT,Alliant Energy Corporation,71.01,USD,0.714183688044565,1.42836737608913,0,18253375895,USD,22.592345136966692,285108984.54,USD,3011236000.02,USD,2026-04-30,-49.46619217081851,-12.066115702479339,Electric utilities,Utilities
LYB,LyondellBasell Industries NV,56.67,USD,-1.48201698897524,2.4218326405205195,-1.5352038115405056,18240539788.999996,USD,,685721507.52,USD,5373010604.190001,USD,2026-04-24,84.17508417508418,-8.230878736896596,Chemicals: specialty,Process industries
ILMN,"Illumina, Inc.",117.67,USD,-3.3333333333333335,-1.941666666666665,0,17991742001.999996,USD,21.53708177758255,248772501.18,USD,4328473299.5,USD,2026-04-28,122.66666666666666,7.109879963065559,Medical specialties,Health technology
BIP,Brookfield Infrastructure Partners LP Limited Partnership,38.53,USD,,1.1286089238845136,0,17801723680,USD,42.86826880284824,25097786.990000002,USD,440735923.69,USD,2026-05-06,4.285714285714286,5.506276150627615,Alternative power generation,Utilities
ITT,ITT Inc.,206.47,USD,-0.4013312451057132,1.0522709475332839,0,17764682245,USD,33.794909567067684,125925846.53,USD,3472015211.72,USD,2026-04-30,3.7825059101654728,5.494945450905815,Auto parts: OEM,Producer manufacturing
NXT,Nextpower Inc.,119.34,USD,0.7324429125377067,2.8349849202929827,0.36031506619741294,17719106839,USD,30.48898880997394,152457924.06,USD,3236282049.78,USD,2026-05-20,-10.63931200250578,0.4511371218246972,Electronic equipment/Instruments,Electronic technology
RBC,RBC Bearings Incorporated,559.18,USD,-0.43523992600920847,1.4072757607631192,-0.03218999248899281,17680690567,USD,65.76112522344529,77748387.19999999,USD,1890941540.9399998,USD,2026-05-15,12.333333333333334,1.3837030529321326,Metal fabrication,Producer manufacturing
TXT,Textron Inc.,100.77,USD,0.4342118549934289,1.7570433202059932,-0.009923588369545405,17550349004.999996,USD,19.708971425218564,176723875.95,USD,2924937524.52,USD,2026-04-23,0.4273504273504274,15.907828983897835,Aerospace & defense,Electronic technology
TLN,Talen Energy Corporation,382.25,USD,0.7735620691469762,0.576224806609482,0,17464172277,USD,83.03645131859061,232112138.5,USD,4904108101.75,USD,2026-02-26,187.5,69.39953810623557,Alternative power generation,Utilities
SSNC,"SS&C Technologies Holdings, Inc.",71.38,USD,,0.014011489421312742,0,17418675483,USD,22.632296521766698,155497761,USD,3341014135.8799996,USD,2026-04-23,-8.047619047619047,5.45280612244898,Information technology services,Technology services
MKSI,MKS Inc.,259.27,USD,-0.8350730688935332,4.091055082704339,0.08871061056042666,17415030178,USD,59.43015632879476,505655058.80999994,USD,7598549043.249999,USD,2026-04-28,45.94594594594595,4.554655870445344,Industrial machinery,Producer manufacturing
WST,"West Pharmaceutical Services, Inc.",241.12,USD,,-1.1114300947381406,0,17365821800.000004,USD,35.49275042319865,206420661.92000002,USD,4076819345.28,USD,2026-04-23,-5.642857142857142,0.21136391893572049,Medical specialties,Health technology
HII,"Huntington Ingalls Industries, Inc.",437.57,USD,-0.370086203005819,-1.2569391163063577,-0.03885092670887307,17171422937,USD,28.478359908883824,222848275.02,USD,4064340502.95,USD,2026-04-30,9.655172413793103,8.897243107769423,Aerospace & defense,Electronic technology
TWLO,Twilio Inc.,113.14,USD,-0.9643114635904769,1.964671953857252,-0.1237404984974373,17153473030.000002,USD,574.0233384069,245772438.04,USD,5541170435.92,USD,2026-04-30,-223.10459621993127,5.039057153095735,Packaged software,Technology services
CHKP,Check Point Software Technologies Ltd.,159.04,USD,-0.12574662055958316,-0.006287331027990775,0,17073694117.999998,USD,16.50408866381636,248031150.07999998,USD,3965243965.7599998,USD,2026-04-29,-15.110119877232513,9.948339483527416,Internet software/Services,Technology services
HPQ,HP Inc.,18.59,USD,0.4362050163576982,1.3631406761177753,-0.10758472296933606,17065331941,USD,7.0058413416242695,356888347.53,USD,5489486831.4,USD,2026-02-24,4.193971166448231,4.285916690280533,Information technology services,Technology services
PODD,Insulet Corporation,241.89,USD,-1.6459253311922901,-2.894419911682059,0,17028052387.999996,USD,69.09760904961864,337738428.71999997,USD,3933207595.35,USD,2026-04-30,15.981735159817351,10.97267450092029,Medical specialties,Health technology
WSO.B,"Watsco, Inc.",419.25,USD,,7.792975780326016,,16994123788.423613,USD,34.622721754713396,49052.25,USD,70853.25,USD,2026-04-16,-57.74650688018666,-23.62103623358434,Building products,Producer manufacturing
APTV,Aptiv PLC,79.57,USD,,-1.1061396967437245,0,16928391164.000002,USD,63.18087978402413,145325295.31,USD,2416030140.1699996,USD,2026-04-30,-190.33078880407123,0.07680491551459294,Electrical products,Producer manufacturing
HOLX,"Hologic, Inc.",75.43,USD,,0.38594623369710707,-0.013257324671887996,16839363144,USD,31.298755186721994,206706109.10000002,USD,2980356593.65,USD,2026-04-30,-4.378003203416978,-0.16198189614101952,Medical specialties,Health technology
CSL,Carlisle Companies Incorporated,409.02,USD,,0.33607261130872185,0,16722318158.999998,USD,23.734557334431994,190654856.51999998,USD,3748112441.8199997,USD,2026-04-23,-37.58798686062882,-16.27440789962135,Building products,Producer manufacturing
PNR,Pentair plc.,102.03,USD,,1.5425955414012709,0,16696380431.000004,USD,25.804901489668428,145099107.66,USD,3450419114.76,USD,2026-04-28,-9.875203472599022,-0.14677103718199608,Industrial machinery,Producer manufacturing
RS,"Reliance, Inc.",319.01,USD,-1.6499633341481232,-2.526888291371298,-0.0031346979718475613,16680065029.000002,USD,22.845991334550792,158481296.91,USD,1964840011.8,USD,2026-04-22,-38.522427440633244,-4.179447852760736,Steel,Non-energy minerals
WSO,"Watsco, Inc.",409.93,USD,,0.09034085359898539,0,16627691161,USD,33.85305266287338,135690929.3,USD,2747475068.79,USD,2026-04-16,-57.74650688018666,-23.62103623358434,Building products,Producer manufacturing
COO,"The Cooper Companies, Inc.",84.07,USD,0,0.4660611854684349,-0.04757939812060431,16475872699,USD,44.86365334329473,116822747.22999999,USD,2041323342.3799999,USD,2026-03-05,-13.936927772126145,0.4621333584834481,Medical specialties,Health technology
KTOS,"Kratos Defense & Security Solutions, Inc.",96.08,USD,0.6151225513390663,-9.075423488218041,0.6973355537052475,16365226254,USD,782.4104234527687,445006433.92,USD,4556788369.84,USD,2026-02-23,200,-1.1095305832147937,Aerospace & defense,Electronic technology
CDW,CDW Corporation,124.64,USD,-0.958363533864861,0.37851332850124736,0,16227336368,USD,15.423833683950008,220969145.76,USD,3815394924.8,USD,2026-05-06,-3.951890034364261,-3.9460382751769094,Information technology services,Technology services
J,Jacobs Solutions Inc.,137.93,USD,,-0.9905965113775,0.05800043500325098,16199423668.000002,USD,37.85541771873971,73367035.95,USD,2460936439.3900003,USD,2026-05-12,20.272698541694883,4.38116920859,Data processing services,Technology services
NDSN,Nordson Corporation,290.17,USD,,-1.2792161398972512,0,16186726812,USD,31.362270595101705,177075952.33,USD,2045673835.5500002,USD,2026-05-25,-12.036878272682907,-10.954616796573648,Industrial machinery,Producer manufacturing
HL,Hecla Mining Company,24.02,USD,2.369460289600698,5.397103992979379,0.12489592006661589,16101802322.000002,USD,49.60760016522098,802475052.4,USD,8167417482.139999,USD,2026-05-13,33.44022397394913,9.417593311552904,Precious metals,Non-energy minerals
TRMB,Trimble Inc.,67.62,USD,-0.7271108473067145,0.34129692832765096,0,16088216965,USD,38.486055776892435,99584109.24000001,USD,2527621940.76,USD,2026-05-06,40.44843049327354,7.6120727918331115,Packaged software,Technology services
TOST,"Toast, Inc.",27.07,USD,-0.7235890014471754,-2.0622286541244583,0.09974141115626532,15971299820,USD,49.59692194943203,241859973.91,USD,6355553612.6,USD,2026-05-07,-3.8095238095238098,0,Packaged software,Technology services
CDE,"Coeur Mining, Inc.",24.63,USD,-0.24937655860348598,2.3690773067331685,0.27568006496143577,15814861727.999998,USD,26.75429067999131,789849051.51,USD,8785255020.63,USD,2026-05-06,-19.434158846280695,22.15809439086395,Precious metals,Non-energy minerals
GIB,CGI Inc.,74.32,USD,,0.8002170080021553,0,15793783457.578793,USD,13.677464675361787,53978021.44,USD,691534148.0799999,USD,2026-04-29,17.54796759202972,3.0508372339169574,Information technology services,Technology services
LECO,"Lincoln Electric Holdings, Inc.",286.13,USD,,-0.6906844370401254,0,15744640137.000002,USD,30.717782453729548,53508312.91,USD,2264920385.52,USD,2026-04-23,10.922464689956616,1.7809291968599146,Industrial machinery,Producer manufacturing
FFIV,"F5, Inc.",278.39,USD,,-0.2865432142985105,0,15734400917.999998,USD,23.045911356148277,190806557.26999998,USD,2607492330.31,USD,2026-05-04,-5.479991390759766,1.5276080435507167,Packaged software,Technology services
AA,Alcoa Corporation,60.49,USD,-1.0232869827441742,1.3402579996649426,0.01653165812530668,15664733990.999998,USD,13.510374556094076,412445802.37,USD,6398479039.320001,USD,2026-04-22,-2.586206896551724,18.563080096253007,Aluminum,Non-energy minerals
WMG,Warner Music Group Corp.,29.89,USD,,2.32796987333105,0,15612926974,USD,51.668107173725154,50546142.08,USD,1425011967.1200001,USD,2026-05-12,61.111111111111114,-1.4989293361884368,Commercial printing/Forms,Commercial services
EMA,Emera Incorporated,51.31,USD,,0.2344207853096397,0,15482561915.039047,USD,19.360206854999866,22404357.57,USD,298456262.37,USD,2026-02-23,56.786576255602824,2.0504342492089425,Electric utilities,Utilities
IOT,Samsara Inc.,26.79,USD,-1.4179104477611904,-0.03731343283582673,-0.33594624860022343,15457938598,USD,,113868805.38,USD,3912748162.77,USD,2026-03-05,,6.257024624501891,Packaged software,Technology services
IEX,IDEX Corporation,207.48,USD,,-0.18281535648995662,0,15425686225.999998,USD,32.32984293193717,125768774.03999999,USD,3486341629.68,USD,2026-04-28,0.3912363067292761,2.321611471491977,Industrial machinery,Producer manufacturing
GGG,Graco Inc.,93.09,USD,,0.07525263384219243,0,15391341984.999998,USD,30.177975167763478,80892975.84,USD,1518973361.04,USD,2026-04-29,-3.7354317435405586,9.16486000022085,Industrial machinery,Producer manufacturing
PFGC,Performance Food Group Company,97.86,USD,-1.8605602126354461,0.04089143324474163,0,15373705153.999998,USD,44.43536302956,128960103.72,USD,5386527649.86,USD,2026-05-13,-34.08119658119658,-3.696437669463992,Other transportation,Transportation
MAS,Masco Corporation,75.15,USD,,0.1065672039430032,-0.06653359946774633,15301071691,USD,19.49770386321771,232428278.70000002,USD,3692194123.9500003,USD,2026-04-29,-12.698412698412698,-6.4684402712571725,Building products,Producer manufacturing
CRCL,"Circle Internet Group, Inc.",63.02,USD,0.565245478036178,1.7764857881136975,0.4460488733735243,14839671355,USD,,596709911.6,USD,10070486093.12,USD,2026-02-25,,12.412054498099009,Packaged software,Technology services
RPM,RPM International Inc.,115.57,USD,,0.9697710990739119,0.15574976204898056,14801706714,USD,22.25795890067985,101395801.78,USD,1707078344.79,USD,2026-04-08,-29.205187014820044,-9.643934953303217,Industrial specialties,Process industries
RGA,"Reinsurance Group of America, Incorporated",223.88,USD,,0.4757203123597533,0,14712014074.999998,USD,12.647658646540085,79188594.8,USD,1715090501.04,USD,2026-04-30,83.00395256916995,7.238433016282444,Life/Health insurance,Finance
JLL,Jones Lang LaSalle Incorporated,314,USD,,0.09882367942873611,0,14711361877,USD,19.128029873840287,214767522,USD,3928843360,USD,2026-05-11,80.29622980251347,16.86993118702384,Real estate development,Finance
BLD,TopBuild Corp.,518.92,USD,,-0.7003712350262317,0,14566939904.999998,USD,26.349275664038103,177834402.92,USD,2253518554.2799997,USD,2026-02-26,-6.184614978694213,7.380513225266166,Engineering & construction,Industrial services
RGC,Regencell Bioscience Holdings Limited,29.17,USD,1.6138673042438707,-12.82127913927077,0.03428179636612276,14424241006,USD,,4681843.34,USD,61856706.03,USD,,,,Pharmaceuticals: major,Health technology
UHS,"Universal Health Services, Inc.",230.49,USD,,0.21304347826087353,0,14398707831.000002,USD,10.952557449962937,180554802.48000002,USD,2268898153.4700003,USD,2026-02-25,5.588333550385315,4.935529443841659,Hospital/Nursing management,Health services
TSEM,Tower Semiconductor Ltd.,128.47,USD,-1.4698871762275498,2.073732718894009,0.10119093951895029,14357373404.999998,USD,66.31394208434419,177370306.92,USD,5003438869.2,USD,2026-05-18,49.37459222696993,11.256688073776186,Semiconductors,Electronic technology
RRX,Regal Rexnord Corporation,215.36,USD,,0.7720743063029365,0,14297679657.000002,USD,51.2603241853712,189166624.64000002,USD,4931468339.200001,USD,2026-05-11,-20.22613065326633,1.7501670006680026,Electrical products,Producer manufacturing
CRBG,Corebridge Financial Inc.,29.66,USD,,-1.363485201197207,0,14286804109,USD,,93950600.76,USD,1866569852.82,USD,2026-05-12,465.27777777777777,31.153388822829964,Life/Health insurance,Finance
SWK,"Stanley Black & Decker, Inc.",91.96,USD,,2.622475170181893,0,14243221147,USD,34.75960084668884,296269831,USD,3140761101.72,USD,2026-04-30,207.7821011673152,-1.900958466453674,Tools & hardware,Consumer durables
NVMI,Nova Ltd.,441.24,USD,-0.03840332527616869,-0.32303973614656667,0.13598041881968223,14023918402.999998,USD,55.265531062124246,148886289.48,USD,2877670207.2000003,USD,2026-05-07,5.319027694318985,-0.8833167115868195,Electronic equipment/Instruments,Electronic technology
ALLE,Allegion plc,162.14,USD,-0.142653352353774,0.5644110897475635,0,13967628872.999998,USD,21.795940314558408,144426691.42,USD,2279089779.12,USD,2026-04-23,-21.709129511898247,-3.457297701636127,Tools & hardware,Consumer durables
NWS,News Corporation,26.55,USD,-0.6491027109583876,1.374570446735393,0,13671631856,USD,34.51189392954634,28990422.900000002,USD,708673741.65,USD,2026-05-07,72.32142857142857,10.167910447761194,Publishing: newspapers,Consumer services
NWSA,News Corporation,23.65,USD,,1.24143835616438,0,13671631856,USD,30.742233199012087,153935579.6,USD,1826447923.3,USD,2026-05-07,72.32142857142857,10.167910447761194,Publishing: newspapers,Consumer services
ALGN,"Align Technology, Inc.",190.02,USD,-1.937697993664211,0.3273495248152083,0,13633933857,USD,33.58074435372707,197133398.70000002,USD,4292970984.1200004,USD,2026-04-29,139.21202403397177,5.209341844666813,Medical specialties,Health technology
TYL,"Tyler Technologies, Inc.",317.01,USD,,-0.7948677828195965,0,13626783090.999998,USD,44.021829695050826,240147121.38,USD,5254157343.059999,USD,2026-04-29,-22.350194921379725,-3.47385962586364,Data processing services,Technology services
FIG,FIGMA INC,26.09,USD,-1.0054137664346403,0.8894044856921903,-0.11690302798006888,13619719358.000002,USD,,1110836539,USD,8229682635.03,USD,2026-06-18,79.34786671102948,10.797197389969106,Packaged software,Technology services
AKAM,"Akamai Technologies, Inc.",94.17,USD,-8.750798430513736,-14.070626882014784,0.12742911755336578,13547788858,USD,30.619411477808487,1485965591.19,USD,7012986805.2,USD,2026-05-07,-39.30798316330171,3.8195386059565797,Data processing services,Technology services
GEN,Gen Digital Inc.,22.35,USD,-1.061772605192486,0.04476275738586197,0,13536585207,USD,23.0578768183225,122900906.7,USD,2584563945.75,USD,2026-05-07,43.28358208955223,1.639344262295082,Packaged software,Technology services
AG,First Majestic Silver Corp.,27.55,USD,1.170298627925743,11.178369652945921,0.25408348457350377,13533355127.346153,USD,80.9435449476714,1021550721.5500001,USD,9837148767.050001,USD,2026-05-13,216.43549314364162,67.12128436046646,Precious metals,Non-energy minerals
GH,"Guardant Health, Inc.",103.1,USD,1.522842639593913,-3.083286332017298,-0.09699321047526123,13523672232.999998,USD,,526043933.9,USD,3330123607.7999997,USD,2026-04-30,-38.57535723914802,6.059669074948328,Medical/Nursing services,Health services
BBY,"Best Buy Co., Inc.",64.48,USD,-1.2066365007541435,-2.745098039215676,0.4187344913151303,13510824627,USD,21.28755364806867,606251663.6800001,USD,3970992030.7200003,USD,2026-03-03,-24.731182795698924,2.479338842975207,Electronics/Appliance stores,Retail trade
IONS,"Ionis Pharmaceuticals, Inc.",83.15,USD,0.006013590715027559,0.006013590715027559,-0.10944076969333515,13468171254.000002,USD,,235520462.55,USD,2288397259.1000004,USD,2026-02-25,-204.0914278314218,-65.33141318750843,Pharmaceuticals: major,Health technology
GNRC,Generac Holdings Inc.,229.19,USD,0.00439618411218662,0.7561436672967858,-0.23561237401282434,13447912939,USD,85.28634689093141,259288835.13,USD,5132550075.38,USD,2026-05-06,-136.9749550339324,-2.0504274677772663,Electrical products,Producer manufacturing
STRL,"Sterling Infrastructure, Inc.",435.5,USD,-0.46491460506347576,4.906896634789104,-0.13318025258323402,13378287248,USD,42.70277690618136,289247777,USD,3303982155.5,USD,2026-02-25,29.717851558648277,12.132609021136984,Engineering & construction,Industrial services
LSCC,Lattice Semiconductor Corporation,97.76,USD,,2.7970557308096855,-0.08183306055646306,13372220093.999998,USD,4484.403669724771,192804227.20000002,USD,3526796603.2000003,USD,2026-05-05,-373.6220472440945,9.331153589453251,Semiconductors,Electronic technology
MLI,"Mueller Industries, Inc.",120.08,USD,,0.8228379513014308,1.2491672218520986,13330517341.000002,USD,17.49111460700344,62042694.24,USD,2005696360.08,USD,2026-04-28,-26.14367465393061,-10.710375719969123,Metal fabrication,Producer manufacturing
PEN,"Penumbra, Inc.",339.36,USD,,-0.3874603733709032,0.10902876001886036,13312980738,USD,81.09929501732586,209815089.12,USD,3973169528.1600003,USD,2026-02-24,1.2834106472277447,4.486603526240591,Medical specialties,Health technology
WMS,"Advanced Drainage Systems, Inc.",170.61,USD,,-0.29803646563814334,0,13289765652,USD,28.359846407021394,119814796.53000002,USD,2070184128.5400002,USD,2026-05-14,-39.989872898466196,-18.4654878225172,Miscellaneous manufacturing,Producer manufacturing
IREN,IREN Limited,39.98,USD,-1.3167013167013175,-7.646107646107652,0.4252126063031558,13263732175.999998,USD,45.80659945004582,1676920880.12,USD,23778858862.879997,USD,2026-05-13,-140.55102274040973,-22.864147036389767,Data processing services,Technology services
AVAV,"AeroVironment, Inc.",264.63,USD,-0.33727411509922556,-6.04963254872724,0.026452027358951434,13211885983,USD,,295509939.33,USD,4773964365.24,USD,2026-03-10,74.61332937509277,3.921913626406496,Aerospace & defense,Electronic technology
EQX,Equinox Gold Corp.,16.81,USD,0.16077738515901252,-1.0011778563015412,1.1302795954788893,13192091256.275175,USD,70.18643203160117,190446743.32,USD,2714412467.74,USD,2026-05-05,136.99921305695878,-14.564249936716084,Precious metals,Non-energy minerals
IAG,Iamgold Corporation,22.2,USD,-0.17881090746536746,-0.759946356727768,-0.2702702702702645,13186819002.820513,USD,19.147173837467264,319728906.59999996,USD,2973477812.4,USD,2026-05-07,199.52378306587735,58.11039760098461,Precious metals,Non-energy minerals
OKTA,"Okta, Inc.",74.29,USD,-0.9779951100244464,-9.180929095354513,-0.25575447570334087,13166434971.999998,USD,68.20602276900479,451246597.67,USD,3134611723.9800005,USD,2026-03-04,-35.82089552238806,1.9230769230769231,Packaged software,Technology services
BBIO,"BridgeBio Pharma, Inc.",68.14,USD,-0.12726244343891885,-3.648190045248866,1.262107425887877,13131178641,USD,,345883954.92,USD,3589496704.54,USD,2026-02-24,-0.4617845774945987,9.166553610998056,Biotechnology,Health technology
ROKU,"Roku, Inc.",89.06,USD,-0.6807275973663647,-0.6137707845106541,-0.06737031214911551,13129917406.000002,USD,154.96780929180443,255915602.14000002,USD,6537924702.28,USD,2026-04-23,224.34709011768498,15.220487048977482,Packaged software,Technology services
SNX,TD SYNNEX Corporation,161.61,USD,,0.1921884686918799,0,13030030703,USD,16.20475283264815,85279334.46000001,USD,1494307633.41,USD,2026-03-31,9.53510204263233,11.023698963013844,Electronics distributors,Distribution services
CACI,"CACI International, Inc.",586.03,USD,0.6427604871447825,-0.8744925575101611,0,12942926473,USD,25.087867255159658,125537588.50999999,USD,2356046296.5299997,USD,2026-04-29,-0.7651630478327057,-2.951797564546256,Information technology services,Technology services
NBIX,"Neurocrine Biosciences, Inc.",128.63,USD,-0.06917755572636697,-1.12990007686395,0,12909752909.999998,USD,27.558650241028385,138942395.73,USD,2608155261.45,USD,2026-05-06,-26.634844868735087,1.3335010693168952,Biotechnology,Health technology
SOLS,Solstice Advanced Materials Inc.,80.05,USD,-0.46236835345491833,2.812740816850755,2.061211742660844,12707741327.999998,USD,,230739241.95,USD,4121551961,USD,2026-06-03,,1.8575851393188854,Chemicals: major diversified,Process industries
LOGI,Logitech International S.A. - Registered Shares,90.04,USD,0.10070493454178045,0.7496922904777908,-0.04442470013328104,12706605662.006882,USD,18.11194976841024,83326257.44000001,USD,1635070034.96,USD,2026-05-04,47.59765587897456,20.262632352679148,Computer peripherals,Electronic technology
EVR,Evercore Inc.,328.14,USD,,0.38853366781900506,0,12691852594.000002,USD,23.43154196598163,145721067.48,USD,3051068689.7999997,USD,2026-04-29,41.06361052129227,23.999564051036636,Investment banks/Brokers,Finance
EQH,"Equitable Holdings, Inc.",44.22,USD,,-0.29312288613303844,0,12670447311,USD,,124720387.44,USD,1899168608.04,USD,2026-05-05,,81.7526344980588,Life/Health insurance,Finance
NYT,New York Times Company (The),77.99,USD,0.6755861703536961,3.311696913498477,0.3333760738556291,12661598715,USD,37.2462868331821,196236254.28,USD,4023225909.6699996,USD,2026-05-13,59.02360160201845,14.482014665656424,Publishing: newspapers,Consumer services
ACM,AECOM,97.89,USD,0.21743632221992953,1.3563884862290354,0.3881908264378337,12656062932,USD,22.46626273753787,176431649.94,USD,3126094635.3,USD,2026-05-11,16.658359086830824,-8.252660752207515,Engineering & construction,Industrial services
SOLV,Solventum Corporation,72.94,USD,,-0.9102024181497103,-0.3290375651220111,12651265125,USD,8.396261165853208,81140644.2,USD,1156163843.6599998,USD,2026-02-26,1306.6666666666667,-3.985341273476867,Medical/Nursing services,Health services
BJ,"BJ's Wholesale Club Holdings, Inc.",96.35,USD,,-2.8631918540175456,-0.10378827192526655,12607177361,USD,22.203530441996588,130587683.44999999,USD,2562883503.75,USD,2026-03-05,0.8924720480408747,-0.5962001695091669,Specialty stores,Retail trade
ZBRA,Zebra Technologies Corporation,255.41,USD,0.11519822038610948,1.4578533407483862,0,12564053247,USD,31.28146088745729,217060188.5,USD,3458144638.62,USD,2026-05-12,-30.693069306930692,11.194029850746269,Computer processing hardware,Electronic technology
AEIS,"Advanced Energy Industries, Inc.",331.23,USD,,3.302769461077854,0,12504260172,USD,86.80031446540882,243598135.05,USD,3620908315.92,USD,2026-05-06,13.203463203463203,5.633498812864235,Electronic production equipment,Electronic technology
DY,"Dycom Industries, Inc.",429.73,USD,0,2.463042441583224,-0.1698741069974212,12443284059.999998,USD,42.316251772490936,117810909.23,USD,2622310438.44,USD,2026-03-04,9.111332232286655,5.35972434293411,Engineering & construction,Industrial services
DCI,"Donaldson Company, Inc.",107.76,USD,,-0.018556318426420505,0,12428681441,USD,33.62141586845964,68220593.04,USD,1131518901.3600001,USD,2026-02-26,-0.3499562554680665,-4.619149587029673,Auto parts: OEM,Producer manufacturing
ELAN,Elanco Animal Health Incorporated,24.98,USD,,-0.8730158730158686,0,12411649112,USD,342.6611796982167,123836851.2,USD,1565623823.14,USD,2026-02-24,-409.09090909090907,-8.38033843674456,Biotechnology,Health technology
HUBS,"HubSpot, Inc.",233.5,USD,-0.6141120441158036,-2.452270543510049,0.24466809421841879,12314915094,USD,268.39080459770116,467920924,USD,9091271597,USD,2026-05-06,229.1364296081277,4.567952792096432,Packaged software,Technology services
BMRN,BioMarin Pharmaceutical Inc.,64.08,USD,,1.0406811731314989,0,12310687858.999998,USD,24.009891715688113,232883124.48,USD,2062556609.04,USD,2026-02-23,-112.78166730414247,-4.918710338585066,Biotechnology,Health technology
GDDY,GoDaddy Inc.,90.64,USD,-0.07894440058645245,2.221720987932783,-0.8384819064430772,12249233300,USD,15.618430575180067,192067882.16,USD,2699976978.16,USD,2026-02-24,5.302651325662831,3.985537020297477,Data processing services,Technology services
ENSG,"The Ensign Group, Inc.",210.64,USD,0.09766578767457204,2.861607578865116,0,12240876265.000002,USD,36.04072204636838,81495773.44,USD,1521924553.6,USD,2026-04-23,13.847144697294977,4.9537760190681155,Medical/Nursing services,Health services
BLDR,"Builders FirstSource, Inc.",110.55,USD,,-0.7808292945611242,0.3980099502487542,12227391050,USD,28.392747072118347,179971751.85,USD,3973297227.9,USD,2026-04-30,-74.2613413518107,-14.799844716950972,Home improvement chains,Retail trade
GMED,"Globus Medical, Inc.",90.59,USD,-0.021997360316757614,-0.36295644522657095,0,12193907314,USD,29.276411466244387,86521331.33,USD,1483454370.8400002,USD,2026-02-24,-41.35156719876162,3.180553356714099,Medical specialties,Health technology
TTD,"The Trade Desk, Inc.",25.1,USD,-0.3565768621236128,-0.5546751188589423,0.3984063745019835,12138233158.999998,USD,28.636622932116374,385007343.8,USD,5696285991.5,USD,2026-02-25,28.201799642734304,6.540554637419511,Packaged software,Technology services
WLK,Westlake Corporation,94.4,USD,0.021039343572476353,-0.6942983378918541,0,12108992529.999998,USD,,99179849.60000001,USD,1882832449.6000001,USD,2026-02-24,-451.7730496453901,-3.894344734168642,Chemicals: specialty,Process industries
XP,XP Inc.,22.95,USD,1.1638733705772812,6.843575418994408,0.5228758169934684,12093323037.999998,USD,,289073265.75,USD,2344787821.7999997,USD,2026-05-05,-0.8330223575470787,7.375947278497863,Investment banks/Brokers,Finance
SPXC,"SPX Technologies, Inc.",242.29,USD,,0.5310982946765699,0,12074661157,USD,51.687430668145744,63709670.919999994,USD,1239328614.27,USD,2026-02-24,20.19047619047619,7.313540912382331,Building products,Producer manufacturing
MOD,Modine Manufacturing Company,226.36,USD,-0.7046764894298491,3.5782923034684826,0.724509630676792,11936233002,USD,125.67177437264047,205579246.56,USD,5341866470.96,USD,2026-05-27,-206.75675675675674,8.9457301393964,Industrial machinery,Producer manufacturing
SMMT,Summit Therapeutics Inc.,15.94,USD,-0.12602394454946172,0.4410838059231272,-0.25094102885821296,11866414188,USD,,39002310.8,USD,551295994.24,USD,2026-02-23,59.02603463222452,,Biotechnology,Health technology
AMKR,"Amkor Technology, Inc.",47.94,USD,-1.117087298303695,-0.8274720728175542,0.3337505214851975,11855996321,USD,31.868643222761417,189691772.51999998,USD,4076263221.8399997,USD,2026-05-04,35.68398518038693,-4.978540167732948,Semiconductors,Electronic technology
PSKY,Paramount Skydance Corporation,10.71,USD,-0.18281535648994127,-2.102376599634357,1.0961718020541544,11820273528,USD,,95114353.32000001,USD,1301475987,USD,2026-02-25,-550.8771929824561,-2.1462987297415683,Cable/Satellite TV,Consumer services
PINS,"Pinterest, Inc.",17.77,USD,0.1192605843768609,5.963029218843173,-0.1119864940911638,11819514633.999998,USD,29.097756672670705,617050562.22,USD,6163400785.26,USD,2026-04-23,200.8099187909845,25.74730391105648,Internet software/Services,Technology services
PNW,Pinnacle West Capital Corporation,98.34,USD,,-0.07113098262371018,0,11770353416,USD,20.193847796624095,117302607.18,USD,1721109507.48,USD,2026-02-25,114.58216489063375,34.00107893204862,Electric utilities,Utilities
AES,The AES Corporation,16.51,USD,-0.6723716381418058,0.9168704156479348,-0.9691096305269542,11757116398,USD,10.053586652052125,204045587.59000003,USD,2305320192.5,USD,2026-02-26,,17.373029772329247,Electric utilities,Utilities
CR,Crane Company,203.25,USD,,-0.7859025676071529,0.984009840098401,11706567015.000002,USD,36.706277540995444,53744584.5,USD,1558982174.25,USD,2026-05-13,-10.61269146608315,-1.3917175831636117,Aerospace & defense,Electronic technology
HLI,"Houlihan Lokey, Inc.",167.82,USD,,1.0233566096797426,0,11698057926.999998,USD,25.77484257410536,134286711.06,USD,1416471620.04,USD,2026-05-13,4.264588794160009,8.737557851064217,Investment banks/Brokers,Finance
JKHY,"Jack Henry & Associates, Inc.",159.19,USD,,-1.2101278391460772,0,11488323174.000002,USD,22.852098017542097,139902857.98,USD,3070305011.93,USD,2026-05-12,-13.41658216771075,-3.9402051686111257,Packaged software,Technology services
RVTY,"Revvity, Inc.",100.33,USD,,0.42037834050645756,0,11374975960,USD,48.57184353214563,139725678.13,USD,2279876345.75,USD,2026-05-04,103.97640143124893,10.459561427228596,Medical specialties,Health technology
EXEL,"Exelixis, Inc.",43.63,USD,,-1.2001811594202765,0.8480403392161298,11331089951,USD,15.67338434457736,85481204.9,USD,1739520682.9,USD,2026-05-06,26.32013968529482,0.15190169885655494,Pharmaceuticals: major,Health technology
FLS,Flowserve Corporation,88.94,USD,-0.5214828250765149,0.8275705702301372,0.06746120980436504,11318534079,USD,33.89869268590159,91352141.74,USD,2410537173.46,USD,2026-05-04,-113.20463425963877,4.0663843178927035,Industrial machinery,Producer manufacturing
IONQ,"IonQ, Inc.",31.9,USD,-2.183667364642527,-4.576727490278197,0.15673981191222794,11301519170,USD,,504155798.29999995,USD,9007861932.3,USD,2026-02-25,-496.5657833723521,92.64521117232047,Computer processing hardware,Electronic technology
RNA,"Avidity Biosciences, Inc.",72.86,USD,-0.15097447158934865,0,0,11274369124,USD,,588937944.7,USD,3216164917.74,USD,2026-03-03,-10.887073705622477,224.27865869508707,Biotechnology,Health technology
TTMI,"TTM Technologies, Inc.",107.93,USD,-2.868811634624958,7.510708237872304,0.56518113592143,11160493315,USD,64.21729041470816,359877582.73,USD,3813548216.69,USD,2026-05-06,-4.467062482329657,2.867406368235344,Electronic components,Electronic technology
BAX,Baxter International Inc.,21.58,USD,0.7029053420805931,1.1246485473289525,1.1584800741427248,11102695267,USD,,159238561.04,USD,3531459510.0199995,USD,2026-04-30,-12433.333333333332,4.90299823633157,Medical specialties,Health technology
RMBS,"Rambus, Inc.",102.64,USD,-1.517334101603763,-1.4309036780946844,-0.5455962587685135,11063640804.000002,USD,48.56629128418662,169102479.2,USD,5195391695.68,USD,2026-05-04,31.963536391260313,6.5715101981368305,Semiconductors,Electronic technology
TIGO,Millicom International Cellular S.A.,66.08,USD,0.31274433150899583,3.3307271305707515,0,11038003061.999998,USD,10.149602187202408,148498015.68,USD,1290671123.84,USD,2026-02-26,-71.1538461537167,3.4985422745171255,Wireless telecommunications,Communications
JEF,Jefferies Financial Group Inc.,53.41,USD,,0.48918156161805837,-1.1233851338700511,11031767989,USD,18.862127419126995,105174331.08,USD,2531030413.5899997,USD,2026-04-01,-14.775923495218452,12.963851561059617,Investment banks/Brokers,Finance
PAG,"Penske Automotive Group, Inc.",167.3,USD,,0.9838836240719647,0,11018135788,USD,,48512817.5,USD,814820262.2,USD,2026-04-29,-12.629107981220658,0.9603264330175563,Specialty stores,Retail trade
CFLT,"Confluent, Inc.",30.7,USD,-0.16276041666665741,-0.06510416666666528,0.16286644951140297,10979686271,USD,,498186061.3,USD,10277159568.6,USD,2026-05-06,-19.161253458438576,5.458522597848079,Packaged software,Technology services
OSK,Oshkosh Corporation (Holding Company),175.52,USD,,2.950319666842631,0,10978536432.000002,USD,17.51556761935175,187499591.04000002,USD,2432250145.92,USD,2026-04-23,-31.804281345565744,0.007438815740534108,Motor vehicles,Consumer durables
CHWY,"Chewy, Inc.",26.45,USD,-0.8894044856921903,2.281515854601701,0.1890359168241993,10976712062,USD,54.61490811480487,215970148.35,USD,3205986302.4,USD,2026-03-31,-4.516129032258064,0.39945879775787646,Internet retail,Retail trade
WTRG,"Essential Utilities, Inc.",38.68,USD,,-1.0488616014326009,0,10949643746,USD,16.042470241798352,61182438.12,USD,1104518191.72,USD,2026-02-25,-14.606731152679755,-7.3675440419337965,Water utilities,Utilities
MOG.A,Moog Inc.,345.08,USD,-0.23318279760324107,1.8566073378789114,0,10944295522.000002,USD,42.67939743240903,86229625.64,USD,1260648326.48,USD,2026-04-24,22.42803465515634,4.880959416206459,Aerospace & defense,Electronic technology
MOG.B,Moog Inc.,344,USD,,5.417994606521209,,10944295522,USD,42.54582333588938,335400,USD,2171328,USD,2026-04-24,22.42803465515634,4.880959416206459,Aerospace & defense,Electronic technology
RYAN,"Ryan Specialty Holdings, Inc.",41.3,USD,,-0.07258649891120526,-0.19128329297820976,10911034476.999998,USD,106.71834625322997,115897670.69999999,USD,1796059149.4999998,USD,2026-04-30,-74.32845423837864,-0.5508672303202385,Insurance brokers/Services,Finance
ZG,"Zillow Group, Inc.",45.42,USD,-2.1271409749670585,-0.26350461133069264,0,10905300370.000002,USD,504.10654827968926,56169869.34,USD,1187641842.06,USD,2026-05-06,-70,-3.2544378698224854,Internet software/Services,Technology services
Z,"Zillow Group, Inc.",45.46,USD,-0.06586169045004178,-0.19758507135015654,0,10905300370,USD,504.55049944506106,230061876.84,USD,4529382369.76,USD,2026-05-06,-70,-3.2544378698224854,Internet software/Services,Technology services
WTS,"Watts Water Technologies, Inc.",326.69,USD,,-0.7956029273329095,0.1775383390982228,10886265296,USD,32.10838755331905,57438962.49,USD,1170960520.73,USD,2026-05-05,1.824817518248175,2.1906163151871834,Industrial machinery,Producer manufacturing
GWRE,"Guidewire Software, Inc.",127.66,USD,,-0.9158646383110888,-2.288500704997646,10853548868,USD,121.06211474632526,150789949.44,USD,3271731246.16,USD,2026-03-05,-39.73552000923948,-6.711445158033485,Information technology services,Technology services
IT,"Gartner, Inc.",153.73,USD,0.37593984962406235,-2.045367656429214,-0.14961295778311962,10830323472,USD,15.924794116123685,213385695.14999998,USD,5428293003.719999,USD,2026-05-05,584.7300393132901,14.994567185802246,Internet software/Services,Technology services
KRMN,Karman Holdings Inc.,81.62,USD,-0.5200090436355345,-7.732308387971953,0,10800157383,USD,953.5046728971963,202449431.8,USD,2874975126.1000004,USD,2026-04-14,12.296165711767298,5.812488596575062,Aerospace & defense,Electronic technology
NTNX,"Nutanix, Inc.",39.84,USD,-1.7424975798644697,-3.5818005808325193,1.9887048192771015,10772733366,USD,53.19802376819335,151120689.60000002,USD,2540819266.5600004,USD,2026-02-25,60.66235446313066,2.6496057507879627,Packaged software,Technology services
AOS,A.O. Smith Corporation,77.81,USD,,0.15446003346634643,0,10760338090,USD,20.225624496373893,87500535.21000001,USD,1537716545.74,USD,2026-04-23,-5,-3.183023872679045,Building products,Producer manufacturing
EHC,Encompass Health Corporation,106.55,USD,0.04666355576294648,-0.5599626691553975,0,10720632382,USD,19.23493519153699,83227696.7,USD,2672556996.7999997,USD,2026-04-29,15.768621236133121,4.541455160744501,Medical/Nursing services,Health services
SITM,SiTime Corporation,406.97,USD,,2.6224878331694366,-0.23834680688994944,10703275791,USD,,103487587.36000001,USD,2504713550.77,USD,2026-05-06,,35.560687831320976,Semiconductors,Electronic technology
SARO,"StandardAero, Inc.",31.96,USD,,1.6539440203562326,-0.5319148936170266,10689607288.999998,USD,,99003163.16,USD,1483533821.8,USD,2026-05-18,11.896652965355257,7.179421106810453,Other transportation,Transportation
DRS,"Leonardo DRS, Inc.",40.03,USD,-0.09739469198928451,-2.532261991721449,2.813639770172372,10649049813,USD,40.602495182067145,32511085.04,USD,600160102.74,USD,2026-02-23,33.33333333333333,15.8021712907117,Aerospace & defense,Electronic technology
W,Wayfair Inc.,81.43,USD,-0.7163503833102843,2.3375644086967626,0.6999877195136843,10646798638,USD,,687965589.36,USD,6067749121.3,USD,2026-04-30,-17.17171717171717,7.058068655758742,Specialty stores,Retail trade
JHX,James Hardie Industries plc.,25.08,USD,-1.0839020473705323,0.6824568446406991,-0.31897926634768065,10625851579.724161,USD,94.14414414414414,153685198.92,USD,2587836085.56,USD,2026-05-26,,-4.055099830017736,Construction materials,Non-energy minerals
ONTO,Onto Innovation Inc.,216.41,USD,2.3831713486885793,-3.9586384413970688,0.1755926251097433,10606505706,USD,77.94626134562742,518884958.54,USD,3404349605.38,USD,2026-05-06,-62.69486961451247,22.30731508343531,Electronic equipment/Instruments,Electronic technology
DT,"Dynatrace, Inc.",35.4,USD,,-2.4255788313120243,-1.6974576271186321,10558090426.999998,USD,58.31960461285008,180686237.4,USD,3807246706.7999997,USD,2026-05-20,-30.026378771203465,4.378666353480505,Packaged software,Technology services
GME,GameStop Corporation,23.43,USD,-1.5481171548117048,-1.9665271966527151,-0.08536064874092861,10496861795,USD,28.500182459554797,97689580.89,USD,2726817514.08,USD,2026-03-31,-54.270462633451956,-15.552355482411025,Electronics/Appliance stores,Retail trade
JAZZ,Jazz Pharmaceuticals plc,172.19,USD,0.29482870452267235,1.533109263517893,0,10463145755.999998,USD,,225516726.43,USD,1755398703.55,USD,2026-02-24,,7.6880632525972725,Pharmaceuticals: major,Health technology
DDS,"Dillard's, Inc.",670,USD,1.5879328800373897,1.0116238749265083,0,10460687743,USD,18.183397201385194,88809170,USD,1408369480,USD,2026-02-24,78.224754582275,-2.9316348991505876,Department stores,Retail trade
TEM,"Tempus AI, Inc.",58.37,USD,3.3188792528352264,-2.651767845230159,0.5653589172520223,10384446188,USD,,461293848.99,USD,4874568414.69,USD,2026-02-24,-86.6862731368018,6.220223433502312,Packaged software,Technology services
IESC,"IES Holdings, Inc.",519.67,USD,0.0216988203732224,2.5111453031916917,0,10355982167.000002,USD,30.911578383844393,144488007.45999998,USD,1617883414.3,USD,2026-05-13,-9.418753918261338,-2.9900768876913975,Engineering & construction,Industrial services
STN,Stantec Inc,90.15,USD,-1.2380366726296905,0.7938282647585062,0,10283139279.437193,USD,29.621606403866014,20481268.650000002,USD,443116729.05,USD,2026-02-25,8.294210332092206,6.522183397054734,Engineering & construction,Industrial services
BSY,"Bentley Systems, Incorporated",33.84,USD,,-0.9657594381035947,0,10272371182.999998,USD,40.87450175141926,107710114.32000001,USD,1766879020.0800002,USD,2026-02-26,-18.606235188942968,3.1427661175591726,Information technology services,Technology services
DVA,DaVita Inc.,150.73,USD,-0.5633229265644173,2.300800868738962,0,10068764175,USD,15.77498691784406,133189248.44,USD,3695313260.2999997,USD,2026-04-30,39.16997046536998,5.834700445321319,Medical/Nursing services,Health services
RBRK,"Rubrik, Inc.",50.2,USD,-2.1418020679468177,-7.311669128508114,0.012151394422303667,10047558376.000002,USD,,206110858.8,USD,3021748338,USD,2026-03-12,33.46224812100616,13.007809978700058,Information technology services,Technology services
QGEN,Qiagen N.V.,48.57,USD,0.24834437086092187,0.517384105960265,0,10044276084.999998,USD,23.76339351240276,79816975.23,USD,1603159509.72,USD,2026-05-04,-17.082042093768983,1.4715077274340451,Medical specialties,Health technology
MDGL,"Madrigal Pharmaceuticals, Inc.",435.01,USD,0.10414997596538651,-0.42575594570467495,0,9979115750.999998,USD,,204006639.7,USD,2486524120.16,USD,2026-05-12,48.70391452841755,11.77123800771405,Pharmaceuticals: major,Health technology
OKLO,Oklo Inc.,63.83,USD,-1.8628030751034967,-5.632761679479601,-0.2194892683691004,9973251758.000002,USD,,452113124.06,USD,8219976463.66,USD,2026-03-30,-20.405104314360948,,Industrial machinery,Producer manufacturing
GTLS,"Chart Industries, Inc.",207.17,USD,,0.10146888287590816,0,9900940487,USD,249.90349819059108,429290215.88,USD,3793470603.1899996,USD,2026-02-27,-281.9973718791064,1.690843573870461,Industrial machinery,Producer manufacturing
HBM,Hudbay Minerals Inc.,24.98,USD,-1.657235246564269,0.9700889248181164,0.08006405124099109,9895792144.899677,USD,17.19056011152806,253870016.38,USD,2370681786.12,USD,2026-05-11,-40.89803797148057,120.53971445539449,Other metals/Minerals,Non-energy minerals
ALSN,"Allison Transmission Holdings, Inc.",118.85,USD,,0.9084734250297106,0,9891733437.000002,USD,14.55139820755179,115446849.1,USD,1404663666.8999999,USD,2026-02-23,-29.743589743589745,-14.864864864864865,Auto parts: OEM,Producer manufacturing
MP,MP Materials Corp.,55.34,USD,-1.4685792349726767,-5.498633879781418,0.5421033610408332,9807935012,USD,,317121664.16,USD,4956985093.84,USD,2026-02-26,-35.33298782067894,-6.690711410799226,Other metals/Minerals,Non-energy minerals
OGE,OGE Energy Corp,47.35,USD,,1.326770811042167,-0.3590285110876488,9766364185,USD,20.376108098803684,68769766.85000001,USD,1137148698.2,USD,2026-04-30,-70.08214440121054,-30.545454545454547,Electric utilities,Utilities
BEP,Brookfield Renewable Partners L.P. Limited Partnership,31.84,USD,-0.8261836669844234,1.1757229107086147,0,9742657294.29764,USD,,21454588,USD,259431651.35999998,USD,2026-05-01,,-1.777883630286399,Electric utilities,Utilities
NGD,New Gold Inc.,12.22,USD,-1.0924369747899225,2.6890756302521033,-0.16366612111294065,9674902632.335531,USD,39.47008025798316,222644587.36,USD,3664409175.96,USD,2026-02-23,101.65736188543897,43.172907773203725,Precious metals,Non-energy minerals
AYI,Acuity Inc.,310.8,USD,,-0.4069599769282475,0,9529942091,USD,23.91615494713514,138990070.8,USD,1752514797.6000001,USD,2026-04-02,5.701754385964912,-5.408981887354231,Electrical products,Producer manufacturing
JOBY,"Joby Aviation, Inc.",9.87,USD,-0.4878048780487874,-3.707317073170739,0.08308004052685339,9521061895,USD,,190466601.35999998,USD,3645820918.95,USD,2026-02-25,-23.57811219869777,150393.33333333334,Aerospace & defense,Electronic technology
CART,Maplebear Inc.,36.25,USD,-1.1429776465626353,1.9260508927316247,0,9516819762.999998,USD,22.711609548273916,162065630,USD,3383992636.25,USD,2026-05-13,-43.75,5.644302449414271,Air freight/Couriers,Transportation
TTEK,"Tetra Tech, Inc.",36.32,USD,,-2.2604951560817987,0,9472530360.000002,USD,27.242724272427242,85577220.32000001,USD,2043938036.64,USD,2026-05-06,-17.783083486633526,-8.979550409743627,Engineering & construction,Industrial services
MASI,Masimo Corporation,175.1,USD,-0.10836707922205334,-0.13118120116353058,0.08412335808109728,9405313167,USD,,833661080.6999999,USD,6158902788.099999,USD,2026-02-26,-295.71150097465886,0.1617686708007549,Medical specialties,Health technology
HSIC,"Henry Schein, Inc.",79.57,USD,,3.606770833333328,0.6660801809727299,9367362916,USD,25.140600315955762,128341954.07999998,USD,1480214770.1799998,USD,2026-02-24,17.441860465116278,3.0555555555555554,Medical distributors,Distribution services
PRAX,"Praxis Precision Medicines, Inc.",335.28,USD,-0.12363921474021441,1.10672175145501,0,9337826913.999998,USD,,217507535.51999998,USD,2211698324.8799996,USD,2026-05-13,-20.25725647198853,,Pharmaceuticals: major,Health technology
LFUS,"Littelfuse, Inc.",370.33,USD,,1.9406518388020295,0,9298124443.999998,USD,,86145423.94,USD,1439223848.24,USD,2026-05-05,-448.28543482638594,-4.915791495901639,Electronic production equipment,Electronic technology
CGNX,Cognex Corporation,56.03,USD,-0.07150518412584761,0.16088666428316664,-0.9280742459396807,9284614346,USD,82.81111439550695,162878089.4,USD,2582494866.64,USD,2026-04-30,84.91847826086956,-8.867717377172326,Electronic equipment/Instruments,Electronic technology
VMI,"Valmont Industries, Inc.",471.27,USD,,1.617180930202471,0,9283848357,USD,28.9408556918183,79087588.86,USD,1083674997.06,USD,2026-04-16,69.64485868061516,-0.7380638253121474,Metal fabrication,Producer manufacturing
ENLT,Enlight Renewable Energy Ltd.,70.05,USD,1.75872093023257,1.8168604651162792,0,9266386258.658712,USD,61.36864020749465,13255421.4,USD,187748290.2,USD,,-34.85951653519114,-9.825814567306864,Alternative power generation,Utilities
AXSM,"Axsome Therapeutics, Inc.",183.72,USD,,-1.3186518060964212,0.15240583496625362,9261810212,USD,,105432682.44,USD,1368876224.76,USD,2026-02-23,1.5508723657057095,13.962757094680157,Biotechnology,Health technology
IDCC,"InterDigital, Inc.",358.5,USD,0.18947005798932798,2.916690589653794,0,9208705493,USD,30.026634504246445,122985934.5,USD,1674250926,USD,2026-04-30,-36.342088499770384,-3.9178538030871617,Packaged software,Technology services
ALV,"Autoliv, Inc.",123.07,USD,0.3248071457571997,-0.06496142915145149,0,9194130465.000002,USD,12.858232424017634,141645939.66,USD,1321523690.8799999,USD,2026-04-17,29.142857142857142,4.1019955654102,Auto parts: OEM,Producer manufacturing
PRIM,Primoris Services Corporation,169.36,USD,0.02413127413128648,2.1718146718146856,0,9150919243,USD,33.463742343410395,122259121.04,USD,1653695058.0800002,USD,2026-02-23,12.213142945243657,15.215007840824649,Engineering & construction,Industrial services
EMN,Eastman Chemical Company,79.16,USD,-1.2432709561650843,1.4611638041527821,-0.012632642748851574,9031943709,USD,19.363044860818942,108895741.56,USD,2105201304.9599998,USD,2026-04-23,123.40425531914893,-10.330765745355688,Chemicals: specialty,Process industries
SWKS,"Skyworks Solutions, Inc.",60.05,USD,-0.3714961161769653,1.4015535292131007,0,9029935252.999998,USD,23.083724148535403,232794033.5,USD,3423553786,USD,2026-05-05,-43.988684582743986,-5.88983821123431,Semiconductors,Electronic technology
TECH,Bio-Techne Corp,57.52,USD,-0.1373390557939885,-1.2532188841201664,0,8999193476,USD,111.8848473059716,152075862.56,USD,2202718103.92,USD,2026-05-06,-0.4609864061395008,3.253127671825653,Biotechnology,Health technology
DOCU,"DocuSign, Inc.",44.48,USD,-0.339981867633723,0.8159564823209416,-0.03642086330934751,8908131187.999998,USD,31.128840366715654,167163624,USD,3274774703.3599997,USD,2026-03-05,32.96013974908686,2.2124910695996682,Packaged software,Technology services
ARWR,"Arrowhead Pharmaceuticals, Inc.",63.59,USD,-0.532414657062318,-0.42279987472595676,0,8904646398,USD,41.34052788974126,174861308.16,USD,3736095575.61,USD,2026-05-07,,2.948080102311387,Biotechnology,Health technology
R,"Ryder System, Inc.",224.06,USD,,2.156567728992837,0,8834059262,USD,18.920470858455353,79273996.42,USD,1582791208.4,USD,2026-04-23,-5.839416058394161,0.12614317250078838,Air freight/Couriers,Transportation
IBP,"Installed Building Products, Inc.",325.43,USD,-1.0424770499455493,1.2696436906799389,0,8827404624,USD,35.03315678422254,113664237.82000001,USD,1684701644.64,USD,2026-02-26,7.82608695652174,2.3543338155991056,Engineering & construction,Industrial services
LLYVA,"Liberty Live Holdings, Inc. - Series A Liberty Live Group",95.44,USD,,1.5427173103521683,0,8773889963.44,USD,,9437488.959999999,USD,269933047.44,USD,2026-02-26,-947.0588235294118,,Internet software/Services,Technology services
LKQ,LKQ Corporation,34.1,USD,-0.6563245823389199,1.7303102625298277,0,8700009785,USD,14.500148828507037,104069824.10000001,USD,1192497698.7,USD,2026-04-30,-63.33333333333333,-5.344384109745642,Automotive aftermarket,Consumer durables
MANH,"Manhattan Associates, Inc.",144.27,USD,,0.5085690399888659,-1.337769460040207,8634205663.000002,USD,40.041631973355535,127881505.08000001,USD,2352865382.28,USD,2026-04-28,-11.392901608309314,-1.9601515618484742,Packaged software,Technology services
ESI,Element Solutions Inc.,35.44,USD,1.4084507042253522,-0.16901408450704866,-0.1128668171557538,8632418148.999998,USD,45.054665649631325,172072753.44,USD,1699902423.36,USD,2026-04-29,-84.47837150127226,3.063557384545039,Chemicals: major diversified,Process industries
EGO,Eldorado Gold Corporation,43,USD,-7.495276086500105,-9.720764224228432,-0.04837209302325875,8621439658.225695,USD,16.949313016357372,420967334,USD,2318443212,USD,2026-04-30,341.38756307911933,36.334673490744464,Precious metals,Non-energy minerals
AWI,Armstrong World Industries Inc,198.92,USD,,1.236704157972405,0,8579030459.000001,USD,28.486323929543175,91018034.11999999,USD,1019942805.8399999,USD,2026-02-24,-1.7084282460136675,0.1413094677343382,Miscellaneous manufacturing,Producer manufacturing
JBTM,JBT Marel Corporation,164.91,USD,,1.4331406077008142,0,8570598932.000001,USD,,71392672.28999999,USD,1095698650.02,USD,2026-02-23,1841.1764705882351,7.178058710092136,Industrial machinery,Producer manufacturing
IBRX,"ImmunityBio, Inc.",8.7,USD,0.34843205574914216,1.045296167247385,-0.020689655172406413,8569197139,USD,,395233161.29999995,USD,3617950244.9999995,USD,2026-03-03,27.337258927124413,21.328287606433303,Pharmaceuticals: major,Health technology
CMC,Commercial Metals Company,76.8,USD,-1.7544424414112765,-1.1073911923770274,0.2213541666666689,8517690573.000001,USD,19.79126401236954,117499699.2,USD,1232855500.8,USD,2026-03-19,16.801180648434258,0.27377397591317554,Steel,Non-energy minerals
ZWS,Zurn Elkay Water Solutions Corporation,50.85,USD,,-0.11785503830287797,0,8481676705,USD,43.82487287770404,28532392.650000002,USD,866629380.15,USD,2026-04-28,-31.87702265372168,-10.584101888449716,Industrial machinery,Producer manufacturing
HALO,"Halozyme Therapeutics, Inc.",70.98,USD,-0.333148250971695,-1.4714047751249337,0,8376846935,USD,28.48543221767397,158482866.36,USD,2506324313.2200003,USD,2026-05-12,-180.8052503923527,27.522694939367256,Biotechnology,Health technology
AAON,"AAON, Inc.",102.3,USD,0.27717283706196905,1.2670758265689974,1.6324535679374406,8351164187.000001,USD,84.9244562510377,53108022,USD,1324458765.3,USD,2026-03-02,98.76025053270484,23.324357200858884,Industrial machinery,Producer manufacturing
PRI,"Primerica, Inc.",261.22,USD,,1.4604210362774988,0,8337113100.000001,USD,11.38913232094664,39344433.96,USD,970626125.2400001,USD,2026-05-11,-4.399970890037115,-1.8718805891882275,Life/Health insurance,Finance
CYTK,"Cytokinetics, Incorporated",67.94,USD,-0.044228217602832284,0.16217013121037804,0,8306679691.999999,USD,,137557234.78,USD,1593706082.8799999,USD,2026-02-24,-127.86187393019274,-97.10045080800971,Pharmaceuticals: major,Health technology
PCVX,"Vaxcyte, Inc.",58.51,USD,-0.5582693649685978,2.076064200976967,0,8302935342,USD,,63994551.87,USD,1316530291.95,USD,2026-02-24,-27.769806631326805,,Biotechnology,Health technology
SSD,"Simpson Manufacturing Company, Inc.",200.02,USD,,-0.09490035462763984,0,8292684221,USD,24.22987001974537,30207820.48,USD,822510842.86,USD,2026-04-27,-47.6806522467518,-13.498996813218008,Building products,Producer manufacturing
GLXY,Galaxy Digital Inc.,21.2,USD,-0.6010171058714703,-1.9879796578825695,0,8285503445,USD,,83320346,USD,2570011170.4,USD,2026-05-19,-193.74292457389953,-65.00881468537642,Investment banks/Brokers,Finance
OR,OR Royalties Inc.,43.68,USD,1.4309563558311504,4.173622704507513,0.5038919413919464,8190468489.7559,USD,39.598310675146124,72811152.96,USD,783985762.56,USD,2026-05-13,-19.12623811869195,29.70080284336683,Precious metals,Non-energy minerals
SANM,Sanmina Corporation,149.365,USD,,0.8541525995948783,0,8156058963,USD,35.73581836016939,65176612.67,USD,1611406826.795,USD,2026-05-04,2.538176673740274,52.151553717052934,Electronic production equipment,Electronic technology
PCOR,"Procore Technologies, Inc.",52.34,USD,-0.03844675124952542,0.6151480199923112,0,8137292700,USD,,164341319.20000002,USD,2913191588.94,USD,2026-05-06,-313.1853642456873,3.026699050615167,Packaged software,Technology services
APLD,Applied Digital Corporation,29.04,USD,-2.1566761814145248,-7.897240723120843,0.13498622589532028,8119172336,USD,,693317512.8,USD,10811988541.199999,USD,2026-05-08,-3.4562211981566824,97.12999875420458,Data processing services,Technology services
NXE,Nexgen Energy Ltd.,12.38,USD,0.8103727714748756,0.3241491085899589,0,8103465870.619835,USD,,118274731.72000001,USD,1937153889.0800002,USD,2026-02-23,-45.70630632414721,,Other metals/Minerals,Non-energy minerals
MIDD,The Middleby Corporation,160.78,USD,-0.08617505847594163,-1.0341007017111947,0,8098689538,USD,,90117993.9,USD,1199346609.78,USD,2026-02-26,-584.142474234588,0.43687280067985257,Industrial machinery,Producer manufacturing
PL,Planet Labs PBC,23.9,USD,-1.4735165272799722,-4.818797291915574,-0.3765690376569032,8096215880,USD,,257315358.7,USD,3370600270,USD,2026-03-19,-161.97326487252124,10.721391001008367,Packaged software,Technology services
LUMN,"Lumen Technologies, Inc.",7.83,USD,-1.4943960149439506,-2.4906600249065916,0.38314176245211046,8030790867,USD,,62332962.21,USD,1923761093.76,USD,2026-05-05,99.6779388083736,-1.4901198574667962,Major telecommunications,Communications
SMTC,Semtech Corporation,86.77,USD,-0.03531073446326145,2.130414312617705,0,8029700203.000001,USD,285.2399737015121,90533909.06,USD,1911920375.9599998,USD,2026-03-18,89.42506650901566,3.6422362756173596,Semiconductors,Electronic technology
ARW,"Arrow Electronics, Inc.",157.03,USD,-0.24694567195216757,2.0470496490772065,1.2545373495510403,8022060045.999999,USD,14.347714854814248,97135303.34,USD,1871721440.45,USD,2026-04-30,78.2202155815849,13.405296646072934,Electronics distributors,Distribution services
CWEN.A,"Clearway Energy, Inc.",36.98,USD,,0.5711177590426808,0,7980441039.000001,USD,15.809499380103457,7936573.64,USD,124519019.02,USD,2026-02-23,615.1515151515151,6.91358024691358,Alternative power generation,Utilities
CWEN,"Clearway Energy, Inc.",39.61,USD,0.8682328907048096,1.1491317671093026,-0.02524614996212575,7980441039,USD,16.93386345175495,32885172.64,USD,523283471.73,USD,2026-02-23,615.1515151515151,6.91358024691358,Alternative power generation,Utilities
SAIL,"SailPoint, Inc.",14.19,USD,,-9.444798978940653,0.3523608174771016,7969468907.000001,USD,,109721365.38,USD,629680285.0799999,USD,2026-03-18,-240.9306292645944,6.6511826720482485,Packaged software,Technology services
U,Unity Software Inc.,18.25,USD,-1.8388318009734985,-1.2979989183342264,-0.37205479452055684,7902023880,USD,,300639148.5,USD,7879271771.75,USD,2026-05-12,28.80533704753011,6.900332543586583,Packaged software,Technology services
FLR,Fluor Corporation,53.69,USD,0.5488266464799378,1.608629825889467,0.5960141553361897,7869056756,USD,,230759136.79,USD,2526214309.71,USD,2026-05-01,-125.68149210903874,23.990498812351543,Engineering & construction,Industrial services
JXN,Jackson Financial Inc.,115.62,USD,,1.6528925619834798,0,7858674968.000001,USD,,115800829.68,USD,1084030920.96,USD,2026-05-12,-368.42105263157896,40.3954802259887,Life/Health insurance,Finance
UEC,Uranium Energy Corp.,16.25,USD,-0.8131595282433285,0.8690254500310403,-0.9089230769230794,7854882927,USD,,135405140,USD,2219868560,USD,2026-03-18,61.773621174035185,,Other metals/Minerals,Non-energy minerals
MHK,"Mohawk Industries, Inc.",127,USD,,-0.9051186017478126,0.4094488188976347,7851312915.999999,USD,21.454877183498326,126034165,USD,1695389040,USD,2026-04-23,-61.39705882352941,-2.113927263497589,Building products,Producer manufacturing
FPS,"Forgent Power Solutions, Inc.",33.99,USD,0,-0.0294117647058765,-0.588408355398655,7846512983.1,USD,,37068848.190000005,USD,2477860870.98,USD,,59.41729024040758,83.92862940141417,Electrical products,Producer manufacturing
ESAB,ESAB Corporation,128.63,USD,,-1.5084226646248078,0,7809251621.999999,USD,34.89501383538603,53121874.66,USD,1187257858.49,USD,2026-05-06,-32.376270195189704,-0.9423709718415323,Industrial machinery,Producer manufacturing
TFPM,Triple Flag Precious Metals Corp.,37.71,USD,-0.08172160174339727,2.724053391446472,-0.3182179793158246,7789434151.8172455,USD,31.628427190865757,31245223.86,USD,337722690.06,USD,2026-05-12,27.42832034004823,30.665163205826996,Precious metals,Non-energy minerals
MOH,Molina Healthcare Inc,151,USD,-2.1856449001619054,1.861845655693464,-0.3310596026490044,7776500000,USD,17.652353842017277,304949634,USD,5616407854,USD,2026-04-29,-302.53164556962025,-0.8887339897185675,Managed health care,Health services
LBRDK,Liberty Broadband Corporation,53.58,USD,,-0.7042253521126808,0,7686785264.999999,USD,,71954778.78,USD,1077642430.92,USD,2026-05-01,-1960.3896103896104,,Wireless telecommunications,Communications
LBRDA,Liberty Broadband Corporation,53.45,USD,,-0.7428040854224671,0,7686785264.999999,USD,,8558253.65,USD,133812876.75,USD,2026-05-01,-1960.3896103896104,,Wireless telecommunications,Communications
IDA,"IDACORP, Inc.",139.89,USD,,1.1496746203904373,0,7679826169.999999,USD,23.679666869794836,52322776.919999994,USD,1038598476.6599998,USD,2026-04-30,-64.95656436590403,-22.78694498341126,Electric utilities,Utilities
EPAM,"EPAM Systems, Inc.",138.85,USD,-0.8192009198045318,-0.222765162402991,-0.1440403312927538,7670437924,USD,20.619551819896344,335255546.59999996,USD,3288014653.6,USD,2026-04-30,2.376048532055123,0.9448691275576909,Information technology services,Technology services
PEGA,Pegasystems Inc.,45.36,USD,-0.22341376228776014,1.3404825737265447,0,7667823080,USD,21.32781643784089,118182350.16,USD,2166444902.16,USD,2026-04-29,440.9417950373582,32.24518159171365,Information technology services,Technology services
KRYS,"Krystal Biotech, Inc.",261.8,USD,,-0.331214070887427,1.9977081741787477,7652986770,USD,38.250807241061906,90007101.8,USD,1239767513.6000001,USD,2026-05-11,-35.23593523593524,9.514314928425357,Biotechnology,Health technology
RGEN,Repligen Corporation,135.68,USD,,-1.1222853811397697,0,7637528357,USD,5279.377431906615,102162562.56,USD,1548608373.76,USD,2026-02-24,0.30270415713709137,3.5308116644549967,Pharmaceuticals: major,Health technology
QRVO,"Qorvo, Inc.",82.24,USD,-0.3812569179682724,1.1437707539047997,0,7624114995,USD,22.625729063497303,89199066.55999999,USD,1537915797.12,USD,2026-05-06,37.1721445114253,-6.192141165400559,Semiconductors,Electronic technology
GSAT,"Globalstar, Inc.",60.1,USD,-1.4563928873835723,1.7781541066892539,1.108485856905152,7622988671.000001,USD,,34457193.1,USD,427080336.2,USD,2026-02-27,-94.3252811328613,9.973491392148686,Wireless telecommunications,Communications
MBLY,Mobileye Global Inc.,9.05,USD,-1.4145810663764853,-1.5233949945592906,0.11049723756905842,7614502824.999999,USD,,27173892.000000004,USD,779177388.45,USD,2026-04-23,-32.291666666609736,-11.50793650797478,Packaged software,Technology services
VICR,Vicor Corporation,170.01,USD,-15.598010991886943,11.233970164878295,-0.005882006940762841,7591393851,USD,65.15540566435442,294442699.14,USD,1616418867.87,USD,2026-04-28,64.47405627032377,-2.8608170399282757,Electronic components,Electronic technology
DOX,Amdocs Limited,70.17,USD,,0.5012890289315505,0,7574818967,USD,13.63000660425003,139226331.93,USD,2060185235.55,USD,2026-05-13,63.524581490338825,0.5459834570490115,Information technology services,Technology services
AMTM,"Amentum Holdings, Inc.",30.97,USD,0.2498438475952476,-3.279200499687708,0,7554671905.000001,USD,76.92498758072529,55823889.55,USD,1263944573.97,USD,2026-05-12,10,-17.528662420382165,Aerospace & defense,Electronic technology
TKR,Timken Company (The),108.16,USD,,0.9803006255251583,0.19415680473373517,7521911339.000001,USD,26.34001412463775,61093202.559999995,USD,1634538039.68,USD,2026-05-06,-10.1010101010101,-3.984098176475672,Industrial machinery,Producer manufacturing
MTCH,"Match Group, Inc.",31.83,USD,,3.714565004887576,0,7514114143,USD,13.339759440090525,96482809.53,USD,2493556247.79,USD,2026-05-05,30.42009592594666,-3.966968362910503,Internet software/Services,Technology services
GXO,"GXO Logistics, Inc.",65.59,USD,,1.5325077399380949,0,7509614218,USD,218.05186170212767,87651852.4,USD,1711694162.43,USD,2026-05-12,-27.11864406779661,3.2989690721649487,Air freight/Couriers,Transportation
COMP,"Compass, Inc.",10.3,USD,0.09587727708532873,-1.2464046021092907,-0.3883495145631158,7460244083.999999,USD,,141582976,USD,2949526900.5,USD,2026-02-26,-111.6751269035533,-10.370945814721305,Packaged software,Technology services
ROAD,"Construction Partners, Inc.",131.9,USD,-0.007621370322398693,0.5258745522444918,1.0538286580742884,7454377882,USD,60.29989942397368,50316156.800000004,USD,1369571383.3,USD,2026-05-08,-69.58635319073714,-10.04390736668041,Engineering & construction,Industrial services
FND,"Floor & Decor Holdings, Inc.",68.99,USD,2.8281911675740927,4.34059286146399,0.3043919408610059,7442317600.000001,USD,35.846409643562296,392746961.9,USD,2675427715.6499996,USD,2026-04-30,-31.31156129933636,-4.2267790393946045,Home improvement chains,Retail trade
BTSG,"BrightSpring Health Services, Inc.",41.06,USD,,0.6372549019607969,0.34072089624938445,7405265476.999999,USD,68.5475792988314,42585666.42,USD,864220040.1600001,USD,2026-02-27,97.94384571752694,5.922042076463498,Medical/Nursing services,Health services
EXP,Eagle Materials Inc,235.3,USD,,0.3839590443686031,0,7395982272.000001,USD,17.819277838361806,104531083.80000001,USD,1811620112.9,USD,2026-05-14,-25.097719514059236,-12.983130538764701,Construction materials,Non-energy minerals
PJT,PJT Partners Inc.,151.63,USD,,-0.7592119903135001,0,7371412896,USD,22.821751629265062,31460495.66,USD,906782578.16,USD,2026-05-05,33.93910489721127,19.69836253307477,Investment banks/Brokers,Finance
AXTA,Axalta Coating Systems Ltd.,34.48,USD,,-0.4043905257076851,0.08700696055684785,7357133074,USD,19.81836992757788,71443973.67999999,USD,1710716304.1599998,USD,2026-04-27,-45.45454545454545,-2.018633540372671,Industrial specialties,Process industries
FORM,"FormFactor, Inc.",94.56,USD,0,2.470741222366711,-1.6497461928934036,7330016547.999999,USD,136.01841196777906,94728033.12,USD,2080539095.52,USD,2026-05-06,48.30097087378641,6.161064950956206,Semiconductors,Electronic technology
BIO,"Bio-Rad Laboratories, Inc.",271.3,USD,,-0.22066936373665536,0,7324595943,USD,9.718162540119213,69746346.60000001,USD,1270879076.5,USD,2026-04-30,,6.1562021439509955,Medical specialties,Health technology
FRHC,Freedom Holding Corp.,119.65,USD,,6.8017495313755285,0,7321447785.000001,USD,3036.802030456853,17611881.75,USD,206996175.10000002,USD,2026-06-12,96.88282843934816,5.397944457260078,Investment banks/Brokers,Finance
NUVL,"Nuvalent, Inc.",100.5,USD,0.1057082452431284,-3.421103209686721,0,7307024905.999999,USD,,55958400,USD,686245657.5,USD,2026-03-04,-22.863335775139735,,Pharmaceuticals: major,Health technology
CRUS,"Cirrus Logic, Inc.",142.14,USD,0.2740751300876775,1.3186969848171604,-0.7949908540875162,7250190250.999999,USD,18.719380498340616,68320443.83999999,USD,1764482323.0199997,USD,2026-05-06,6.621781817076506,3.5054192812321734,Semiconductors,Electronic technology
MUSA,Murphy USA Inc.,389.99,USD,0.9541358507711267,-1.5599363909432835,0,7228599790,USD,16.05749554290138,115287283.84,USD,2514988181.4700003,USD,2026-05-05,9.237875288683602,-7.170254403131116,Specialty stores,Retail trade
FSS,Federal Signal Corporation,118.74,USD,,1.3139931740614266,0,7220410480,USD,30.996136577216244,43372516.019999996,USD,572029950,USD,2026-02-25,-4.621848739495799,-1.7003188097768331,Motor vehicles,Consumer durables
ALGM,"Allegro MicroSystems, Inc.",38.93,USD,-0.6894649751792609,7.363485934914511,0,7213373948.999999,USD,,217986510.64,USD,1765600465.3,USD,2026-05-07,27.304801349900277,6.960530859473433,Semiconductors,Electronic technology
ESE,ESCO Technologies Inc.,276.56,USD,,1.3931661533949302,0,7161731734,USD,54.355345911949684,71084769.92,USD,1065064917.52,USD,2026-05-13,-37.64181699630515,-17.867775906361118,Electronic equipment/Instruments,Electronic technology
LAD,"Lithia Motors, Inc.",293.65,USD,-2.008072653884974,-1.2277161116717235,0,7121020753,USD,9.130169824578859,101422011.6,USD,1562341920.3,USD,2026-04-22,-36.987563334868724,-4.9401599867711194,Specialty stores,Retail trade
FSV,FirstService Corporation,155.75,USD,,-0.19864154812251844,0,7119680747.094413,USD,48.75950039341013,22821268.75,USD,676073058.5,USD,2026-04-29,-29.984649988692137,-1.8638819380801535,Real estate development,Finance
VOYA,"Voya Financial, Inc.",74.72,USD,0,0.4031174415479672,-0.30781584582441646,7110573356.000001,USD,11.882195789071941,45155985.92,USD,1230813917.28,USD,2026-05-05,-27.083333333333332,-0.7988721804511277,Life/Health insurance,Finance
BIO.B,"Bio-Rad Laboratories, Inc.",261.83,USD,,1.8595603968099486,,7058126918.851334,USD,9.378940279688216,13091.5,USD,527587.45,USD,2026-04-30,,6.1562021439509955,Medical specialties,Health technology
ORA,"Ormat Technologies, Inc.",115.92,USD,-0.48313202832153135,-3.4402332361515997,0,7045825180.999999,USD,52.96052631578947,100890160.56,USD,1243901005.2,USD,2026-02-25,-13.937816444412752,6.71273149928638,Electric utilities,Utilities
GTES,Gates Industrial Corporation plc,27.6,USD,,-0.6121714079942318,0,7006417351,USD,28.538930824113333,43699963.2,USD,1321696656,USD,2026-05-06,-37.086903304773564,0.0584316933504733,Industrial machinery,Producer manufacturing
AN,"AutoNation, Inc.",201.47,USD,,0.17900651384813543,0,6993132692,USD,11.810880525266738,95320896.69,USD,1840219324.14,USD,2026-04-16,-19.9907019990702,-1.5374996447551652,Specialty stores,Retail trade
PSN,Parsons Corporation,65.53,USD,-1.3650841801911202,-0.6067040800849471,3.7692659850450156,6935106385.000001,USD,29.810754253480123,75209763.95,USD,1340135681.6,USD,2026-05-06,-13.318154172449834,-1.1058438179051246,Information technology services,Technology services
GKOS,Glaukos Corporation,120.27,USD,,2.707087959009395,0,6907675766,USD,,90950459.13,USD,1393631992.56,USD,2026-05-06,-723.4674388515804,7.177037075866615,Medical specialties,Health technology
CWAN,"Clearwater Analytics Holdings, Inc.",23.3,USD,0.3000428632661821,-0.1285897985426386,-0.027467811158795256,6905439690.000001,USD,,233676049.5,USD,4757623341.900001,USD,2026-05-06,-16.7489114658926,6.0196967480863925,Packaged software,Technology services
KYMR,"Kymera Therapeutics, Inc.",87.4,USD,,1.0404624277456713,0.6864988558352337,6900144502.000001,USD,,91478608.4,USD,985285109.0000001,USD,2026-02-26,-7.258464510402798,-75.91495294527711,Biotechnology,Health technology
LEA,Lear Corporation,134.75,USD,,0.5521975971942461,0,6835524066,USD,16.56178560015732,56213927,USD,1285672522.75,USD,2026-05-05,-23.56746765249538,5.431529279199972,Auto parts: OEM,Producer manufacturing
HXL,Hexcel Corporation,89.94,USD,,3.1540314256222044,0,6823785286,USD,65.37762593588718,104794220.58,USD,1569817796.6399999,USD,2026-04-27,125.24271844660196,8.563782337198928,Aerospace & defense,Electronic technology
CAMT,Camtek Ltd.,148.1,USD,-0.124028983615117,-3.3226711926365975,0.6076975016880525,6777983125,USD,159.76267529665586,129723900.1,USD,1199413767.5,USD,2026-05-07,,1.6913638061256633,Electronic components,Electronic technology
SNEX,StoneX Group Inc.,128.67,USD,,3.043164891487133,0,6750455014,USD,19.184720213511458,33294391.859999996,USD,871864960.5899999,USD,2026-05-13,62.71186440677966,19.27023178787712,Investment banks/Brokers,Finance
SLAB,"Silicon Laboratories, Inc.",204.64,USD,,-0.07324576395332082,0,6744101250,USD,,151143215.84,USD,4920598268.16,USD,2026-04-29,72.98711755233495,1.071364424099146,Semiconductors,Electronic technology
EQPT,EquipmentShare.com Inc,31.55,USD,0.2814814814814781,-6.518518518518516,-0.09381933438986392,6742674807,USD,,25296916.2,USD,378885716.8,USD,2026-02-25,-87.29838709677419,-39.22477625394373,Internet software/Services,Technology services
QBTS,D-Wave Quantum Inc.,18.06,USD,-2.3219814241486034,-6.811145510835916,-0.3322259136212554,6740576667.000001,USD,,480646672.79999995,USD,6834765823.2,USD,2026-02-26,16.340861416729915,20.807754442649433,Computer processing hardware,Electronic technology
MKTX,"MarketAxess Holdings, Inc.",181.23,USD,,0.29330381848367526,0,6736592378.999999,USD,27.22397476340694,68117289.03,USD,1807871101.26,USD,2026-05-13,35.29247829148087,-0.5570276661822948,Investment banks/Brokers,Finance
CHE,Chemed Corp,475.41,USD,-0.12708902586262158,0.6989896422443946,0,6733800025.999999,USD,25.13654556894428,59252249.940000005,USD,1151957889.03,USD,2026-02-25,22.37250681043185,0.9861053203145453,Hospital/Nursing management,Health services
OLLI,"Ollie's Bargain Outlet Holdings, Inc.",108.71,USD,,-0.7214611872146176,0,6667461460.000001,USD,30.06194347657762,132647289.74,USD,1314426307.46,USD,2026-03-25,-24.690915022019247,-9.702953104674227,Department stores,Retail trade
RYTM,"Rhythm Pharmaceuticals, Inc.",99.78,USD,,-3.27646374563784,-2.786129484866708,6658923333,USD,,64037905.980000004,USD,1008723515.28,USD,2026-02-26,-13.449991422199348,5.764710733577997,Pharmaceuticals: major,Health technology
POWL,"Powell Industries, Inc.",546.82,USD,-1.1857707509881448,1.9501827131031462,0,6639643519,USD,35.52301635765978,115477447.60000001,USD,2737922818.6200004,USD,2026-05-05,-19.506028782574873,-15.705258353664469,Electrical products,Producer manufacturing
GPGI,"GPGI, Inc.",22.87,USD,,1.554174067495566,0,6618930561.000001,USD,,46293705.57,USD,700715279.33,USD,2026-03-11,-568.6928229665072,,Commercial printing/Forms,Commercial services
VSEC,VSE Corporation,227.78,USD,,1.3932784331181818,0,6559462070,USD,175.539457459926,96305384,USD,3022297335.54,USD,2026-02-25,-77.1704766536965,3.957536406027802,Engineering & construction,Industrial services
FBIN,"Fortune Brands Innovations, Inc.",54.32,USD,,0.4066543438077613,0,6525915627.999999,USD,21.98300283286119,202725553.52,USD,2999426930.64,USD,2026-04-23,7.909604519774012,-6.239122868082144,Building products,Producer manufacturing
TXNM,"TXNM Energy, Inc.",59.05,USD,,0.3569000679809547,1.0838272650296368,6431806001,USD,34.50996435041786,136394989.1,USD,993828919.75,USD,2026-02-23,502.73631840796025,28.808964611281397,Electric utilities,Utilities
ENS,EnerSys,173.21,USD,0,-2.058241447554417,0,6383027012,USD,21.44139237215751,106995974.04,USD,1637291947.6100001,USD,2026-05-27,32.074065413731624,-3.380686775585891,Electrical products,Producer manufacturing
DBX,"Dropbox, Inc.",25.48,USD,-6.025070764253951,3.03275374039628,-0.8634222919937161,6380900334,USD,13.722533390779837,187124228.20000002,USD,1827452685.24,USD,2026-04-30,-12.197092084006462,0.2837326607818411,Data processing services,Technology services
VIAV,Viavi Solutions Inc.,27.53,USD,-0.6076718571971006,4.557538928978363,1.0533962949509594,6370148779,USD,,145600939.3,USD,1814056974.72,USD,2026-05-05,-124.76635514018693,23.470411233701103,Information technology services,Technology services
BLCO,Bausch + Lomb Corporation,17.94,USD,,1.6430594900850013,0,6356468272,USD,,6587352.720000001,USD,122573543.04,USD,2026-05-06,-107.1428571435084,9.67993754913484,Medical specialties,Health technology
ORLA,Orla Mining Ltd.,18.69,USD,1.1331444759206961,5.892351274787551,0.8352059925093556,6352660253.96953,USD,156.24634254816135,36928449.6,USD,543053724.36,USD,2026-03-19,-0.570648243860507,1.4292639999670473,Precious metals,Non-energy minerals
VSAT,"ViaSat, Inc.",46.5,USD,-0.5235602094240881,1.4397905759162228,1.7204301075268755,6316160362,USD,,83928129,USD,1285881193.5,USD,2026-05-26,,1.4157331143236043,Telecommunications equipment,Electronic technology
KMX,CarMax Inc,44.5,USD,-0.13458950201883169,-0.1794526693584529,-1.5056179775280938,6309950752,USD,14.718528808626049,108567273,USD,2154119777,USD,2026-04-14,-34.77007276311099,-11.892658389655647,Specialty stores,Retail trade
MIRM,"Mirum Pharmaceuticals, Inc.",105.16,USD,,-0.31282586027111414,0,6296976318,USD,,63745363,USD,949300141.68,USD,2026-02-25,,4.088899323081727,Pharmaceuticals: major,Health technology
LOAR,Loar Holdings Inc.,67.14,USD,,-0.17841213202498446,0,6285812380,USD,101.55800937830888,42092684.46,USD,817547263.5600001,USD,2026-02-26,65.17680847244658,2.9466468490858735,Aerospace & defense,Electronic technology
WULF,TeraWulf Inc.,15.01,USD,-1.1635423400129379,-2.9734970911441554,-0.37908061292472095,6284415186,USD,,407629301.82,USD,8799225572.22,USD,2026-02-26,-2377.1366358192704,6.176001343521706,Data processing services,Technology services
TTAN,"ServiceTitan, Inc.",66.54,USD,-1.454165422514189,-0.6569125111973689,-1.5629696423204182,6231246913,USD,,131659836.78000002,USD,2002730435.2200003,USD,2026-03-12,-22.659425911559346,2.907613072694457,Packaged software,Technology services
AUGO,Aura Minerals Inc.,74.59,USD,0.6094104308389918,5.7114512471655345,-2.744201635608001,6230838627,USD,,44209865.95,USD,1059551397.5400001,USD,2026-02-26,-30.943905732279177,30.13925938352642,Other metals/Minerals,Non-energy minerals
LLYVK,"Liberty Live Holdings, Inc. - Series C Liberty Live Group",97.65,USD,1.0068507369732187,1.359767490139093,0,6230070000,USD,,55069619.85,USD,516554047.8,USD,2026-02-26,-947.0588235294118,,Internet software/Services,Technology services
PAYC,"Paycom Software, Inc.",114.71,USD,-1.2011265738899957,-4.978462557985425,0.07845872199459805,6225896315,USD,14.182389159516331,222182257.83999997,USD,3840911441.5699997,USD,2026-05-05,2.8003613369467026,10.338536387593757,Packaged software,Technology services
BEPC,Brookfield Renewable Corporation,42.83,USD,-1.4837494112105571,0.8714083843617462,0,6205429808,USD,,26391289.209999997,USD,587137496.31,USD,2026-02-23,83.55382470733673,-2.6713187126630262,Electric utilities,Utilities
OTEX,Open Text Corporation,24.76,USD,-0.04043671653862338,0.12131014961585579,0,6204924716.127547,USD,14.292411895304275,55462449.52,USD,1160530713.92,USD,2026-04-30,17.730721579473826,5.766916864768694,Packaged software,Technology services
APPF,"AppFolio, Inc.",172.23,USD,,-2.352874475564126,0,6198525851.999999,USD,44.382312013606146,71144940.63,USD,1215852862.56,USD,2026-04-23,18.62925756404922,-0.46560498570299935,Information technology services,Technology services
ACA,"Arcosa, Inc.",126.32,USD,,1.4292596756062204,0,6195367527,USD,41.81950605839899,29080506.16,USD,364386714.24,USD,2026-02-26,22.31543624161074,8.264350658162572,Construction materials,Non-energy minerals
SSRM,SSR Mining Inc.,30.46,USD,-0.06870491240123523,4.637581587083481,0.2626395272488453,6193318244.623171,USD,16.40745579785084,234760306.82,USD,2007667031.4,USD,2026-05-06,184.74133123910542,38.85522809924579,Precious metals,Non-energy minerals
AVTR,"Avantor, Inc.",9.03,USD,0.32573289902279434,-1.954397394136824,0.33222591362127507,6158964669,USD,,103206597.05999999,USD,1884930019.9799998,USD,2026-04-24,,2.4510407685675575,Medical specialties,Health technology
ESTC,Elastic N.V.,58.12,USD,-0.8862391234289465,-6.348694811472775,-0.5505849965588443,6124266738.999999,USD,,155399338.04,USD,1792319845.56,USD,2026-02-26,-108.4461244563671,1.9728477586638669,Packaged software,Technology services
GLBE,Global-E Online Ltd.,36.08,USD,-1.131346578366456,-0.4415011037527695,-1.5798226164079832,6113226583,USD,94.6236559139785,98034844.16,USD,1646971072.56,USD,2026-05-19,373.7313206407897,52.48597013321286,Internet retail,Retail trade
DLB,Dolby Laboratories,63.98,USD,,-0.42023346303502435,0,6112637284,USD,25.807752813521034,57247128.68,USD,816657674.6999999,USD,2026-04-30,8.098191843022784,12.924722497264057,Packaged software,Technology services
ENPH,"Enphase Energy, Inc.",46.56,USD,-0.5875706214689221,5.220338983050852,-0.38509450171822357,6103961048.999999,USD,36.07065385807252,266848769.28,USD,6902892899.04,USD,2026-04-28,-41.90551937333054,-16.350288845519422,Semiconductors,Electronic technology
VIRT,"Virtu Financial, Inc.",39.82,USD,,1.1430022860045792,0,6091210606,USD,7.761880628435538,45321889.58,USD,716402336.76,USD,2026-04-29,80.15868642900438,1.465542350124674,Investment banks/Brokers,Finance
CLF,Cleveland-Cliffs Inc.,10.65,USD,-0.389483933787723,3.7000973709834546,-0.37558685446010254,6074658639.000001,USD,,190981998.3,USD,3624904982.25,USD,2026-04-17,3.187250996015936,-8.893113645965357,Steel,Non-energy minerals
AGX,"Argan, Inc.",437.61,USD,,1.2564209357212288,0,6071142845,USD,51.57697475426066,127292434.41000001,USD,2738535810.57,USD,2026-04-15,-12.86463501063076,5.640544621713363,Engineering & construction,Industrial services
COGT,"Cogent Biosciences, Inc.",37.34,USD,0.05216484089722488,-2.608242044861763,-0.9105516871987235,6060610891.999999,USD,,70329815.32000001,USD,783395104.34,USD,2026-05-12,-26.642777709131348,,Biotechnology,Health technology
POR,Portland General Electric Co,52.44,USD,0.49913611057784224,0.6719139950086279,0,6060055732,USD,18.971130887779463,110459878.19999999,USD,1352377414.9199998,USD,2026-04-24,-60.19417475728155,-4.328018223234624,Electric utilities,Utilities
PACS,"PACS Group, Inc.",38.68,USD,,0.129433083096032,0.4912099276111627,6057873772,USD,37.29990356798457,29917123.36,USD,547618559.56,USD,2026-02-25,2.8314659655043855,2.698596738861443,Hospital/Nursing management,Health services
M,Macy's Inc,22.41,USD,-0.954111767378468,1.8173557473875446,-0.04462293618920823,5958439943.000001,USD,13.174603174603174,192487064.58,USD,2171067869.43,USD,2026-03-03,-87.35632183908046,-1.7203440688137628,Department stores,Retail trade
CE,Celanese Corporation,54.11,USD,,-1.4748725418791009,0,5925309689,USD,,133042800.17,USD,2300373505.99,USD,2026-05-12,,-8.88797023563456,Chemicals: specialty,Process industries
GVA,Granite Construction Incorporated,135.79,USD,,1.6468298525338636,0,5907363540,USD,37.81608555196613,85241221.97,USD,1321769947.33,USD,2026-04-30,-49.45059215575785,-18.70445581368094,Engineering & construction,Industrial services
PTCT,"PTC Therapeutics, Inc.",70.66,USD,-2.0886981402002975,1.0872675250357522,0,5848862504,USD,9.133447081329818,178918539.29999998,USD,1148065661.7,USD,2026-04-23,-949.0500754906896,-21.956617552972176,Pharmaceuticals: major,Health technology
NPO,Enpro Inc.,274.57,USD,,-1.052290172618839,0,5834063817,USD,144.63232195533078,94798312.77,USD,1002241454.54,USD,2026-05-06,-248.14814814814815,3.070481507327285,Industrial machinery,Producer manufacturing
RIOT,"Riot Platforms, Inc.",15.68,USD,-0.06165228113438971,-3.329223181257702,-0.44642857142857323,5829936851.999999,USD,46.55581947743468,321371196.15999997,USD,4592029809.92,USD,2026-03-02,-52.39093386313305,17.805971710199493,Information technology services,Technology services
DOCN,"DigitalOcean Holdings, Inc.",63.63,USD,-0.3373423291287826,-6.673511293634503,1.3672795851013633,5821645076,USD,25.820719879884752,239633379.72,USD,2872999044.09,USD,2026-02-24,327.7176114727091,4.999542752629172,Packaged software,Technology services
BRKR,Bruker Corporation,38.28,USD,,-1.2383900928792488,0,5816306915.999999,USD,,80922924.72,USD,1462054797.72,USD,2026-05-06,,13.561882626380012,Medical specialties,Health technology
HUT,Hut 8 Corp.,53.82,USD,-1.5676266861100974,-1.8957345971563966,-0.05574136008918829,5814531648.168751,USD,30.01330020828628,207503871.12,USD,3838612578.84,USD,2026-02-25,-64.40839425747947,96.57679261652319,Data processing services,Technology services
VNT,Vontier Corporation,40.96,USD,,-0.12192148256522106,0,5799936120,USD,14.852418594531873,45818757.12,USD,989183590.4,USD,2026-04-30,20.136186770428015,7.441860465116279,Other transportation,Transportation
CIFR,Cipher Mining Inc.,14.65,USD,-0.6329113924050722,-7.278481012658229,-0.07372013651876927,5788098697.000001,USD,,395710080.55,USD,6926646707.85,USD,2026-02-24,92.82890281994713,64.59772753357052,Data processing services,Technology services
PIPR,Piper Sandler Companies,326.85,USD,0.04584352078240651,-0.10696821515891379,-0.030595074193061872,5781845242,USD,20.669440720410797,46336217.1,USD,981474004.95,USD,2026-04-24,89.10828659609066,37.68622440027331,Investment banks/Brokers,Finance
PATH,"UiPath, Inc.",10.8,USD,-0.8920606601249012,-3.657448706512044,0.09259259259259062,5775296809,USD,25.471698113207548,218762208,USD,4753746003.6,USD,2026-03-11,12452.967171717173,13.652523443029017,Packaged software,Technology services
DSGX,The Descartes Systems Group Inc.,67.08,USD,-0.015133171912840672,1.513317191283293,-1.341681574239701,5767996079.575071,USD,37.82172698538609,39246831,USD,837793043.88,USD,2026-03-11,15.246641564798495,4.178992949308514,Packaged software,Technology services
OS,"OneStream, Inc.",23.49,USD,,-0.4661016949152668,0,5760224645,USD,,63513013.67999999,USD,2067576081.84,USD,2026-02-26,51.985677083333336,4.548411138966054,Packaged software,Technology services
NEU,NewMarket Corp,610.43,USD,0.05930416447021838,0.5584475487611997,0,5736433213.999999,USD,13.752512008074472,108567417.21999998,USD,1420751407.8,USD,2026-04-29,-18.935912454069424,-7.954096052359009,Chemicals: specialty,Process industries
PCTY,Paylocity Holding Corporation,105.66,USD,-0.49898355202364814,-2.3655516540380725,0,5692611253.000001,USD,24.85649760045168,74501922.6,USD,1993187673.8999999,USD,2026-04-30,4.5966952136859,1.950648256127319,Packaged software,Technology services
OPCH,"Option Care Health, Inc.",35.69,USD,,0.08412787436904413,0,5665169721,USD,28.336641524414446,38995929.01,USD,740669644.78,USD,2026-02-24,2.5592304494982483,1.3368547791975764,Medical/Nursing services,Health services
RUSHB,"Rush Enterprises, Inc.",66.74,USD,,1.167197210853412,0,5661095991.999999,USD,20.41165856194758,4345908.58,USD,42584257.879999995,USD,2026-04-28,-3.541760383865647,-5.788708318157771,Specialty stores,Retail trade
RUSHA,"Rush Enterprises, Inc.",75.26,USD,,2.0889853499728788,0,5661095991.999999,USD,23.017402208153655,43752099.96,USD,625166381.3000001,USD,2026-04-28,-3.541760383865647,-5.788708318157771,Specialty stores,Retail trade
BDC,Belden Inc,145.79,USD,,0.8090167335084963,0,5649215974,USD,24.662933703246324,32867189.18,USD,778529825.8299999,USD,2026-05-06,19.75480684424061,3.136399506746431,Electrical products,Producer manufacturing
IPGP,IPG Photonics Corporation,133.62,USD,,2.760901330462204,0,5628672972.000001,USD,183.14144736842104,55851957.42,USD,1665094539.54,USD,2026-05-05,77.81053195765779,9.441688730103033,Semiconductors,Electronic technology
ST,Sensata Technologies Holding plc,38.35,USD,-0.47013274336281696,6.056415929203554,-0.6518904823989569,5586779513.000001,USD,192.4234821876568,179879984.70000002,USD,1521534294.15,USD,2026-04-28,,-1.1150013468987143,Electronic equipment/Instruments,Electronic technology
LYFT,"Lyft, Inc.",13.95,USD,-1.2230215827338125,0.35971223021581966,-0.21505376344085567,5553601014,USD,1.9686428359746544,219320797.95,USD,4604263762.5,USD,2026-05-06,5879.728263228719,-5.488682318663419,Other transportation,Transportation
SRAD,Sportradar Group AG,17.76,USD,0.7445589919816666,1.7182130584192479,0.2252252252252204,5522501637.999999,USD,53.42960288808665,39892014.720000006,USD,623142313.9200001,USD,2026-03-03,-52.9985952452272,-5.325832168068943,Packaged software,Technology services
ECG,"Everus Construction Group, Inc.",108.16,USD,1.501961159475742,3.4726872668133506,0,5516871093,USD,30.5338339496937,63324976,USD,847737096.9599999,USD,2026-02-24,7.823174308801545,7.0923940763956566,Engineering & construction,Industrial services
AVT,"Avnet, Inc.",67.32,USD,-0.3634711494775025,1.9536574284416055,0,5511015011.000001,USD,27.56869650681846,69506284.32,USD,1356081356.52,USD,2026-05-06,19.302348052951977,7.126860535058316,Electronics distributors,Distribution services
CAI,"Caris Life Sciences, Inc.",19.53,USD,0,-6.330935251798563,-0.05120327700973663,5510329974.000001,USD,,71037133.02000001,USD,600748307.46,USD,2026-02-26,,19.534393984498173,Biotechnology,Health technology
REZI,"Resideo Technologies, Inc.",36.72,USD,,1.6329919734292728,0,5497532606.999999,USD,,34712113.68,USD,622185148.8,USD,2026-02-24,,-4.0658775090066905,Electronics distributors,Distribution services
RDNT,"RadNet, Inc.",70.08,USD,,-0.5957446808510662,0,5423789109.000001,USD,,29141997.12,USD,748575288,USD,2026-03-01,-62.52248512522485,4.94530638460149,Medical/Nursing services,Health services
KBR,"KBR, Inc.",42.71,USD,,-0.7436672089240071,0.6789978927651583,5423726726,USD,13.87904981639749,49164719.59,USD,803692008.2,USD,2026-02-26,22.340425531914892,-1.0758196721311475,Information technology services,Technology services
IMVT,"Immunovant, Inc.",26.6,USD,-0.9863429438543172,0.9104704097116919,0.3759398496240521,5413956086.999999,USD,,19143195.400000002,USD,543104835,USD,2026-06-03,12.542884697475138,,Biotechnology,Health technology
CORZ,"Core Scientific, Inc.",17.3,USD,-1.0011123470522787,-3.7819799777530574,-0.2878612716763074,5364060423,USD,124.19239052404882,195983171.1,USD,2719444989.6,USD,2026-03-31,-1011.2626186530059,3.147733631785115,Data processing services,Technology services
MIR,"Mirion Technologies, Inc.",21.28,USD,-0.9781089892873651,-0.8849557522123788,0.5639097744360781,5331435106,USD,194.16058394160584,52787912.800000004,USD,1275095450.72,USD,2026-05-06,496.55172413793105,24.33886149708651,Aerospace & defense,Electronic technology
PLXS,Plexus Corp.,198.46,USD,,0.9614895457089153,0,5316042341.000001,USD,30.859897372103873,45639250.82,USD,1103735488.46,USD,2026-04-29,-19.92455618425402,1.0852578408603564,Electronic production equipment,Electronic technology
MMYT,MakeMyTrip Limited,56,USD,,0.28653295128939216,0,5312562790,USD,114.21578625331429,67225928,USD,2241009960,USD,2026-05-20,,28.929410790046354,Internet software/Services,Technology services
KVYO,"Klaviyo, Inc. Series A",17.32,USD,-0.22050716648290597,-4.52039691289967,1.9630484988452646,5278687744,USD,,76732155.16,USD,1473665549.1200001,USD,2026-05-13,,12.646358723623264,Packaged software,Technology services
ATMU,Atmus Filtration Technologies Inc.,64.7,USD,0.046118370484244636,-0.5380476556494916,0,5273605569,USD,25.837626292879676,66905040.7,USD,1009405339.3000001,USD,2026-05-01,-12.408759124087592,-0.2457002457002457,Auto parts: OEM,Producer manufacturing
ALKS,Alkermes plc,31.91,USD,-0.5000000000000004,-0.28124999999999956,0.28204324663114966,5268900140,USD,15.787650900455176,58194298.910000004,USD,703229516.64,USD,2026-02-25,-4.979448437392363,0.9030940185380013,Pharmaceuticals: major,Health technology
MRCY,Mercury Systems Inc,87.63,USD,0.08902737591809291,-2.4816381037168975,0,5259082141,USD,,25453272.689999998,USD,936428376.06,USD,2026-05-05,-20.615261685976826,3.402617124537652,Aerospace & defense,Electronic technology
RGTI,"Rigetti Computing, Inc.",15.92,USD,-1.867469879518086,-4.096385542168683,-0.12185929648240701,5254014931.999999,USD,,452275371.44,USD,6767056483.04,USD,2026-03-04,-406.80385333131585,8.106607440310938,Computer processing hardware,Electronic technology
GNTX,Gentex Corporation,23.97,USD,-0.2920317062995423,0,0,5248061566.999999,USD,13.779029661991261,39771143.85,USD,843075428.76,USD,2026-04-24,-6.520442486545545,-1.653517830303157,Auto parts: OEM,Producer manufacturing
NOVT,Novanta Inc.,145.96,USD,,0.7106879183053896,0,5221736723,USD,99.78806317084845,45175787.68,USD,761612127.96,USD,2026-02-24,136.8912608410794,2.8156101043947857,Electronic equipment/Instruments,Electronic technology
DUOL,"Duolingo, Inc.",112.94,USD,-0.1080010800108042,1.6470164701646999,0.19523640871259187,5209982253.000001,USD,14.359821996185632,206846560.62,USD,4534496501.64,USD,2026-02-26,552.4977110828253,7.709353259469209,Packaged software,Technology services
MTH,Meritage Homes Corporation,77.83,USD,-0.39840637450199495,0.025703637064639535,0.01284851599640899,5199096020,USD,12.291535060012635,64125226.62,USD,1139431589.1499999,USD,2026-04-29,-15.374079780859443,0.8352629431342762,Real estate development,Finance
PTGX,"Protagonist Therapeutics, Inc.",82.76,USD,,-0.3971597063425181,0,5173796416,USD,130.65993053362806,47833376.52,USD,675589576.88,USD,2026-03-18,-13.137384602110954,-15.037865128020195,Pharmaceuticals: major,Health technology
KNF,Knife Riv Holding Co.,90.7,USD,0.33990482664853516,2.764559256741443,0,5139439638,USD,32.92554543144444,50668920.1,USD,892457796.9,USD,2026-05-12,-77.64598221458459,-37.26930831748659,Construction materials,Non-energy minerals
CRSP,CRISPR Therapeutics AG,53.46,USD,-1.1713030746705722,-2.1595900439238647,-0.26879910213244035,5131374767,USD,,69373170.9,USD,1203696592.56,USD,2026-05-11,-22.70929435086104,-2.81214848143982,Biotechnology,Health technology
CSW,"CSW Industrials, Inc.",311.4,USD,,0.2188465499484906,0,5128829552.999999,USD,41.315077217003655,34188606,USD,777415082.4,USD,2026-05-21,-74.76141282959465,-15.872482857978486,Industrial specialties,Process industries
TFX,Teleflex Incorporated,115.45,USD,,3.264758497316642,-5.44114335210048,5102243876,USD,,150714779.75,USD,1593292084.95,USD,2026-02-26,-433.57154511339536,16.9207147238596,Medical specialties,Health technology
INGM,Ingram Micro Holding Corporation,21.66,USD,,1.1676786548341895,0,5091673831,USD,17.58687885677168,6276201.6,USD,122648147.16,USD,2026-03-02,162.93290329403055,-1.4866472887666646,Information technology services,Technology services
MC,Moelis & Company,63.18,USD,,0.717360114777623,0,5088149979,USD,21.5051567446135,59038235.1,USD,1173630985.02,USD,2026-04-29,64.64602930704943,36.7178306042164,Investment banks/Brokers,Finance
UUUU,Energy Fuels Inc,21.35,USD,0.8115612198452441,-2.822030040964941,-0.46838407494145856,5066072383,USD,,202221627.65,USD,3855918949.05,USD,2026-02-27,23.271593618311478,320.4653371313478,Other metals/Minerals,Non-energy minerals
ETSY,"Etsy, Inc.",52.18,USD,2.8250934773577057,8.39218944744495,-0.04024530471445151,5022177732,USD,38.446802239905686,518234801.5,USD,4141784369.2,USD,2026-05-06,46.66304650146352,30.029821865238205,Internet retail,Retail trade
BBWI,"Bath & Body Works, Inc.",24.38,USD,-0.787075393537702,0.9942004971002419,-0.4511894995898254,4991112519,USD,7.494620350445742,170049939.26,USD,1684804962.6399999,USD,2026-03-04,20.3125,2.905100064557779,Specialty stores,Retail trade
SHC,Sotera Health Company,17.49,USD,,0.5172413793103441,0,4968802825,USD,90.62176165803108,20178597.779999997,USD,366704557.22999996,USD,2026-02-24,507.96382364024623,5.765761480731532,Medical specialties,Health technology
RAL,Ralliant Corporation,43.68,USD,0.13701758392327534,-0.2511989038593273,0,4927358772,USD,,68926122.72,USD,2004083652.48,USD,2026-06-03,-3543.358395989975,4.81950481950482,Electronic equipment/Instruments,Electronic technology
CENX,Century Aluminum Company,52.64,USD,0,0.2666666666666677,0.4939209726443732,4913521368,USD,133.09734513274336,167264126.4,USD,1948142916.16,USD,2026-05-06,-87.91946308724832,0.2372666877570389,Aluminum,Non-energy minerals
OLED,Universal Display Corporation,104.07,USD,0.06830601092896028,-11.142418032786896,0,4901518576,USD,20.512871052942796,206194203.20999998,USD,1572411530.04,USD,2026-04-30,50.688542471481156,23.86167477240658,Electronic production equipment,Electronic technology
LNTH,"Lantheus Holdings, Inc.",73.87,USD,0.30062858704563933,0.942880568461325,0,4898451580,USD,31.024779504409917,49808694.25,USD,819908098.0600001,USD,2026-02-26,-64.73747698558822,1.5789125633191816,Medical specialties,Health technology
SRRK,Scholar Rock Holding Corporation,48,USD,-1.0482180293501047,0.6289308176100569,0,4896357788,USD,,60135504,USD,635138016,USD,2026-03-03,7.098908489425708,,Biotechnology,Health technology
TDS,"Telephone and Data Systems, Inc.",45.29,USD,3.2059727711901647,-0.5489679402722881,1.9430337822919024,4891320099,USD,,85489358.71,USD,667795932.23,USD,2026-04-30,,7.192703251966641,Wireless telecommunications,Communications
IRTC,"iRhythm Holdings, Inc.",150.96,USD,1.9637462235649576,-4.984894259818724,-1.9276629570747192,4878538460,USD,,294464538.48,USD,1587241445.28,USD,2026-04-30,,8.298251799008732,Medical specialties,Health technology
MMSI,"Merit Medical Systems, Inc.",82.21,USD,,0.4521016617790693,0,4874250992,USD,42.07697819633535,40285612.93,USD,709558456.0799999,USD,2026-02-24,-14.812313925293893,0.6047864527834577,Medical specialties,Health technology
LAZ,"Lazard, Inc.",51.33,USD,,0.4697592483851925,0,4870078430,USD,23.622808228634543,88566527.22,USD,780139466.97,USD,2026-04-24,-28.452333122883545,20.164567551178468,Investment banks/Brokers,Finance
CELC,Celcuity Inc.,104.79,USD,,-1.863644877317845,-1.612749308140101,4848765305,USD,,34097408.52,USD,1039262369.8800001,USD,2026-03-19,3.2340726340903063,,Medical specialties,Health technology
OSIS,"OSI Systems, Inc.",292.89,USD,,2.384031880309013,0,4824645246,USD,33.21350811938673,93240945.72,USD,1085737079.31,USD,2026-04-23,88.26133489005643,20.652431081864577,Aerospace & defense,Electronic technology
WAY,Waystar Holding Corp.,25.07,USD,-0.2714230321830178,-2.791779759596739,2.8380534503390544,4805457524,USD,41.1253280839895,84593525.51,USD,1363437866.52,USD,2026-05-06,-34.78204124249543,12.985992979739514,Packaged software,Technology services
BLSH,Bullish,31.77,USD,-1.482854494902678,-1.8535681186283532,0.6924771797293008,4787222205,USD,,36933482.79,USD,1404898819.02,USD,2026-06-03,-3071.1257270196816,54.677501346296445,Packaged software,Technology services
WHR,Whirlpool Corporation,84.49,USD,-0.5260081823495065,-1.2390414962010547,-0.21635696532134016,4775264812,USD,15.003906804943885,316949702.71999997,USD,1962996471.7299998,USD,2026-04-27,47.94520547945205,1.5869080089263576,Electronics/Appliances,Consumer durables
EXLS,"ExlService Holdings, Inc.",30.07,USD,,-1.1180532719500158,1.130695044895244,4772135931,USD,20.365729766339317,70940632.81,USD,1294071350.72,USD,2026-02-24,-11.945314983876095,2.939975897057108,Data processing services,Technology services
NVST,Envista Holdings Corporation,29.12,USD,,1.3927576601671383,0,4772051690,USD,105.92942888323027,76443261.44,USD,1801784216.96,USD,2026-05-06,,12.046574115539633,Medical specialties,Health technology
CAAP,Corporacion America Airports SA,29.25,USD,,0.8620689655172413,0,4770289558.000001,USD,25.878085464036094,5420112.75,USD,131907291.75,USD,2026-03-25,11.574552603311647,10.582555425292528,Other transportation,Transportation
PSMT,"PriceSmart, Inc.",153.73,USD,,0.5231151507225416,0,4737254114.999999,USD,31.389484430832056,28278018.58,USD,476026636.03,USD,2026-04-15,26.886730969760166,3.8884276564172877,Specialty stores,Retail trade
DOCS,"Doximity, Inc.",25.55,USD,0.35671819262782345,1.2683313515655976,0.0391389432485245,4719324134,USD,21.454362247040052,57566142.9,USD,2224386781.4,USD,2026-05-19,-0.8072962825698126,9.807446966325472,Packaged software,Technology services
NG,Novagold Resources Inc.,10.77,USD,0.6250000000000026,-3.8392857142857117,0.8105849582172778,4717416595.216656,USD,,48012390.75,USD,679242812.3399999,USD,2026-04-07,0.23207095532078947,,Precious metals,Non-energy minerals
RUN,Sunrun Inc.,20.28,USD,-0.19960079840318934,1.1976047904191716,0.04930966469427027,4705808357,USD,,193855424.88000003,USD,2277746313.96,USD,2026-02-26,-93.90066014957684,27.26351398822488,Semiconductors,Electronic technology
TGTX,"TG Therapeutics, Inc.",29.53,USD,-1.5614392396469818,0.23761031907671512,-0.4402302742973334,4688166976,USD,10.629949604031678,38344468.76,USD,582112871.2900001,USD,2026-03-03,1286.7917834462694,14.566979340833736,Pharmaceuticals: major,Health technology
MWA,MUELLER WATER PRODUCTS,29.97,USD,,0.6380120886500931,-0.3670337003670318,4686867781,USD,23.63378282469837,23476819.68,USD,620792496.09,USD,2026-05-11,-17.870722433460077,-16.439075630252102,Industrial machinery,Producer manufacturing
APGE,"Apogee Therapeutics, Inc.",68.39,USD,,-0.7834034527781898,0,4672420463.999999,USD,,62930289.52,USD,848730226.89,USD,2026-03-10,1.6264221738077949,,Biotechnology,Health technology
ALH,Alliance Laundry Holdings Inc.,23.65,USD,,-1.2526096033402954,0,4668514833,USD,,8872037.35,USD,169920969.35,USD,2026-03-12,,13.872415722296674,Industrial machinery,Producer manufacturing
BMI,"Badger Meter, Inc.",159.37,USD,,-1.5566125146704441,0,4650670933,USD,33.27209336311823,32059506.68,USD,1086960613.83,USD,2026-04-16,-4.282008153490891,-6.342005762759335,Industrial machinery,Producer manufacturing
CGON,"CG Oncology, Inc.",57.63,USD,,2.144629563984404,-0.017352073572800827,4648792240,USD,,42079524.21,USD,656226585.96,USD,2026-03-27,-5.750012069714671,,Biotechnology,Health technology
AIR,AAR Corp.,116.97,USD,,1.2289052358286472,-0.14533641104556871,4628796069,USD,45.51361867704281,37323723.36,USD,659510547.36,USD,2026-03-24,0.5813953488372093,7.531097890751758,Aerospace & defense,Electronic technology
TMDX,"TransMedics Group, Inc.",134.25,USD,,1.0310054184226405,-0.33139664804468516,4587903002,USD,54.22708728844368,89374521,USD,1152651973.5,USD,2026-02-24,-30.3320250952531,-8.608375166804347,Medical specialties,Health technology
TPC,Tutor Perini Corporation,86.9,USD,0.41224970553591794,2.3557126030624262,-0.9486766398158933,4583388330,USD,,36152920.1,USD,719194306.6,USD,2026-02-26,-81.82136777811154,3.0341105394920653,Engineering & construction,Industrial services
BILL,"BILL Holdings, Inc.",46.2,USD,0.6433626420759107,-0.9221531203088135,-1.991341991341995,4571972124,USD,,83521191.60000001,USD,3081369244.8,USD,2026-04-30,12.62660364618501,4.783431587831435,Packaged software,Technology services
YOU,"Clear Secure, Inc.",34.27,USD,,2.2985074626865765,0,4563403441,USD,17.966865890741325,43895414.900000006,USD,677657515.98,USD,2026-02-25,14.387994498826956,4.4316457599548,Packaged software,Technology services
AMRX,"Amneal Pharmaceuticals, Inc.",14.5,USD,0,-0.6849315068493127,0.20689655172413352,4558262268,USD,1021.1267605633802,22143602.5,USD,417761095,USD,2026-02-27,-89.43212740330999,8.28217217753289,Pharmaceuticals: major,Health technology
FROG,JFrog Ltd.,37.75,USD,-0.8749254324915445,-24.935374826009145,0.49562913907285017,4515992075,USD,,569197859.75,USD,2479953483,USD,2026-05-07,7.431075406244305,6.134821448136326,Packaged software,Technology services
ONDS,Ondas Inc,10.03,USD,-1.843722563652334,-11.940298507462696,0.498504486540386,4509120938,USD,,1119113769.4099998,USD,12418236048.31,USD,2026-03-18,30.5291833137212,60.97059515528132,Telecommunications equipment,Electronic technology
FOLD,"Amicus Therapeutics, Inc.",14.34,USD,-0.1393728222996486,-0.0696864111498243,-0.05020920502091498,4501590722,USD,,66621546.36,USD,1354839615,USD,2026-05-13,-90.2346007165145,9.553356480796872,Pharmaceuticals: major,Health technology
BGC,"BGC Group, Inc.",9.6,USD,-0.9268795056642803,-1.1328527291452235,0.4166666666666763,4499978898.999999,USD,31.199220019499514,20252908.8,USD,390936739.2,USD,2026-05-06,-48.45778638548167,11.768268422546342,Investment banks/Brokers,Finance
ITRI,"Itron, Inc.",99.54,USD,0.131167389768939,0.4338613661588203,1.1653606590315417,4473447874,USD,15.306310739328332,171744723.36,USD,1558330552.8000002,USD,2026-04-30,54.89003703534361,-1.7138190414786159,Electronic equipment/Instruments,Electronic technology
CRNX,"Crinetics Pharmaceuticals, Inc.",43.44,USD,-0.2272727272727305,-1.272727272727278,0,4453114224,USD,,40401372,USD,636989129.76,USD,2026-02-26,-12.499459515552994,-86.12997090203686,Pharmaceuticals: major,Health technology
GTLB,GitLab Inc.,26.39,USD,-0.06958942240779253,-8.176757132915789,-0.2610837438423619,4444075978,USD,,331910117.63,USD,2136137415.23,USD,2026-03-03,10.121633362293657,3.5569588065773856,Packaged software,Technology services
HHH,Howard Hughes Holdings Inc.,74.26,USD,,-9.714285714285708,1.00996498788042,4428595099.999999,USD,35.13603028152354,100686089.34,USD,433612754.16,USD,2026-05-13,-94.9794156039763,60.018706676746056,Real estate development,Finance
S,"SentinelOne, Inc.",12.97,USD,-0.9351032448377663,-4.35103244837758,0.08172706245181313,4408100616,USD,,125246140.91000001,USD,1617469465.49,USD,2026-03-12,16.284591566114496,6.907999322826128,Packaged software,Technology services
ABG,Asbury Automotive Group Inc,226.18,USD,,1.3305855472425065,0,4397065580,USD,9.025610739112045,40218649.06,USD,881154079.62,USD,2026-04-28,-59.2114208021754,-2.591342748823064,Specialty stores,Retail trade
STVN,Stevanato Group S.p.A.,16.05,USD,,-1.5337423312883436,-0.31152647975078324,4381709122,USD,28.217299578059073,10017495.15,USD,206756613.60000002,USD,2026-03-04,25.187425104188655,11.619228378771094,Medical specialties,Health technology
MYRG,"MYR Group, Inc.",281.01,USD,,3.689900741670049,0,4362071685,USD,45.39888203172962,58661680.53,USD,883252647.36,USD,2026-02-25,21.265019270006803,5.561880432066198,Engineering & construction,Industrial services
VSNT,"Versant Media Group, Inc.",30.03,USD,-0.13315579227696123,-0.03328894806923439,0,4328824874,USD,3.8579136690647484,62134622.550000004,USD,1158188601.57,USD,2026-03-03,-73.50993377483444,-2.6346604215456675,Cable/Satellite TV,Consumer services
ARIS,Aris Mining Corporation,21.01,USD,0.05040322580645949,5.897177419354847,-0.34031413612565603,4321756821.269096,USD,83.48598699033218,33067575.970000003,USD,526031193.82000005,USD,2026-03-18,,23.332075130784162,Precious metals,Non-energy minerals
ACMR,"ACM Research, Inc.",66.59,USD,-1.4806426931904977,1.8974751338944287,0.16518996846373243,4320122698,USD,38.92558601741977,62186469.89,USD,1506819429.26,USD,2026-02-26,20.594758064516128,24.97446278996341,Industrial machinery,Producer manufacturing
BETA,"Beta Technologies, Inc.",18.63,USD,-0.40878896269801657,-4.80327031170159,1.8937198067632957,4266831315.9999995,USD,,16483861.26,USD,416534514.21,USD,2026-03-09,-471.9552078700191,100.99166103222899,Aerospace & defense,Electronic technology
FELE,"Franklin Electric Co., Inc.",95.84,USD,,1.1931158272621791,0,4265875002.0000005,USD,29.836249299545482,47406680.96,USD,681176282.88,USD,2026-05-05,134.10265656929917,-12.868694925685132,Industrial machinery,Producer manufacturing
AD,"Array Digital Infrastructure, Inc.",49.27,USD,1.5097338100913746,-2.125546285260231,0.6697787700426188,4257223734.999999,USD,14.770512935815571,23461585.68,USD,153872969.12,USD,2026-04-30,-79.89263055148854,28.035399732591948,Wireless telecommunications,Communications
SKE,Skeena Resources Limited,35.1,USD,-0.08733624454148803,2.1834061135371177,0.42735042735042333,4250376056.2710805,USD,,43784757.9,USD,516689444.70000005,USD,2026-03-19,0.1737780002246873,,Precious metals,Non-energy minerals
NWE,"NorthWestern Energy Group, Inc.",68.93,USD,,0.5690107966151161,0,4235308924,USD,23.420086980157652,37082409.96,USD,704630583.44,USD,2026-04-23,16.891167316192817,7.058239781678348,Electric utilities,Utilities
INDV,"Indivior Pharmaceuticals, Inc.",33.89,USD,0.7549361207897942,-1.5969802555168326,-1.1507819415756877,4231298496,USD,33.741537236160895,51215347.47,USD,747050724.33,USD,2026-02-26,133.33333333608687,3.973509935001808,Pharmaceuticals: major,Health technology
BRC,Brady Corporation,89.31,USD,,-4.153251770766263,0,4217936062,USD,20.926963001148163,46668851.19,USD,337126316.28000003,USD,2026-05-21,-10.911079798279442,-5.218524156955442,Miscellaneous manufacturing,Producer manufacturing
KEN,Kenon Holdings Ltd.,80.87,USD,,0.6221226825930073,0,4217390201.9999995,USD,8.935220480183853,1603166.8800000001,USD,20827098.060000002,USD,,400,35.204081632653065,Electric utilities,Utilities
ACIW,"ACI Worldwide, Inc.",40.88,USD,,0.3190184049079817,0,4214237757,USD,16.534541336353342,25346458.48,USD,529326463.12,USD,2026-02-26,647.828224881167,20.211684253024238,Packaged software,Technology services
VISN,"Vistance Networks, Inc.",18.97,USD,-0.755124056094933,2.3193096008629976,0.15814443858724903,4202778801.9999995,USD,,48526474.08,USD,806784159.7199999,USD,2026-02-26,235.18518518518516,17.405086088898493,Telecommunications equipment,Electronic technology
TERN,"Terns Pharmaceuticals, Inc.",39.23,USD,,-0.5576679340938047,-1.9882742798878261,4171317243.0000005,USD,,49567183.45999999,USD,1047253088.3,USD,2026-03-31,-2.2496160710579836,,Biotechnology,Health technology
HGV,Hilton Grand Vacations Inc.,48.54,USD,,0.7681129333610077,0,4152261706.9999995,USD,84.86013986013987,21793149.419999998,USD,603979385.34,USD,2026-02-26,0,2.6856240126382307,Real estate development,Finance
LBTYA,Liberty Global Ltd.,12.54,USD,-1.8790849673202648,2.450980392156854,0,4144356901.0000005,USD,,98022320.88,USD,817635951.66,USD,2026-04-30,-3116.3175303197354,1.988236268743269,Major telecommunications,Communications
LBTYK,Liberty Global Ltd.,12.1,USD,,2.023608768971334,0,4144356901.0000005,USD,,33750759.9,USD,275090414.5,USD,2026-04-30,-3116.3175303197354,1.988236268743269,Major telecommunications,Communications
LBTYB,Liberty Global Ltd.,13.155,USD,-2.8888888888888933,-2.5555555555555602,0,4144356901,USD,,98609.87999999999,USD,37315407.225,USD,2026-04-30,-3116.3175303197354,1.988236268743269,Major telecommunications,Communications
NTSK,"Netskope, Inc.",10.53,USD,-0.514579759862783,-9.69125214408234,0.7530864197530858,4141015749.0000005,USD,,33502890.33,USD,344143165.85999995,USD,2026-04-01,-401.73862969402336,7.856147296173532,Packaged software,Technology services
JOE,St. Joe Company (The),71.52,USD,,0.8318060059213156,0,4129888571.9999995,USD,39.70024979184013,11188660.32,USD,163034631.84,USD,2026-02-25,31.10350900961929,24.7857950759982,Real estate development,Finance
GFF,Griffon Corporation,88.62,USD,,0.9684402415403994,0,4127846193,USD,96.86304514154553,31382025.78,USD,570337139.82,USD,2026-05-06,47.55477128976075,-1.977401983140587,Building products,Producer manufacturing
ALHC,"Alignment Healthcare, Inc.",20.6,USD,-0.04798464491363514,-1.151631477927056,4.223300970873773,4121889835,USD,,33603914.800000004,USD,645288016.6,USD,2026-02-26,-76.19837875789877,-2.1267857002151116,Managed health care,Health services
GPI,"Group 1 Automotive, Inc.",342.3,USD,1.7411211856492974,3.1117269632798097,0,4081995645.9999995,USD,13.718339211285668,78611933.4,USD,950504801.4,USD,2026-04-29,226.9230769230769,-3.5070122952945857,Specialty stores,Retail trade
SMR,NuScale Power Corporation,13.44,USD,-2.988387978142076,-8.196721311475416,0.14880952380953386,4068618152.0000005,USD,,343438945.92,USD,4643913671.04,USD,2026-02-26,-1449.3396065982654,2.3342438539856087,Electrical products,Producer manufacturing
ACAD,ACADIA Pharmaceuticals Inc.,23.99,USD,0.780928894369097,-1.3974517057131108,0,4058671547,USD,15.434600784919255,53903706.76,USD,510730450.93999994,USD,2026-02-25,169.17797944948623,5.317009744260423,Pharmaceuticals: major,Health technology
SAIC,Science Applications International Corporation,89.91,USD,,-1.2195121951219505,0,4057406021,USD,11.473380633964576,66027925.98,USD,1062132364.4399999,USD,2026-03-16,-38.582677165354326,5.483323911814584,Information technology services,Technology services
AZZ,AZZ Inc.,134.9,USD,,-0.26615407363594945,0.8154188287620416,4027529054,USD,12.67833311403921,19620395.6,USD,346157312.1,USD,2026-04-27,-54.027040941955995,2.030076088910191,Industrial specialties,Process industries
ZETA,Zeta Global Holdings Corp.,16.31,USD,-0.8730867346938707,4.017857142857137,0,4011856844,USD,,141270565.51999998,USD,2037926312.3799999,USD,2026-02-24,71.64039331980646,9.313582456345115,Packaged software,Technology services
LEU,Centrus Energy Corp.,203.73,USD,-1.6181539639984657,-2.4655304481041775,-0.7264516762381533,4006261928,USD,48.866661869468224,155833891.92,USD,3837501267.0299997,USD,2026-05-12,356.4102564102564,95.19359145527369,Other metals/Minerals,Non-energy minerals
TAC,TransAlta Corporation,13.5,USD,-0.14836795252225204,0.14836795252225204,0,4005450016.08013,USD,,9793507.5,USD,245866144.5,USD,2026-02-27,51.61691798859941,38.84168111722325,Electric utilities,Utilities
DAN,Dana Incorporated,34.27,USD,0.029291154071464588,0.3807850029291229,1.9842427779398881,4004016525.0000005,USD,77.5690357627886,45200279.42,USD,749229657.0400001,USD,2026-04-29,207.4074074074074,-0.9302325581395349,Auto parts: OEM,Producer manufacturing
KAI,Kadant Inc,339.91,USD,,3.9225877461171703,0,4003505689,USD,39.315952623299715,89773290.19000001,USD,801722603.12,USD,2026-05-05,-13.3359786451194,5.389830134000081,Industrial machinery,Producer manufacturing
CVLT,"Commvault Systems, Inc.",91,USD,-0.4006930907515752,-1.4511587611002852,0,4001669319,USD,47.15758926257968,77236068,USD,1318612477,USD,2026-05-05,20.719619823489477,13.629846336553362,Packaged software,Technology services
SIG,Signet Jewelers Limited,97.92,USD,,2.997791101293793,0.5714869281045784,3983820350,USD,29.270042446344235,88767613.44,USD,1131184569.6,USD,2026-03-19,,-9.334896749397434,Specialty stores,Retail trade
LIF,"Life360, Inc.",50.61,USD,-1.2052953961667643,0,0,3967849994.9999995,USD,143.90105203298265,23801832.39,USD,635803915.32,USD,2026-03-02,39.78018840993434,7.9007808911345885,Packaged software,Technology services
DORM,"Dorman Products, Inc.",129.69,USD,,1.534486808110854,0,3963669499,USD,16.14304563220394,19091275.83,USD,290645276.13,USD,2026-02-25,30.167435997887885,0.5133475919616829,Automotive aftermarket,Consumer durables
CBT,Cabot Corporation,75.62,USD,,0.9478040315044827,0.5421846072467555,3948998081.0000005,USD,13.272487933304083,40820961.54,USD,613604802.7800001,USD,2026-05-11,71.42857142857143,-5.561735261401557,Chemicals: specialty,Process industries
DLO,DLocal Limited,13.39,USD,-0.9252120277563685,3.238242097147262,0.5227781926811074,3946401957.0000005,USD,22.79925080878597,15022133.88,USD,267732045.75,USD,2026-03-18,21.05816398037097,10.147860468374166,Packaged software,Technology services
PRM,"Perimeter Solutions, SA",26.64,USD,,-1.1869436201780426,0,3940687846,USD,63.232850700213625,19394559.36,USD,309843606.24,USD,2026-02-26,-181.89421970967064,93.95286493576465,Chemicals: major diversified,Process industries
ASO,"Academy Sports and Outdoors, Inc.",58.78,USD,,-0.4909429490435062,0,3919526573.9999995,USD,10.740977615349475,182019323.6,USD,1075223216.18,USD,2026-03-31,-42.948482867484095,-13.51024291209485,Specialty stores,Retail trade
BLLN,"BillionToOne, Inc.",85.42,USD,,-5.529750055297501,0,3909567414.9999995,USD,,17644526.04,USD,223055195.92000002,USD,2026-03-04,,25.46077238520122,Medical/Nursing services,Health services
RH,RH,207.73,USD,,1.5149293847431922,-0.11072064699368882,3900691232.9999995,USD,37.447721372944905,423096985.71999997,USD,2670448918.3199997,USD,2026-04-01,-29.86578479152162,-1.706165037907982,Specialty stores,Retail trade
AVNT,Avient Corporation,42.57,USD,,0.14114326040932082,0.5872680291284942,3900464530,USD,47.65476323743423,25742376.99,USD,545038694.64,USD,2026-05-12,-48.15950920245399,-5.691258524488531,Chemicals: major diversified,Process industries
AAUC,Allied Gold Corporation,31.33,USD,,0.09584664536740442,2.0746887966805048,3886347140.6545453,USD,,7575687.989999999,USD,301826734.69,USD,2026-03-31,31.45213612177414,17.909250367197505,Precious metals,Non-energy minerals
ERAS,"Erasca, Inc.",12.54,USD,0.8071025020177534,1.2106537530266228,0,3882218742,USD,,30260273.999999996,USD,722057313.12,USD,2026-03-19,9.63513992206872,,Pharmaceuticals: major,Health technology
ICUI,"ICU Medical, Inc.",157.03,USD,,4.86843862695338,0,3877113883,USD,6383.333333333333,87440428.17,USD,692226555.32,USD,2026-05-11,-363.3097762073027,0.48315827059838723,Medical specialties,Health technology
ALM,Almonty Industries Inc.,14.74,USD,-0.89163237311386,1.0973936899862835,-0.47489823609226783,3873321505.578009,USD,,30700339.34,USD,861150317.94,USD,2026-03-26,,18.18233102229896,Other metals/Minerals,Non-energy minerals
PI,"Impinj, Inc.",127.92,USD,0,3.7385451301597596,-0.7191994996873059,3867237172,USD,,61633007.28,USD,1843198128.72,USD,2026-04-29,91.10850897736144,-3.337671125917443,Semiconductors,Electronic technology
CGAU,Centerra Gold Inc.,19.05,USD,0.36880927291886345,0.36880927291886345,-0.2624671916010536,3842976944.562381,USD,6.632287672584659,52565598.45,USD,560171098.35,USD,2026-05-12,-32.25015760574898,0.9276157741499678,Precious metals,Non-energy minerals
MNDY,monday.com Ltd.,75.58,USD,-0.07894736842105562,-0.5526315789473707,0.1587721619476112,3837448715,USD,33.732036061769165,257963156.12,USD,5198422556.42,USD,2026-05-18,487.58810910321165,5.372488993596184,Packaged software,Technology services
ADMA,ADMA Biologics Inc,16.1,USD,0.6740196078431338,-1.3480392156862675,0,3831764223,USD,18.907809747504405,42096621.7,USD,474083900.50000006,USD,2026-02-25,6.455477950846021,10.034102833158446,Biotechnology,Health technology
MEOH,Methanex Corporation,49.37,USD,,0.10137875101378176,0,3818252456.067131,USD,15.318224399049022,21563038.68,USD,391911599.97999996,USD,2026-03-05,-110.6732155448453,13.195268012811912,Chemicals: specialty,Process industries
EXK,Endeavour Silver Corporation,12.89,USD,0.7419620774938158,6.265457543281119,0.6982156710628383,3791947717.784581,USD,,195906293.24,USD,2244146873.15,USD,2026-02-27,-99.40125616606619,51.52110296279445,Precious metals,Non-energy minerals
USAR,"USA Rare Earth, Inc.",17.23,USD,-2.3926046764546016,-6.307775965198478,-0.540336622170631,3755117184.0000005,USD,,232125282.34,USD,5400440338.150001,USD,2026-02-25,-9.94624787728236,,Metal fabrication,Producer manufacturing
FSM,Fortuna Mining Corp.,12.27,USD,0.6422018348623879,12.568807339449533,-0.07579462102689195,3745540422.4257603,USD,12.957371999116997,193755925.82999998,USD,1503290571.6299999,USD,2026-05-13,-43.447527105736725,9.900427272726915,Precious metals,Non-energy minerals
LIVN,LivaNova PLC,68.42,USD,0.16202680807188014,0.7806746207099736,0,3736109987,USD,,62665535.9,USD,726389277.24,USD,2026-02-25,-1.3880195869076986,1.48330326445859,Medical specialties,Health technology
YETI,"YETI Holdings, Inc.",47.68,USD,1.189970250743721,1.3174670633234113,-0.020973154362411935,3709890855.9999995,USD,23.42422009334316,155294427.52,USD,1092095905.28,USD,2026-05-07,47.78426395939086,19.669677673310563,Miscellaneous manufacturing,Producer manufacturing
KLIC,"Kulicke and Soffa Industries, Inc.",70.85,USD,0,2.0011517420097906,0,3707333521.9999995,USD,,39175869.849999994,USD,1077344958.3,USD,2026-05-06,163.30145790876313,12.428051678888025,Industrial machinery,Producer manufacturing
ACLX,"Arcellx, Inc.",64.11,USD,-0.7966330978505954,-3.637456786412147,-1.7313991576977061,3707024370,USD,,57079505.07,USD,662005694.01,USD,2026-02-26,-5.703890394345379,-34.48504103786074,Biotechnology,Health technology
SA,"Seabridge Gold, Inc.",35.48,USD,0.34811402245898654,2.1595162683558886,0,3702221796.242948,USD,,35839164.04,USD,534636340.6399999,USD,2026-03-26,-355.8608020484006,,Precious metals,Non-energy minerals
CALX,"Calix, Inc",55.61,USD,,1.3486422453070932,0,3685634759.9999995,USD,221.37738853503186,104810224.57,USD,1205548002.59,USD,2026-04-27,-53.94047771107421,2.6416814536029265,Telecommunications equipment,Electronic technology
PPTA,Perpetua Resources Corp.,30.18,USD,-0.49751243781094057,0.09950248756219282,0.8946322067594419,3678117540,USD,,56145966.6,USD,765894881.52,USD,2026-03-13,-327.39319409951395,,Precious metals,Non-energy minerals
WIX,Wix.com Ltd.,66.9,USD,-0.7793764988009533,0.26978417266188076,0.37369207772795215,3670449044.9999995,USD,28.988647196464168,98578019.7,USD,2100124064.1000001,USD,2026-03-04,-101.0207441554148,3.115547118802192,Packaged software,Technology services
CORT,Corcept Therapeutics Incorporated,34.82,USD,-0.49649532710280864,1.6939252336448547,-1.780585870189539,3662653690,USD,39.785191956124315,89142995.38,USD,977610742.14,USD,2026-02-24,-44.066915142584726,6.793190351283237,Pharmaceuticals: major,Health technology
BHF,"Brighthouse Financial, Inc.",63.93,USD,,0.3925879396984924,-0.10949475989363411,3655779357,USD,4.358586271782705,33758875.8,USD,499374363.24,USD,2026-02-23,463.5294117647059,108.49598163030998,Life/Health insurance,Finance
LGND,Ligand Pharmaceuticals Incorporated,183.98,USD,,-1.2559038213825695,0,3621042896,USD,88.55410088563727,30144387.08,USD,479658121.58,USD,2026-02-26,2319.4965958324738,142.42761458836375,Pharmaceuticals: major,Health technology
KNSA,"Kiniksa Pharmaceuticals International, plc",47.77,USD,-0.25439898240408,1.2719949120203549,-1.276952061963589,3620763411.9999995,USD,106.53434433541481,22384926.46,USD,280042405.39000005,USD,2026-02-24,3.3815612382234184,15.343405804958001,Pharmaceuticals: major,Health technology
GTX,Garrett Motion Inc.,18.9,USD,0.8560311284046834,-1.9455252918287937,-1.53439153439153,3590452850.0000005,USD,12.363446065284228,84707267.39999999,USD,766013144.4,USD,2026-04-23,9.090909090909092,-1.2195121951219512,Auto parts: OEM,Producer manufacturing
VKTX,"Viking Therapeutics, Inc.",31.03,USD,-1.607717041800643,-0.22508038585209092,-0.41894940380277973,3585649959,USD,,55420417.81,USD,1465320381,USD,2026-04-29,-73.66142729685969,,Pharmaceuticals: major,Health technology
FUL,H. B. Fuller Company,65.94,USD,,1.0574712643678126,0,3581319093,USD,23.952052306574643,22907753.82,USD,354247088.15999997,USD,2026-04-01,-55.72960095294819,0.30772059194455875,Industrial specialties,Process industries
LCII,LCI Industries,147.58,USD,,1.1514736120630615,0,3571142285.0000005,USD,19.528913590048962,45786695.00000001,USD,693713957.6800001,USD,2026-05-12,-70.10225145216265,-10.01247495120491,Miscellaneous manufacturing,Producer manufacturing
LUNR,"Intuitive Machines, Inc.",17.55,USD,-1.31940626717978,-3.5184167124793873,-0.22792022792022304,3566336578,USD,,126553962.60000001,USD,2111027671.3500001,USD,2026-03-19,72.82872006671697,4.221572953312265,Aerospace & defense,Electronic technology
OTTR,Otter Tail Corporation,84.95,USD,,-1.9053117782909832,0,3563951543.0000005,USD,12.967881785430787,21634131.55,USD,349618945.75,USD,2026-05-04,-33.87063812394625,-5.3642459370383,Electric utilities,Utilities
HIMS,"Hims & Hers Health, Inc.",15.63,USD,-1.264222503160563,-1.201011378002525,1.081253998720401,3558146273,USD,28.89628397115918,396275095.59000003,USD,8904202073.79,USD,2026-02-23,-62.88907187389719,9.937540494059647,Medical/Nursing services,Health services
NNNN,Anbio Biotechnology,24.7,USD,,-3.0231645072634454,0,3554112775,USD,390.8227848101265,691674.1,USD,29541397.599999998,USD,,,,Medical specialties,Health technology
BKD,Brookdale Senior Living Inc.,14.9,USD,-1.4715719063545076,-0.33444816053510995,-0.671140939597313,3543106731,USD,,99445267.10000001,USD,1527991051.5,USD,2026-05-12,65.16657078604675,-7.264454323538273,Hospital/Nursing management,Health services
AAOI,"Applied Optoelectronics, Inc.",51.68,USD,-2.022775649212428,10.004257130693919,-0.09674922600618645,3528704838,USD,,412328363.2,USD,3523816045.6,USD,2026-02-26,-97.14222906133216,15.228455979485586,Semiconductors,Electronic technology
LGN,Legence Corp.,55.24,USD,1.8612521150592118,16.835871404399324,0.19913106444605252,3527459354.2400002,USD,,115664218.76,USD,811280105.64,USD,2026-03-27,-103.07692307692307,29.147505996734857,Engineering & construction,Industrial services
CSTM,Constellium SE,25.44,USD,-0.42619139868267897,-1.4335528864780993,1.2185534591194918,3505677568.9999995,USD,13.13981715820464,56673603.84,USD,872614005.6,USD,2026-04-29,27.272727272797493,1.615881809843457,Aluminum,Non-energy minerals
EXPO,"Exponent, Inc.",70.16,USD,,0.1284429855858476,0,3500087966.0000005,USD,33.90190867359265,31527167.759999998,USD,608066266.16,USD,2026-04-23,-11.703038083012409,0.20731375747688963,Engineering & construction,Industrial services
WK,Workiva Inc.,61.43,USD,11.322983462706718,3.6618292271346635,-0.048998860491612166,3496757879,USD,,208412086.68,USD,1156767505.23,USD,2026-05-05,324.1206030150754,6.588421080806188,Information technology services,Technology services
ALMS,Alumis Inc.,27.97,USD,-2.4139702105803744,-4.228727957541515,1.39435109045406,3487604306.0000005,USD,,32208909.439999998,USD,506780766.21999997,USD,2026-03-25,-286.6994824766946,-22.50562640660166,Pharmaceuticals: major,Health technology
TTAM,Titan America SA,18.91,USD,,2.827623708537246,0.4759386567953456,3486294327,USD,19.252698024842193,4176613.88,USD,65763174.63,USD,2026-04-01,12.303449895415842,1.77290507246219,Construction materials,Non-energy minerals
OII,"Oceaneering International, Inc.",34.79,USD,-1.0226644555002693,-3.8419016030956348,0.6036217303822963,3471179561,USD,9.94,78692370.75,USD,704797737.6999999,USD,2026-04-29,149.20113902565612,-10.004603592956233,Industrial machinery,Producer manufacturing
OSCR,"Oscar Health, Inc.",13.23,USD,-1.2381646030589943,-3.641660597232338,-0.07558578987150254,3468337161,USD,,79800026.04,USD,1878901143.21,USD,2026-05-12,-156.5376500545653,-6.053247438700274,Managed health care,Health services
EOSE,"Eos Energy Enterprises, Inc.",10.7,USD,-2.0960698689956194,-6.550218340611353,0.1869158878504799,3467850410.9999995,USD,,120123303.89999999,USD,2674960923.6,USD,2026-02-26,-445.38150473555385,100.26253609871358,Electrical products,Producer manufacturing
MIAX,"Miami International Holdings, Inc.",40.53,USD,,-0.2706692913385813,-0.6661732050333163,3462399884.9999995,USD,,62929147.68,USD,906978597.21,USD,2026-02-25,-533.8844731584987,3.6591169794742884,Investment banks/Brokers,Finance
AVA,Avista Corporation,42.33,USD,,0.5224412253621441,0,3444465998,USD,17.99056483488461,25594072.56,USD,375256084.95,USD,2026-02-25,107.14285714285714,-1.9464720194647203,Electric utilities,Utilities
HYMC,Hycroft Mining Holding Corporation,41.07,USD,-1.304863582443647,-2.5622775800711706,1.9965911857803758,3409852454,USD,,289671966.96,USD,2598804953.64,USD,2026-03-04,20.11587288063389,,Precious metals,Non-energy minerals
BBUC,Brookfield Business Corporation,35.5,USD,,0.11280315848843528,0,3405545427.946612,USD,,1818132.5,USD,40998417.5,USD,,59.540274344304976,1.8328919052117298,Engineering & construction,Industrial services
SYRE,"Spyre Therapeutics, Inc.",43.21,USD,,14.281935995768311,1.5968525804211935,3393720291,USD,,98453466.48,USD,482584446.71000004,USD,2026-05-07,-363.4802825717607,,Pharmaceuticals: major,Health technology
RNG,"RingCentral, Inc.",39.5,USD,18.611772711806733,34.39945559714188,0.5668354430379757,3382218829,USD,81.9672131147541,575430272.5,USD,2565097057,USD,2026-05-12,30.79902044535566,0.8420821883489521,Packaged software,Technology services
SEI,"Solaris Energy Infrastructure, Inc.",49.24,USD,0.020008003201290748,-1.4805922368947477,1.2591389114540972,3370841862.0000005,USD,54.07423676696684,108982842.76,USD,2241028606.4,USD,2026-02-24,22.627609191369935,11.729213543340835,Information technology services,Technology services
AAP,Advance Auto Parts Inc.,55.87,USD,-0.8574490889603374,-0.19649874955341096,0,3357786851,USD,76.68130661542683,158825727.51,USD,1871977929.33,USD,2026-05-27,,-3.094302554027505,Specialty stores,Retail trade
NIQ,NIQ Global Intelligence plc,11.27,USD,,-1.743679163034011,0,3324650135.0000005,USD,,11902235.73,USD,275913672.71999997,USD,2026-02-27,-1308.510638308941,1.1337432751990653,Packaged software,Technology services
QLYS,"Qualys, Inc.",92.66,USD,0.19379844961240586,-10.21317829457365,1.0144614720483465,3322630846.9999995,USD,17.017134671539548,138155596.7,USD,1236024819.62,USD,2026-04-30,5.569459341357804,3.294206294076786,Packaged software,Technology services
PBH,Prestige Consumer Healthcare Inc.,69.58,USD,,0.8259672511230156,0,3292437278,USD,18.39913266520348,23981164.48,USD,415869918.8,USD,2026-04-30,10.62519248537111,3.4036933538600724,Pharmaceuticals: major,Health technology
YSS,York Space Systems Inc.,25.91,USD,-1.7150857542877214,-9.310465523276164,0,3289129144.9,USD,,19332953.78,USD,671642025.5600001,USD,,,,Aerospace & defense,Electronic technology
SOUN,"SoundHound AI, Inc.",7.82,USD,-1.6602809706257968,-0.12771392081736638,0.2557544757033194,3285149485,USD,,151646198.54,USD,2726049489.78,USD,2026-02-26,-46.23280338311653,-1.4853688822247735,Packaged software,Technology services
BOX,"Box, Inc.",22.87,USD,0.13204225352113177,0.6602112676056432,-1.1368605159597793,3275620219.9999995,USD,18.442061124102896,34867419.04,USD,911098101.71,USD,2026-03-03,-10.264038676087765,2.4176952982833275,Information technology services,Technology services
SYNA,Synaptics Incorporated,84.28,USD,-0.8184882041405784,1.444390948483393,0.08305647840530751,3264142773,USD,,43337281.68,USD,1081223231.76,USD,2026-04-30,28.155339805825243,3.418803418803419,Semiconductors,Electronic technology
XENE,Xenon Pharmaceuticals Inc.,42.23,USD,,-1.973073351903439,-0.544636514326301,3263323601,USD,,31052141.299999997,USD,452876842.65,USD,2026-02-26,-7.3076287391808386,,Pharmaceuticals: major,Health technology
HNGE,"Hinge Health, Inc.",41.31,USD,-2.6717557251908506,-1.4551526717557237,-0.5083514887436477,3251899105,USD,,58655118.870000005,USD,1194410901.6000001,USD,2026-05-07,,10.709352769906168,Packaged software,Technology services
STUB,"StubHub Holdings, Inc.",9.36,USD,-0.4694835680751074,9.859154929577464,0.636752136752152,3234254076,USD,,37834851.599999994,USD,535204762.55999994,USD,2026-03-04,-2305.0400341823183,8.788854158193796,Internet software/Services,Technology services
ATS,ATS Corporation,32.83,USD,,0.922225637872724,0,3219304231.3948364,USD,246.494085268183,5821120.13,USD,93414219.36,USD,2026-05-14,-9.820907054568364,5.90329875562655,Industrial machinery,Producer manufacturing
WDFC,WD-40 Company,238.48,USD,,0.06713662302786026,0,3216213106,USD,36.22939612609191,25710528.8,USD,548679521.28,USD,2026-04-02,-17.847533632286996,-5.534926684243689,Industrial specialties,Process industries
FLY,Firefly Aerospace Inc.,19.98,USD,-1.7185322805387877,-7.199256850905717,0.30030030030029387,3181837488.0000005,USD,,42165232.56,USD,896522320.26,USD,2026-02-25,-109.18184954059393,97.94198983857483,Aerospace & defense,Electronic technology
QTWO,"Q2 Holdings, Inc.",50.78,USD,,-1.779497098646038,0.4332414336352872,3168893799.9999995,USD,65.03586065573771,42775345.480000004,USD,923993286.24,USD,2026-05-05,35.85194045720361,3.23146789354698,Information technology services,Technology services
DNLI,Denali Therapeutics Inc.,20.19,USD,-1.2351778656126484,-0.24703557312251564,-1.9316493313521574,3152837285,USD,,36316843.260000005,USD,480240369.69000006,USD,2026-03-02,-2.24220304707579,,Biotechnology,Health technology
CLBT,Cellebrite DI Ltd.,13.16,USD,,-4.49927431059506,0.8358662613981719,3151425983.0000005,USD,41.991065730695595,24637086.04,USD,436384691.96,USD,2026-05-07,5.3098221803952645,2.2153631307080115,Packaged software,Technology services
ERO,Ero Copper Corp.,30.15,USD,-0.7749326145552575,1.5835579514824758,0,3141397709.017944,USD,22.53616886923147,49934791.8,USD,794226616.1999999,USD,2026-03-05,-50.42238755438701,5.290192855095813,Other metals/Minerals,Non-energy minerals
DIOD,Diodes Incorporated,68.45,USD,,1.7995240928019158,0,3140311769,USD,48.05194805194805,51601580.1,USD,493762295.3,USD,2026-05-07,-28.54741560442639,-0.15095494300940918,Semiconductors,Electronic technology
SXI,Standex International Corporation,257.77,USD,,0.8450373616055585,0,3123845777,USD,57.69506244684184,25655848.099999998,USD,516452248.03,USD,2026-04-30,-85.9192348565356,1.7886133991933073,Electronic equipment/Instruments,Electronic technology
USLM,"United States Lime & Minerals, Inc.",108.87,USD,,1.3026891225458321,0,3117971402,USD,23.310138100845737,6626808.03,USD,155499674.22,USD,2026-05-06,-21.228920633283483,-13.797835633626098,Construction materials,Non-energy minerals
NATL,NCR Atleos Corporation,42.16,USD,,-0.16575893914279016,0.33206831119544733,3115798069,USD,25.72614107883817,36483535.44,USD,302055404.32,USD,2026-02-26,-42.22222222222222,1.5398550724637683,Computer processing hardware,Electronic technology
ARQT,"Arcutis Biotherapeutics, Inc.",25.415,USD,-3.542039355992839,-9.069767441860465,1.1213850088530402,3113139251,USD,,69041296.155,USD,457679775.40999997,USD,2026-02-25,,21.735129564193166,Pharmaceuticals: major,Health technology
EWTX,"Edgewise Therapeutics, Inc.",29.31,USD,-0.03388681802779248,-0.6777363605557535,0,3103003882,USD,,18394399.11,USD,340334764.97999996,USD,2026-02-23,-12.60141215561401,,Biotechnology,Health technology
LCID,"Lucid Group, Inc.",9.55,USD,-0.717948717948721,-2.051282051282044,0.31413612565444354,3095808826.0000005,USD,,65164415.45,USD,925484846.4000001,USD,2026-02-24,-81.38115647570037,29.737272194640585,Motor vehicles,Consumer durables
MTRN,Materion Corporation,149.03,USD,0.7623467020218798,-1.2064965197215731,0,3090317899.9999995,USD,41.58667261971202,19476432.64,USD,418180415.45,USD,2026-05-06,-74.13426727530302,10.102581511048363,Electronic equipment/Instruments,Electronic technology
CWK,Cushman & Wakefield Ltd.,13.33,USD,-0.12490479817213143,1.5232292460015178,-2.4006001500375116,3090183257,USD,35.461558925246074,33677711.8,USD,660531545.82,USD,2026-05-05,-143.57976653696497,11.815495606124564,Real estate development,Finance
LASR,"nLIGHT, Inc.",56.01,USD,-2.909482758620685,0.5926724137931004,0.9641135511515787,3067291376.0000005,USD,,80250679.92,USD,1324352977.3799999,USD,2026-02-26,-91.42300194931774,8.110472179476808,Semiconductors,Electronic technology
HWKN,"Hawkins, Inc.",146.5,USD,,1.0763074375603714,0,3062156754,USD,37.03422822185146,9701230,USD,300377447,USD,2026-05-20,-36.666961678024606,-12.963478037613127,Chemicals: specialty,Process industries
FLNC,"Fluence Energy, Inc.",16.55,USD,-2.2946859903381585,-0.060386473429939684,-0.30332326283988065,3044128676,USD,,99537211.15,USD,1823999944.3500001,USD,2026-05-13,-351.1423158363981,-54.38735913833598,Electrical products,Producer manufacturing
OPLN,"OPENLANE, Inc.",28.63,USD,,-2.1531100478468983,0,3043289490,USD,,42930226.92,USD,398777507.16999996,USD,2026-05-05,53.746770025839794,-0.8226324237560192,Packaged software,Technology services
CON,"Concentra Group Holdings Parent, Inc.",23.67,USD,0.08392782207303033,-0.6714225765841234,0,3033788562,USD,,16031122.920000002,USD,405315351.63000005,USD,2026-05-13,-24.988085124018315,-5.8833798882681565,Medical/Nursing services,Health services
KWR,Quaker Houghton,174.44,USD,,0.2816901408450757,0,3024795658,USD,,14529630.92,USD,396411934.52,USD,2026-02-23,,2.1601158460901946,Chemicals: specialty,Process industries
VRRM,Verra Mobility Corporation,18.94,USD,1.0845986984815579,2.7114967462039044,0.8447729672650481,3022150827,USD,59.26157697121402,28775409.42,USD,472094083.8,USD,2026-02-24,21.423201555411538,10.978921724393603,Other transportation,Transportation
KMT,Kennametal Inc.,39.59,USD,-0.3366131538063062,2.5116519937856188,0.530436979035094,3016710167,USD,27.706627475680595,66008407.00000001,USD,1197033619.63,USD,2026-05-13,45.44166881277363,6.335872957222666,Industrial machinery,Producer manufacturing
MARA,"MARA Holdings, Inc.",7.97,USD,-1.3819095477386976,0.1256281407035149,0.360100376411551,3014129243,USD,4.413556318529183,299121057.81,USD,5717381675.4,USD,2026-02-26,-84.765816872568,5.838941652514833,Data processing services,Technology services
CXT,"Crane NXT, Co.",52.1,USD,,-1.0258358662613967,0,2991688145.9999995,USD,20.794252644182798,30367631.2,USD,689254918.1,USD,2026-05-13,-4.9504950495049505,7.144461918669961,Industrial machinery,Producer manufacturing
CPRX,"Catalyst Pharmaceuticals, Inc.",24.3,USD,0.1638001638001603,-0.49140049140049546,0,2986771024,USD,14.179844780299936,30981479.400000002,USD,418921575.3,USD,2026-02-25,1.295386504951255,1.2479275124008105,Pharmaceuticals: major,Health technology
MRX,Marex Group plc,41.93,USD,0.02382654276863953,-0.09530617107457505,0,2986745399.9999995,USD,,25935172.55,USD,364733639.76,USD,2026-03-03,-4.563233375959985,-0.1480132064611751,Internet software/Services,Technology services
PLBL,Polibeli Group Ltd,8.15,USD,,0.7416563658838133,,2986057697.9999995,USD,,56797.350000000006,USD,733410.35,USD,,,,Electronics/Appliance stores,Retail trade
TWST,Twist Bioscience Corporation,48.59,USD,-6.725090493427322,-7.429986664126497,-0.5556698909240648,2979135644.9999995,USD,,99889378.4,USD,1277354910.88,USD,2026-04-30,-12.414326774264868,4.735933096991183,Biotechnology,Health technology
ITGR,Integer Holdings Corporation,84.85,USD,0.18072289156627191,2.2289156626505955,0,2973010346,USD,29.603656409182886,147146530.6,USD,1442326288.6999998,USD,2026-04-23,22.50617470638641,1.1760217586529869,Medical specialties,Health technology
MGEE,MGE Energy Inc.,80.9,USD,0.21228771228771443,1.0239760239760332,0,2956235497,USD,21.95207988494831,12808168.9,USD,135911514.60000002,USD,2026-02-25,67.92588119858102,10.176730301281891,Electric utilities,Utilities
BELFA,Bel Fuse Inc.,216.01,USD,,0.6382780469623577,0,2935485076.9999995,USD,45.107333778817235,7321658.949999999,USD,149264422.07,USD,2026-04-29,-124.48988764044944,-1.6996312437143815,Electronic components,Electronic technology
BELFB,Bel Fuse Inc.,235.04,USD,,2.1646526992958317,0,2935485076.9999995,USD,49.0811894420314,48486636.64,USD,674740609.92,USD,2026-04-29,-124.48988764044944,-1.6996312437143815,Electronic components,Electronic technology
NP,Neptune Insurance Holdings Inc.,21.24,USD,1.5655577299412928,3.913894324853215,0,2931863336,USD,94.23247559893522,11992847.399999999,USD,166537147.67999998,USD,2026-06-03,-62.64442706975936,-1.2735264284909276,Insurance brokers/Services,Finance
AMBA,"Ambarella, Inc.",68.01,USD,,2.6876038049222424,-0.014703720041177938,2927863489,USD,,60990619.89000001,USD,649876492.0200001,USD,2026-02-26,24.44611152788197,13.5492246966318,Semiconductors,Electronic technology
VERA,"Vera Therapeutics, Inc.",41.76,USD,-0.37959667852905477,-0.9252669039145921,0,2925963131,USD,,36859422.239999995,USD,572170589.28,USD,2026-03-19,-4.91565509401419,,Biotechnology,Health technology
LQDA,Liquidia Corporation,33.59,USD,-0.998573466476446,-4.165477888730368,0.3274784161952945,2922178301,USD,,51892384.84,USD,846391381.21,USD,2026-03-12,91.50292214819981,514.9371958809551,Pharmaceuticals: major,Health technology
SUPN,"Supernus Pharmaceuticals, Inc.",50.86,USD,0.1363193768257065,-0.9542356377799455,0.3735745182854851,2916279460,USD,,38580921.06,USD,502429919.1,USD,2026-02-24,-300.5289123961065,16.107293309882564,Pharmaceuticals: major,Health technology
XMTR,"Xometry, Inc.",56.68,USD,-1.3924265579894723,-3.7527593818984557,0,2904717025.9999995,USD,,44421873.08,USD,816109700.64,USD,2026-02-24,56.12847090867822,11.17707493832553,Information technology services,Technology services
TGB,"Taseko Mines, Ltd.",7.95,USD,-1.1734028683181206,3.6505867014341624,-2.0050314465408774,2898229437.870879,USD,,54850889.85,USD,781854190.0500001,USD,2026-05-06,,43.83414375273208,Other metals/Minerals,Non-energy minerals
WRBY,Warby Parker Inc.,23.71,USD,0.6866952789699576,1.7596566523605157,0.590468156895827,2896527633,USD,6239.473684210527,63585975.910000004,USD,964348009.88,USD,2026-02-26,,3.3593658934607764,Specialty stores,Retail trade
IAC,IAC Inc.,37.4,USD,,2.3816041609635845,0,2895977378.0000005,USD,,37998699.199999996,USD,766383184.6,USD,2026-05-11,-250.9941039352804,9.526393158277566,Internet software/Services,Technology services
PHIN,PHINIA Inc.,75.99,USD,,0.9163346613545786,0,2881173013,USD,23.38153846153846,25032549.81,USD,524265724.59,USD,2026-04-24,246.15384615384616,-2.092511013215859,Auto parts: OEM,Producer manufacturing
TDC,Teradata Corporation,30.91,USD,-0.9339975093399664,-3.767123287671225,0.3235198964736377,2880811891,USD,22.991669146087474,49461440.160000004,USD,1246998513.53,USD,2026-04-30,-7.5,1.201923076923077,Packaged software,Technology services
CARG,"CarGurus, Inc.",30.17,USD,,3.3219178082191867,0.06629101756711824,2871856674.9999995,USD,19.368299415805353,99642096.96000001,USD,690835435.64,USD,2026-05-07,11.362569045329517,1.0046251298723063,Internet software/Services,Technology services
BOBS,"Bob's Discount Furniture, Inc.",22,USD,0.09671179883945635,6.382978723404256,0,2868075540.0000005,USD,,20422182,USD,636624626,USD,,,,Specialty stores,Retail trade
DBD,Diebold Nixdorf Incorporated,81.24,USD,,0.1973359644795222,0,2857457570.9999995,USD,31.466418777597024,27347496.24,USD,418746543.11999995,USD,2026-05-12,20.68126520681265,16.821836648328397,Electronic equipment/Instruments,Electronic technology
AWR,American States Water Company,72.94,USD,,-0.7348938486663122,0,2850675453,USD,21.671569064384823,18975705.7,USD,264875628.92,USD,2026-05-13,-30.11243079774651,-10.091070294883863,Water utilities,Utilities
HAE,Haemonetics Corporation,61.19,USD,0,0.8570957639690062,0,2843581942,USD,16.812749003984063,49103690.01,USD,973600392.5699999,USD,2026-05-07,15.65505118395202,3.559873516337473,Medical specialties,Health technology
WOR,"Worthington Enterprises, Inc.",57.16,USD,,1.025097207493811,0,2832082578,USD,26.925432191813083,7547063.4399999995,USD,121789211.52,USD,2026-03-24,-22.248776601798113,7.818390751612574,Industrial machinery,Producer manufacturing
TARS,"Tarsus Pharmaceuticals, Inc.",66.61,USD,-0.1373207201708932,1.6325907842538803,1.0208677375769506,2827534864,USD,,61237836.89,USD,571767384.27,USD,2026-02-23,38.12684365781711,15.621468926553671,Pharmaceuticals: major,Health technology
KD,"Kyndryl Holdings, Inc.",12.51,USD,-1.0946051602814606,-2.189210320562935,-0.3996802557953552,2820344390,USD,11.925643469971401,53470404.63,USD,2229682232.43,USD,2026-05-13,-16.176470588235293,3.708680462241333,Data processing services,Technology services
APLS,"Apellis Pharmaceuticals, Inc.",22.28,USD,-1.0964912280701753,-2.280701754385963,0,2818981880,USD,75.04210171775009,33565310.160000004,USD,637280454.5600001,USD,2026-02-24,,156.91507837798468,Pharmaceuticals: major,Health technology
VCYT,"Veracyte, Inc.",35.63,USD,-6.5600882028666,-1.7916207276736453,0,2816522063,USD,93.83723992625758,40073167.89,USD,437698160.20000005,USD,2026-02-25,,1.312190774714998,Medical specialties,Health technology
IDYA,"IDEAYA Biosciences, Inc.",31.98,USD,,-2.7963525835866205,0,2808292507,USD,,25766317.98,USD,396132614.28000003,USD,2026-05-12,-169.8341216329543,-94.766977491652,Pharmaceuticals: major,Health technology
CECO,CECO Environmental Corp.,78.78,USD,,0.6901840490797627,-0.10154861640009939,2807800248.9999995,USD,55.655245496291066,25860559.14,USD,354810545.7,USD,2026-02-24,-84.23764458464774,6.585001429411353,Industrial machinery,Producer manufacturing
TVTX,"Travere Therapeutics, Inc.",30.39,USD,-0.17064846416382495,3.7201365187713304,0,2803220546,USD,,60456255.33,USD,659457681.75,USD,2026-04-30,-185.5286703493348,-21.333381859649762,Pharmaceuticals: major,Health technology
BEAM,Beam Therapeutics Inc.,27.59,USD,2.15208034433286,-1.0401721664275436,0.9423704240666966,2799693750,USD,,32296909.18,USD,552320706.07,USD,2026-03-03,-10.2032436871279,14.552326954878335,Biotechnology,Health technology
VRNS,"Varonis Systems, Inc.",23.69,USD,,-7.677318784099761,5.529759392148581,2782336629.9999995,USD,,71306710.48,USD,1972497627.2,USD,2026-05-04,7.237325495958853,7.298068413202374,Packaged software,Technology services
LFST,"LifeStance Health Group, Inc.",7.15,USD,,-0.5563282336578587,0,2781352001,USD,,6320385.5,USD,175280462.5,USD,2026-02-25,,5.3569101476639895,Medical/Nursing services,Health services
ATRO,Astronics Corporation,78.25,USD,-0.17748478701825632,-0.7986815415821444,1.0607028753993588,2778956818,USD,,42176750,USD,594445452.75,USD,2026-02-24,-944.5966514459665,3.3071458583726634,Aerospace & defense,Electronic technology
OLN,Olin Corporation,24.34,USD,-1.7710049423393728,0.24711696869851202,1.0682004930156186,2777718023.9999995,USD,,96025900.26,USD,1199550532.3,USD,2026-04-23,-300.23364485981307,-2.8076114872752744,Industrial specialties,Process industries
HE,"Hawaiian Electric Industries, Inc.",15.86,USD,0.12674271229405165,0.5069708491761729,0,2737760565,USD,20.895915678524375,38902074.12,USD,617627827.9599999,USD,2026-02-27,17.5465019956322,5.924232842795743,Electric utilities,Utilities
NMRK,"Newmark Group, Inc.",15.1,USD,,-1.0484927916120586,0,2729076404,USD,26.115530958145968,12576050.1,USD,398809255.9,USD,2026-02-25,121.69172390604737,21.247818790824546,Real estate development,Finance
CWT,California Water Service Group,45.75,USD,,-0.9740259740259801,0,2726303764,USD,19.999125721279945,13402325.25,USD,222536052,USD,2026-02-25,45.20489470688674,17.46756040671211,Water utilities,Utilities
PRVA,"Privia Health Group, Inc.",21.99,USD,0.8703618873110457,0.7329363261566658,0,2704803694,USD,154.85915492957747,8517430.68,USD,205973776.98,USD,2026-02-26,155.34052847041312,11.372092264651647,Life/Health insurance,Finance
FSLY,"Fastly, Inc.",18.08,USD,-0.9961261759822895,0.05534034311011628,0.013274336283194205,2701151878,USD,,391091969.43999994,USD,5459454861.919999,USD,2026-05-06,47.410372078825084,9.094126644040374,Information technology services,Technology services
UCTT,"Ultra Clean Holdings, Inc.",59.15,USD,-0.8350730688935227,2.9053583855254033,0.5917159763313634,2684646370,USD,,84594082.3,USD,967253391.65,USD,2026-02-23,93.27160493827161,-1.6962220508866501,Industrial machinery,Producer manufacturing
IHS,IHS Holding Limited,8.02,USD,-0.12422360248449146,-0.37267080745343023,0,2674196558.9999995,USD,5.750340575034057,55304372.14,USD,283655434.15999997,USD,2026-03-17,326.5536723164314,5.0311562427994865,Engineering & construction,Industrial services
VSH,"Vishay Intertechnology, Inc.",19.67,USD,-0.202942668696089,-0.202942668696089,0.5592272496187057,2671077809,USD,,39007695.02,USD,823518736.46,USD,2026-05-13,,1.3004654457148639,Electronic production equipment,Electronic technology
NSIT,"Insight Enterprises, Inc.",85.5,USD,0.02383222116300765,1.8827454718779768,0.5263157894736875,2650200914,USD,17.214649566110293,42577461,USD,555505983,USD,2026-04-30,1.9765638801107033,2.2183352504809504,Information technology services,Technology services
HUBG,"Hub Group, Inc.",43.27,USD,,3.6655486344034522,0,2646112347.0000005,USD,24.90073085112505,50906592.49,USD,1003640726.8000001,USD,2026-04-23,13.098585970610369,3.185343533028285,Air freight/Couriers,Transportation
VRDN,"Viridian Therapeutics, Inc.",27.44,USD,-1.1387900355871896,-2.348754448398577,-3.0612244897959178,2618928777,USD,,27167136.64,USD,539179289.0400001,USD,2026-03-05,65.65344716334937,93993.33333333333,Pharmaceuticals: major,Health technology
ETOR,eToro Group Ltd.,31.18,USD,-0.8709677419354824,0.5806451612903216,0.4490057729313681,2609890407,USD,,42108683.54,USD,857626135.8199999,USD,2026-06-16,20.988436559626393,6.003413714703959,Packaged software,Technology services
NGVT,Ingevity Corporation,72.19,USD,,-0.45504688361830986,0,2596243502,USD,,25076423.73,USD,329024622.21,USD,2026-02-25,,-8.787298111141526,Chemicals: major diversified,Process industries
RXO,"RXO, Inc.",15.76,USD,,0.44614404079031417,0.25380710659899064,2587697000,USD,,24523080.08,USD,894204701.52,USD,2026-04-30,-228.57142857142856,3.377902885292048,Packaged software,Technology services
SVM,Silvercorp Metals Inc.,11.68,USD,1.8034265103696963,5.32010820559062,0.1172945205479456,2573235815.5805244,USD,,105916412.48,USD,1088374520,USD,2026-05-21,-41.17598833594337,55.410995786684445,Precious metals,Non-energy minerals
GT,The Goodyear Tire & Rubber Company,8.94,USD,-0.11402508551881171,1.9384264538198397,0.22035794183445498,2559048416.0000005,USD,,71727166.61999999,USD,1200390911.1599998,USD,2026-05-01,,5.855758880516684,Automotive aftermarket,Consumer durables
CC,Chemours Company (The),17.04,USD,-9.995100440960309,-16.51151396374327,0.4694835680751282,2554159007.9999995,USD,,194387190.95999998,USD,1059231244.3199999,USD,2026-05-05,-178.33333333333334,-13.043478260869565,Chemicals: specialty,Process industries
CRVL,CorVel Corp.,49.4,USD,,2.4683675585977967,0,2526930570,USD,24.202635833619123,18468980.4,USD,242532659.2,USD,,-13.373468071382499,-1.6766606994571092,Insurance brokers/Services,Finance
POWI,"Power Integrations, Inc.",45.51,USD,,-0.3503393912853157,0,2525987020.0000005,USD,115.94904458598725,26972912.31,USD,590201577.63,USD,2026-04-23,,-13.214877353492712,Semiconductors,Electronic technology
NAVN,"Navan, Inc.",10.11,USD,-0.09775171065493438,-1.1730205278592472,1.1869436201780514,2513791428.9999995,USD,,12199777.44,USD,232050179.39999998,USD,2026-04-01,-483.56160836807084,13.365357774262584,Packaged software,Technology services
XRAY,DENTSPLY SIRONA Inc.,12.54,USD,-1.43769968051118,0.1597444089456835,0.3189792663476948,2502381714.0000005,USD,,61167875.339999996,USD,873996367.1999999,USD,2026-02-26,-848.8888888888889,-3.418803418803419,Medical specialties,Health technology
VC,Visteon Corporation,92.91,USD,,-1.0595814919333417,0,2491798600,USD,12.785017407218835,81647356.89,USD,985953580.11,USD,2026-04-23,-75.43859649122807,3.380588876772083,Auto parts: OEM,Producer manufacturing
WVE,Wave Life Sciences Ltd.,13.49,USD,-0.9118541033434726,2.507598784194529,0.44477390659748334,2468626114.0000005,USD,,26753745.72,USD,474845679.72,USD,2026-02-26,-6.703124690730738,-12.541671456221515,Biotechnology,Health technology
CLSK,"CleanSpark, Inc.",9.65,USD,-0.9164969450101819,-1.7311608961303455,0.19170984455958048,2468015379,USD,,212119197.6,USD,3986366875.4500003,USD,2026-05-07,-40841.72972972973,-18.99021694418114,Data processing services,Technology services
NEOG,Neogen Corporation,11.33,USD,0,3.1876138433515453,0.26478375992938535,2464569402,USD,,25413325.96,USD,501252308.81,USD,2026-04-01,-143.8218944355771,7.410523497889468,Medical specialties,Health technology
ACLS,"Axcelis Technologies, Inc.",80.16,USD,-0.3969238402381635,-0.5705780203423567,0.5489021956087796,2460848111,USD,21.12698329028517,101296749.11999999,USD,1410860889.6,USD,2026-05-06,31.982606018625415,11.571969608306688,Industrial machinery,Producer manufacturing
HLIO,"Helios Technologies, Inc.",74.23,USD,,0.732799565748414,0,2459127957,USD,73.21234835782622,20466547.14,USD,354348484.88,USD,2026-03-02,-9.649122807017543,3.670588235294118,Industrial machinery,Producer manufacturing
NHC,National HealthCare Corporation,157.82,USD,,-0.378740058073472,0,2448617353,USD,24.349301859137547,14000843.479999999,USD,152851352.94,USD,,65.41185397521289,2.0705015840342216,Hospital/Nursing management,Health services
TXG,"10x Genomics, Inc.",18.88,USD,-1.7196456487754135,-1.615424700364785,0,2411962517,USD,,43513944.32,USD,783250714.56,USD,2026-05-06,40.84158415841585,11.428034523026536,Biotechnology,Health technology
DYN,"Dyne Therapeutics, Inc.",14.88,USD,-1.1147540983606552,-2.426229508196716,0.8064516129032205,2407661034.0000005,USD,,26209884.96,USD,353881457.28000003,USD,2026-02-26,2.540209459032808,,Biotechnology,Health technology
IRDM,Iridium Communications Inc,22.92,USD,-1.1698440207972254,-0.6932409012131568,0.6980802792320968,2405608869,USD,21.551480959097326,35454558.36,USD,837169273.2,USD,2026-04-16,-33.027176987098336,-6.166964108665477,Specialty telecommunications,Communications
TGLS,Tecnoglass Inc.,51.26,USD,,-0.7166376137904407,0,2387149753,USD,13.336108437182922,19510581.2,USD,178136855.38,USD,2026-02-26,7.043531520087108,1.9303765271223068,Building products,Producer manufacturing
TENB,"Tenable Holdings, Inc.",19.91,USD,0.5957836846929376,-8.753437213565537,0.45203415369161154,2376144374,USD,,91902807.92,USD,1078594345.18,USD,2026-04-28,-132.61061946902655,3.205910315322465,Packaged software,Technology services
HOG,"Harley-Davidson, Inc.",20.11,USD,-0.7396449704142116,-0.8382642998027698,0,2375832896,USD,7.718288236422951,57790489.089999996,USD,1178631353.87,USD,2026-04-23,-174.0132921354865,-62.992891825972805,Motor vehicles,Consumer durables
IMNM,"Immunome, Inc.",21.5,USD,,-2.8906955736224056,0.8781395348837234,2372208385,USD,,23231481,USD,355244134.5,USD,2026-03-19,-32.39855289536143,-100,Biotechnology,Health technology
WGS,GeneDx Holdings Corp.,82.06,USD,0,-9.505955006616679,1.1455032902754054,2371910635,USD,1360.8623548922058,71899659.04,USD,842827428.08,USD,2026-02-23,-170.63558145989452,13.682662719588674,Medical/Nursing services,Health services
EFXT,Enerflex Ltd,19.45,USD,0.3602676273803411,0.102933607822952,-1.1825192802056577,2369044600.564728,USD,17.64419754461714,9218210.799999999,USD,125257747.14999999,USD,2026-02-26,-40.050747723629186,22.822858322320606,Industrial machinery,Producer manufacturing
BWIN,"The Baldwin Insurance Group, Inc.",16.53,USD,0.544464609800362,0,-0.36297640653358904,2356898502.9999995,USD,,13738347.48,USD,388947610.53000003,USD,2026-02-26,-491.8773704171934,-3.543191723577193,Insurance brokers/Services,Finance
RCUS,"Arcus Biosciences, Inc.",18.99,USD,,-2.5154004106776284,-2.9489204844655017,2349604918,USD,,21904794.09,USD,257853151.34999996,USD,2026-02-25,,-83.75,Biotechnology,Health technology
KN,Knowles Corporation,27.54,USD,,1.0271460014673426,0,2338521803,USD,51.23720930232558,15128823.6,USD,325258305.84,USD,2026-04-23,27.586206896551722,6.0824068018312625,Electronic components,Electronic technology
ADPT,Adaptive Biotechnologies Corporation,15.2,USD,-1.121495327102813,-5.295950155763249,0,2320510883.9999995,USD,,25253644.799999997,USD,414639128,USD,2026-05-06,-242.24806201550388,-23.721707298905002,Biotechnology,Health technology
IRON,"Disc Medicine, Inc.",61.36,USD,0,-3.1412786108918733,0,2316349854.0000005,USD,,56459913.12,USD,943176218.4,USD,2026-03-27,-12.804315166434376,,Biotechnology,Health technology
NN,NextNav Inc.,17.07,USD,-0.2972651605231909,1.4863258026159334,-0.05858230814294999,2301532462.0000005,USD,,18575693.490000002,USD,236223587.61,USD,2026-03-25,,-26.206322795341098,Packaged software,Technology services
CSGS,"CSG Systems International, Inc.",79.93,USD,,0.3515379786566241,0,2278159750,USD,40.27511841177064,26388010.270000003,USD,473130448.3,USD,2026-05-06,-65.820436459503,6.415361559870231,Data processing services,Technology services
SAH,"Sonic Automotive, Inc.",66.63,USD,,3.2543003254300236,0.9004952723998328,2276925817,USD,19.61667549902844,33474845.369999997,USD,259673101.2,USD,2026-04-23,0.2136752136752137,-2.5793950374955963,Specialty stores,Retail trade
ATKR,Atkore Inc.,67.18,USD,,0.7045420476690348,0,2267368064,USD,,21059855.12,USD,314345901.62,USD,2026-05-12,,-12.827338961797102,Electrical products,Producer manufacturing
SEDG,"SolarEdge Technologies, Inc.",37.9,USD,0.4576659038901504,8.409610983981688,0.5408970976253253,2266422086,USD,,232059956.6,USD,2051229560.8,USD,2026-05-04,-163.92528965241712,-1.4166154678299827,Electrical products,Producer manufacturing
DXC,DXC Technology Company,13.35,USD,-0.29985007496251237,0.07496251874062809,0.3955056179775244,2266295584,USD,5.743170574317057,35403372.3,USD,580838421.6,USD,2026-05-14,197.22222222222223,1.0439734261309712,Data processing services,Technology services
AVPT,"AvePoint, Inc.",10.5,USD,-0.6585136406397016,-1.2229539040451625,0.0952380952380932,2265787720,USD,,21106480.5,USD,344889153,USD,2026-02-26,382.468495181616,7.557489854731518,Packaged software,Technology services
ALRM,"Alarm.com Holdings, Inc.",45.59,USD,3.8716814159292032,0.8628318584070809,0,2264280095,USD,18.506190379541305,35082918.29,USD,315686632.89000005,USD,2026-05-07,-1.7092082177825572,2.0503120124804997,Packaged software,Technology services
BLKB,"Blackbaud, Inc.",49.13,USD,0.26358475263585274,-0.38523925385238794,0,2256710576,USD,20.633320734114488,43947472.82,USD,481348964.15000004,USD,2026-05-05,-22.74698896656279,5.060916795096759,Packaged software,Technology services
MTX,Minerals Technologies Inc.,72.11,USD,,-0.26279391424619325,0,2245094959,USD,,13648692.36,USD,169949929.65,USD,2026-04-23,-13.72093023255814,-2.4229902329075883,Chemicals: specialty,Process industries
PLAB,"Photronics, Inc.",38,USD,-0.8150335570469878,2.013422818791946,0.13157894736841358,2244456322,USD,16.59896038090246,29795762,USD,527339566,USD,2026-02-25,169.97946791315363,2.55520594693765,Electronic production equipment,Electronic technology
CENTA,Central Garden & Pet Company,35.23,USD,0,1.7913897717422638,0,2243643313,USD,14.381939908556497,10646752.61,USD,156717907.05999997,USD,2026-05-13,,-8.965935196954192,Consumer sundries,Consumer non-durables
CENT,Central Garden & Pet Company,39.67,USD,,1.5097236438075832,0,2243643313,USD,16.19448073154801,2724932.3000000003,USD,50451750.620000005,USD,2026-05-13,,-8.965935196954192,Consumer sundries,Consumer non-durables
WS,"Worthington Steel, Inc.",44.07,USD,,1.1707988980716206,0,2239004423,USD,17.843550085027125,13301075.19,USD,176006810.07,USD,2026-03-19,-48.209366391184574,-0.11456065986940084,Steel,Non-energy minerals
EPAC,Enerpac Tool Group Corp.,42.39,USD,,0.16540642722117269,0.5189903279075226,2237187586,USD,25.444177671068427,13128776.46,USD,196136580.06,USD,2026-03-25,-31.86965811965812,-13.913380891263468,Industrial machinery,Producer manufacturing
BRBR,"BellRing Brands, Inc.",19.04,USD,0,0.31612223393044636,0,2232811837,USD,13.076024998283085,73369497.6,USD,1328285996.8,USD,2026-05-11,-26.677852348993287,-17.10891700092564,Pharmaceuticals: other,Health technology
AGYS,"Agilysys, Inc.",78.64,USD,,0.050890585241738236,0,2210432436,USD,73.35820895522387,30184863.04,USD,408655905.6,USD,2026-05-19,-15.482493595217765,1.3758054956556829,Packaged software,Technology services
ESTA,Establishment Labs Holdings Inc.,76,USD,,0.17134572294714043,0.499999999999994,2208397896,USD,,38779684,USD,493461388,USD,2026-02-24,32.82709576327327,4.838206627681025,Medical specialties,Health technology
MLYS,"Mineralys Therapeutics, Inc.",27.88,USD,-1.2473271560940766,-0.6414825374198136,-0.5738880918220952,2206421840,USD,,21678121.88,USD,473476755.96,USD,2026-03-18,14.655451310255579,,Biotechnology,Health technology
RARE,Ultragenyx Pharmaceutical Inc.,22.72,USD,-0.5038937242327047,4.076958314246452,0,2195428791,USD,,48396371.839999996,USD,805978822.4,USD,2026-04-30,28.497392094804695,29.429198476862183,Pharmaceuticals: major,Health technology
HUN,Huntsman Corporation,12.59,USD,0,-0.7880220646178064,-0.8983320095313687,2190777597,USD,,73330203.2,USD,1396057031.3799999,USD,2026-04-30,-266.66666666666663,-7.191780821917808,Chemicals: major diversified,Process industries
EYE,"National Vision Holdings, Inc.",27.35,USD,,0.5514705882353019,0,2169116361,USD,,22697436.8,USD,419482703.6,USD,2026-03-04,-61.352435530085955,0.18646322233940418,Specialty stores,Retail trade
SPSC,"SPS Commerce, Inc.",57.95,USD,,-0.6855184233076239,0,2166801115.9999995,USD,23.587593617714102,64130541.35,USD,945521008.4000001,USD,2026-04-23,1.0637881810004302,1.44704692897464,Packaged software,Technology services
PLUS,ePlus inc.,81.95,USD,,-0.9787336877718732,0,2162870289.9999995,USD,16.826478861671767,14488104.4,USD,226572655.65,USD,2026-05-27,0.5651986802467365,0.9769622190905118,Packaged software,Technology services
GEL,"Genesis Energy, L.P.",17.64,USD,,-0.056657223796022727,0,2160270548,USD,,2405619.72,USD,72602994.24000001,USD,2026-05-06,115.82491582491583,6.4623032311516155,Chemicals: specialty,Process industries
IE,Ivanhoe Electric Inc.,14.92,USD,-0.32552083333332643,-2.86458333333333,0.4691689008042914,2159144569,USD,,35345107,USD,401732831.56,USD,2026-03-04,26.539767724623704,-48.970037453183515,Other metals/Minerals,Non-energy minerals
BL,"BlackLine, Inc.",36.15,USD,,-2.3236962982977563,0,2150443126,USD,93.555900621118,38238747,USD,796280098.8,USD,2026-04-30,-7.549668874172186,2.743283414661507,Packaged software,Technology services
NTCT,"NetScout Systems, Inc.",29.7,USD,1.2084592145015087,-0.3021148036253772,-0.37037037037036846,2144944515.0000002,USD,22.784810126582276,18149313.599999998,USD,248391108.9,USD,2026-05-07,113.49698002168189,14.458238401585266,Packaged software,Technology services
SEZL,Sezzle Inc.,62.75,USD,-1.378014406514254,-1.7381772627622916,0,2143107204.9999998,USD,19.450729983571495,29478318.5,USD,573944694.75,USD,2026-02-25,-3.379944935516592,18.33194869404875,Packaged software,Technology services
PAHC,Phibro Animal Health Corporation,52.8,USD,,1.8322082931533188,0,2142872975,USD,23.409443582354243,11336054.399999999,USD,268777608,USD,2026-05-13,3.5134014400422213,2.752732259208064,Pharmaceuticals: major,Health technology
DNTH,"Dianthus Therapeutics, Inc.",49.56,USD,0,-0.32180209171358926,0,2142136456.0000005,USD,,19253960.880000003,USD,406728165.48,USD,2026-03-19,-16.238262354168643,105.18134715025906,Biotechnology,Health technology
HTFL,"Heartflow, Inc.",25.1,USD,2.1258857857440665,4.626927886619438,0,2137483953,USD,,29631779.900000002,USD,884841063.2,USD,2026-03-18,-453.0121792083515,6.567796610169492,Packaged software,Technology services
USAS,Americas Gold and Silver Corporation,7.81,USD,0,0.7741935483870918,1.7925736235595464,2137047269.662362,USD,,122988435.78999999,USD,791313237.77,USD,2026-03-18,-1.1855323380250309,11.831618028013892,Other metals/Minerals,Non-energy minerals
ADUS,Addus HomeCare Corporation,115.48,USD,,0.45233124565067,0,2134448155.9999998,USD,24.71746575342466,29054768,USD,397911514.64,USD,2026-02-23,3.6096499183747506,3.6795700586361724,Medical/Nursing services,Health services
MAZE,"Maze Therapeutics, Inc.",44.22,USD,-0.08880994671403007,-1.8206039076376561,0,2127841952,USD,,11832387.6,USD,337389402.24,USD,2026-04-06,10.665399804032186,,Pharmaceuticals: major,Health technology
SLNO,"Soleno Therapeutics, Inc.",39.36,USD,,-0.1268713524486099,0,2114026498.0000002,USD,,56683674.24,USD,757993187.52,USD,2026-02-25,,102.15573996386689,Pharmaceuticals: major,Health technology
LMAT,"LeMaitre Vascular, Inc.",92.94,USD,,1.17570215545395,0,2108436262.9999998,USD,39.99311502216102,12280069.26,USD,174901834.26,USD,2026-02-25,26.003338413527832,-4.960144476273508,Medical specialties,Health technology
KSS,Kohl's Corporation,18.78,USD,-1.0903426791277302,-2.4922118380062326,-0.2007454739084183,2106912992,USD,11.014016773209782,104353548.96000001,USD,965135750.4000001,USD,2026-03-10,-94.77124183006535,0.8178228990411731,Department stores,Retail trade
OGN,Organon & Co.,8.1,USD,2.9255319148936256,7.71276595744681,-0.7049382716049402,2105861671,USD,11.303377058331007,54413750.699999996,USD,569821716,USD,2026-04-30,-228.125,-5.930087390761548,Pharmaceuticals: major,Health technology
FRSH,Freshworks Inc.,7.46,USD,-0.7863695937090381,-2.2280471821756214,0.5120643431635361,2103509213,USD,11.468101460415065,38003045.32,USD,952719576.54,USD,2026-05-05,,3.543171654626763,Packaged software,Technology services
CYD,China Yuchai International Limited,55.95,USD,,1.9497084548104961,0.7506702412868536,2099150144.0000002,USD,34.18046307043802,9252283.65,USD,132724310.25,USD,2026-02-24,,,Auto parts: OEM,Producer manufacturing
SLDE,"Slide Insurance Holdings, Inc.",16.88,USD,,0.5360333531864196,0,2098011634,USD,1.549761292691884,23958661.759999998,USD,197537001.51999998,USD,2026-02-24,58.40421280968147,1.5618848119507276,Packaged software,Technology services
KALU,Kaiser Aluminum Corporation,129.02,USD,-0.007870916961818894,1.5505706414797427,0,2091471489.0000002,USD,19.012673150604186,44509319.6,USD,470869843.76000005,USD,2026-04-23,-28.607594936708864,10.13633669235329,Aluminum,Non-energy minerals
BHE,"Benchmark Electronics, Inc.",58.38,USD,,1.8315018315018388,0,2082936098.9999998,USD,84.8546511627907,17775951.060000002,USD,278444110.56,USD,2026-05-06,-58.12241463927646,3.474917655631591,Electronic production equipment,Electronic technology
ADEA,Adeia Inc.,19.01,USD,-0.7015650296816112,2.5903939557474387,0,2081788647,USD,29.291217257318955,26203479.05,USD,207977194.10000002,USD,2026-02-23,-47.20727185743333,1.8708812037091036,Packaged software,Technology services
GRND,Grindr Inc.,11.24,USD,,3.308823529411759,0.08896797153024721,2076411588.9999998,USD,,19667459.76,USD,301120173.24,USD,2026-02-26,85.32275513927252,11.078487814498834,Internet software/Services,Technology services
NKTR,Nektar Therapeutics,73.73,USD,0.18954779312212372,-0.17600866504196513,-0.9900990099009955,2062930022,USD,,73805057.14,USD,2011019886.99,USD,2026-03-04,14.596206092371315,5.503355704697987,Pharmaceuticals: major,Health technology
PRGO,Perrigo Company plc,14.97,USD,-0.20147750167898681,0.5372733378106116,0.0006680026720091312,2060231439.0000002,USD,,46599379.47,USD,443827311.51,USD,2026-02-26,,-1.2496449872195512,Pharmaceuticals: major,Health technology
XIFR,"XPLR Infrastructure, LP",10.62,USD,-0.5825242718446649,3.1067961165048397,-0.18832391713747246,2046985625.9999995,USD,,15205046.94,USD,307457219.88,USD,2026-04-16,,-19.808306709265175,Alternative power generation,Utilities
NYAX,Nayax Ltd.,55.78,USD,,3.124422259197629,0,2041961104.9955866,USD,81.30228999487315,60577.08,USD,10321196.52,USD,2026-03-09,-70.90911998307811,4.547915812914797,Packaged software,Technology services
IMAX,Imax Corporation,37.81,USD,,0.3450106157112594,-0.2909283258397234,2034137804,USD,52.873723954691656,29486733.46,USD,485922134.23,USD,2026-02-25,83.53620613032263,16.32782164808832,Electronics/Appliances,Consumer durables
VERX,"Vertex, Inc.",12.74,USD,0.7025761124121769,-0.5464480874316962,0,2032390786.9999998,USD,269.34460887949257,26467222.6,USD,730297185.8000001,USD,2026-05-13,-273.1273176761434,1.3528566669442825,Packaged software,Technology services
PSIX,"Power Solutions International, Inc.",88.09,USD,-2.1948572776598225,3.904222694031614,-0.10216823703031379,2029675421,USD,16.754793061472917,31661748.25,USD,677582554.15,USD,2026-04-01,-46.07513863938139,6.212384123559849,Industrial machinery,Producer manufacturing
GLOB,Globant S.A.,45.82,USD,-0.1963350785340388,-0.043630017452013795,0,2018167496.9999995,USD,20.798910576486612,61429361.94,USD,1079494594.66,USD,2026-02-26,,0.48243186036666774,Information technology services,Technology services
CNXC,Concentrix Corporation,32.85,USD,,1.326341764342997,0,2015904872.9999998,USD,,24311233.8,USD,708678437.4,USD,2026-03-31,-1856.7712865504045,2.8056746533679813,Information technology services,Technology services
IOSP,Innospec Inc.,81.22,USD,1.0162109847568395,-1.7420759738688576,0,2012457717,USD,17.386650682878795,18436696.34,USD,254067774.46,USD,2026-05-06,267.4418604651163,3.100248925096176,Chemicals: major diversified,Process industries
SGRY,"Surgery Partners, Inc.",15.54,USD,-0.3257328990227944,1.2377850162866417,0,2009971281,USD,,23122820.7,USD,384144868.38,USD,2026-03-02,-808,-0.5688695231178892,Hospital/Nursing management,Health services
SRPT,"Sarepta Therapeutics, Inc.",18.88,USD,-0.37654653039268576,1.5599784830554015,-2.002118644067797,1978381977,USD,,28206644.479999997,USD,571817861.4399999,USD,2026-02-25,-191.39375901509456,-34.64868571129341,Pharmaceuticals: major,Health technology
HTO,H2O America,55.19,USD,0.6354393609295597,0.1997095134350026,0,1976082760.0000002,USD,17.540123947242968,13102326.76,USD,204961034.65,USD,2026-02-26,82.90577507598785,21.333635973872035,Water utilities,Utilities
HBNB,Hotel101 Global Holdings Corp.,8.3868,USD,,2.905521472392623,,1963789217,USD,88.28210526315789,111812.8176,USD,2548731.7463999996,USD,,-3195.6920133586186,,Real estate development,Finance
STOK,"Stoke Therapeutics, Inc.",34.29,USD,-1.0765202211230651,-0.2327611288914702,0,1958547104,USD,51.962418548264885,29980192.77,USD,309296348.64,USD,2026-03-11,-63.29685304262658,-23.051313599189406,Biotechnology,Health technology
GRAL,"GRAIL, Inc.",50.21,USD,-51.058800354575006,-50.54663646212943,-1.6928898625771787,1957297407.0000002,USD,,777056336.67,USD,1294263521.47,USD,2026-05-19,-11.462512784202659,20.45366635353926,Medical specialties,Health technology
ADNT,Adient plc,24.86,USD,,-0.6394884092725825,0,1947560048.0000002,USD,,15493075.18,USD,409687231.36,USD,2026-04-30,-222.22222222222223,-1.193058568329718,Auto parts: OEM,Producer manufacturing
ATEC,"Alphatec Holdings, Inc.",13.01,USD,0.8902077151335253,-3.4866468842730014,0,1932637955.9999998,USD,,33501764.78,USD,473676341.34999996,USD,2026-02-24,30.541512735757344,5.906415728883715,Medical specialties,Health technology
ASGN,ASGN Incorporated,45.25,USD,,1.708249044729148,0,1932175035,USD,17.475090754614968,36583584.25,USD,576849172,USD,2026-04-29,-33.85826771653544,-3.094720189835871,Information technology services,Technology services
BLBD,Blue Bird Corporation,61,USD,,0.7931262392597437,0,1927106009.0000002,USD,15.385003404877802,38830526,USD,495273396,USD,2026-05-13,-15.73006000493191,-18.633981898794474,Motor vehicles,Consumer durables
VCEL,Vericel Corporation,38.09,USD,-1.2313335079905654,-0.20958868221115612,0,1926364735.0000002,USD,158.1810631229236,19797696.490000002,USD,225526319.20000002,USD,2026-02-26,,6.740986717267552,Pharmaceuticals: major,Health technology
HROW,"Harrow, Inc.",52,USD,-1.0035419126328178,2.321920503738685,-0.5192307692307752,1925947539.9999998,USD,,39193752,USD,390346632,USD,2026-03-02,-79.57957957957959,12.387436854820997,Pharmaceuticals: major,Health technology
BRZE,"Braze, Inc.",17.16,USD,0.4694835680751282,0.704225352112682,-1.923076923076934,1925617869,USD,,58125501.72,USD,948761659.5600001,USD,2026-04-01,-29.029714326678373,5.957992571247731,Internet software/Services,Technology services
ROG,Rogers Corporation,107.49,USD,,-3.258032580325807,0,1916296528.0000005,USD,,18030157.619999997,USD,269298459.15,USD,2026-04-23,-46.51162790697674,-6.712962962962964,Chemicals: specialty,Process industries
TILE,"Interface, Inc.",32.56,USD,,-0.9129640900791149,0,1901198582,USD,16.979557780559034,22386204.720000003,USD,181007031.04000002,USD,2026-02-24,41.72169159423851,-2.9281906253162266,Building products,Producer manufacturing
AUPH,Aurinia Pharmaceuticals Inc,14.4,USD,1.041666666666669,0,0,1898504027,USD,25.663874532168954,7916587.2,USD,150593313.6,USD,2026-02-26,46.66015897341498,4.942292309286364,Biotechnology,Health technology
OLMA,"Olema Pharmaceuticals, Inc.",24.08,USD,-0.12599748005038885,1.1339773204535892,0,1894130861,USD,,25934593.439999998,USD,499082007.76,USD,2026-03-02,3.5789329435410195,,Pharmaceuticals: major,Health technology
DCO,Ducommun Incorporated,126.58,USD,,0.3170074496750606,0,1891871239.0000002,USD,,16702357.58,USD,295588223.62,USD,2026-02-26,-613.3912212220187,5.091466429348364,Aerospace & defense,Electronic technology
DGII,Digi International Inc.,50.2,USD,0,-1.991409605622796,0,1888080275,USD,44.781445138269405,18635997,USD,280000991.8,USD,2026-05-06,17.332932571886584,7.105249348423097,Telecommunications equipment,Electronic technology
EXTR,"Extreme Networks, Inc.",14.05,USD,-0.14245014245013943,0.07122507122508237,0,1886487154.0000002,USD,210.32934131736528,18596481.650000002,USD,377390629.15000004,USD,2026-04-29,40.36713598289075,2.4754629405792197,Computer peripherals,Electronic technology
SONO,"Sonos, Inc.",15.41,USD,-4.278416347381865,-1.5964240102171137,0,1862647637.9999998,USD,,44847661.36,USD,606631693.46,USD,2026-05-13,,89.53178186870441,Electronics/Appliances,Consumer durables
SEM,Select Medical Holdings Corporation,15.01,USD,,-6.654228855721385,0,1861498036,USD,12.959765152823348,46040803.42,USD,227214520.43,USD,2026-04-30,-29.93435904560136,2.4342015996244806,Hospital/Nursing management,Health services
APPN,Appian Corporation,25.14,USD,-1.1817440912795403,2.44498777506113,1.4319809069212386,1859362959,USD,1591.139240506329,52803226.38,USD,542999614.2,USD,2026-04-30,-165.2140575079872,8.48270625227268,Packaged software,Technology services
SPB,"Spectrum Brands Holdings, Inc.",80.12,USD,,2.4421429484720765,0,1858686933,USD,18.760390568290916,35167311.96,USD,534707099.36,USD,2026-05-01,-44.73684210526316,-7.702794819359236,Electronics/Appliances,Consumer durables
EVCM,EverCommerce Inc.,10.32,USD,,4.665314401622727,0,1851071210,USD,,1237275.12,USD,20544044.64,USD,2026-03-12,36.34245063166931,-0.3709083538830524,Packaged software,Technology services
BCRX,"BioCryst Pharmaceuticals, Inc.",7.45,USD,0.13368983957218966,-0.40106951871658086,0,1847890968,USD,,19390755.7,USD,403535433.5,USD,2026-02-26,153.6676499508358,-2.4229735603264095,Biotechnology,Health technology
ODD,ODDITY Tech Ltd.,32,USD,0.33998038574697353,4.609349460608042,0,1838043917,USD,17.894089358608735,48991104,USD,571284640,USD,2026-02-25,-63.99513036420817,-38.66550551546819,Packaged software,Technology services
AORT,"Artivion, Inc.",38.33,USD,,0.8684210526315744,0,1835389963.0000002,USD,191.93790686029044,21091120.83,USD,278922005.46999997,USD,2026-04-30,-62.67898383371825,2.29653931632977,Medical specialties,Health technology
BTDR,Bitdeer Technologies Group,7.78,USD,-0.6297229219143666,-2.0151133501259464,1.149100257069402,1832595252,USD,,260462411.02,USD,1156561706.26,USD,2026-05-18,,32.483442147744135,Data processing services,Technology services
NVTS,Navitas Semiconductor Corporation,7.88,USD,-2.103960396039603,-2.4752475247524774,-0.12690355329948969,1816309967,USD,,104747437.36,USD,1919897439.16,USD,2026-03-04,60.80692817116658,-30.21394064872326,Semiconductors,Electronic technology
OMCL,"Omnicell, Inc.",40.26,USD,,4.219518508930871,0,1806728703,USD,931.9444444444443,36424912.92,USD,603527071.62,USD,2026-04-23,-137.0926400585866,1.0794157698362365,Information technology services,Technology services
UFPT,"UFP Technologies, Inc.",233.49,USD,,4.783915989767983,0,1800778552,USD,27.06534212753133,36667269.6,USD,611489295.9,USD,2026-02-24,-4.639115250291036,2.237127586389374,Industrial specialties,Process industries
PHVS,Pharvaris N.V.,28.1,USD,,0.3571428571428622,0,1799963541,USD,,4591849.100000001,USD,49516218.300000004,USD,2026-04-14,15.882029695918682,,Biotechnology,Health technology
CDRE,"Cadre Holdings, Inc.",44.26,USD,-0.046114825916522995,2.0521097532856825,-1.9204699502937221,1799781714,USD,39.95306011915508,6130983.72,USD,112053971.46,USD,2026-03-11,-10.400458602899025,-0.7892609589520652,Aerospace & defense,Electronic technology
RVLV,"Revolve Group, Inc.",25.19,USD,-1.0370961308336721,0.4786597526924651,0,1796909337.0000002,USD,32.714285714285715,69031935.5,USD,441866908.78000003,USD,2026-02-24,108.43420923137485,-4.317557311203965,Internet retail,Retail trade
NCNO,"nCino, Inc.",15.62,USD,-0.31250000000000444,-2.375000000000005,0,1791379172,USD,,61801029.839999996,USD,607010210.18,USD,2026-03-31,,2.2497732083459328,Packaged software,Technology services
SEMR,"SEMrush Holdings, Inc.",11.82,USD,-0.06768189509307017,0,-0.08460236886632645,1790211552,USD,,55620605.7,USD,383146375.62,USD,2026-03-03,67.39759403075986,2.9230797487418725,Packaged software,Technology services
ALKT,"Alkami Technology, Inc.",17.03,USD,-0.29274145170965776,2.15956808638272,0.41103934233705386,1788218285,USD,,29361508.150000002,USD,525828412.85,USD,2026-02-25,-8.925023912883526,0.7986864062681266,Packaged software,Technology services
AMRC,"Ameresco, Inc.",33.73,USD,-2.297496318114878,-0.6480117820324182,0,1780858256.0000002,USD,28.56779876344541,15448272.54,USD,226682836.02999997,USD,2026-03-02,44.15361844667757,11.37091241710495,Engineering & construction,Industrial services
SHLS,"Shoals Technologies Group, Inc.",10.61,USD,-1.7772325809617167,4.121687929342492,0.18850141376061594,1775991160.9999998,USD,53.53178607467205,40186425.39,USD,601072308.9,USD,2026-02-24,-14.261999278238902,22.521449644084772,Semiconductors,Electronic technology
QUBT,Quantum Computing Inc.,7.9,USD,-0.36496350364964886,-3.892944038929443,0.37974683544302984,1770574020,USD,,71943198.60000001,USD,1405173995.4,USD,2026-02-26,,529.5081967213115,Information technology services,Technology services
AXGN,"Axogen, Inc.",35.3,USD,-0.7997714938589008,0.8283347614967127,0,1769316719,USD,,19894691.7,USD,405305351.4,USD,2026-02-24,22.279792746113987,6.0357911828032895,Medical specialties,Health technology
VECO,Veeco Instruments Inc.,29.32,USD,3.380476026215938,1.13832355984823,0.6139154160982255,1767910508,USD,35.36364732842842,40906179.160000004,USD,465203815.56,USD,2026-02-25,-10.642604149097656,-0.13425323893464336,Electronic production equipment,Electronic technology
MGNI,"Magnite, Inc.",12.23,USD,-0.9009009009009108,0.1638001638001603,-1.962387571545382,1756813420,USD,32.44031830238727,16287008.98,USD,444332850.78000003,USD,2026-02-25,80.07002423915971,3.5550273463642026,Packaged software,Technology services
INTA,"Intapp, Inc.",21.83,USD,,-1.489169675090261,-0.5497022446174872,1755040091.9999998,USD,,24227130.47,USD,765777800.8399999,USD,2026-05-12,58.65672681669337,0.8494752817797981,Packaged software,Technology services
CMPR,Cimpress plc,72.24,USD,,-1.6607677647699413,0,1754362116,USD,80.3112840466926,4945333.68,USD,147860398.56,USD,2026-04-29,546.1175854374869,20.726255882765233,Commercial printing/Forms,Commercial services
INVA,"Innoviva, Inc.",23.39,USD,-1.0152284263959475,-1.0575296108291032,0,1748848405.0000002,USD,16.779053084648496,15987930.43,USD,287906667.96,USD,2026-03-04,41.16945107398568,7.246069462786416,Pharmaceuticals: major,Health technology
ANIP,"ANI Pharmaceuticals, Inc.",77.77,USD,-0.7682458386683666,-0.4225352112676035,0,1747416546,USD,47.69410033116644,22503916.049999997,USD,361542619.9,USD,2026-02-27,212.21216041397156,7.778739751432316,Biotechnology,Health technology
GLTO,"Galecto, Inc.",30,USD,0,-1.5101772816808956,0,1742070580,USD,,3168630,USD,172145250,USD,2026-03-30,8.844922897876055,,Pharmaceuticals: major,Health technology
ICHR,Ichor Holdings,50.35,USD,-0.9669732441471611,5.246655518394645,1.012909632571992,1731246007.0000002,USD,,52326438.9,USD,1020848515.75,USD,2026-05-12,30.15796613136131,-6.556733083712222,Industrial machinery,Producer manufacturing
GRC,Gorman-Rupp Company (The),65.69,USD,,1.3891032566753996,0,1728490617,USD,,6717196.64,USD,138872141.57,USD,2026-04-23,21.191819464033852,-3.618689425719659,Industrial machinery,Producer manufacturing
ASAN,"Asana, Inc.",7.26,USD,-1.6107382550335587,-2.550335570469804,0,1721346127.0000002,USD,,42072941.46,USD,663598238.16,USD,2026-03-02,-41.507444168734494,2.080371288134216,Packaged software,Technology services
ARRY,"Array Technologies, Inc.",11.23,USD,-0.9149130832570873,2.7447392497712784,0.17809439002671035,1715357412,USD,,44803297.84,USD,753864610.6700001,USD,2026-02-25,-22.5579030095696,8.626253647413476,Electrical products,Producer manufacturing
FA,First Advantage Corporation,9.85,USD,,2.604166666666667,0,1715032419.9999998,USD,,10961710.4,USD,180532602.54999998,USD,2026-02-26,741.8831168831168,4.7405109143364745,Packaged software,Technology services
AGIO,"Agios Pharmaceuticals, Inc.",29.25,USD,0,2.34429671098671,0,1713820993,USD,,28642448.25,USD,352506111.75,USD,2026-04-30,-4.453124244680131,55.023291925465834,Pharmaceuticals: major,Health technology
ZYME,Zymeworks Inc.,22.72,USD,-0.514579759862783,-2.5728987993139,-1.4084507042253533,1713217943,USD,,12220088.32,USD,173572507.2,USD,2026-03-02,-946.0077686678637,-43.32799737296618,Pharmaceuticals: major,Health technology
SNDX,"Syndax Pharmaceuticals, Inc.",19.69,USD,-2.617547261269991,-4.556471158507018,1.1681056373793823,1711353110.0000002,USD,,33920140.21,USD,331028575.35,USD,2026-02-26,15.494035937478252,20.846725327994097,Biotechnology,Health technology
INSP,"Inspire Medical Systems, Inc.",59.53,USD,0.11709601873536347,-0.4182000669120107,0,1701920436.0000002,USD,11.991620167999518,51258842.27,USD,1234940920.5,USD,2026-05-05,1270.2174788562222,19.855590843693346,Medical specialties,Health technology
PRGS,Progress Software Corporation,40.33,USD,0,10.73585941790224,0.04959087527895643,1698443479,USD,24.178657074340528,174745816.67,USD,672934442.3199999,USD,2026-03-31,32.617318291866276,1.1493424608178708,Packaged software,Technology services
OCUL,"Ocular Therapeutix, Inc.",7.78,USD,-0.995732574679947,10.668563300142248,-1.7994858611825266,1693642153.9999998,USD,,101170124.16,USD,1059167799.6,USD,2026-05-11,6.862773344089429,-8.897139713971397,Pharmaceuticals: major,Health technology
DFTX,"Definium Therapeutics, Inc.",17.13,USD,-2.1383902721482286,-0.8106543138390305,-0.8990075890251017,1687463969,USD,,17319355.02,USD,348905484.47999996,USD,2026-02-26,-57.3671158522717,,Pharmaceuticals: major,Health technology
TYRA,"Tyra Biosciences, Inc.",31.58,USD,0.7979572294924994,0.7979572294924994,0,1685490820,USD,,17333125.119999997,USD,368559284.9,USD,2026-03-25,-6.299380738842622,,Biotechnology,Health technology
HRMY,"Harmony Biosciences Holdings, Inc.",29.16,USD,-1.4539110206455363,-15.207909275952314,3.8408779149519923,1679509827,USD,9.183384247157749,158851432.8,USD,416072959.2,USD,2026-02-24,27.87862027353178,19.435480250786828,Pharmaceuticals: major,Health technology
TNDM,"Tandem Diabetes Care, Inc.",24.57,USD,22.786177105831527,32.66738660907128,0.04070004070003261,1678768024,USD,,312013545.48,USD,670650115.59,USD,2026-05-06,97.21710370895346,16.50130590203528,Medical specialties,Health technology
THR,"Thermon Group Holdings, Inc.",51.02,USD,,0.5518328734726077,-0.03920031360251495,1675923832,USD,29.02161547212742,20018870.46,USD,360221761.06,USD,2026-05-21,22.315099638892605,11.83316505090226,Electrical products,Producer manufacturing
MANE,"Veradermics, Incorporated",44.49,USD,,-7.926324503311255,0.5844009889862846,1661232664.38,USD,,11253122.64,USD,316302322.35,USD,,,,Pharmaceuticals: major,Health technology
DCH,Dauch Corporation,7.01,USD,-1.4245014245014196,-0.14245014245013943,-0.5706134094151218,1654254373,USD,,43422365.46,USD,1442903314.95,USD,2026-05-01,-929.5454545454545,-8.064837573905534,Auto parts: OEM,Producer manufacturing
TNGX,"Tango Therapeutics, Inc.",12.2,USD,-1.133603238866387,-1.2145748987854281,2.048360655737707,1643060515,USD,,20084128,USD,450784937,USD,2026-03-30,,1591.6378497327883,Biotechnology,Health technology
AXTI,AXT Inc,29.68,USD,9.197816043679133,24.653506929861408,0.7412398921832846,1640537040,USD,,429190251.84,USD,3008906044.48,USD,2026-04-23,-86.14900314795383,-17.57825076015024,Electronic production equipment,Electronic technology
SVV,"Savers Value Village, Inc.",10.46,USD,0.11523437499999165,2.148437500000006,-0.5736137667304062,1634139106.9999998,USD,77.02503681885126,24640234.98,USD,182885129.48000002,USD,2026-05-07,,8.83764507477719,Specialty stores,Retail trade
VOYG,"Voyager Technologies, Inc.",27.41,USD,-0.5946135012241979,-4.127317243791535,0.18241517694272422,1632204671,USD,,26392211.88,USD,493343599.52,USD,2026-03-09,48.145433688101456,-13.32705696895389,Information technology services,Technology services
BHVN,Biohaven Ltd.,11.23,USD,-0.7023705004389822,-1.4047410008779644,-0.6990204808548531,1630466697,USD,,23787172.630000003,USD,370814420.32,USD,2026-03-19,12.467511493991834,,Pharmaceuticals: major,Health technology
GSHD,"Goosehead Insurance, Inc.",44.45,USD,0.5714285714285714,1.6000000000000065,0,1626354003,USD,42.458687553730066,37024983.1,USD,483930217.05,USD,2026-04-29,57.19524532119373,16.390777906783878,Insurance brokers/Services,Finance
NRIX,"Nurix Therapeutics, Inc.",15.78,USD,-0.9499683343888448,-0.0633312222925889,0,1622862789.9999998,USD,,25146944.88,USD,199493773.98,USD,2026-04-14,9.488434524016153,71.99138586268052,Biotechnology,Health technology
ATRC,"AtriCure, Inc.",32.58,USD,,0.6176652254477941,0,1622806705,USD,,22647889.259999998,USD,459133650,USD,2026-05-05,,4.6406840000297915,Medical specialties,Health technology
AMSC,American Superconductor Corporation,34.04,USD,-1.4209591474245231,0.7696862048549379,-0.20564042303172822,1620722246,USD,11.620126988461802,39939404.32,USD,873703965.16,USD,2026-06-03,2380.1263157894737,13.159333151134204,Electrical products,Producer manufacturing
LILA,Liberty Latin America Ltd.,8.01,USD,-0.1248439450686615,0,0,1619448100,USD,,3828771.9899999998,USD,40894141.86,USD,2026-05-12,-1760.6060606060566,4.224719101122657,Major telecommunications,Communications
LILAK,Liberty Latin America Ltd.,8.1,USD,-0.990099009900991,0.24752475247524225,0,1619448100,USD,,13370030.1,USD,84435072.3,USD,2026-05-12,-1760.6060606060566,4.224719101122657,Major telecommunications,Communications
RAMP,"LiveRamp Holdings, Inc.",25.64,USD,-0.19762845849802652,1.3438735177865606,0,1618522222.9999998,USD,24.22982422982423,30462089.16,USD,345039018.40000004,USD,2026-05-27,45.415754923413566,6.18929184452707,Packaged software,Technology services
RAPT,"RAPT Therapeutics, Inc.",57.92,USD,0,0.20761245674741272,0,1605013583,USD,,92587552.64,USD,4356842543.68,USD,2026-03-05,0.35708212888964463,,Pharmaceuticals: major,Health technology
MXL,"MaxLinear, Inc",18.47,USD,,1.2609649122807043,0,1596752662,USD,,11946359.059999999,USD,278456010.28,USD,2026-04-29,67.24854347587117,7.889513597292402,Semiconductors,Electronic technology
GLIBK,"GCI Liberty, Inc. - Series C GCI Group",40.04,USD,,0.8564231738035172,0,1594696130.0000002,USD,,24420796.4,USD,315264589.64,USD,,,1.9455252918287937,Data processing services,Technology services
GLIBA,"GCI Liberty, Inc. - Series A GCI Group",40.23,USD,,1.0296333500753305,0,1594696129.9999998,USD,,1261009.3499999999,USD,23635808.909999996,USD,2026-06-03,,1.9455252918287937,Data processing services,Technology services
SION,"Sionna Therapeutics, Inc.",35.49,USD,,-4.954472415640067,-1.3524936601859792,1583875760.9999998,USD,,5164362.84,USD,165521278.65,USD,2026-03-19,-12.23156962585787,,Biotechnology,Health technology
PBI,Pitney Bowes Inc.,10.51,USD,0.1881467544684814,-1.1288805268109219,0,1575897845,USD,12.627658296287395,27167225.43,USD,340143432.9,USD,2026-04-24,-47.39141312087447,3.9049328329798225,Packaged software,Technology services
CNXN,"PC Connection, Inc.",62.11,USD,,0.5667098445595878,0,1567980878,USD,18.957939075758503,5286057.88,USD,105012730.94,USD,2026-04-30,-16.28132578819725,-0.8643740797779621,Information technology services,Technology services
ORKA,"Oruka Therapeutics, Inc.",32.34,USD,,-0.24676125848241298,0,1565554482,USD,,12763724.820000002,USD,156347697.66000003,USD,2026-03-05,-23.207455033775535,,Pharmaceuticals: major,Health technology
SLSR,Solaris Resources Inc.,9.36,USD,-0.10706638115631464,0.2141327623126293,0.2136752136752281,1562155374.0609848,USD,,1655128.7999999998,USD,21529441.439999998,USD,2026-03-20,-209.42639007146627,,Other metals/Minerals,Non-energy minerals
MBX,"MBX Biosciences, Inc.",34.79,USD,-0.16103059581319154,-6.629092860976916,0,1562151120.0000002,USD,,15740109.28,USD,335978197.59,USD,2026-03-23,-11.369841842254392,,Biotechnology,Health technology
MD,"Pediatrix Medical Group, Inc.",18.82,USD,-4.093264248704659,-2.4870466321243545,-2.2316684378321026,1562080077.0000002,USD,9.709038382170863,36178758.74,USD,234739225.20000002,USD,2026-04-30,-53.02755620014503,0.18179051483641898,Medical/Nursing services,Health services
CTS,CTS Corporation,53.75,USD,,0.6554307116104895,0,1561567762,USD,24.53777676329605,13973280,USD,166382748.75,USD,2026-04-23,44.20252794622635,-4.1704771545254635,Electronic production equipment,Electronic technology
KDK,"Kodiak AI, Inc.",8.61,USD,1.4573378839590634,-2.047781569965867,-1.045296167247385,1560195630,USD,,2926185.9899999998,USD,44962126.019999996,USD,2026-03-10,-82739.15038742602,,Auto parts: OEM,Producer manufacturing
ROCK,"Gibraltar Industries, Inc.",52.79,USD,,-0.6773283160865464,-0.09471490812653373,1559557135.9999998,USD,713.3783783783784,16907370.04,USD,163197592.71,USD,2026-02-26,-442.493462544224,0.4594254919762081,Metal fabrication,Producer manufacturing
MUX,McEwen Inc.,26.21,USD,-0.6296733569460848,3.148366784730424,2.59442960702022,1557750538,USD,,24179563.720000003,USD,364320362.92,USD,2026-03-24,-115.19736842105263,8.209850107066382,Precious metals,Non-energy minerals
CAPR,"Capricor Therapeutics, Inc.",28.51,USD,-0.10291595197254746,-2.195540308747846,-2.595580498070859,1550966242,USD,,59104537.160000004,USD,470703948.85,USD,2026-03-25,5.1721462305029595,,Pharmaceuticals: major,Health technology
KMTS,"Kestra Medical Technologies, Ltd.",26.56,USD,,0.9118541033434591,0,1549750903.0000002,USD,,5191816,USD,101855581.44,USD,2026-04-20,-26.94571362193137,16.488565381239997,Medical specialties,Health technology
ACHC,"Acadia Healthcare Company, Inc.",16.79,USD,-0.5931198102016481,-0.41518386714116423,0,1549014649,USD,14.243298269426534,31529269.4,USD,921564483,USD,2026-02-25,20.310684767816245,-2.0315634951313344,Medical/Nursing services,Health services
PRLB,"Proto Labs, Inc.",65.37,USD,,-0.22893772893771594,0,1547879519.0000002,USD,74.4957264957265,9867274.65,USD,244452879.99,USD,2026-05-01,-16.865299334811528,0.832557658496225,Chemicals: specialty,Process industries
DV,"DoubleVerify Holdings, Inc.",9.59,USD,,0,0,1545018298,USD,36.422331940751995,21850421.81,USD,398579321.07,USD,2026-02-26,16.48778259876684,-0.21161669867369234,Packaged software,Technology services
ELVN,"Enliven Therapeutics, Inc.",26.02,USD,-2.5229357798165144,-0.5351681957186566,0,1544217209,USD,,15563680.86,USD,261734893.78,USD,2026-03-12,20.473653049141504,,Biotechnology,Health technology
KOD,Kodiak Sciences Inc,25.28,USD,-0.46877929870616913,-5.194074629664347,2.056962025316454,1543304388,USD,,12430454.08,USD,245552957.12,USD,2026-03-26,-13.153388691473497,,Biotechnology,Health technology
SBH,"Sally Beauty Holdings, Inc. (Name to be changed from Sally Holdings, Inc.)",15.89,USD,,0.8248730964467054,0,1541470055,USD,9.022769859746749,24791657.45,USD,469525299.53000003,USD,2026-04-30,-8.760088922713344,-0.4125333262941161,Specialty stores,Retail trade
AMLX,"Amylyx Pharmaceuticals, Inc.",14.01,USD,1.4265335235378107,-0.07132667617688865,0,1538572235.0000002,USD,,10064265.629999999,USD,151455119.01,USD,2026-04-01,17.028207417416695,,Pharmaceuticals: major,Health technology
AVAH,Aveanna Healthcare Holdings Inc.,7.34,USD,,-1.078167115902966,0,1533409651,USD,20.38888888888889,6507732.08,USD,119205886.56,USD,2026-03-12,-47.95929694727105,5.49382328645601,Medical/Nursing services,Health services
QDEL,QuidelOrtho Corporation,22.48,USD,,-4.786107581533244,0,1530478029,USD,,37184392.8,USD,448831431.28000003,USD,2026-05-13,82.16916780354707,3.2548179871520344,Medical specialties,Health technology
CLDX,"Celldex Therapeutics, Inc.",23.02,USD,-0.637213254035678,-2.2090059473237025,0,1529666842.0000002,USD,,10314755.56,USD,216454274.57999998,USD,2026-03-02,-18.452296819787986,-100,Biotechnology,Health technology
PRCT,PROCEPT BioRobotics Corporation,27.27,USD,0.971599402092668,1.9058295964125485,1.5768243491015757,1523809165,USD,,47951895.24,USD,473537250.63,USD,2026-02-24,-9.362549800796813,5.234775580308656,Medical specialties,Health technology
FOR,Forestar Group Inc,29.91,USD,,0.876897133220916,0,1522182057,USD,9.153787299158378,3399301.41,USD,80030486.1,USD,2026-04-21,-82.29885057471265,-59.28411633109619,Real estate development,Finance
SCL,Stepan Company,67.23,USD,-1.4934379242721512,1.4180117664806118,0,1520676437,USD,34.01467240070833,14136115.950000001,USD,160653883.68,USD,2026-02-23,-4.426417423507627,-0.7407233024320276,Chemicals: specialty,Process industries
TNC,Tennant Company,83.37,USD,,-0.2393203302620422,0,1511162080,USD,28.53475716192628,14831523,USD,122357897.13000001,USD,2026-02-23,-26.237623762376238,-4.80225988700565,Industrial machinery,Producer manufacturing
FIVN,"Five9, Inc.",19.32,USD,2.910360884749709,12.456344586728758,0.4658385093167694,1511134194,USD,42.75282142066829,175407786.96,USD,826998975.6,USD,2026-04-30,9.681188449340677,5.0554171681267315,Packaged software,Technology services
RLAY,"Relay Therapeutics, Inc.",8.7,USD,-0.9029345372460504,-1.8058690744921009,-0.3448275862068892,1507904740.0000002,USD,,9420699.299999999,USD,287287833,USD,2026-02-26,-5.362699822380106,-100,Biotechnology,Health technology
NEXA,Nexa Resources S.A.,11.36,USD,0.34812880765882637,-1.1314186248912166,0,1504502608.0000002,USD,,9634086.559999999,USD,94311038.08,USD,2026-02-26,6302.585410897744,5.646687076413662,Other metals/Minerals,Non-energy minerals
KW,Kennedy-Wilson Holdings Inc.,10.9,USD,,0.2759889604415928,0,1503157781,USD,,65668968.4,USD,278133926.6,USD,2026-02-25,-331.1111111111111,-14.222549742078114,Real estate development,Finance
CNL,Collective Mining Ltd.,17.42,USD,,4.499100179964007,0,1502429655.5213392,USD,,717547.2200000001,USD,13337797.200000001,USD,2026-03-26,-23.744302752369308,,Other metals/Minerals,Non-energy minerals
ANAB,"AnaptysBio, Inc.",54.19,USD,-0.10818608005770335,-2.2899386945546394,0,1500438197,USD,,23863216.779999997,USD,391321054.82,USD,2026-03-09,,242.8109419215739,Biotechnology,Health technology
NVAX,"Novavax, Inc.",9.2,USD,-1.5718157181571772,-0.27100271002710413,-0.323913043478259,1494990704,USD,5.201560468140442,31435157.999999996,USD,455768653.2,USD,2026-02-26,-290.01295677320013,-70.55467313158334,Biotechnology,Health technology
WBTN,WEBTOON Entertainment Inc.,11.17,USD,-0.17953321364453634,0.2692998204667806,0,1490440299,USD,,1951700.59,USD,65330816.75,USD,2026-03-03,-167.80476626947754,8.547941114821505,Internet software/Services,Technology services
RCAT,"Red Cat Holdings, Inc.",12.47,USD,0.6336710833982899,-2.805923616523768,0.24057738572573667,1488558142.0000002,USD,,183204064.95000002,USD,1682739609.0400002,USD,2026-03-18,-20.615228903468346,199.70984071532234,Packaged software,Technology services
GOLD,"Gold.com, Inc.",58.82,USD,-0.8010908471109576,0.2556672916311549,-0.4590275416525045,1487969023,USD,123.77946127946127,43726199.8,USD,860870756.42,USD,2026-05-13,,75.96608966720514,Investment banks/Brokers,Finance
TTI,"Tetra Technologies, Inc.",11.11,USD,-2.1352313167259807,-1.1565836298932453,0,1485926006,USD,12.086597040905135,13106900.29,USD,225300178.83999997,USD,2026-02-25,-63.28173374613003,-11.866775559031932,Chemicals: specialty,Process industries
COHU,"Cohu, Inc.",31.56,USD,,4.124051468162323,0,1479795504,USD,,28895547,USD,540178750.8,USD,2026-04-30,-448.3540599853694,-3.1833915516162508,Semiconductors,Electronic technology
NTLA,"Intellia Therapeutics, Inc.",12.64,USD,-2.2239263803680918,-3.0674846625766765,-0.26503164556962094,1464090395,USD,,31888444.8,USD,605723626.72,USD,2026-02-26,-0.0681447829736803,-3.25026325026325,Biotechnology,Health technology
PLSE,"Pulse Biosciences, Inc",21.42,USD,-4.106858054226466,-14.593301435406685,3.1442577030812187,1456325985,USD,,22149693.720000003,USD,206501330.70000002,USD,2026-05-07,10.069641475367552,206.97674418604652,Medical specialties,Health technology
GLUE,"Monte Rosa Therapeutics, Inc.",18.98,USD,-0.835073068893529,-0.9394572025052178,0.36880927291886345,1447087543.9999998,USD,62.14800261951539,16754500.1,USD,272779686.92,USD,2026-03-12,-120.26026840178933,-44.95128050357851,Biotechnology,Health technology
RYI,Ryerson Holding Corporation,27.97,USD,-3.30543933054393,17.02928870292887,0,1446382948,USD,,41868181.12,USD,269231444.34,USD,2026-05-06,-156.08108108108107,-4.881618596642273,Steel,Non-energy minerals
XZO,"Exzeo Group, Inc.",15.91,USD,,-2.2727272727272787,0,1444171147,USD,,3416974.79,USD,39239119.38,USD,2026-02-25,289.39628482972137,89.50875987633115,Packaged software,Technology services
QURE,uniQure N.V.,23.43,USD,-1.188524590163931,-3.9754098360655696,-1.6218523260776738,1443376378,USD,,38193735.03,USD,661757154.3,USD,2026-03-02,-113.49717649125081,-29.665526415169712,Biotechnology,Health technology
ATEN,"A10 Networks, Inc.",19.98,USD,-0.8638211382113727,1.5243902439024426,0,1433095162,USD,34.81442760062729,23437838.7,USD,311431177.08,USD,2026-05-05,-19.079648921335412,7.59620792158753,Information technology services,Technology services
ASM,Avino Silver & Gold Mines Ltd.,9.12,USD,1.1123470522803074,1.4460511679643937,0.32894736842106514,1430457617.8407078,USD,62.448131075340385,63061981.919999994,USD,776513316.4799999,USD,2026-03-10,161.63223506296745,-4.9996590787133695,Precious metals,Non-energy minerals
INOD,Innodata Inc.,44.82,USD,-1.907058307759749,-1.7536168347216072,-0.7139669790272206,1428007790.0000002,USD,46.20618556701031,48641846.22,USD,882969193.98,USD,2026-02-26,15.556171214849716,7.1190039902043045,Data processing services,Technology services
AI,"C3.ai, Inc.",10.38,USD,-1.1149532710280288,-2.9906542056074628,0.5472061657032665,1424689069.0000002,USD,,76998559.74000001,USD,966844757.46,USD,2026-02-25,10.363195711190471,6.9540712486301075,Packaged software,Technology services
COLL,"Collegium Pharmaceutical, Inc.",45,USD,,-0.3984063745019914,0,1422493973,USD,28.00771768220576,10219905,USD,186280425,USD,2026-02-26,162.930818659768,11.362234042553192,Pharmaceuticals: major,Health technology
RAPP,"Rapport Therapeutics, Inc.",29.76,USD,,-0.7669223074358016,0,1418395437,USD,,11682645.120000001,USD,124670681.28,USD,2026-03-17,-0.72198114619183,,Biotechnology,Health technology
XPEL,"XPEL, Inc.",51.2,USD,,2.0733652312599804,0,1417144455,USD,30.389363722697055,18944051.2,USD,182298572.8,USD,2026-02-25,-20.56476365868631,0.5628924009525871,Automotive aftermarket,Consumer durables
ELE,Elemental Royalty Corporation,22.06,USD,-0.1857010213556135,2.414113277623025,-0.9519492293744212,1406768215.258397,USD,104.2206037424929,4505975.6,USD,89118848.33999999,USD,2026-04-22,734.8554857792809,-26.579083795634624,Precious metals,Non-energy minerals
KARO,Karooooo Ltd.,45.49,USD,,2.3857753769975294,0,1405031508,USD,24.720139115313554,2082850.6300000001,USD,33016323.57,USD,2026-05-20,11.25711096330728,7.64176356775597,Packaged software,Technology services
AHCO,AdaptHealth Corp.,10.34,USD,-0.4975124378109523,2.885572139303474,0,1400287610,USD,18.968996514401027,10835523.82,USD,140176298.68,USD,2026-02-24,67.05856090482922,2.491591409994353,Medical/Nursing services,Health services
CNMD,CONMED Corporation,45.14,USD,0,1.2788871438187128,0,1391825717,USD,29.79341297604119,27615207.52,USD,352996379.9,USD,2026-05-06,485.48443511717386,10.306309605734555,Medical specialties,Health technology
ZBIO,"Zenas BioPharma, Inc.",25.88,USD,-0.07401924500369939,-4.219096965210957,1.2364760432766626,1389216742,USD,,19349699.599999998,USD,309924335.44,USD,2026-02-25,1.386362330773797,,Biotechnology,Health technology
SGML,Sigma Lithium Corporation,12.47,USD,-2.645113886847902,-8.37619397501836,0,1388958215.4848485,USD,,24366093.19,USD,508242957.38000005,USD,2026-04-06,40.28779759792832,64.46497787583445,Other metals/Minerals,Non-energy minerals
CRVS,"Corvus Pharmaceuticals, Inc.",16.57,USD,-0.5704506560182625,-5.4763262977752465,0.2401931200965577,1388029882.0000002,USD,,32310240.68,USD,368821041.77,USD,2026-03-05,-26.994248562140534,,Pharmaceuticals: major,Health technology
LMRI,"Lumexa Imaging Holdings, Inc.",14.55,USD,,-2.870493991989317,0,1375930239,USD,,7525289.100000001,USD,126754071,USD,2026-02-25,,,Medical/Nursing services,Health services
SKYT,"SkyWater Technology, Inc.",28.14,USD,-0.9018383628165036,-2.393340270551501,-0.4264392324093852,1368326793,USD,10.917555771096023,24579276.96,USD,641476344.6,USD,2026-02-25,,155.22069654436788,Industrial machinery,Producer manufacturing
TRVI,"Trevi Therapeutics, Inc.",10.64,USD,-0.5681818181818229,0.7575757575757582,0,1364368660,USD,,15156509.760000002,USD,201072496.24,USD,2026-03-25,4.056580765791399,,Biotechnology,Health technology
DAKT,"Daktronics, Inc.",27.73,USD,0.07317965605562798,1.4635931211123387,0,1351776971,USD,204.49852507374632,11093331.040000001,USD,261349454.43,USD,2026-03-04,6.138433515482708,4.695120837367335,Miscellaneous manufacturing,Producer manufacturing
IMTX,Immatics N.V.,10.06,USD,-2.9126213592233077,-2.3300970873786424,0,1348682161.0000002,USD,,3980671.58,USD,56862540.400000006,USD,2026-03-25,25.920344819215085,12.897771509237401,Pharmaceuticals: major,Health technology
AZTA,"Azenta, Inc.",29.28,USD,-0.03370407819346667,-1.3144590495449968,0,1348681550,USD,,16682836.32,USD,428925852.96000004,USD,2026-05-11,-130.3319771212925,-6.627217448112971,Medical/Nursing services,Health services
ARDT,"Ardent Health, Inc.",9.41,USD,,-1.5690376569037694,4.669500531349619,1347396076,USD,6.519329361230429,2772129.54,USD,57518474.44,USD,2026-03-04,-132.18368745716245,-4.16549158805796,Hospital/Nursing management,Health services
CSIQ,Canadian Solar Inc.,20.05,USD,-1.1592741935483892,1.0584677419354882,-0.36508728179551087,1342793445.9999998,USD,102.87326834273988,36715860.75,USD,562872171.25,USD,2026-03-19,24.857579547166868,-12.189180876136037,Semiconductors,Electronic technology
VIA,"Via Transportation, Inc.",16.55,USD,-0.30124223602484873,2.7950310559006164,0,1340398027,USD,,17044067.150000002,USD,143915324.5,USD,2026-02-27,-73.82309975967203,2.3522164039091598,Packaged software,Technology services
MLTX,MoonLake Immunotherapeutics,18.77,USD,-1.1007154650522994,3.30214639515684,-0.00852424080980194,1339682033.0000002,USD,,37221135.24,USD,358437513.46,USD,2026-02-26,-26.274900398406377,,Pharmaceuticals: major,Health technology
VYX,NCR Voyix Corporation,9.6,USD,-0.8456659619450324,1.4799154334037925,0,1329576176,USD,,15230985.6,USD,256178918.39999998,USD,2026-02-26,,2.7027027027027026,Packaged software,Technology services
ECVT,Ecovyst Inc.,11.59,USD,,-0.42955326460481713,0,1321485058,USD,,14119042.31,USD,216148956.72,USD,2026-02-26,-1424.0060140327432,2.3879716981132075,Chemicals: specialty,Process industries
RDW,Redwire Corporation,7.99,USD,0,-7.093023255813947,0.25031289111388705,1319554753,USD,,107934640.84,USD,2389233200.65,USD,2026-02-25,57.566071005062945,67.47409326424871,Aerospace & defense,Electronic technology
IRMD,iRadimed Corporation,103.56,USD,,2.676977989292091,0,1317402896.9999998,USD,59.21097770154374,8743053,USD,107190192.24000001,USD,2026-04-24,15.517339077281495,7.027315831137949,Medical specialties,Health technology
AMPH,"Amphastar Pharmaceuticals, Inc.",28.53,USD,,-0.03503854239662933,0,1311015588,USD,12.649640861931367,14504994.360000001,USD,138753087.3,USD,2026-02-26,-44.0863680309378,9.991170433566113,Pharmaceuticals: major,Health technology
YELP,Yelp Inc.,21.25,USD,,-1.0707635009311007,0.8352941176470514,1306704769,USD,9.419743782969103,38059047.5,USD,616021158.75,USD,2026-04-30,-3.8856677855762385,-4.267919731516496,Internet software/Services,Technology services
ENOV,Enovis Corporation,22.73,USD,,1.9282511210762319,0,1299914683,USD,,21508694.37,USD,343897512.75,USD,2026-02-26,-1454.604099186151,-2.7691326643580227,Medical specialties,Health technology
REAL,"The RealReal, Inc.",11.11,USD,-1.3440860215053796,-0.44802867383513184,-0.810081008100809,1296346380,USD,,30465264.279999997,USD,478096363.35999995,USD,2026-02-26,-375.54988562379026,5.076034578782963,Internet retail,Retail trade
USPH,"U.S. Physical Therapy, Inc.",85.09,USD,-0.21978021978021714,-1.5731636784268355,0,1293718407,USD,35.79722339082878,11389381.59,USD,284041481.7,USD,2026-02-25,-17.833238797504254,-0.10742662558780607,Medical/Nursing services,Health services
PLPC,Preformed Line Products Company,262.62,USD,,0.9300538047655712,0,1287329392,USD,34.79378370142689,32477690.16,USD,454849436.16,USD,2026-02-26,-79.33097205824478,5.003508234031639,Building products,Producer manufacturing
NEO,"NeoGenomics, Inc.",9.89,USD,-0.5994005994006043,-1.198801198801191,0,1283842801.9999998,USD,,18334398.48,USD,287194918.8,USD,2026-05-05,63.57772125769472,1.2635984600392978,Medical/Nursing services,Health services
LSPD,Lightspeed Commerce Inc. Subordinate Voting Shares,9.35,USD,,-0.21344717182496878,0,1283763773.3801718,USD,,11375453.1,USD,217548628.54999998,USD,2026-05-14,-5.446892071199967,0.5593258080081124,Packaged software,Technology services
PDFS,"PDF Solutions, Inc.",32.43,USD,,-0.030826140567194855,0,1281405381,USD,,8033138.01,USD,159748655.79,USD,2026-05-07,-103.70942812983,9.258513525343606,Information technology services,Technology services
NNE,Nano Nuclear Energy Inc.,24.6,USD,-1.5978176149649266,-4.130943102104437,0.3252032520325134,1281236757,USD,,28932281.400000002,USD,545776584,USD,2026-05-15,19.056557367885603,,Electrical products,Producer manufacturing
WLTH,Wealthfront Corporation,8.5,USD,0.6787330316742138,-3.8461538461538445,1.17647058823529,1276023331,USD,,7060899,USD,158956902,USD,2026-04-01,-11.053222417316714,2.3012850762156645,Packaged software,Technology services
NVCR,NovoCure Limited,11.36,USD,-1.492537313432835,-0.26338893766462806,-0.2640845070422479,1272115334.0000002,USD,,14550524.16,USD,499546843.84,USD,2026-02-26,7.147661874984429,5.28887629482699,Medical specialties,Health technology
EYPT,"EyePoint, Inc.",15.33,USD,-0.6802721088435351,4.285714285714291,0.5870841487279834,1269128018.0000002,USD,,16468697.07,USD,414881615.4,USD,2026-03-05,-0.5149261266112476,-81.88636789799362,Pharmaceuticals: major,Health technology
CWH,"Camping World Holdings, Inc.",12.28,USD,,2.4186822351959893,0.5928338762215054,1256066580,USD,,30250625.68,USD,397278126.91999996,USD,2026-02-24,-233.82975906804342,-8.594861808104262,Specialty stores,Retail trade
DAWN,"Day One Biopharmaceuticals, Inc.",11.78,USD,-2.4026512013256083,-2.4026512013256083,0.16977928692700636,1245200669,USD,,16135819.92,USD,302788184.18,USD,2026-02-24,34.944924477277226,17.36168455821635,Pharmaceuticals: major,Health technology
IDT,IDT Corporation,49.62,USD,,0.1817080557237963,0,1244123302,USD,15.423349496456545,7291212.42,USD,117778627.44,USD,2026-03-05,32.43707432632514,1.9450779231444688,Major telecommunications,Communications
AMPX,"Amprius Technologies, Inc.",9.52,USD,-2.3188405797101472,-8.019323671497586,0.5241596638655562,1242206226,USD,,48790904.4,USD,1040731007.68,USD,2026-03-05,38.901098901098905,42.20481847746731,Electrical products,Producer manufacturing
ZD,"Ziff Davis, Inc.",31.39,USD,,3.0531845042678913,0,1240057888,USD,12.709016559374874,23426451.17,USD,246486145.42000002,USD,2026-02-23,-113.65827734122918,3.2656746420449223,Internet software/Services,Technology services
GIC,Global Industrial Company,32.01,USD,,0.37629350893696284,0,1232192126,USD,18.222702948878513,5143878.96,USD,40616624.73,USD,2026-02-24,-25,-1.476734466425188,Internet retail,Retail trade
NPKI,NPK International Inc.,14.58,USD,-0.1367989056087522,-0.2735978112175044,0.4801097393690006,1231932684,USD,38.08777429467085,8798971.68,USD,138229539.12,USD,2026-02-25,-34.84673887992625,0.8866677414154441,Building products,Producer manufacturing
ARLO,"Arlo Technologies, Inc.",11.61,USD,,-0.08605851979345772,0,1230570146.0000002,USD,329.82954545454544,13636293.299999999,USD,233291943.72,USD,2026-02-26,120.00640204865559,7.823499864765658,Telecommunications equipment,Electronic technology
DLX,Deluxe Corporation,27.23,USD,0.8064516129032216,-0.18328445747800845,0,1227569252,USD,15.114342806394315,12659853.290000001,USD,215206613.93,USD,2026-04-30,-64.42230721337722,-0.9156922666854346,Commercial printing/Forms,Commercial services
HLIT,Harmonic Inc.,10.9,USD,10.717614165890032,1.584342963653308,-0.36697247706422864,1223340507,USD,,27441164.2,USD,151736948.9,USD,2026-05-04,-2134.7067557535265,-31.006026042617744,Telecommunications equipment,Electronic technology
SEPN,"Septerna, Inc.",27.28,USD,,0.7385524372230534,0,1221440011,USD,,8010062.720000001,USD,120072292.56,USD,2026-03-26,,17963.025210084033,Biotechnology,Health technology
DFIN,"Donnelley Financial Solutions, Inc.",47.43,USD,,-2.266639192252218,0,1215155743,USD,44.414270999157225,8847355.05,USD,255729611.60999998,USD,2026-05-06,,-1.5972618368511124,Packaged software,Technology services
AEBI,Aebi Schmidt Holding AG,15.61,USD,,1.4294996751137028,0,1207305184,USD,,1997892.68,USD,39789546.58,USD,2026-02-25,,69.69824622114827,Motor vehicles,Consumer durables
EXPI,"eXp World Holdings, Inc.",7.51,USD,-0.6702412868632683,0.6702412868632683,-0.26631158455392245,1192863771,USD,,8083959.26,USD,102847504.91,USD,2026-02-24,,0.5963891183052342,Real estate development,Finance
ALNT,Allient Inc.,68.37,USD,,1.1540168664003567,-0.7898200965335764,1158426916,USD,61.192159670634574,12366150.270000001,USD,166304281.92000002,USD,2026-03-05,15.310664055545665,-0.5982318130364384,Electrical products,Producer manufacturing
GLDD,Great Lakes Dredge & Dock Corporation,16.89,USD,0.11848341232227236,0.059241706161146705,0.0592066311426762,1148508232.0000002,USD,14.24835498565885,31349292.540000003,USD,581349797.07,USD,2026-05-05,82.8158844765343,0.7483677840571856,Engineering & construction,Industrial services
INBX,"Inhibrx Biosciences, Inc.",78.64,USD,,-3.009373458312775,0,1143719576,USD,,6420090.96,USD,174693962.96,USD,2026-03-23,-23.040413205835137,-100,Biotechnology,Health technology
LMB,"Limbach Holdings, Inc.",98.24,USD,,2.9877345633714167,0,1142218265,USD,32.42565270488827,24886353.279999997,USD,209786608,USD,2026-03-02,13.21824272094821,29.767788471678347,Miscellaneous,Miscellaneous
LAR,Lithium Argentina AG,7,USD,-0.5706134094151218,-0.1426533523537773,0.14285714285713982,1136099981.0613947,USD,,13186551,USD,233430638,USD,2026-03-13,-1431.284900410986,,Other metals/Minerals,Non-energy minerals
REX,REX American Resources Corporation,34.18,USD,,0.17584994138335955,0,1125811191.9999998,USD,22.850648482417434,10553109.18,USD,87541645.1,USD,2026-03-26,229.25045703839123,11.108094113486821,Chemicals: specialty,Process industries
BTGO,"BitGo Holdings, Inc.",10.51,USD,-0.7547169811320762,-0.8490566037735837,-1.9980970504281548,1122700649.36,USD,,4525616.51,USD,102736258.96,USD,2026-02-25,,610.4758224854676,Data processing services,Technology services
PNTG,"The Pennant Group, Inc.",32.32,USD,,-0.09273570324575311,0,1118069003.0000002,USD,42.72306675479181,3615638.4,USD,122007741.44,USD,2026-02-25,-14.170783345095273,4.345310499724374,Medical/Nursing services,Health services
OUST,"Ouster, Inc.",18.62,USD,-0.8909853249475794,-2.4109014675052274,0.16111707841029851,1117297219,USD,,20404000.82,USD,420986394.92,USD,2026-03-02,-5.43857946827091,12.770692459128648,Semiconductors,Electronic technology
BLFS,"BioLife Solutions, Inc.",23.09,USD,,-0.6026689625484312,0,1111738445,USD,,5458198.92,USD,129725023.06,USD,2026-02-26,,10.40871720231305,Medical specialties,Health technology
INNV,InnovAge Holding Corp.,8.16,USD,1.4851485148514756,0.990099009900991,0,1107307596.0000002,USD,175.48387096774195,2259153.12,USD,53767578.24,USD,2026-05-12,32.4105250031176,1.5260159674720992,Packaged software,Technology services
ORIC,"Oric Pharmaceuticals, Inc.",11.11,USD,-0.5295675198587864,-1.9417475728155398,-3.6903690369036917,1081994892,USD,,12338788.219999999,USD,175747056.87,USD,2026-03-24,10.3644615596204,,Pharmaceuticals: major,Health technology
GILT,Gilat Satellite Networks Ltd.,14.79,USD,-0.6024096385542159,-1.0040160642570306,0.7437457741717459,1081798362,USD,44.60193003618817,9324074.49,USD,276371471.46,USD,2026-05-25,8.557668560352575,16.37168517581648,Telecommunications equipment,Electronic technology
CRML,Critical Metals Corp.,9.06,USD,-1.0638297872340388,-3.617021276595743,-0.11037527593818748,1068214915,USD,,54668628.900000006,USD,1595161774.26,USD,2026-02-25,,,Precious metals,Non-energy minerals
PXED,"Phoenix Education Partners, Inc.",29.58,USD,,0.10152284263958573,0,1057772848.9999999,USD,10.23919138772543,2049065.7599999998,USD,30958723.799999997,USD,2026-04-29,-11.671239140374944,1.801150778387733,Internet software/Services,Technology services
VIR,"Vir Biotechnology, Inc.",7.56,USD,-1.6624040920716097,-3.3248081841432313,0.9259259259259297,1051785223,USD,,8055860.399999999,USD,157315541.04,USD,2026-02-23,-47.029506660177724,-80.23064250411862,Biotechnology,Health technology
RDWR,Radware Ltd.,24.21,USD,,-3.314696485622996,0,1051545920,USD,53.47912524850895,7655177.79,USD,115076013.03,USD,2026-05-06,6.920353982511915,6.551499781118669,Computer communications,Electronic technology
THRM,Gentherm Inc,34.11,USD,,8.942829766847655,0,1041257720.9999999,USD,57.41457667059418,18347871.33,USD,185326724.88,USD,2026-04-23,-80.01873034985618,-1.0551347998035516,Auto parts: OEM,Producer manufacturing
NX,Quanex Building Products Corporation,22.55,USD,,1.8518518518518525,0,1035910891,USD,,9234337.75,USD,179126015.20000002,USD,2026-03-05,,-1.0957593085025834,Building products,Producer manufacturing
UAMY,United States Antimony Corporation,7.39,USD,-1.2987012987013056,-4.025974025974032,-0.1353179972936372,1034863169,USD,,52402637.8,USD,1274860975.26,USD,2026-04-06,-2733.196552009033,-17.322096853404943,Other metals/Minerals,Non-energy minerals
SCZM,Santacruz Silver Mining Ltd.,11.3,USD,3.140333660451426,10.893032384690885,0.4424778761061852,1033918200.4705882,USD,13.406731033212864,7388086.9,USD,75656664,USD,2026-05-06,-24.255993691464894,6.093607071161,Precious metals,Non-energy minerals
AEHR,Aehr Test Systems,33.6,USD,-0.49554013875123415,11.000991080277508,0.26785714285713186,1029078651.9999999,USD,,46518259.2,USD,664824115.2,USD,2026-04-02,-54.99040307101728,-9.891512444160817,Electronic production equipment,Electronic technology
PVLA,"Palvella Therapeutics, Inc.",85.66,USD,,4.044698165917646,0,1013913831,USD,,23762769.279999997,USD,366558670.47999996,USD,2026-04-06,-19.78671734769296,,Biotechnology,Health technology
PENG,"Penguin Solutions, Inc.",19.12,USD,-0.8506113769271672,1.648059542796397,0,1004950261,USD,95600,22367742.32,USD,361589581.68,USD,2026-04-07,-42.509982886415095,1.5237244098899116,Semiconductors,Electronic technology
MMI,"Marcus & Millichap, Inc.",25.76,USD,,0.4288499025341247,0,1002646278.0000001,USD,,7900823.840000001,USD,117911093.44000001,USD,2026-05-01,5445,25.817465393105437,Real estate development,Finance
MSEX,Middlesex Water Company,54.13,USD,,-0.6241968055810471,0,1002592335.0000001,USD,22.954921334973076,5475087.11,USD,91465950.98,USD,2026-05-06,-38.350766585470694,-13.148213196280341,Water utilities,Utilities
VTYX,"Ventyx Biosciences, Inc.",13.97,USD,0.07163323782234804,0.07163323782234804,-0.07158196134573934,1002498120,USD,,51602847.010000005,USD,572820906.6800001,USD,2026-03-19,15.4074183866306,,Pharmaceuticals: major,Health technology
JBI,"Janus International Group, Inc.",7.21,USD,,1.8361581920903938,0,1000931094.0000001,USD,21.458333333333332,6244927.08,USD,114285825.36,USD,2026-03-04,-26.570048309178745,-3.8579570363875493,Building products,Producer manufacturing